{
	"format_version": "1.10.0",
	"animation_controllers": {
		"controller.animation.ods_orch.sapling.interacted": {
			"initial_state": "default",
			"states": {
				"default": {
					"transitions": [
						{
							"green_apple_tree_interacted": "(q.variant == 0 && q.is_sheared) || q.is_moving"
						},
						{
							"pear_tree_interacted": "(q.variant == 1 && q.is_sheared) || q.is_moving"
						},
						{
							"peach_tree_interacted": "(q.variant == 2 && q.is_sheared) || q.is_moving"
						},
						{
							"wild_cherry_tree_interacted": "(q.variant == 3 && q.is_sheared) || q.is_moving"
						},
						{
							"orange_tree_interacted": "(q.variant == 4 && q.is_sheared) || q.is_moving"
						},
						{
							"lemon_tree_interacted": "(q.variant == 5 && q.is_sheared) || q.is_moving"
						},
						{
							"coconut_tree_interacted": "(q.variant == 6 && q.is_sheared) || q.is_moving"
						},
						{
							"pecan_tree_interacted": "(q.variant == 7 && q.is_sheared) || q.is_moving"
						},
						{
							"maple_tree_interacted": "(q.variant == 8 && q.is_sheared) || q.is_moving"
						}
					]
				},
				"green_apple_tree_interacted": {
					"on_entry": ["/function ods/orch/sapling/green_apple_tree_kill"],
					"transitions": [
						{
							"default": "!q.is_sheared"
						}
					]
				},
				"pear_tree_interacted": {
					"on_entry": ["/function ods/orch/sapling/pear_tree_kill"],
					"transitions": [
						{
							"default": "!q.is_sheared"
						}
					]
				},
				"peach_tree_interacted": {
					"on_entry": ["/function ods/orch/sapling/peach_tree_kill"],
					"transitions": [
						{
							"default": "!q.is_sheared"
						}
					]
				},
				"wild_cherry_tree_interacted": {
					"on_entry": ["/function ods/orch/sapling/wild_cherry_tree_kill"],
					"transitions": [
						{
							"default": "!q.is_sheared"
						}
					]
				},
				"orange_tree_interacted": {
					"on_entry": ["/function ods/orch/sapling/orange_tree_kill"],
					"transitions": [
						{
							"default": "!q.is_sheared"
						}
					]
				},
				"lemon_tree_interacted": {
					"on_entry": ["/function ods/orch/sapling/lemon_tree_kill"],
					"transitions": [
						{
							"default": "!q.is_sheared"
						}
					]
				},
				"coconut_tree_interacted": {
					"on_entry": ["/function ods/orch/sapling/coconut_tree_kill"],
					"transitions": [
						{
							"default": "!q.is_sheared"
						}
					]
				},
				"pecan_tree_interacted": {
					"on_entry": ["/function ods/orch/sapling/pecan_tree_kill"],
					"transitions": [
						{
							"default": "!q.is_sheared"
						}
					]
				},
				"maple_tree_interacted": {
					"on_entry": ["/function ods/orch/sapling/maple_tree_kill"],
					"transitions": [
						{
							"default": "!q.is_sheared"
						}
					]
				}
			}
		}
	}
}