{
  "format_version": "1.10.0",
  "minecraft:client_entity": {
    "description": {
      "identifier": "pb_scraft:display",
	  "materials": {"default": "zombie"},
	  "textures":  {"default": "textures/none"},
      "geometry":  {"default": "geometry.pb_scraft.display"},
      "render_controllers": [ "controller.render.zombie" ],
	  
      "particle_effects": {
        "particle_1": "pb_scraft:display_ambient"
      },
	  "animations": {
		"idle": "animation.pb_scraft.display.rotate",
		"particle": "animation.pb_scraft.locator"
      },
      "scripts": {
        "animate": 
		[	
			"idle",
			"particle"
		]
      },
	  "enable_attachables":  true,
	  "spawn_egg": {
        "base_color": "#c7c2b5",
        "overlay_color": "#524f49"
      }
    }
  }
}
