{
  "format_version": "1.10.0",
  "minecraft:client_entity": {
    "description": {
      "identifier": "pb_scraft:effect_fireorb",
	  "materials": {"default": "zombie"},
	  "textures":  {"default": "textures/none"},
      "geometry":  {"default": "geometry.pb_scraft.display"},
      "render_controllers": [ "controller.render.zombie" ],
	  
      "particle_effects": {
        "particle_1": "pb_scraft:fireorb_trail_drop",
		"particle_2": "pb_scraft:fireorb_spherical"
      },
	  "animations": {
		"particle": "animation.pb_scraft.double_particle_tick"
      },
      "scripts": {
        "animate": 
		[	
			"particle"
		]
      },
	  
	  "spawn_egg": {
        "base_color": "#c7c2b5",
        "overlay_color": "#524f49"
      }
    }
  }
}
