{
  "format_version": "1.10.0",
  "minecraft:client_entity": {
    "description": {
      "identifier": "pb_scraft:effect_ice_wall",
	  "materials": {"default": "pb_scraft_transparent_emissive"},
	  "textures":  {"default": "textures/pb/scraft/entity/ice_spike"},
      "geometry":  {"default": "geometry.pb_scraft.ice_spike"},
      "render_controllers": [ "controller.render.zombie" ],
	  
      "particle_effects": {
        "particle_1": "pb_scraft:fireorb_trail_drop",
		"particle_2": "pb_scraft:fireorb_spherical"
      },
	  "animations": {
		"pop": "animation.pb_scraft.magic_ice_spike.pop_hold",
		"particle": "animation.pb_scraft.double_particle_second"
      },
      "scripts": {
        "initialize": [
          "variable.rotx = math.random(-30,30);",
          "variable.roty = math.random(-90,90);",
          "variable.scaley = math.random(0.7,2.2);",
          "variable.scale = math.random(0.6,1.2);"
        ],
		"animate": 
		[	
			"pop"
		]
      },
	  
	  "spawn_egg": {
        "base_color": "#c7c2b5",
        "overlay_color": "#524f49"
      }
    }
  }
}
