{
  "format_version": "1.10.0",
  "minecraft:client_entity": {
    "description": {
      "identifier": "pb_scraft:projectile_stone",
	  "materials": {"default": "zombie"},
	  "textures":  {"default": "textures/pb/scraft/entity/magic_stone"},
      "geometry":  {"default": "geometry.pb_scraft.magic_stone"},
      "render_controllers": [ "controller.render.zombie" ],
	  
      "particle_effects": {
        "particle_1": "pb_scraft:rock_trail",
		"particle_2": "pb_scraft:rock_trail"
      },
	  "animations": {
		"fly": "animation.pb_scraft.projectile.spin",
		"particle": "animation.pb_scraft.entity_1"
      },
      "scripts": {
        "animate": 
		[	
			"fly"
		]
      },
	  
	  "spawn_egg": {
        "base_color": "#c7c2b5",
        "overlay_color": "#524f49"
      }
    }
  }
}
