{
	"format_version": "1.10.0",
	"animation_controllers": {
		"controller.animation.ljw_ww.werewolf_form.actions": {
			"states": {
				"default": {
					"transitions": [
						{ "swipe": "q.equipped_item_all_tags('slot.armor.legs', 'ljw_ww:werewolf_swipe')" },
						{ "howl": "q.equipped_item_all_tags('slot.armor.legs', 'ljw_ww:werewolf_howl')" }
					],
					"blend_transition": 0.2
				},
			
				"swipe": {
					"animations": [
						"swipe"
					],
					"transitions": [
						{ "default": "!q.equipped_item_all_tags('slot.armor.legs', 'ljw_ww:werewolf_swipe') && q.all_animations_finished" }
					],
					"blend_transition": 0.2
				},
			
				"howl": {
					"animations": [
						"howl"
					],
					"transitions": [
						{ "default": "!q.equipped_item_all_tags('slot.armor.legs', 'ljw_ww:werewolf_howl') && q.all_animations_finished" }
					],
					"blend_transition": 0.2
				}
			}
		},
		"controller.animation.ljw_ww.humanoid_compatibility.look_at_target" : {
			"initial_state" : "default",
			"states" : {
				"default" : {
					"animations" : [ "look_at_target_default" ],
					"transitions" : [
						{
							"gliding" : "query.is_gliding"
						},
						{
							"swimming" : "query.is_swimming"
						}
					]
				},
				"gliding" : {
					"animations" : [ "look_at_target_gliding" ],
					"transitions" : [
						{
							"swimming" : "query.is_swimming"
						},
						{
							"default" : "!query.is_gliding"
						}
					]
				},
				"swimming" : {
					"animations" : [ "look_at_target_swimming" ],
					"transitions" : [
						{
							"gliding" : "query.is_gliding"
						},
						{
							"default" : "!query.is_swimming"
						}
					]
				}
			}
		}
	}
}