{
	"pools": [
		{
			"rolls": 1,
			"entries": [
				{
					"type": "item",
					"name": "ods_orch:lemon_tree_sapling_placer",
					"weight": 2,
					"functions": [
						{
							"function": "set_count",
							"count": {
								"min": 1,
								"max": 1
							}
						}
					]
				},
				{
					"type": "item",
					"name": "ods_orch:lemon_tree_sapling_placer",
					"weight": 25,
					"functions": [
						{
							"function": "set_count",
							"count": {
								"min": 0,
								"max": 0
							}
						}
					]
				}
			]
		},
		{
			"rolls": 1,
			"entries": [
				{
					"type": "item",
					"name": "minecraft:stick",
					"weight": 1,
					"functions": [
						{
							"function": "set_count",
							"count": {
								"min": 1,
								"max": 2
							}
						}
					]
				},
				{
					"type": "item",
					"name": "minecraft:stick",
					"weight": 19,
					"functions": [
						{
							"function": "set_count",
							"count": {
								"min": 0,
								"max": 0
							}
						}
					]
				}
			]
		}
	]
}