{
	"format_version": "1.10.0",
	"particle_effect": {
		"description": {
			"identifier": "pb_scraft:freeze_hit",
			"basic_render_parameters": {
				"material": "particles_add",
				"texture": "textures/pb/scraft/particle/freeze_hit_4"
			}
		},
		"curves": {
			"variable.size_curve": {
				"type": "linear",
				"input": "v.particle_age",
				"horizontal_range": "v.particle_lifetime",
				"nodes": [0.71, 0.24, 0.13, 0.11, 0.08]
			}
		},
		"components": {
			"minecraft:emitter_initialization": {
				"creation_expression": "variable.size = 0.4;variable.age_growth = -0.2;variable.lifetime = 1.0;variable.size_variant = 0.4;"
			},
			"minecraft:emitter_rate_instant": {
				"num_particles": 15
			},
			"minecraft:emitter_lifetime_once": {
				"active_time": 1
			},
			"minecraft:emitter_shape_sphere": {
				"offset": [0, 0.6, 0],
				"radius": 0.6,
				"direction": "outwards"
			},
			"minecraft:particle_lifetime_expression": {
				"max_lifetime": "Math.random(variable.lifetime, variable.lifetime*1.2)"
			},
			"minecraft:particle_initial_spin": {
				"rotation": "math.random(0,180)",
				"rotation_rate": "variable.particle_random_1*300"
			},
			"minecraft:particle_initial_speed": 6,
			"minecraft:particle_motion_dynamic": {
				"linear_acceleration": [0, -9.8, 0],
				"linear_drag_coefficient": 2,
				"rotation_drag_coefficient": 2
			},
			"minecraft:particle_appearance_billboard": {
				"size": ["variable.size_curve+(variable.particle_random_1*variable.size_variant)", "variable.size_curve+(variable.particle_random_1*variable.size_variant)"],
				"facing_camera_mode": "lookat_xyz",
				"uv": {
					"texture_width": 16,
					"texture_height": 64,
					"uv": [0, "Math.floor(v.particle_random_4*4) * 16"],
					"uv_size": [16, 16]
				}
			},
			"minecraft:particle_motion_collision": {
				"collision_radius": 0.2,
				"expire_on_contact": true
			},
			"minecraft:particle_appearance_tinting": {
				"color": {
					"interpolant": "variable.particle_age",
					"gradient": {
						"0.0": "#C98FCBE0",
						"0.34": "#5EB2E2F1",
						"1.0": "#5EDFF2F3"
					}
				}
			}
		}
	}
}