{
	"format_version": "1.10.0",
	"particle_effect": {
		"description": {
			"identifier": "pb_scraft:freezing_fog",
			"basic_render_parameters": {
				"material": "particles_blend",
				"texture": "textures/pb/scraft/particle/freezing_fog"
			}
		},
		"curves": {
			"variable.opacity": {
				"type": "catmull_rom",
				"input": "v.particle_age",
				"horizontal_range": "v.particle_lifetime",
				"nodes": [-2.47, -0.27, 0.48, -0.47, -2.42]
			}
		},
		"components": {
			"minecraft:emitter_initialization": {
				"creation_expression": "variable.spawn_rate = 30;variable.radius = 8;variable.lifetime = 2.5;variable.offset = -0;variable.acc_deviation = 3;variable.acceleration = 10;"
			},
			"minecraft:emitter_rate_steady": {
				"spawn_rate": "v.spawn_rate",
				"max_particles": 1200
			},
			"minecraft:emitter_lifetime_once": {
				"active_time": 0.6
			},
			"minecraft:emitter_shape_disc": {
				"offset": ["math.sin(variable.direction) * variable.offset", "math.random(-3, 5)", "math.cos(variable.direction) * variable.offset"],
				"radius": "variable.radius",
				"plane_normal": ["math.sin(variable.direction)", "variable.direction_y", "math.cos(variable.direction)"],
				"direction": ["math.sin(variable.direction)", "variable.direction_y", "math.cos(variable.direction)"]
			},
			"minecraft:particle_lifetime_expression": {
				"max_lifetime": "Math.random(variable.lifetime, variable.lifetime*1.5)"
			},
			"minecraft:particle_expire_if_not_in_blocks": ["minecraft:air", "minecraft:tallgrass"],
			"minecraft:particle_initial_spin": {
				"rotation": "math.random(-90, 90)",
				"rotation_rate": "math.random(-5, 5)"
			},
			"minecraft:particle_initial_speed": 3,
			"minecraft:particle_motion_dynamic": {
				"linear_acceleration": ["math.sin(variable.direction) * variable.acceleration + math.random(-1, 1) * variable.acc_deviation", -2, "math.cos(variable.direction) * variable.acceleration + math.random(-1, 1) * variable.acc_deviation"],
				"linear_drag_coefficient": 0.7
			},
			"minecraft:particle_appearance_billboard": {
				"size": ["2.2 + v.particle_random_1*2", "2.2 + v.particle_random_1*2 + (v.particle_random_2-0.5) * 0.2"],
				"facing_camera_mode": "rotate_xyz",
				"uv": {
					"texture_width": 64,
					"texture_height": 256,
					"uv": [0, "Math.floor(v.particle_random_4*4) * 64"],
					"uv_size": [64, 64]
				}
			},
			"minecraft:particle_motion_collision": {
				"collision_radius": 0.01
			},
			"minecraft:particle_appearance_lighting": {},
			"minecraft:particle_appearance_tinting": {
				"color": ["255/255", "255/255", "255/255", "variable.opacity"]
			}
		}
	}
}