{
	"format_version": "1.10.0",
	"particle_effect": {
		"description": {
			"identifier": "pb_scraft:wind_stripes",
			"basic_render_parameters": {
				"material": "particles_blend",
				"texture": "textures/pb/scraft/particle/wind_stripes"
			}
		},
		"curves": {
			"variable.curve_opacity": {
				"type": "linear",
				"input": "v.particle_age",
				"horizontal_range": "v.particle_lifetime",
				"nodes": [0, 0.67, 0.49, 0.8, 0.62, 0]
			},
			"variable.curve_size": {
				"type": "catmull_rom",
				"input": "v.particle_age",
				"horizontal_range": "v.particle_lifetime",
				"nodes": [-0.18, 0, 0.42, 0.42, 0.69, 0.55, 0.94, 0.57, 0.22]
			}
		},
		"components": {
			"minecraft:emitter_initialization": {
				"creation_expression": "variable.rate_min = 15;variable.rate_max = 28;variable.radius = 8;variable.lifetime = 2;variable.acc_deviation = 3;variable.offset = -10;"
			},
			"minecraft:emitter_rate_steady": {
				"spawn_rate": "math.random(variable.rate_min, variable.rate_max)",
				"max_particles": 100
			},
			"minecraft:emitter_lifetime_once": {
				"active_time": 0.5
			},
			"minecraft:emitter_shape_disc": {
				"offset": ["math.sin(variable.direction) * variable.offset", 0, "math.cos(variable.direction) * variable.offset"],
				"radius": "math.random(variable.radius, variable.radius*1.5)",
				"plane_normal": ["math.sin(variable.direction)", 0, "math.cos(variable.direction)"],
				"surface_only": true,
				"direction": ["math.sin(variable.direction)", "variable.direction_y", "math.cos(variable.direction)"]
			},
			"minecraft:particle_lifetime_expression": {
				"max_lifetime": "math.random(variable.lifetime, variable.lifetime*1.5)"
			},
			"minecraft:particle_initial_spin": {
				"rotation": "math.random_integer(0, 1) * 180"
			},
			"minecraft:particle_initial_speed": "math.random(20, 30)",
			"minecraft:particle_motion_dynamic": {
				"linear_acceleration": ["math.random(-1, 1) * variable.acc_deviation", "variable.direction_y + math.sin(variable.particle_age * 90) * 0.5", "math.random(-1, 1) * variable.acc_deviation * Math.sin(v.particle_age*400)"],
				"linear_drag_coefficient": 0.1
			},
			"minecraft:particle_appearance_billboard": {
				"size": ["(7 + variable.particle_random_2 * 12) * variable.curve_size", "0.3 * variable.curve_size * variable.particle_random_2"],
				"facing_camera_mode": "lookat_direction",
				"uv": {
					"texture_width": 16,
					"texture_height": 4,
					"uv": [0, "Math.floor(v.particle_random_1 * 4)"],
					"uv_size": [16, 1]
				}
			},
			"minecraft:particle_appearance_lighting": {},
			"minecraft:particle_appearance_tinting": {
				"color": [1, 1, 1, "(0.14 + v.particle_random_4 * 0.4) * variable.curve_opacity"]
			}
		}
	}
}