{"format_version":"1.20.20","minecraft:block":{"description":{"identifier":"ftb_bees:petal_white","menu_category":{"category":"nature"}},"components":{"tag:planks":{},"minecraft:light_dampening":0,"minecraft:collision_box":true,"minecraft:display_name":"White Petal Block\n§9Feed the Bees","minecraft:selection_box":true,"minecraft:destructible_by_mining":{"seconds_to_destroy":0.2},"minecraft:destructible_by_explosion":{"explosion_resistance":15},"minecraft:material_instances":{"*":{"texture":"petal_white","render_method":"alpha_test"}},"minecraft:geometry":"geometry.ftb_bees.ftb_block"}}}