{"format_version":"1.20.40","minecraft:block":{"description":{"identifier":"ftb_bees:stem_full","menu_category":{"category":"nature"},"traits":{"minecraft:placement_direction":{"enabled_states":["minecraft:facing_direction"]}}},"components":{"tag:wood":{},"minecraft:light_dampening":0,"minecraft:display_name":"Full Flower Stem\n§9Feed the Bees","minecraft:collision_box":true,"minecraft:selection_box":true,"minecraft:destructible_by_mining":{"seconds_to_destroy":2},"minecraft:destructible_by_explosion":{"explosion_resistance":6},"minecraft:flammable":{"destroy_chance_modifier":20,"catch_chance_modifier":5},"minecraft:geometry":"geometry.ftb_bees.ftb_block","minecraft:material_instances":{"up":{"texture":"stem_side","render_method":"alpha_test"},"down":{"texture":"stem_side","render_method":"alpha_test"},"north":{"texture":"stem_side","render_method":"alpha_test"},"south":{"texture":"stem_side","render_method":"alpha_test"},"east":{"texture":"stem_side","render_method":"alpha_test"},"west":{"texture":"stem_side","render_method":"alpha_test"}}},"permutations":[{"condition":"q.block_state('minecraft:facing_direction') == 'up' || q.block_state('minecraft:facing_direction') == 'down' ","components":{"minecraft:transformation":{"rotation":[0,0,0]}}},{"condition":"q.block_state('minecraft:facing_direction') == 'east' || q.block_state('minecraft:facing_direction') == 'west' ","components":{"minecraft:transformation":{"rotation":[0,0,90]}}},{"condition":"q.block_state('minecraft:facing_direction') == 'north' || q.block_state('minecraft:facing_direction') == 'south' ","components":{"minecraft:transformation":{"rotation":[90,0,0]}}}]}}