{
  "format_version": "1.8.0",
  "minecraft:spawn_rules": {
    "description": {
      "identifier": "wacky_animals:butterfly",
      "population_control": "animal"
    },
    "conditions": [
      {
        "minecraft:spawns_on_surface": {},
        "minecraft:weight": {
          "default": 14
        },
        "minecraft:herd": {
          "min_size": 1,
          "max_size": 2
        },
        "minecraft:density_limit": {
          "surface": 10,
          "underground": 0
        },
        "minecraft:biome_filter": {
          "all_of": [
            {
              "test": "has_biome_tag",
              "operator": "==",
              "value": "plains"
            }
          ]
        }
      }
    ]
  }
}