{
  "format_version": "1.8.0",
  "minecraft:spawn_rules": {
    "description": {
      "identifier": "wacky_animals:hawk",
      "population_control": "animal"
    },
    "conditions": [
      {
        "minecraft:spawns_on_surface": {},
        "minecraft:weight": {
          "default": 7
        },
        "minecraft:height_filter": {
          "min": 70,
          "max": 256
        },
        "minecraft:herd": {
          "min_size": 1,
          "max_size": 2
        },
        "minecraft:density_limit": {
          "surface": 3,
          "underground": 0
        },
        "minecraft:biome_filter": [
          {
            "test": "has_biome_tag",
            "operator": "==",
            "value": "mountains"
          }
        ]
      }
    ]
  }
}