{
  "format_version": "1.8.0",
  "minecraft:spawn_rules": {
    "description": {
      "identifier": "wacky_animals:seal",
      "population_control": "animal"
    },
    "conditions": [
      {
        "minecraft:spawns_on_surface": {},
        "minecraft:spawns_underwater": {},
        "minecraft:weight": {
          "default": 7
        },
        "minecraft:height_filter": {
          "min": -64,
          "max": 72
        },
        "minecraft:herd": {
          "min_size": 1,
          "max_size": 3
        },
        "minecraft:density_limit": {
          "surface": 3,
          "underground": 0
        },
        "minecraft:biome_filter": [
          { "test": "has_biome_tag", "operator": "==", "value": "ocean" },
          { "test": "has_biome_tag", "operator": "==", "value": "cold_ocean" }
        ]
      }
    ]
  }
}