{
  "format_version": "1.8.0",
  "minecraft:spawn_rules": {
    "description": {
      "identifier": "wacky_animals:wacky_fish_1",
      "population_control": "animal"
    },
    "conditions": [
      {
        "minecraft:spawns_on_surface": {},
        "minecraft:spawns_underwater": {},
        "minecraft:weight": {
          "default": 25
        },
        "minecraft:height_filter": {
          "min": 0,
          "max": 72
        },
        "minecraft:herd": {
          "min_size": 2,
          "max_size": 5
        },
        "minecraft:density_limit": {
          "surface": 15,
          "underground": 0
        },
        "minecraft:biome_filter": {
          "any_of": [
            {
              "test": "has_biome_tag",
              "operator": "==",
              "value": "ocean"
            },
            {
              "test": "has_biome_tag",
              "operator": "==",
              "value": "river"
            }
          ]
        }
      }
    ]
  }
}