{
  "format_version": "1.8.0",
  "minecraft:spawn_rules": {
    "description": {
      "identifier": "wacky_animals:wacky_koala",
      "population_control": "animal"
    },
    "conditions": [
      {
        "minecraft:spawns_on_surface": {},
        "minecraft:weight": {
          "default": 7
        },
        "minecraft:height_filter": {
          "min": 0,
          "max": 390
        },
        "minecraft:herd": {
          "min_size": 1,
          "max_size": 3
        },
        "minecraft:density_limit": {
          "surface": 4,
          "underground": 0
        },
        "minecraft:biome_filter": {
          "any_of": [
            {
              "test": "has_biome_tag",
              "operator": "==",
              "value": "savanna"
            },
            {
              "test": "has_biome_tag",
              "operator": "==",
              "value": "jungle"
            }
          ]
        }
      }
    ]
  }
}