{
	"format_version": "1.8.0",
	"minecraft:spawn_rules": {
		"description": {
			"identifier": "wacky_animals:wacky_lizard",
			"population_control": "animal"
		},
		"conditions": [
			{
				"minecraft:spawns_on_surface": {
				},
				"minecraft:weight": {
					"default": 10
				},
				"minecraft:herd": {
					"min_size": 2,
					"max_size": 5
				},
				"minecraft:biome_filter": {
					"any_of": [
						{ "test": "has_biome_tag", "operator": "==", "value": "swamp" },
						{ "test": "has_biome_tag", "operator": "==", "value": "mangrove_swamp" }
					]
				}
			}
		]
	}
}