{
  "format_version": "1.8.0",
  "minecraft:spawn_rules": {
    "description": {
      "identifier": "wacky_animals:zebra",
      "population_control": "animal"
    },
    "conditions": [
      {
        "minecraft:spawns_on_surface": {},
        "minecraft:weight": {
          "default": 12
        },
        "minecraft:height_filter": {
          "min": 0,
          "max": 390
        },
        "minecraft:herd": {
          "min_size": 2,
          "max_size": 6
        },
        "minecraft:density_limit": {
          "surface": 6,
          "underground": 0
        },
        "minecraft:biome_filter": {
          "test": "has_biome_tag",
          "operator": "==",
          "value": "savanna"
        }
      }
    ]
  }
}