{
	"format_version": "1.10.0",
	"particle_effect": {
		"description": {
			"identifier": "pb_scraft:altar_ambient_1",
			"basic_render_parameters": {
				"material": "particles_add",
				"texture": "textures/pb/scraft/particle/lightning_purple_32"
			}
		},
		"curves": {
			"variable.size_curve": {
				"type": "linear",
				"input": "v.particle_age",
				"horizontal_range": "v.particle_lifetime",
				"nodes": [0, 0.32, 0]
			}
		},
		"components": {
			"minecraft:emitter_initialization": {
				"creation_expression": "variable.size = 0.5;variable.size_variant = 0.2;variable.spawn_radius = 0.0;variable.particle_growth = 0;variable.lifetime = 0.2;"
			},
			"minecraft:emitter_local_space": {
				"position": true,
				"rotation": false
			},
			"minecraft:emitter_rate_steady": {
				"spawn_rate": 3,
				"max_particles": 100
			},
			"minecraft:emitter_lifetime_once": {
				"active_time": 5
			},
			"minecraft:emitter_shape_point": {},
			"minecraft:particle_lifetime_expression": {
				"max_lifetime": "Math.random(variable.lifetime, variable.lifetime*1.5)"
			},
			"minecraft:particle_initial_speed": 0.1,
			"minecraft:particle_motion_dynamic": {},
			"minecraft:particle_appearance_billboard": {
				"size": ["variable.size_curve+(variable.particle_random_1*variable.size_variant)+(variable.particle_age*variable.particle_growth)", "5*variable.size+(variable.particle_random_1*variable.size_variant)+(variable.particle_age*variable.particle_growth)"],
				"facing_camera_mode": "direction_y",
				"uv": {
					"texture_width": 8,
					"texture_height": 8,
					"flipbook": {
						"base_UV": [0, 0],
						"size_UV": [1, 8],
						"step_UV": [1, 0],
						"frames_per_second": 18,
						"max_frame": 8,
						"stretch_to_lifetime": true
					}
				}
			},
			"minecraft:particle_appearance_tinting": {
				"color": {
					"interpolant": "variable.particle_age",
					"gradient": {
						"0.18": "#FFFFFFFF",
						"0.65": "#5EFFFFFF",
						"1.0": "#00FFFFFF"
					}
				}
			}
		}
	}
}