{
	"format_version": "1.10.0",
	"particle_effect": {
		"description": {
			"identifier": "pb_scraft:condenser_activate",
			"basic_render_parameters": {
				"material": "particles_add",
				"texture": "textures/pb/scraft/particle/flash_2"
			}
		},
		"curves": {
			"variable.size_curve": {
				"type": "linear",
				"input": "v.particle_age",
				"horizontal_range": "v.particle_lifetime",
				"nodes": [3.94, 1.72, 0.62, 0.22, 0.11]
			}
		},
		"components": {
			"minecraft:emitter_initialization": {
				"creation_expression": "variable.size = 0.2;variable.size_variant = 0.2;variable.particle_growth = -0.1;variable.wobble_speed = 90;variable.wobble_percent = 0.2;variable.spawn_radius = 0.4;"
			},
			"minecraft:emitter_rate_instant": {
				"num_particles": 20
			},
			"minecraft:emitter_lifetime_once": {
				"active_time": 5
			},
			"minecraft:emitter_shape_sphere": {
				"offset": [0, 0.5, 0],
				"radius": "variable.spawn_radius",
				"direction": "outwards"
			},
			"minecraft:particle_lifetime_expression": {
				"max_lifetime": "math.random(0.5,2)"
			},
			"minecraft:particle_initial_spin": {
				"rotation": "math.random(0,180)",
				"rotation_rate": "variable.particle_random_1*40"
			},
			"minecraft:particle_initial_speed": 4.3,
			"minecraft:particle_motion_dynamic": {
				"linear_acceleration": [0, "0.5+variable.particle_random_2*1", 0],
				"linear_drag_coefficient": 4
			},
			"minecraft:particle_appearance_billboard": {
				"size": ["variable.size_curve+(variable.particle_random_1*variable.size_variant)", "variable.size_curve+(variable.particle_random_1*variable.size_variant)"],
				"facing_camera_mode": "rotate_xyz",
				"uv": {
					"texture_width": 32,
					"texture_height": 32,
					"uv": [0, 0],
					"uv_size": [32, 32]
				}
			},
			"minecraft:particle_appearance_tinting": {
				"color": {
					"interpolant": "v.particle_age / v.particle_lifetime",
					"gradient": {
						"0.0": "#00B94FDD",
						"0.09": "#FF3A267B",
						"0.54": "#D17327BA",
						"1.0": "#00D639FF"
					}
				}
			}
		}
	}
}