{
	"format_version": "1.10.0",
	"particle_effect": {
		"description": {
			"identifier": "pb_scraft:tank_ambient",
			"basic_render_parameters": {
				"material": "particles_add",
				"texture": "textures/pb/scraft/particle/flash_16"
			}
		},
		"curves": {
			"variable.size_curve": {
				"type": "linear",
				"input": "v.particle_age",
				"horizontal_range": "v.particle_lifetime",
				"nodes": [0.05, 0.2, 0.17, 0]
			}
		},
		"components": {
			"minecraft:emitter_initialization": {
				"creation_expression": "variable.size = 0.2;variable.size_variant = 0.2;variable.particle_growth = -0.1;variable.wobble_speed = 90;variable.wobble_percent = 0.2;variable.spawn_radius = 0.8;"
			},
			"minecraft:emitter_rate_steady": {
				"spawn_rate": 1,
				"max_particles": 100
			},
			"minecraft:emitter_lifetime_once": {
				"active_time": 2
			},
			"minecraft:emitter_shape_box": {
				"half_dimensions": [0.4, 0.5, 0.4],
				"surface_only": true
			},
			"minecraft:particle_lifetime_expression": {
				"max_lifetime": "math.random(0.5,2)"
			},
			"minecraft:particle_initial_spin": {
				"rotation": "math.random(0,180)",
				"rotation_rate": 60
			},
			"minecraft:particle_initial_speed": 0,
			"minecraft:particle_motion_dynamic": {
				"linear_acceleration": [0, 0.7, 0],
				"linear_drag_coefficient": 2
			},
			"minecraft:particle_appearance_billboard": {
				"size": ["variable.size_curve+(variable.particle_random_1*variable.size_variant)", "variable.size_curve+(variable.particle_random_1*variable.size_variant)"],
				"facing_camera_mode": "rotate_xyz",
				"uv": {
					"texture_width": 32,
					"texture_height": 32,
					"uv": [0, 0],
					"uv_size": [32, 32]
				}
			},
			"minecraft:particle_appearance_tinting": {
				"color": {
					"interpolant": "v.particle_age / v.particle_lifetime",
					"gradient": {
						"0.0": "#00B94FDD",
						"0.13": "#FF401C80",
						"0.56": "#B57A34CA",
						"1.0": "#00D639FF"
					}
				}
			}
		}
	}
}