{
    "format_version": "1.20.10",
    "minecraft:recipe_shaped": {
      "description": {
      "identifier": "pb_scraft:candelabrum_recipe"
      },
      "tags": ["pb_scraft_magic_workbench_base"],
      "pattern": [
          "LLL",
          "III",
          " I "
      ],
      "key": {
		"A": "minecraft:amethyst_shard",
        "G": "minecraft:glowstone_dust",
        "C": "minecraft:chain",
        "S": "minecraft:slime_ball",
        "L": "minecraft:candle",
        "W": "minecraft:glass",
        "U": "minecraft:cauldron",
        "I": "minecraft:iron_ingot"
	},
      "unlock": {
        "context": "AlwaysUnlocked"
    },
      "result": {
        "item": "pb_scraft:candelabrum",
        "count": 1
    }
    }
}

  