{
    "format_version": "1.20.10",
    "minecraft:recipe_shaped": {
      "description": {
      "identifier": "pb_scraft:workbench_glyph_recipe"
      },
      "tags": ["pb_scraft_magic_workbench_base"],
      "pattern": [
          " aI",
          "  I",
          "SSS"
      ],
      "key": {
		    "A": "minecraft:amethyst_shard",
        "W": "minecraft:planks",
        "I": "minecraft:iron_ingot",
        "S": "minecraft:smooth_stone",
        "a": "minecraft:amethyst_block"
	},
      "unlock": {
        "context": "AlwaysUnlocked"
    },
      "result": [
          {"item": "pb_scraft:magic_workbench_press"}
      ]
    }
}

  