{
    "format_version": "1.20.10",
    "minecraft:recipe_shaped": {
      "description": {
      "identifier": "pb_scraft:guidebook_recipe"
      },
      "tags": ["pb_scraft_magic_workbench_base"],
      "pattern": [
          "   ",
          "AWA",
          "   "
      ],
      "key": {
		    "A": "minecraft:amethyst_shard",
        "W": "minecraft:book"
	},
      "unlock": {
        "context": "AlwaysUnlocked"
    },
      "result": [
          {"item": "pb_scraft:guidebook"}
      ]
    }
}

  