{
    "format_version": "1.20.10",
    "minecraft:recipe_shaped": {
      "description": {
      "identifier": "pb_scraft:mana_harvester_scope_recipe"
      },
      "tags": ["pb_scraft_magic_workbench_base"],
      "pattern": [
          "AG ",
          "GA ",
          " II"
      ],
      "key": {
		"A": "minecraft:amethyst_shard",
        "W": "minecraft:planks",
        "I": "minecraft:iron_ingot",
        "G": "minecraft:gold_ingot",
        "P": "minecraft:glass",
        "D": "minecraft:polished_deepslate"
	},
      "unlock": {
        "context": "AlwaysUnlocked"
    },
      "result": [
          {"item": "pb_scraft:mana_harvester_scope"}
      ]
    }
}

  