{
    "format_version": "1.20.10",
    "minecraft:recipe_shaped": {
      "description": {
      "identifier": "pb_scraft:jar_recipe"
      },
      "tags": ["pb_scraft_magic_workbench_base"],
      "pattern": [
          "GSG",
          "GSG",
          "GSG"
      ],
      "key": {
		"A": "minecraft:amethyst_shard",
        "G": "minecraft:glowstone_dust",
        "C": "minecraft:chain",
        "S": "minecraft:slime_ball",
        "L": "minecraft:candle",
        "W": "minecraft:glass",
        "U": "minecraft:cauldron"
	},
      "unlock": {
        "context": "AlwaysUnlocked"
    },
      "result": {
        "item": "pb_scraft:jar",
        "count": 16
    }
    }
}

  