{
    "format_version": "1.20.10",
    "minecraft:recipe_shaped": {
      "description": {
      "identifier": "pb_scraft:workbench_scope_recipe"
      },
      "tags": ["pb_scraft_magic_workbench_base"],
      "pattern": [
          "AI ",
          "PI ",
          "III"
      ],
      "key": {
		    "A": "minecraft:amethyst_shard",
        "W": "minecraft:planks",
        "I": "minecraft:iron_ingot",
        "D": "minecraft:diamond",
        "P": "minecraft:paper"
	},
      "unlock": {
        "context": "AlwaysUnlocked"
    },
      "result": [
          {"item": "pb_scraft:magic_workbench_scope"}
      ]
    }
}

  