{
    "format_version": "1.20.10",
    "minecraft:recipe_shaped": {
      "description": {
      "identifier": "pb_scraft:magic_workbench_base_recipe_base"
      },
      "tags": ["pb_scraft_magic_workbench_base"],
      "pattern": [
          "IWI",
          "IAI",
          "WWW"
      ],
      "key": {
		"A": "minecraft:amethyst_shard",
        "W": "minecraft:planks",
        "I": "minecraft:iron_ingot"
	},
      "unlock": {
        "context": "AlwaysUnlocked"
    },
      "result": [
          {"item": "pb_scraft:magic_workbench_base"}
      ]
    }
}

  