{
    "format_version": "1.20.10",
    "minecraft:recipe_shaped": {
      "description": {
      "identifier": "pb_scraft:magic_cauldron_recipe"
      },
      "tags": ["pb_scraft_magic_workbench_base"],
      "pattern": [
          " A ",
          " G ",
          " C "
      ],
      "key": {
		"A": "minecraft:amethyst_shard",
        "G": "minecraft:glowstone_dust",
        "C": "minecraft:chain",
        "S": "minecraft:slime_ball",
        "L": "minecraft:candle",
        "W": "minecraft:glass",
        "U": "minecraft:cauldron"
	},
      "unlock": {
        "context": "AlwaysUnlocked"
    },
      "result": [
          {"item": "pb_scraft:magic_cauldron"}
      ]
    }
}

  