{
    "format_version": "1.20.10",
    "minecraft:recipe_shaped": {
      "description": {
      "identifier": "pb_scraft:mana_meter_recipe"
      },
      "tags": ["pb_scraft_magic_workbench_base"],
      "pattern": [
          " A ",
          "GCG",
          " A "
      ],
      "key": {
	    	"A": "minecraft:amethyst_shard",
        "G": "minecraft:gold_ingot",
        "C": "minecraft:compass"
	},
      "unlock": {
        "context": "AlwaysUnlocked"
    },
      "result": [
          {"item": "pb_scraft:mana_meter"}
      ]
    }
}

  