{
    "format_version": "1.20.10",
    "minecraft:recipe_shaped": {
      "description": {
      "identifier": "pb_scraft:pipe_recipe"
      },
      "tags": ["pb_scraft_magic_workbench_base"],
      "pattern": [
          "WWW",
          "AAA",
          "WWW"
      ],
      "key": {
		"A": "minecraft:amethyst_shard",
        "O": "minecraft:planks",
        "I": "minecraft:iron_ingot",
        "G": "minecraft:gold_ingot",
        "P": "minecraft:glass",
        "W": "minecraft:wool"
	},
      "unlock": {
        "context": "AlwaysUnlocked"
    },
      "result": {
			"item": "pb_scraft:pipe",
			"count": 16
		}
    }
}

  