{
    "format_version": "1.20.10",
    "minecraft:recipe_shaped": {
      "description": {
      "identifier": "pb_scraft:mana_condenser_recipe"
      },
      "tags": ["pb_scraft_magic_workbench_base"],
      "pattern": [
          "  G",
          " DG",
          "DFD"
      ],
      "key": {
		"A": "minecraft:amethyst_shard",
        "W": "minecraft:planks",
        "I": "minecraft:iron_ingot",
        "G": "minecraft:gold_ingot",
        "P": "minecraft:glass",
        "D": "minecraft:smooth_stone",
        "T": "minecraft:dirt",
        "F": "minecraft:furnace"
	},
      "unlock": {
        "context": "AlwaysUnlocked"
    },
      "result": [
          {"item": "pb_scraft:mana_condenser"}
      ]
    }
}

  