{
    "format_version": "1.20.10",
    "minecraft:recipe_shaped": {
      "description": {
      "identifier": "pb_scraft:tank_block_recipe"
      },
      "tags": ["pb_scraft_magic_workbench_base"],
      "pattern": [
          "GPG",
          "P P",
          "GPG"
      ],
      "key": {
		"A": "minecraft:amethyst_shard",
        "W": "minecraft:planks",
        "I": "minecraft:iron_ingot",
        "G": "minecraft:gold_ingot",
        "P": "minecraft:glass"
	},
      "unlock": {
        "context": "AlwaysUnlocked"
    },
      "result": [
          {"item": "pb_scraft:tank_block"}
      ]
    }
}

  