{
	"format_version": "1.8.0",
	"animations": {
		"animation.pb_scraft.magic_ice_spike.pop": {
			"loop": "hold_on_last_frame",
			"animation_length": 2,
			"bones": {
				"root": {
					"rotation": ["variable.rotx", "variable.roty", 0],
					"position": {
						"0.0": [0, -32, 0],
						"0.16": [0, -4, 0]
					},
					"scale": {
						"0.0": ["variable.scale", "variable.scaley", "variable.scale"],
						"0.16": ["variable.scale*1.1", "variable.scaley*1.1", "variable.scale*1.1"],
						"0.24": ["variable.scale", "variable.scaley", "variable.scale"],
						"1.92": ["variable.scale", "variable.scaley", "variable.scale"],
						"2.0": [0, 0, 0]
					}
				}
			}
		},
		"animation.pb_scraft.magic_ice_spike.projectile_position": {
			"loop": true,
			"bones": {
				"root": {
					"rotation": [90, 0, 0],
					"position": [0, 0, 0]
				}
			}
		},
		"animation.pb_scraft.magic_ice_spike.pop_hold": {
			"loop": "hold_on_last_frame",
			"animation_length": 8,
			"bones": {
				"root": {
					"rotation": ["variable.rotx", "variable.roty", 0],
					"position": {
						"0.0": [0, -32, 0],
						"0.16": [0, -4, 0]
					},
					"scale": {
						"0.0": ["variable.scale", "variable.scaley", "variable.scale"],
						"0.16": ["variable.scale*1.1", "variable.scaley*1.1", "variable.scale*1.1"],
						"0.24": ["variable.scale", "variable.scaley", "variable.scale"],
						"7.92": ["variable.scale", "variable.scaley", "variable.scale"],
						"8.0": [0, 0, 0]
					}
				}
			}
		}
	}
}