{
	"format_version": "1.8.0",
	"animations": {
		"animation.pb_scraft.double_trail": {
			"loop": false,
			"animation_length": 1.0,
			"particle_effects": {
				"0.0": {
					"effect": "particle_1",
					"locator": "locator_particle"
				},
				"0.05": {
					"effect": "particle_2",
					"locator": "locator_particle"
				}
			}
		},
		"animation.pb_scraft.triple_trail": {
			"loop": false,
			"animation_length": 1.0,
			"particle_effects": {
				"0.0": {
					"effect": "particle_1",
					"locator": "locator_particle"
				},
				"0.05": {
					"effect": "particle_2",
					"locator": "locator_particle"
				},
				"0.1": {
					"effect": "particle_3",
					"locator": "locator_particle"
				}
			}
		},
		"animation.pb_scraft.locator": {
			"loop": true,
			"animation_length": 1.0,
			"particle_effects": {
				"0.0": {
					"effect": "particle_1",
					"locator": "locator_particle"
				}
			}
		},
		"animation.pb_scraft.double_particle": {
			"loop": true,
			"animation_length": 1.0,
			"particle_effects": {
				"0.0": {
					"effect": "particle_1"
				},
				"0.05": {
					"effect": "particle_2"
				}
			}
		},
		"animation.pb_scraft.triple_particle": {
			"loop": true,
			"animation_length": 1.0,
			"particle_effects": {
				"0.0":[
					{"effect": "particle_1"},
					{"effect": "particle_2"},
					{"effect": "particle_3"}
				]
			}
		},
		"animation.pb_scraft.quad_particle": {
			"loop": true,
			"animation_length": 1.0,
			"particle_effects": {
				"0.0":[
					{"effect": "particle_1"},
					{"effect": "particle_2"},
					{"effect": "particle_3"},
					{"effect": "particle_4"}
				]
			}
		},
		"animation.pb_scraft.5_particle": {
			"loop": true,
			"animation_length": 1.0,
			"particle_effects": {
				"0.0":[
					{"effect": "particle_1"},
					{"effect": "particle_2"},
					{"effect": "particle_3"},
					{"effect": "particle_4"},
					{"effect": "particle_5"}
				]
			}
		},
		"animation.pb_scraft.entity_1": {
			"loop": true,
			"animation_length": 1.0,
			"particle_effects": {
				"0.0": {
					"effect": "particle_1"
				}
			}
		},
		"animation.pb_scraft.entity_2": {
			"loop": true,
			"animation_length": 1.0,
			"particle_effects": {
				"0.0": {
					"effect": "particle_1"
				},
				"0.1": {
					"effect": "particle_2"
				}
			}
		},
		"animation.pb_scraft.double_particle_tick": {
			"loop": true,
			"animation_length": 0.05,
			"particle_effects": {
				"0.0":[
					{"effect": "particle_1"},
					{"effect": "particle_2"}
				]
			}
		},
		"animation.pb_scraft.triple_particle_tick": {
			"loop": true,
			"animation_length": 0.05,
			"particle_effects": {
				"0.0":[
					{"effect": "particle_1"},
					{"effect": "particle_2"},
					{"effect": "particle_3"}
				]
			}
		},
		"animation.pb_scraft.double_particle_second": {
			"loop": true,
			"animation_length": 1.0,
			"particle_effects": {
				"0.0":[
					{"effect": "particle_1"},
					{"effect": "particle_2"}
				]
			}
		}
	}
}