{
	"format_version": "1.8.0",
	"animations": {
		"animation.pb_scraft.teeth.bite": {
			"loop": true,
			"animation_length": 0.8333,
			"bones": {
				"root": {
					"rotation": {
						"0.0": [0, 0, 0],
						"0.1667": [-12.5, 0, 0]
					},
					"position": {
						"0.0": [0, -2.92889, 7.35068],
						"0.1667": [0, 0, 4],
						"0.375": [0, 0, -8],
						"0.5": [0, -2, -6]
					},
					"scale": {
						"0.0": [0, 0, 0],
						"0.1667": [1, 1, 1]
					}
				},
				"bottom": {
					"rotation": {
						"0.1667": [0, 0, 0],
						"0.3333": [63.75104, 0, 0],
						"0.375": [53.62873, 0, 0],
						"0.5": [-12.5, 0, 0]
					},
					"scale": {
						"0.1667": [1, 1, 1],
						"0.25": [1, 1, 1.34],
						"0.3333": [1.2, 1, 1.4],
						"0.375": [1.05, 1, 1.2],
						"0.5": [1, 1, 1]
					}
				},
				"top": {
					"rotation": {
						"0.1667": [0, 0, 0],
						"0.3333": [-36.4879, 0, 0],
						"0.375": [-35.53653, 1.40997, -1.30426],
						"0.5": [35, 0, 0]
					},
					"scale": {
						"0.1667": [1, 1, 1],
						"0.25": [1, 1, 1.4],
						"0.3333": [1.2, 1, 1.5],
						"0.375": [1.05, 1, 1.275],
						"0.5": [1, 1, 1]
					}
				}
			}
		}
	}
}