{
	"format_version": "1.8.0",
	"animations": {
		"animation.pb_scraft.projectile.move": {
			"loop": true,
			"bones": {
				"root": {
					"rotation": ["query.body_x_rotation", "-query.body_y_rotation", 0],
					"scale": [0.7, 0.7, 0.9]
				}
			}
		},
		"animation.pb_scraft.projectile.move_2": {
			"loop": true,
			"bones": {
				"root": {
					"rotation": ["-query.target_x_rotation", "-query.target_y_rotation", 0],
					"scale": [0.7, 0.7, 0.9]
				}
			}
		},
		"animation.pb_scraft.projectile.spin": {
			"loop": true,
			"animation_length": 100,
			"bones": {
				"root": {
					"rotation": [0, 0, "-q.anim_time*720"],
					"scale": {
						"0.0": [0.2, 0.2, 0.2],
						"0.48": [1.75, 1.75, 1.75]
					}
				}
			}
		},
		"animation.pb_scraft.projectile.scale": {
			"loop": "hold_on_last_frame",
			"animation_length": 0.24,
			"bones": {
				"root": {
					"scale": {
						"0.16": [0, 0, 0],
						"0.24": [1, 1, 1]
					}
				}
			}
		}
	}
}