{
	"format_version": "1.10.0",
	"dss_kbs_floorblanket": {
		"sound": "cloth"
	},
	"dss_kbs_block_5": {
		"sound": "glass"
	},
	"dss_kbs_window": {
		"sound": "glass"
	},
	"dss_kbs_counter": {
		"sound": "stone"
	},
	"dss_kbs_kitchen_sink": {
		"sound": "stone"
	},
	"dss_kbs_wall_light_20": {
		"sound": "glass"
	},
	"dss_kbs_wall_divider": {
		"sound": "wood"
	},
	"dss_kbs_wall_decor": {
		"sound": "cloth"
	},
	"dss_kbs_vanity_2": {
		"sound": "stone"
	},
	"dss_kbs_vanity": {
		"sound": "wood"
	},
	"dss_kbs_upper_cabinet_2": {
		"sound": "wood"
	},
	"dss_kbs_upper_cabinet": {
		"sound": "wood"
	},
	"dss_kbs_tv": {
		"sound": "stone"
	},
	"dss_kbs_tub_01": {
		"sound": "anvil"
	},
	"dss_kbs_toilet_01": {
		"sound": "anvil"
	},
	"dss_kbs_table_7": {
		"sound": "wood"
	},
	"dss_kbs_table_6": {
		"sound": "wood"
	},
	"dss_kbs_table_5": {
		"sound": "wood"
	},
	"dss_kbs_table_4": {
		"sound": "wood"
	},
	"dss_kbs_table_3": {
		"sound": "wood"
	},
	"dss_kbs_table_2": {
		"sound": "wood"
	},
	"dss_kbs_table_1": {
		"sound": "wood"
	},
	"dss_kbs_storage_2": {
		"sound": "wood"
	},
	"dss_kbs_storage": {
		"sound": "wood"
	},
	"dss_kbs_side_table": {
		"sound": "wood"
	},
	"dss_kbs_shoe_cabinet_2": {
		"sound": "wood"
	},
	"dss_kbs_shoe_cabinet_1": {
		"sound": "wood"
	},
	"dss_kbs_shelf_2": {
		"sound": "wood"
	},
	"dss_kbs_shelf_1": {
		"sound": "wood"
	},
	"dss_kbs_rug_2": {
		"sound": "cloth"
	},
	"dss_kbs_rug": {
		"sound": "cloth"
	},
	"dss_kbs_plant_1": {
		"sound": "sweet_berry_bush"
	},
	"dss_kbs_pillar_4": {
		"sound": "stone"
	},
	"dss_kbs_pillar_3": {
		"sound": "stone"
	},
	"dss_kbs_pillar_2": {
		"sound": "stone"
	},
	"dss_kbs_pillar_1": {
		"sound": "stone"
	},
	"dss_kbs_painting_2": {
		"sound": "wood"
	},
	"dss_kbs_painting_1": {
		"sound": "wood"
	},
	"dss_kbs_oven": {
		"sound": "metal"
	},
	"dss_kbs_mirror": {
		"sound": "glass"
	},
	"dss_kbs_mannequin": {
		"sound": "wood"
	},
	"dss_kbs_longdivider_1": {
		"sound": "wood"
	},
	"dss_kbs_longdivider_3": {
		"sound": "wood"
	},
	"dss_kbs_longdivider_2": {
		"sound": "wood"
	},
	"dss_kbs_longcouch_2_01": {
		"sound": "cloth"
	},
	"dss_kbs_longcouch_1_01": {
		"sound": "cloth"
	},
	"dss_kbs_longcouch_3_01": {
		"sound": "cloth"
	},
	"dss_kbs_longcabinet_3": {
		"sound": "wood"
	},
	"dss_kbs_longcabinet_2": {
		"sound": "wood"
	},
	"dss_kbs_longcabinet_1": {
		"sound": "wood"
	},
	"dss_kbs_light_2_20": {
		"sound": "lantern"
	},
	"dss_kbs_light_20": {
		"sound": "lantern"
	},
	"dss_kbs_lamp_20": {
		"sound": "metal"
	},
	"dss_kbs_fridge": {
		"sound": "metal"
	},
	"dss_kbs_floor_design_2": {
		"sound": "cloth"
	},
	"dss_kbs_floor_design_1": {
		"sound": "cloth"
	},
	"dss_kbs_fan_12": {
		"sound": "lantern"
	},
	"dss_kbs_divider_3": {
		"sound": "wood"
	},
	"dss_kbs_divider_2": {
		"sound": "wood"
	},
	"dss_kbs_divider": {
		"sound": "wood"
	},
	"dss_kbs_curtain_1_12": {
		"sound": "cloth"
	},
	"dss_kbs_couch_3_01": {
		"sound": "cloth"
	},
	"dss_kbs_couch_2_01": {
		"sound": "cloth"
	},
	"dss_kbs_couch_1_01": {
		"sound": "cloth"
	},
	"dss_kbs_chair_4_01": {
		"sound": "wood"
	},
	"dss_kbs_chair_3_01": {
		"sound": "wood"
	},
	"dss_kbs_chair_2_01": {
		"sound": "wood"
	},
	"dss_kbs_chair_1_01": {
		"sound": "wood"
	},
	"dss_kbs_block_4": {
		"sound": "stone"
	},
	"dss_kbs_cabinet_3": {
		"sound": "wood"
	},
	"dss_kbs_cabinet_2": {
		"sound": "wood"
	},
	"dss_kbs_cabinet": {
		"sound": "wood"
	},
	"dss_kbs_bigcat": {
		"sound": "snow"
	},
	"dss_kbs_bigbear": {
		"sound": "snow"
	},
	"dss_kbs_bed_4_01": {
		"sound": "cloth"
	},
	"dss_kbs_bed_3_01": {
		"sound": "cloth"
	},
	"dss_kbs_bed_2_01": {
		"sound": "cloth"
	},
	"dss_kbs_bed_1_01": {
		"sound": "cloth"
	},
	"dss_kbs_bathroom_mirror": {
		"sound": "glass"
	},
	"dss_kbs_baby_stroller": {
		"sound": "wood"
	},
	"dss_kbs_floor_7": {
		"sound": "stone"
	},
	"dss_kbs_floor_6": {
		"sound": "stone"
	},
	"dss_kbs_wallpaper_9": {
		"sound": "stone"
	},
	"dss_kbs_wallpaper_8": {
		"sound": "stone"
	},
	"dss_kbs_wallpaper_7": {
		"sound": "stone"
	},
	"dss_kbs_cabinet_4": {
		"sound": "wood"
	},
	"dss_kbs_wallpaper_6": {
		"sound": "wood"
	},
	"dss_kbs_wallpaper_5": {
		"sound": "wood"
	},
	"dss_kbs_wallpaper_4": {
		"sound": "wood"
	},
	"dss_kbs_block_3": {
		"sound": "stone"
	},
	"dss_kbs_floor_5": {
		"sound": "stone"
	},
	"dss_kbs_floor_4": {
		"sound": "stone"
	},
	"dss_kbs_wallpaper_3": {
		"sound": "wood"
	},
	"dss_kbs_wallpaper_2": {
		"sound": "wood"
	},
	"dss_kbs_floor_2": {
		"sound": "stone"
	},
	"dss_kbs_floor_1": {
		"sound": "stone"
	},
	"dss_kbs_floor_3": {
		"sound": "wood"
	},
	"dss_kbs_wallpaper_1": {
		"sound": "stone"
	},
	"dss_kbs_block_2": {
		"sound": "stone"
	},
	"dss_kbs_block_1": {
		"sound": "stone"
	},
	"dss_kbs_tv_2": {
		"sound": "metal"
	},
	"dss_bn_curtain_rod": {
		"sound": "wood"
	},
	"dss_bn_slab_5_07": {
		"sound": "wood"
	},
	"dss_bn_slab_4_07": {
		"sound": "wood"
	},
	"dss_bn_slab_3_07": {
		"sound": "wood"
	},
	"dss_bn_slab_2_07": {
		"sound": "wood"
	},
	"dss_bn_slab_1_07": {
		"sound": "wood"
	},
	"dss_bn_kitchen_sink": {
		"sound": "netherite"
	},
	"dss_bn_switch_22": {
		"sound": "netherite"
	},
	"dss_bn_painting_2": {
		"sound": "wood"
	},
	"dss_bn_sprinkle": {
		"sound": "netherite"
	},
	"dss_bn_wall_vase": {
		"sound": "glass"
	},
	"dss_bn_tv_2_23": {
		"sound": "glass"
	},
	"dss_bn_tv_1_23": {
		"sound": "glass"
	},
	"dss_bn_plates": {
		"sound": "glass"
	},
	"dss_bn_table_3": {
		"sound": "wood"
	},
	"dss_bn_table_2": {
		"sound": "wood"
	},
	"dss_bn_table_1": {
		"sound": "wood"
	},
	"dss_bn_chair_3_01": {
		"sound": "wood"
	},
	"dss_bn_chair_2_01": {
		"sound": "wood"
	},
	"dss_bn_chair_1_01": {
		"sound": "wood"
	},
	"dss_bn_chandelier_3_24": {
		"sound": "glass"
	},
	"dss_bn_chandelier_2_24": {
		"sound": "glass"
	},
	"dss_bn_chandelier_1_24": {
		"sound": "glass"
	},
	"dss_bn_curtain_r": {
		"sound": "cloth"
	},
	"dss_bn_curtain_extension_r": {
		"sound": "cloth"
	},
	"dss_bn_curtain_l": {
		"sound": "cloth"
	},
	"dss_bn_curtain_extension_l": {
		"sound": "cloth"
	},
	"dss_bn_poodle_statue": {
		"sound": "stone"
	},
	"dss_bn_umbrella": {
		"sound": "itemframe"
	},
	"dss_bn_lounge_chair_01": {
		"sound": "cloth"
	},
	"dss_bn_divider_screen": {
		"sound": "itemframe"
	},
	"dss_bn_barrier_rope": {
		"sound": "anvil"
	},
	"dss_bn_side_table_2": {
		"sound": "wood"
	},
	"dss_bn_side_table_1": {
		"sound": "wood"
	},
	"dss_bn_booth_upper": {
		"sound": "wood"
	},
	"dss_bn_booth_lower": {
		"sound": "wood"
	},
	"dss_bn_sofa_r_2_01": {
		"sound": "cloth"
	},
	"dss_bn_sofa_r_1_01": {
		"sound": "cloth"
	},
	"dss_bn_sofa_m_2_01": {
		"sound": "cloth"
	},
	"dss_bn_sofa_m_1_01": {
		"sound": "cloth"
	},
	"dss_bn_sofa_l_2_01": {
		"sound": "cloth"
	},
	"dss_bn_sofa_l_1_01": {
		"sound": "cloth"
	},
	"dss_bn_wall_5": {
		"sound": "wood"
	},
	"dss_bn_wall_4": {
		"sound": "wood"
	},
	"dss_bn_wall_3": {
		"sound": "wood"
	},
	"dss_bn_wall_2": {
		"sound": "wood"
	},
	"dss_bn_wall_1": {
		"sound": "wood"
	},
	"dss_bn_big_plant_3": {
		"sound": "wood"
	},
	"dss_bn_big_plant_2": {
		"sound": "wood"
	},
	"dss_bn_big_plant_1": {
		"sound": "wood"
	},
	"dss_bn_table_lamp_3_20": {
		"sound": "glass"
	},
	"dss_bn_table_lamp_2_20": {
		"sound": "glass"
	},
	"dss_bn_table_lamp_1_20": {
		"sound": "glass"
	},
	"dss_bn_painting_3": {
		"sound": "wood"
	},
	"dss_bn_painting_1": {
		"sound": "wood"
	},
	"dss_bn_floor_lamp_1_20": {
		"sound": "glass"
	},
	"dss_bn_hanging_cups": {
		"sound": "glass"
	},
	"dss_bn_microwave_oven": {
		"sound": "netherite"
	},
	"dss_bn_cupboard_3": {
		"sound": "wood"
	},
	"dss_bn_cupboard_2": {
		"sound": "wood"
	},
	"dss_bn_cupboard_1": {
		"sound": "wood"
	},
	"dss_bn_fridge": {
		"sound": "netherite"
	},
	"dss_bn_counter_table_2": {
		"sound": "wood"
	},
	"dss_bn_toilet_2_01": {
		"sound": "netherite"
	},
	"dss_bn_counter_table": {
		"sound": "wood"
	},
	"dss_bn_stove": {
		"sound": "netherite"
	},
	"dss_bn_bathtub_01": {
		"sound": "netherite"
	},
	"dss_bn_bath_essentials": {
		"sound": "glass"
	},
	"dss_bn_bath_mat": {
		"sound": "cloth"
	},
	"dss_bn_toilet_01": {
		"sound": "netherite"
	},
	"dss_bn_folded_towels": {
		"sound": "cloth"
	},
	"dss_bn_single_towel": {
		"sound": "cloth"
	},
	"dss_bn_towels": {
		"sound": "cloth"
	},
	"dss_bn_wall_lamp_2_20": {
		"sound": "glass"
	},
	"dss_bn_wall_lamp_1_20": {
		"sound": "glass"
	},
	"dss_bn_mirror": {
		"sound": "glass"
	},
	"dss_bn_bathroom_sink": {
		"sound": "wood"
	},
	"dss_bn_coffee_table_3": {
		"sound": "glass"
	},
	"dss_bn_coffee_table_2": {
		"sound": "wood"
	},
	"dss_bn_coffee_table_1": {
		"sound": "wood"
	},
	"dss_bn_carpet_3": {
		"sound": "cloth"
	},
	"dss_bn_carpet_2": {
		"sound": "cloth"
	},
	"dss_bn_carpet_1": {
		"sound": "cloth"
	}
}