{"version":1,"content":[{"path":"animations/earthquake.animations.json","key":"wJ6IBegfz4z7B8mwUrattBwwBWmnpYgA"},{"path":"animations/effect_fireorb.animations.json","key":"iH3aOMmS4EJjzbq2dwtiTxn7NQpS7Upl"},{"path":"animations/effect_generic.animations.json","key":"kQ3hUEMsOUBBqp2SrWIgiyvhOveKbONu"},{"path":"animations/ice_spike.animations.json","key":"jQ9Lt0zzobRUyVR3IoUzoguMruNBCacN"},{"path":"animations/moonbeam.animations.json","key":"pP3MrLpU6vt9HN130EbSz3w0i4pFK7rJ"},{"path":"animations/projectile.animations.json","key":"pU7nIdQgFpHTdKYmT9nM6oebXVIEmhX9"},{"path":"blocks/deko/pb_scraft_candelabrum.json","key":"hY4ukWEE4HxWd7EprtEsAn2jirwWoaUj"},{"path":"blocks/deko/pb_scraft_chandelier.json","key":"gE1lXv7PCAPayCkjcR5vbpG4j92WxGiL"},{"path":"blocks/deko/pb_scraft_jar.json","key":"kN8INJkPeEKxHzZoXUeqaAd35TzUcqyj"},{"path":"blocks/deko/pb_scraft_magic_cauldron.json","key":"zJ7rkWyxBaFbtFrFM7jxoYroc665mahk"},{"path":"blocks/pb_scraft_arcane_altar.json","key":"mA9exOd9ecztrzUeavPIbgSey1SL2WfT"},{"path":"blocks/pb_scraft_arcane_pedestal.json","key":"aS9z2zVjeTAksNxOFXsBqX8f6Q92Rwhm"},{"path":"blocks/pb_scraft_creative_arcane_altar.json","key":"kN36JKFlkSrlaTlf97ehdjzuA758CBhE"},{"path":"blocks/pb_scraft_creative_mana_harvester.json","key":"gE2ypTEMndVSWj78pkAP9raXNsCzQojj"},{"path":"blocks/pb_scraft_magic_workbench_base.json","key":"cP1jBuw9pTWQbQcgcpZSEtERg8p0mrHI"},{"path":"blocks/pb_scraft_magic_workbench_press.json","key":"wM2TixFlxiQPrUyTP4VGO3sobcJAz80n"},{"path":"blocks/pb_scraft_magic_workbench_scope.json","key":"tZ7Kc0erhjOJaCnFz5k8wlsd5NnL6UGO"},{"path":"blocks/pb_scraft_mana_condenser.json","key":"sZ9j2iWsXnv7OWtU3H3kec2NSS6knj7N"},{"path":"blocks/pb_scraft_mana_harvester.json","key":"oJ95KktPHO3qRVFOMPmgFZfeUPiS3dvY"},{"path":"blocks/pb_scraft_mana_harvester_flora.json","key":"dB4KZAhJr6abBLQyPg6ZSJx3y5wJ6RA6"},{"path":"blocks/pb_scraft_mana_harvester_scope.json","key":"sJ12Wm4t4A1VWXOWSWRpwhSaUhHZFP8p"},{"path":"blocks/pb_scraft_mana_tank.json","key":"sP9ie76agXj8c1u4AIetk6U9CPSbZy1h"},{"path":"blocks/pb_scraft_mana_tank_top.json","key":"rP9SX3CfBWqcVPpSuJtG4V18auohQt2u"},{"path":"blocks/pb_scraft_pipe.json","key":"wV2Kfva4rsVViNFhnaN7CTC6tTsrouzY"},{"path":"blocks/pb_scraft_tank_block.json","key":"fT6nrm40pif7Qsjhg28M3etUOWz8g2xR"},{"path":"entities/effect_earthquake.behavior.json","key":"gF7syVzAmFfSXqkhkpmyhBAYys9a7UZZ"},{"path":"entities/effect_fireorb.behavior.json","key":"uP0OYcNjYGJJA8cIcAtvTXixPBbV1RHd"},{"path":"entities/effect_ice_spike.behavior.json","key":"aI293sNH3EmZC5OCfTSpvHBY7xvK56jw"},{"path":"entities/effect_ice_wall.behavior.json","key":"yK9afV7gsXZOUVifAure4AC9K7455ypl"},{"path":"entities/effect_moonbeam.behavior.json","key":"jV09HQ4jCHnvU72JeiSX2C4Te6fpN5PW"},{"path":"entities/effect_tornado.behavior.json","key":"nZ4fP3lQo46IrQWsrkm4APMVXK1HfRXR"},{"path":"entities/effect_tornado_air.behavior.json","key":"bP4RRuoGAQEc6Ahy4F0koah0GiuJ4MXR"},{"path":"entities/projectile_beam.behavior.json","key":"sJ4PRNq6hIHJZP6dQkecCyP2qP5dibYF"},{"path":"entities/projectile_fireball.behavior.json","key":"hB2OJwKyiozO9ygi3hVzXa7NAbIU8Ml9"},{"path":"entities/projectile_firebolt.behavior.json","key":"yO4SocYBr7PLml6xYKiutf4Csp56pyZQ"},{"path":"entities/projectile_gnaw.behavior.json","key":"aF4zvxQkYcLw3ZdV7zRNQgk4un5qtb0k"},{"path":"entities/projectile_ice_spike.behavior.json","key":"kH4HTbaK9UiAStLRGnGTT2phwbwSHPY5"},{"path":"entities/projectile_pyorball.behavior.json","key":"kX0c7f123GFRULBGQUx9O2uYF6YpT1gO"},{"path":"entities/projectile_stone.behavior.json","key":"gT6QERsenRmefMplxoGiKfkVKlokMKwk"},{"path":"entities/projectile_windsickle.behavior.json","key":"yR2KWWuo2C2NloklsVO5QRcliGSZRZSa"},{"path":"entities/util/display.json","key":"cM1coRUbtm6sFeO49tZFLfymd1gp0ebz"},{"path":"items/armor/dark_wizard_boots.item.json","key":"jV2gr19KFzq1p5UibFnHp9g2rQaCGj97"},{"path":"items/armor/dark_wizard_chestplate.json","key":"bX1YGCcT2ck5GerjQIs0dCf6vFi5SPiI"},{"path":"items/armor/dark_wizard_hat.item.json","key":"yB3xxjekoObLPyyiJ6NW73BYE9tt3GCY"},{"path":"items/armor/dark_wizard_leggings.item.json","key":"eV1rF0aa01V1KOLIJTxkvMVAWlAMbQOK"},{"path":"items/armor/skull_wizard_boots.item.json","key":"vW8ZLE7TVc8HxrqT6RoWxIR6hKe8enMZ"},{"path":"items/armor/skull_wizard_chestplate.json","key":"eU9KrwKVcR4s8GIGg8Lk1vL0vNy31mW5"},{"path":"items/armor/skull_wizard_leggings.json","key":"qN2jCzKqz1ONQjGzHPvXGQnBHyWfu7HJ"},{"path":"items/armor/wizard_boots.item.json","key":"aQ2waoTi6uhbWS17T2yNXCiTAFJGa0VB"},{"path":"items/armor/wizard_hat.item.json","key":"kE0r8n96u2rjiezHVuReRQ8bA65pMhef"},{"path":"items/armor/wizard_hood.item.json","key":"uO71uw3K4KuRI0ObytccRa9vHJkQTuqS"},{"path":"items/armor/wizard_leggings.item.json","key":"mL7JbL5M25z7cjuInJRfmbzd7kPqZgwA"},{"path":"items/armor/wizard_robe.item.json","key":"sB6jOYZF6fTC71UYWUNRo7Bme66Kq7Im"},{"path":"items/crystals/pb_scraft_crystal_air.item.json","key":"oY7fKkY3rqfKqEuWWTPRv1kIvzaw3PEq"},{"path":"items/crystals/pb_scraft_crystal_earth.item.json","key":"hQ8BIsNxp4SRAQwKqwW8GaVvAQjsH92e"},{"path":"items/crystals/pb_scraft_crystal_fire.item.json","key":"kE6V5nH1xXsiiumd8r8SkjgGXYvrcnOI"},{"path":"items/crystals/pb_scraft_crystal_ice.item.json","key":"yP7LZcZFtnTg3EoQ28bN9KuNqr42KeYj"},{"path":"items/crystals/pb_scraft_crystal_twilight.item.json","key":"yM5EdWE13Pe9ycOAjFTeZxBNSbkV9l4p"},{"path":"items/crystals/pb_scraft_spellorb_air.item.json","key":"rZ4CUmCvQH88b13n1xc13CWAXYyzBPNM"},{"path":"items/crystals/pb_scraft_spellorb_earth.item.json","key":"fJ03cKCPhn4XlXScwsZX7ShC38FhLq7m"},{"path":"items/crystals/pb_scraft_spellorb_fire.item.json","key":"kI5sOZ9XBfsvOByANPnQazprHFZXumKk"},{"path":"items/crystals/pb_scraft_spellorb_ice.item.json","key":"lK7068gzq4C4WfOmB2loeJrvtXbYK6v3"},{"path":"items/crystals/pb_scraft_spellorb_twilight.item.json","key":"eH4MYIr7x527PBHpnPzyIBZS1kICr32s"},{"path":"items/glyphs/pb_scraft_glyph_accelerate.item.json","key":"dW4ZZ7bQOJZii4Bjn8wcfPBwydmPRJpR"},{"path":"items/glyphs/pb_scraft_glyph_alleviate.item.json","key":"oA2W75XjUeYtXOzTUN0r1CChO1PG8nPC"},{"path":"items/glyphs/pb_scraft_glyph_arc.item.json","key":"tU2GESZ772ZLtwuhlMqueRG9LtmoR8QA"},{"path":"items/glyphs/pb_scraft_glyph_aura.item.json","key":"zO0Pfs8Qiceo1h7eecKxakxu1TC0Cful"},{"path":"items/glyphs/pb_scraft_glyph_base.item.json","key":"lA1nt9oVhcIZIqtRHmi44C5g0b83sjPW"},{"path":"items/glyphs/pb_scraft_glyph_intensify.item.json","key":"dB4KeS2hniyehR0IBgEJxNI2bnCm6kMe"},{"path":"items/glyphs/pb_scraft_glyph_mirror.item.json","key":"wL3tktAh6NoTUGft2A3y6Oi1sldecWUf"},{"path":"items/glyphs/pb_scraft_glyph_self.item.json","key":"yZ0taXEKd4kKYwYoSQPKBKEF31fFgxYe"},{"path":"items/glyphs/pb_scraft_glyph_touch.item.json","key":"jR9cAt96vPbazLQQMrg5YZkZbqPFnB18"},{"path":"items/glyphs/pb_scraft_rune_air.item..json","key":"sV5gHsagcb4Ht5cR2fTa7lMKcPa8pV7Y"},{"path":"items/glyphs/pb_scraft_rune_base.item.json","key":"xI6TuUjwahGUUItxUf6hYXk5at6eTo24"},{"path":"items/glyphs/pb_scraft_rune_earth.item..json","key":"oJ3I7V6rVA4s4OIGBh4kbN1XzQWVRF7W"},{"path":"items/glyphs/pb_scraft_rune_fire.item.json","key":"aZ1tcGqJSsNXVkrHQd9bjLdHyrQ0YHC5"},{"path":"items/glyphs/pb_scraft_rune_ice.item.json","key":"kH9UkkiFGfpYk7J41LEfuG9CLxIacnmH"},{"path":"items/glyphs/pb_scraft_rune_twilight.copy.json","key":"nE3SsuBGgln0j1bvPcCfW59zeIzZ6871"},{"path":"items/misc/pb_scraft_book.item.json","key":"kL8VmdjZ30C8eiaWChz6UI4xjdpoiWRy"},{"path":"items/misc/pb_scraft_magic_cloth.item.json","key":"oA8NmHftwiiB92zvGAAxvkURjohRIe90"},{"path":"items/misc/pb_scraft_mana_meter.item.json","key":"vK4Myxjn26dLXgrChavRIpcegwVUEP32"},{"path":"items/misc/pb_scraft_pentacore_essence.item.json","key":"yP6yv5WkkfYNBVOtJLXfLpyWcCG3uZRj"},{"path":"items/staffs/pb_scraft_air_staff_1.item.json","key":"eC5rZRO01zK70s8hjCdT4AijoQQ4rFbU"},{"path":"items/staffs/pb_scraft_air_staff_2.item.json","key":"gQ6nQQ0p0tNUfCQjP397zfYGOt8oaiYB"},{"path":"items/staffs/pb_scraft_air_staff_3.item.json","key":"gJ7bqx5X5kFtSeF4jWIpJIH07BV8a8Ig"},{"path":"items/staffs/pb_scraft_base_staff.item.json","key":"wH7LkXeKanX1LdlXVobKJux3eX7uniGN"},{"path":"items/staffs/pb_scraft_earth_staff_1.item.json","key":"dE0ZkL1qJ3ctkzzrWtohq0Fa0xCeF1ri"},{"path":"items/staffs/pb_scraft_earth_staff_2.item.json","key":"tK4btKaMO8HmyXCSd9EuVw3GYzUTZXBR"},{"path":"items/staffs/pb_scraft_earth_staff_3.item.json","key":"hA2PBqPHxG4Mee0WemVO9xf1Z6uu8XSW"},{"path":"items/staffs/pb_scraft_fire_staff_1.item.json","key":"tZ50u3Sm2BMcsJrWMhUXIWmWAJiavKk2"},{"path":"items/staffs/pb_scraft_fire_staff_2.item.json","key":"bZ6nZFlWq1dkRnBflBNz4bNUQxBurMyM"},{"path":"items/staffs/pb_scraft_fire_staff_3.item.json","key":"mJ5wfoPIWcWz0aIKTreAp7vXjEbCVtmO"},{"path":"items/staffs/pb_scraft_ice_staff_1.item.json","key":"iP9pf5EeKywRHHeXL155UxRzb2FPBduc"},{"path":"items/staffs/pb_scraft_ice_staff_2.item.json","key":"qU5gUcWnoW1C8JJcOjs5O8BxQ0whxq92"},{"path":"items/staffs/pb_scraft_ice_staff_3.item.json","key":"sW6B6yHRG6m9z2v3GYB8Y8TduAXzbLdx"},{"path":"items/staffs/pb_scraft_twilight_staff_1.item.json","key":"uG7yBJabJC78XXbixUs2noyVhzOe6pAo"},{"path":"items/staffs/pb_scraft_twilight_staff_2.item.json","key":"bV9bk5w0gKnPACrfFYKsAzvg3MEghJtk"},{"path":"items/staffs/pb_scraft_twilight_staff_3.item.json","key":"tA9eKf6p8v77hQlCR5TQ56GCK33xfcF9"},{"path":"loot_tables/pb/scraft/blocks/mana_tank.json","key":"oT7xw5uUjs7XdMMoBJkEoSfl0YT9PXTY"},{"path":"manifest.json"},{"path":"pack_icon.png"},{"path":"recipes/arcane_altar.recipe.json","key":"lE1QcFBwhcIm0fW0zVWbGY7NlSSL73hF"},{"path":"recipes/arcane_pedestal.recipe.json","key":"kB5gX6BWWdOixYLzMkbKTpx9A5hKOAQy"},{"path":"recipes/armor/dark_wiazrd_leggings.recipe.json","key":"lC8hYVoU650qdmXeXMj0FtJfFZf786rl"},{"path":"recipes/armor/dark_wizard_boots.recipe.json","key":"mJ8bxZfnkaF3W9TNJaNcYLNBwSjkWMcJ"},{"path":"recipes/armor/dark_wizard_chestplace.recipe.json","key":"yQ0izbqK6h4XlbFqku6sroEgycJa9FVU"},{"path":"recipes/armor/dark_wizard_hat.recipe.json","key":"sE9VEwoN7kZ0a1Xcxs6QU9cqpImjveOj"},{"path":"recipes/armor/skull_wizard_boots.recipe.json","key":"oZ9OeSzLzsQsznL2k9J80W1qKY5q0MLV"},{"path":"recipes/armor/skull_wizard_chestplate.recipe.json","key":"kC6iMcez42j3MO8UKGHjkzbGYzrPYGak"},{"path":"recipes/armor/skull_wizard_hood.recipe.json","key":"eX9V5OaBlc6CimCI2bkut27PKunP1WdL"},{"path":"recipes/armor/skull_wizard_leggings.recipe.json","key":"zS0kTHPdguqrJmY8ppQZFm6jHiBpGwn3"},{"path":"recipes/armor/wizard_boots.recipe.json","key":"cM3LHCyoWlrOkkiRs3wn73eyjfbZlWhU"},{"path":"recipes/armor/wizard_hat.recipe.json","key":"iY6EA4TVIWSEOYt9MuWSaWGSSFdGgVtO"},{"path":"recipes/armor/wizard_leggings.recipe.json","key":"hM9ceWUKQHK4S7niPTAjGjndVdZgiOZQ"},{"path":"recipes/armor/wizard_robe.recipe.json","key":"cM2VMYJ21PbwHhoWUlRXt1zQ6adwHr6U"},{"path":"recipes/candelabrum.recipe.json","key":"gX8kEE1GAk38vGSCb1bwvIOZO7l9aURk"},{"path":"recipes/chandelier.recipe.json","key":"gM7tcph9cbIcqkMN2sWCSZOlHjwJk4oL"},{"path":"recipes/glyph_press.recipe.json","key":"gP3QkJ4G5IXigaGBO8NdYlQV2zub9vTs"},{"path":"recipes/guidebook.recipe.json","key":"xY4kN2Blk8G8KOG6tM0sOANTPiuRph9O"},{"path":"recipes/harvester.recipe.json","key":"jP05avRFqybvj3R2nYlOTWHYXPg0uIVy"},{"path":"recipes/harvester_flora.recipe.json","key":"vP75jruy5krjAoA6zC6dtC51iQa0r9h1"},{"path":"recipes/harvester_scope.recipe.json","key":"lG9oBg219ZBJkjjvy9Y4uwiokjiEjQaV"},{"path":"recipes/items/crystal_air_recipe.json","key":"rS1ChK1qSCvEWYuoGo2zaxMv3hca8kIL"},{"path":"recipes/items/crystal_earth_recipe.json","key":"uK4Tk2MkFFlE7gMLJxs3tj25kPzLOsI1"},{"path":"recipes/items/crystal_fire_recipe.json","key":"eV84sX1ZTMj4VTjf3HTiIlRihGCWw5yd"},{"path":"recipes/items/crystal_ice_recipe.json","key":"mS3HPVAXhePAwRiFBEVRlXSwb0BIYRos"},{"path":"recipes/items/crystal_twilight_recipe.json","key":"fQ6GZrO1cXEu7hRplbmrBqp0lvesGPx8"},{"path":"recipes/items/glyph_accelerate.recipe.json","key":"jB9QWpudkcTZV3LuHNQcTEQuwukgpufh"},{"path":"recipes/items/glyph_alleviate.recipe.json","key":"uJ39r1ReX4u2L7r8IS1IaymXeky2k7HN"},{"path":"recipes/items/glyph_arc.recipe.json","key":"rY9GSlHU9vm907oUU0MwqAw5xrwpGl7V"},{"path":"recipes/items/glyph_aura.recipe.json","key":"rN6fAqCORGIIsZeeHVdjbxHKwHd1CvnY"},{"path":"recipes/items/glyph_base.recipe.json","key":"jU6cr8jlEvZIWa2WreUSebJMx20u25Pj"},{"path":"recipes/items/glyph_intensify.recipe.json","key":"kP8ltnApZm6vqy8joddK79d3T0GccOBY"},{"path":"recipes/items/glyph_mirror.recipe.json","key":"cL7E7lw9PNs4vu37Wy8XyHYqKi8IIwLI"},{"path":"recipes/items/glyph_self.recipe.json","key":"zA7pu2hxpMLQHvriKiWxLhHoiVFChT6K"},{"path":"recipes/items/glyph_touch.recipe.json","key":"dS3eEl6jCnmAG1bGgxldopIWAlRX7FlF"},{"path":"recipes/items/rune_air.recipe.json","key":"yG2cLHBvAO5eNgYP4Nf0kOnn0YTLtsUb"},{"path":"recipes/items/rune_base.recipe.json","key":"pG2g8nFNIk0XawHacYYnRyrKQqcYUYAw"},{"path":"recipes/items/rune_earth.recipe.json","key":"mI0BfLrrUx3agFPmN41zxjBIQjKVc7vp"},{"path":"recipes/items/rune_fire.recipe.json","key":"oZ2FV9mptalecJAvBdbXKkoVgLRGKUOX"},{"path":"recipes/items/rune_ice.recipe.json","key":"rK35A5S6NKumS9E5YcE6rSn7rnE3sbln"},{"path":"recipes/items/rune_twilight.recipe.json","key":"tO3p65pSFtJRsJKcoiW5Ok8Z8SQ2NlZv"},{"path":"recipes/items/staff_base.recipe.json","key":"wZ1xaGLlspAX5pNQontO7VpvukVpJGJ6"},{"path":"recipes/jar.recipe.json","key":"rO2UEQFJtzHxz06rTpdQFSPetOasRsXa"},{"path":"recipes/magic_cauldron.recipe.json","key":"iI5Q2cPxVXbYgrOMq4C2E9cgxOngLFQ7"},{"path":"recipes/magic_workbench.recipe.json","key":"qF4pYMtuGOhafo7TfC2dmfN7m8zOHuTk"},{"path":"recipes/magic_workbench.recipe_base.json","key":"jY8bjOjfxC3mo4sF5fkiqrAF3RJJ6nvm"},{"path":"recipes/magic_workbench_scope.recipe.json","key":"oE5BHwClqdMc3ioHV7IlJ9lbxhWbc04U"},{"path":"recipes/mana_condenser.recipe.json","key":"uJ6xrtnkL9CKMPFyCYHMvv1zuFp2zKfp"},{"path":"recipes/mana_meter.recipe.json","key":"eT6EBlhZfV1lF3RbbRMtY6JVik3R2qO6"},{"path":"recipes/mana_pipe.recipe.json","key":"xV1LYAblm9veJfLo20uJcIoSzELblIGh"},{"path":"recipes/tank_block.recipe.json","key":"xF8mZqUJ75mkxWBJubSTIFqimquKQnoC"},{"path":"scripts/blocks/arcane_altar creative.js","key":"dW9t6Gol0Qg2zFr073Q09P55l6cxG53q"},{"path":"scripts/blocks/arcane_altar.js","key":"aZ4l4WUpMuGM2ucIxcGgd8o2ZqAqNLEL"},{"path":"scripts/blocks/arcane_pedestal.js","key":"aM6LXRAqPxq53BSaGI4bT9ckgBf2BSc8"},{"path":"scripts/blocks/block_registry.js","key":"xS7gwS89kcrHiOmrsgh1SJIU84hOjpWe"},{"path":"scripts/blocks/candelabrum.js","key":"cB2zUohXwai7ksKEld2S6Nb7YJshN2tf"},{"path":"scripts/blocks/chandelier.js","key":"uV6dvJmNKt9ihSB3A1qidLq3j3sdm6sR"},{"path":"scripts/blocks/mana_condenser.js","key":"nU9V95kjU7Q9t2U3yZIzI2EU0wC8JAUk"},{"path":"scripts/blocks/mana_harvester.js","key":"iC1P5fzOf64e9yqOjUCgwTgz6ocuQnLQ"},{"path":"scripts/blocks/mana_harvester_top.js","key":"xY7o6fzuMqZdIesTF4sIkkm89rxs4Lzs"},{"path":"scripts/blocks/mana_tank.js","key":"gM9JUetURxG0nxgyH3wwKEV2mBJAIWZn"},{"path":"scripts/blocks/pipe.js","key":"pW3JImkl6R7VgCq5Wub5U4Jq3vVJ7p7n"},{"path":"scripts/blocks/pot.js","key":"uG9Sc2OpP6mG9xlIOra9FSuNe44RoMJ8"},{"path":"scripts/deprecated/pb_scraft_spellprojectile.js","key":"xX6dXceVcVs8yAfuRb99Wc0ppMlfWCWC"},{"path":"scripts/lib/beam_utils.js","key":"tM7OQSle6PWK9I5vcTXFJHMxHiCfyYIi"},{"path":"scripts/lib/item_assembler.js","key":"fT4HBQRt2pqlpRNcBamAUokBl6q8pH03"},{"path":"scripts/lib/lib.js","key":"qF2S0gZt8YF1COjKu5CQTswCpzihkCjI"},{"path":"scripts/lib/mana_display.js","key":"bV1lLzEoUsS2KBQUgroxMBSCcIs6nRJn"},{"path":"scripts/lib/mana_network.js","key":"pR2SGgHqyFHSmi2elnHShZpPVkomx1MH"},{"path":"scripts/lib/projectile_tester.js","key":"rA0jUNzJdsavIbpH0qFptRkPnZgxynyJ"},{"path":"scripts/lib/projectile_tracker.js","key":"gE31bYqhFEtY8dyiPdZh4Ss0WdpMMtsh"},{"path":"scripts/pb_scraft_altar_config.js","key":"iY7mqNoRRC9UYJHjcUmG7BAng0BPtOHW"},{"path":"scripts/pb_scraft_config.js","key":"gO6kYZlUay40nYRvWHuM13rsyWItykxy"},{"path":"scripts/pb_scraft_guidebook.js","key":"nR0KZGN8bBTYyb4qffZnXLu6SvxiML1z"},{"path":"scripts/pb_scraft_main.js","key":"xL5U6g6CalRSdaUo3exMOMg7uftpFYnm"},{"path":"scripts/pb_scraft_player.js","key":"mL4ubs2cCSjjj7isqqujQ44wAoY52dvh"},{"path":"scripts/spells/pb_scraft_spellaura.js","key":"dF4zcts7BIqP0SNEfovz68iulFuszAFv"},{"path":"scripts/spells/pb_scraft_spellchannel.js","key":"gO4HvsencQin7G1kwOUB4IP64SLEhEac"},{"path":"scripts/spells/pb_scraft_spellholdprojectile.js","key":"wP4a4lhckmjTz3X9PnScNI1u8PEKZNwk"},{"path":"scripts/spells/pb_scraft_spellholdraycast.js","key":"xN6e7HGNxyeXCBnZdivGa0EpVSC58iI3"},{"path":"scripts/spells/pb_scraft_spelltargetground.js","key":"wF5kMQeJGSlupiqhYjISGUmyRLtXRUnM"},{"path":"texts/en_US.lang"},{"path":"texts/languages.json"},{"path":"signatures.json","key":"oK8uNocRYEWMchtz913tehIyfkHqhzrZ"},{"path":"animations/"},{"path":"blocks/deko/"},{"path":"blocks/"},{"path":"entities/"},{"path":"entities/util/"},{"path":"items/armor/"},{"path":"items/crystals/"},{"path":"items/glyphs/"},{"path":"items/misc/"},{"path":"items/staffs/"},{"path":"loot_tables/pb/scraft/blocks/"},{"path":"recipes/"},{"path":"recipes/armor/"},{"path":"recipes/items/"},{"path":"scripts/blocks/"},{"path":"scripts/deprecated/"},{"path":"scripts/lib/"},{"path":"scripts/"},{"path":"scripts/spells/"},{"path":"texts/"}]}