{
	"format_version": "1.21.60",
	"minecraft:block": {
		"description": {
			"identifier": "block_gem:dss_bn_slab_3_07",
			"menu_category": {
				"category": "construction",
				"group":"dss:itemGroup.name.kbs_slab"
			},
			"traits": {
				"minecraft:placement_direction": {
					"enabled_states": ["minecraft:cardinal_direction"]
				},
				"minecraft:placement_position": {
				  "enabled_states": ["minecraft:vertical_half"]
				}
			}
		},
		"components": {
			"minecraft:destructible_by_mining": {
				"seconds_to_destroy": 3
			},
			"minecraft:destructible_by_explosion": {
				"explosion_resistance": 30
			},
			"minecraft:flammable": {
				"destroy_chance_modifier": 20,
				"catch_chance_modifier": 5
			},
			"minecraft:geometry": {
				"identifier":"geometry.dss_bn_slab_3",
				"bone_visibility": {
					"bottom": "q.block_state('minecraft:vertical_half') == 'bottom'",
					"top": "q.block_state('minecraft:vertical_half') == 'top'"
				}
			},
			"minecraft:material_instances": {
				"*": {
					"texture": "dss_bn_slab_3",
					"render_method": "alpha_test"
				}
			},
			"minecraft:map_color": "#ffffff",
			"minecraft:liquid_detection": {
				"detection_rules": [
					{
						"liquid_type": "water",
						"on_liquid_touches": "no_reaction"
					}
				]
			}
		},
		"permutations": [
			{
				"condition": "q.block_state('minecraft:cardinal_direction') == 'north' ",
				"components": {
					"minecraft:transformation": {
						"rotation": [0, 180, 0]
					}
				}
			},
			{
				"condition": "q.block_state('minecraft:cardinal_direction') == 'south' ",
				"components": {
					"minecraft:transformation": {
						"rotation": [0, 0, 0]
					}
				}
			},
			{
				"condition": "q.block_state('minecraft:cardinal_direction') == 'east' ",
				"components": {
					"minecraft:transformation": {
						"rotation": [0, 90, 0]
					}
				}
			},
			{
				"condition": "q.block_state('minecraft:cardinal_direction') == 'west' ",
				"components": {
					"minecraft:transformation": {
						"rotation": [0, 270, 0]
					}
				}
			},
			{
				"condition": "q.block_state('minecraft:vertical_half') == 'top'",
				"components": {
				  "minecraft:collision_box": { "origin": [-7.9, 8, -7.9], "size": [15.8, 8, 15.8] },
				  "minecraft:selection_box": { "origin": [-8, 8, -8], "size": [16, 8, 16] }
				}
			},
			{
				"condition": "q.block_state('minecraft:vertical_half') == 'bottom'",
				"components": {
				  "minecraft:collision_box": { "origin": [-7.9, 0, -7.9], "size": [15.8, 8, 15.8] },
				  "minecraft:selection_box": { "origin": [-8, 0, -8], "size": [16, 8, 16] }
				}
			}
		]
	}
}