{
	"format_version": "1.21.60",
	"minecraft:block": {
		"description": {
			"identifier": "block_gem:dss_bn_chandelier_1_24",
			"menu_category": {
				"category": "construction",
				"group":"dss:itemGroup.name.kbs_chandelier"
			},
			"traits": {
				"minecraft:placement_direction": {
					"enabled_states": ["minecraft:cardinal_direction"]
				}
			},
			"states": {
				"dss_light:light_on": ["false", "true"]
			}
		},
		"components": {
			"minecraft:custom_components": ["dss_light:light_control"],
			"minecraft:collision_box": {
				"origin": [-8, 7, -8],
				"size": [16, 9, 16]
			},
			"minecraft:selection_box": {
				"origin": [-8, 7, -8],
				"size": [16, 9, 16]
			},
			"minecraft:destructible_by_mining": {
				"seconds_to_destroy": 3
			},
			"minecraft:destructible_by_explosion": {
				"explosion_resistance": 30
			},
			"minecraft:flammable": {
				"destroy_chance_modifier": 20,
				"catch_chance_modifier": 5
			},
			"minecraft:geometry": "geometry.dss_bn_chandelier_1",
			"minecraft:material_instances": {
				"*": {
					"texture": "dss_bn_chandelier_1",
					"render_method": "alpha_test"
				}
			},
			"minecraft:placement_filter": {
				"conditions": [
					{
						"allowed_faces": [
							"down"
						]
					}
				]
			},
			"minecraft:map_color": "#ffffff",
			"minecraft:liquid_detection": {
				"detection_rules": [
					{
						"liquid_type": "water",
						"on_liquid_touches": "no_reaction"
					}
				]
			}
		},
		"permutations": [
			{
				"condition": "q.block_state('minecraft:cardinal_direction') == 'north' ",
				"components": {
					"minecraft:transformation": {
						"rotation": [0, 180, 0]
					}
				}
			},
			{
				"condition": "q.block_state('minecraft:cardinal_direction') == 'south' ",
				"components": {
					"minecraft:transformation": {
						"rotation": [0, 0, 0]
					}
				}
			},
			{
				"condition": "q.block_state('minecraft:cardinal_direction') == 'east' ",
				"components": {
					"minecraft:transformation": {
						"rotation": [0, 90, 0]
					}
				}
			},
			{
				"condition": "q.block_state('minecraft:cardinal_direction') == 'west' ",
				"components": {
					"minecraft:transformation": {
						"rotation": [0, 270, 0]
					}
				}
			},
			{
				"condition": "q.block_state('dss_light:light_on') == 'true' ",
				"components": {
					"minecraft:light_emission": 15
				}
			},
			{
				"condition": "q.block_state('dss_light:light_on') == 'false' ",
				"components": {
					"minecraft:light_emission": 0
				}
			}
		]
	}
}