{
	"format_version": "1.21.60",
	"minecraft:block": {
		"description": {
			"identifier": "block_jesu:dss_kbs_wall_light_20",
			"menu_category": {
				"category": "construction",
				"group":"dss:itemGroup.name.kbs_wall_light"
			},
			"traits": {
				"minecraft:placement_direction": {
					"enabled_states": ["minecraft:cardinal_direction"]
				}
			},
			"states": {
				"dss_light:light_on": ["false", "true"]
			}
		},
		"components": {
			"minecraft:custom_components": ["dss_light:light_control"],
			"minecraft:collision_box": {
				"origin": [-3, 5, 4],
				"size": [6, 8, 4]
			},
			"minecraft:selection_box": {
	           "origin": [-3, 5, 4],
				"size": [6, 8, 4]
             },
			"minecraft:destructible_by_mining": {
				"seconds_to_destroy": 5,
				"item_specific_speeds": [
				{
					"item": {
					"tags": "q.all_tags(\u0027minecraft:is_pickaxe\u0027)"
					},
					"destroy_speed": 0.5
				},
				{
					"item": {
					"tags": "q.all_tags(\u0027minecraft:is_axe\u0027)"
					},
					"destroy_speed": 0.5
				}
				]
			},
			"minecraft:destructible_by_explosion": {
				"explosion_resistance": 24
			},
			"minecraft:geometry": "geometry.dss_cbs_wall_light",
			"minecraft:material_instances": {
				"*": {
					"texture": "dss_kbs_wall_light",
					"render_method": "alpha_test"
				}
			},
			"minecraft:placement_filter": {
				"conditions": [
					{
						"allowed_faces": [
							"side"
						]
					}
				]
			},
			"minecraft:map_color": "#ffffff",
			"minecraft:liquid_detection": {
				"detection_rules": [
					{
						"liquid_type": "water",
						"on_liquid_touches": "popped"
					}
				]
			}
		},
		"permutations": [
			{
				"condition": "q.block_state('minecraft:cardinal_direction') == 'north' ",
				"components": {
					"minecraft:transformation": {
						"rotation": [0, 180, 0]
					}
				}
			},
			{
				"condition": "q.block_state('minecraft:cardinal_direction') == 'south' ",
				"components": {
					"minecraft:transformation": {
						"rotation": [0, 0, 0]
					}
				}
			},
			{
				"condition": "q.block_state('minecraft:cardinal_direction') == 'east' ",
				"components": {
					"minecraft:transformation": {
						"rotation": [0, 90, 0]
					}
				}
			},
			{
				"condition": "q.block_state('minecraft:cardinal_direction') == 'west' ",
				"components": {
					"minecraft:transformation": {
						"rotation": [0, 270, 0]
					}
				}
			},
			{
				"condition": "q.block_state('dss_light:light_on') == 'true' ",
				"components": {
					"minecraft:light_emission": 15
				}
			},
			{
				"condition": "q.block_state('dss_light:light_on') == 'false' ",
				"components": {
					"minecraft:light_emission": 0
				}
			}
		]
	}
}