{
	"format_version": "1.21.60",
	"minecraft:block": {
		"description": {
			"identifier": "block_jesu:dss_kbs_floor_6",
			"menu_category": {
				"category": "construction",
				"group":"dss:itemGroup.name.kbs_block"
			},
			"traits": {
				"minecraft:placement_direction": {
					"enabled_states": ["minecraft:cardinal_direction"]
				}
			}
		},
		"components": {
			"minecraft:collision_box": true,
			"minecraft:selection_box": true,
			"minecraft:destructible_by_mining": {
				"seconds_to_destroy": 5,
				"item_specific_speeds": [
				{
					"item": {
					"tags": "q.all_tags(\u0027minecraft:is_pickaxe\u0027)"
					},
					"destroy_speed": 0.5
				},
				{
					"item": {
					"tags": "q.all_tags(\u0027minecraft:is_axe\u0027)"
					},
					"destroy_speed": 0.5
				}
				]
			},
			"minecraft:destructible_by_explosion": {
				"explosion_resistance": 30
			},
			"minecraft:geometry": "geometry.dss_cbs_floor_6",
			"minecraft:material_instances": {
				"*": {
					"texture": "dss_kbs_floor_6",
					"render_method": "alpha_test"
				}
			},
			"minecraft:map_color": "#ffffff",
			"minecraft:liquid_detection": {
				"detection_rules": [
					{
						"liquid_type": "water",
						"on_liquid_touches": "no_reaction"
					}
				]
			}
		},
		"permutations": [
			{
				"condition": "q.block_state('minecraft:cardinal_direction') == 'north' ",
				"components": {
					"minecraft:transformation": {
						"rotation": [0, 180, 0]
					}
				}
			},
			{
				"condition": "q.block_state('minecraft:cardinal_direction') == 'south' ",
				"components": {
					"minecraft:transformation": {
						"rotation": [0, 0, 0]
					}
				}
			},
			{
				"condition": "q.block_state('minecraft:cardinal_direction') == 'east' ",
				"components": {
					"minecraft:transformation": {
						"rotation": [0, 90, 0]
					}
				}
			},
			{
				"condition": "q.block_state('minecraft:cardinal_direction') == 'west' ",
				"components": {
					"minecraft:transformation": {
						"rotation": [0, 270, 0]
					}
				}
			}
		]
	}
}