{
	"format_version": "1.21.50",
	"minecraft:block": {
		"description": {
			"identifier": "dss_additions:dss_crafting_table",
			"menu_category": {
				"category": "items"
			},
			"traits": {
				"minecraft:placement_direction": {
					"enabled_states": ["minecraft:cardinal_direction"]
				}
			}
		},
		"components": {
			"minecraft:collision_box": true,
			"minecraft:selection_box": true,
			"minecraft:crafting_table": {
				"crafting_tags": [ "dss_item", "dss_block", "dss_equipment" ],
				"table_name": "DSS Crafting"
			},
			"minecraft:destructible_by_mining": {
				"seconds_to_destroy": 6,
				"item_specific_speeds": [
					{
						"item": {
							"tags": "q.all_tags('minecraft:is_axe', 'minecraft:wooden_tier')"
						},
						"destroy_speed": 3
					},
					{
						"item": {
							"tags": "q.all_tags('minecraft:is_axe', 'minecraft:stone_tier')"
						},
						"destroy_speed": 1.5
					},
					{
						"item": {
							"tags": "q.all_tags('minecraft:is_axe', 'minecraft:iron_tier')"
						},
						"destroy_speed": 1
					},
					{
						"item": {
							"tags": "q.all_tags('minecraft:is_axe', 'minecraft:golden_tier')"
						},
						"destroy_speed": 0.5
					},
					{
						"item": {
							"tags": "q.all_tags('minecraft:is_axe', 'minecraft:diamond_tier')"
						},
						"destroy_speed": 0.8
					},
					{
						"item": {
							"tags": "q.all_tags('minecraft:is_axe', 'minecraft:netherite_tier')"
						},
						"destroy_speed": 0.7
					}
				]
			},
			"minecraft:destructible_by_explosion": {
				"explosion_resistance": 15
			},
			"minecraft:flammable": {
				"destroy_chance_modifier": 20,
				"catch_chance_modifier": 5
			},
			"minecraft:geometry": "geometry.dss_crafting_table",
			"minecraft:material_instances": {
				"*": {
					"texture": "dss_crafting_table",
					"render_method": "alpha_test"
				}
			},
			"minecraft:map_color": "#e9664e"
		},
		"permutations": [
			{
				"condition": "q.block_state('minecraft:cardinal_direction') == 'north' ",
				"components": {
					"minecraft:transformation": {
						"rotation": [0, 180, 0]
					}
				}
			},
			{
				"condition": "q.block_state('minecraft:cardinal_direction') == 'south' ",
				"components": {
					"minecraft:transformation": {
						"rotation": [0, 0, 0]
					}
				}
			},
			{
				"condition": "q.block_state('minecraft:cardinal_direction') == 'east' ",
				"components": {
					"minecraft:transformation": {
						"rotation": [0, 90, 0]
					}
				}
			},
			{
				"condition": "q.block_state('minecraft:cardinal_direction') == 'west' ",
				"components": {
					"minecraft:transformation": {
						"rotation": [0, 270, 0]
					}
				}
			}
		]
	}
}