{
	"format_version": "1.21.60",
	"minecraft:block": {
		"description": {
			"identifier": "block_gem:dss_bn_wall_2",
			"menu_category": {
				"category": "construction",
				"group":"dss:itemGroup.name.kbs_block"
			},
			"traits": {
				"minecraft:placement_direction": {
					"enabled_states": ["minecraft:cardinal_direction"]
				}
			}
		},
		"components": {
			"minecraft:collision_box": true,
			"minecraft:selection_box": true,
			"minecraft:destructible_by_mining": {
				"seconds_to_destroy": 3
			},
			"minecraft:destructible_by_explosion": {
				"explosion_resistance": 30
			},
			"minecraft:flammable": {
				"destroy_chance_modifier": 20,
				"catch_chance_modifier": 5
			},
			"minecraft:geometry": "geometry.dss_bn_wall_2",
			"minecraft:material_instances": {
				"*": {
					"texture": "dss_bn_wall_2",
					"render_method": "alpha_test"
				}
			},
			"minecraft:map_color": "#ffffff"
		},
		"permutations": [
			{
				"condition": "q.block_state('minecraft:cardinal_direction') == 'north' ",
				"components": {
					"minecraft:transformation": {
						"rotation": [0, 180, 0]
					}
				}
			},
			{
				"condition": "q.block_state('minecraft:cardinal_direction') == 'south' ",
				"components": {
					"minecraft:transformation": {
						"rotation": [0, 0, 0]
					}
				}
			},
			{
				"condition": "q.block_state('minecraft:cardinal_direction') == 'east' ",
				"components": {
					"minecraft:transformation": {
						"rotation": [0, 90, 0]
					}
				}
			},
			{
				"condition": "q.block_state('minecraft:cardinal_direction') == 'west' ",
				"components": {
					"minecraft:transformation": {
						"rotation": [0, 270, 0]
					}
				}
			}
		]
	}
}