{
    "format_version": "1.21.60",
    "minecraft:crafting_items_catalog": {
        "categories": [
            {
                "category_name": "items",
                "groups": [
                    {
                        "group_identifier": {
                            "icon": "nv_me:mining_mech_item",
                            "name": "nv_me:itemGroup.name.mech_items"
                        },
                        "items": [
                            "nv_me:standard_mech_item",
                            "nv_me:battle_mech_item",
                            "nv_me:mining_mech_item",
                            "nv_me:jump_mech_item",
                            "nv_me:flamethrower_mech_item"
                        ]
                    }
                ]
            },
            {
                "category_name": "items",
                "groups": [
                    {
                        "group_identifier": {
                            "icon": "nv_me:skill_upgrade_lv4",
                            "name": "nv_me:itemGroup.name.skill_upgrade"
                        },
                        "items": [
                            "nv_me:skill_upgrade_lv2",
                            "nv_me:skill_upgrade_lv3",
                            "nv_me:skill_upgrade_lv4",
                            "nv_me:skill_upgrade_lv5"
                        ]
                    }
                ]
            },
            {
                "category_name": "items",
                "groups": [
                    {
                        "group_identifier": {
                            "icon": "nv_me:protection_upgrade_lv5",
                            "name": "nv_me:itemGroup.name.protection_upgrade"
                        },
                        "items": [
                            "nv_me:protection_upgrade_lv2",
                            "nv_me:protection_upgrade_lv3",
                            "nv_me:protection_upgrade_lv4",
                            "nv_me:protection_upgrade_lv5"
                        ]
                    }
                ]
            },
            {
                "category_name": "items",
                "groups": [
                    {
                        "items": [
                            "nv_me:mech_wrench",
                            "nv_me:mech_repair_kit",
                            "nv_me:iron_beam",
                            "nv_me:iron_plate",
                            "nv_me:drill_bit"
                        ]
                    }
                ]
            }
        ]
    }
}