{
	"format_version": "1.10.0",
	"particle_effect": {
		"description": {
			"identifier": "ljw_ww:detect_wave_2",
			"basic_render_parameters": {
				"material": "particles_add",
				"texture": "textures/ljw/ww/particle/scan_wave_2"
			}
		},
		"curves": {
			"variable.size1": {
				"type": "linear",
				"input": "v.particle_age",
				"horizontal_range": "v.particle_lifetime",
				"nodes": [5, 0]
			},
			"variable.size2": {
				"type": "linear",
				"input": "v.particle_age",
				"horizontal_range": "v.particle_lifetime",
				"nodes": [0, 2.45, 0]
			},
			"variable.alpha2": {
				"type": "linear",
				"input": "v.particle_age",
				"horizontal_range": "v.particle_lifetime",
				"nodes": [0, 0.47, 1]
			}
		},
		"components": {
			"minecraft:emitter_rate_instant": {
				"num_particles": 4
			},
			"minecraft:emitter_lifetime_once": {
				"active_time": 1
			},
			"minecraft:emitter_shape_box": {
				"offset": [0, 0.1, 0],
				"half_dimensions": [0, 0.05, 0],
				"direction": [0, 1, 0]
			},
			"minecraft:particle_lifetime_expression": {
				"max_lifetime": 0.4
			},
			"minecraft:particle_initial_spin": {
				"rotation": "math.random(0,360)"
			},
			"minecraft:particle_initial_speed": "math.random(0.01, 0.05)",
			"minecraft:particle_appearance_billboard": {
				"size": ["0.35*variable.size1", "0.35*variable.size1"],
				"facing_camera_mode": "emitter_transform_xz"
			},
			"minecraft:particle_appearance_tinting": {
				"color": ["(v.r ?? 0.2)", "(v.g ?? 0.5)", "(v.b ?? 0.9)", "1*variable.alpha2"]
			}
		}
	}
}