{
	"format_version": "1.10.0",
	"particle_effect": {
		"description": {
			"identifier": "ljw_ww:horizontal_slash",
			"basic_render_parameters": {
				"material": "particles_add",
				"texture": "textures/ljw/ww/particle/horizontal_slash"
			}
		},
		"curves": {
			"variable.size1": {
				"type": "linear",
				"input": "v.particle_age",
				"horizontal_range": "v.particle_lifetime",
				"nodes": [0.82, 0.95, 0.87]
			},
			"variable.alpha1": {
				"type": "catmull_rom",
				"input": "v.particle_age/v.particle_lifetime",
				"horizontal_range": 1,
				"nodes": [0.25, 0, 0.52, 0.89, 0.95, 0.92, 0.66, 0.04, 0.09]
			},
			"variable.size2": {
				"type": "catmull_rom",
				"input": "v.particle_age",
				"horizontal_range": "v.particle_lifetime",
				"nodes": [0.87, 1, 0.83, 0.59, 0.55]
			}
		},
		"components": {
			"minecraft:emitter_local_space": {
				"position": true,
				"rotation": true,
				"velocity": true
			},
			"minecraft:emitter_rate_instant": {
				"num_particles": 5
			},
			"minecraft:emitter_lifetime_once": {
				"active_time": 1
			},
			"minecraft:emitter_shape_box": {
				"half_dimensions": [0, 0.15, 0],
				"direction": [0, 1, 0]
			},
			"minecraft:particle_lifetime_expression": {
				"max_lifetime": 0.1
			},
			"minecraft:particle_initial_spin": {
				"rotation": "(v.initial_spin ?? -90)",
				"rotation_rate": 700
			},
			"minecraft:particle_initial_speed": 0.01,
			"minecraft:particle_motion_dynamic": {},
			"minecraft:particle_appearance_billboard": {
				"size": ["1.5*variable.size1*(v.particle_random_3*0.3+1)", "1.5*variable.size1*(v.particle_random_3*0.3+1)"],
				"facing_camera_mode": "direction_z",
				"direction": {
					"mode": "custom",
					"custom_direction": [ "(v.x_dir ?? 0)", "(v.rotation_bit ?? 1) * -1", "(v.z_dir ?? 0)" ]
				}
			},
			"minecraft:particle_appearance_tinting": {
				"color": ["(v.r ?? 0.2)", "(v.g ?? 0.5)", "(v.b ?? 0.9)", "v.alpha1*1"]
			}
		}
	}
}