{
	"format_version": "1.10.0",
	"particle_effect": {
		"description": {
			"identifier": "ljw_ww:lunarburn_effect",
			"basic_render_parameters": {
				"material": "particles_blend",
				"texture": "textures/particle/particles"
			}
		},
		"components": {
			"minecraft:emitter_rate_instant": {
				"num_particles": 3
			},
			"minecraft:emitter_lifetime_once": {
				"active_time": 2
			},
			"minecraft:emitter_shape_box": {
				"half_dimensions": [0.65, 1, 0.65],
				"surface_only": true,
				"direction": [0, "Math.random(-0.5, 0)", 0]
			},
			"minecraft:particle_lifetime_expression": {
				"max_lifetime": "Math.random(0.4, 1.7)"
			},
			"minecraft:particle_initial_spin": {
				"rotation": "Math.random(0, 180)"
			},
			"minecraft:particle_initial_speed": "Math.random(0.1, 0.25)",
			"minecraft:particle_motion_dynamic": {
				"linear_acceleration": [0, "-0.1 + Math.random(-0.2,-0.5)", 0],
				"linear_drag_coefficient": 5
			},
			"minecraft:particle_appearance_billboard": {
				"size": ["0.02 + variable.particle_random_1*0.05", "0.02 + variable.particle_random_1*0.05"],
				"facing_camera_mode": "lookat_xyz",
				"uv": {
					"texture_width": 128,
					"texture_height": 128,
					"flipbook": {
						"base_UV": [0, 72],
						"size_UV": [8, 8],
						"step_UV": [8, 0],
						"frames_per_second": 12,
						"max_frame": 8
					}
				}
			},
			"minecraft:particle_appearance_tinting": {
				"color": {
					"interpolant": "variable.particle_age/variable.particle_lifetime",
					"gradient": {
						"0.0": "#FFFF8930",
						"1.0": "#00FF8930"
					}
				}
			}
		}
	}
}