{
	"format_version": "1.10.0",
	"particle_effect": {
		"description": {
			"identifier": "ljw_ww:moonglow_sprig_sparkle",
			"basic_render_parameters": {
				"material": "particles_blend",
				"texture": "textures/particle/particles"
			}
		},
		"components": {
			"minecraft:emitter_rate_steady": {
				"spawn_rate": 1,
				"max_particles": 3
			},
			"minecraft:emitter_lifetime_once": {
				"active_time": 2
			},
			"minecraft:emitter_shape_box": {
				"offset": [0, "Math.random(0, 0.5)", 0],
				"half_dimensions": [0.5, 0.2, 0.5],
				"direction": ["Math.random(-0.75, 0.75)", "Math.random(-0.5, 1.0)", "Math.random(-0.75, 0.75)"]
			},
			"minecraft:particle_lifetime_expression": {
				"max_lifetime": "Math.random(0.4, 1.7)"
			},
			"minecraft:particle_initial_spin": {
				"rotation": "Math.random(0, 180)"
			},
			"minecraft:particle_initial_speed": "Math.random(0.1, 0.25)",
			"minecraft:particle_motion_dynamic": {
				"linear_drag_coefficient": 5
			},
			"minecraft:particle_appearance_billboard": {
				"size": ["0.01 + variable.particle_random_1*0.04", "0.01 + variable.particle_random_1*0.04"],
				"facing_camera_mode": "lookat_xyz",
				"uv": {
					"texture_width": 128,
					"texture_height": 128,
					"flipbook": {
						"base_UV": [0, 72],
						"size_UV": [8, 8],
						"step_UV": [8, 0],
						"frames_per_second": 12,
						"max_frame": 8
					}
				}
			},
			"minecraft:particle_appearance_tinting": {
				"color": {
					"interpolant": "variable.particle_age/variable.particle_lifetime",
					"gradient": {
						"0.0": "#FFFFFFFF",
						"1.0": "#00FFFFFF"
					}
				}
			}
		}
	}
}