{
	"format_version": "1.10.0",
	"particle_effect": {
		"description": {
			"identifier": "ljw_ww:pointer_new",
			"basic_render_parameters": {
				"material": "particles_blend",
				"texture": "textures/map/map_icons"
			}
		},
		"curves": {
			"variable.pos": {
				"type": "catmull_rom",
				"input": "v.particle_age",
				"horizontal_range": "v.particle_lifetime",
				"nodes": [0, 0.43, 0.9, 0.75, 0.75, 0.75, 0.75, 0.75, 0.75, 0.75, 0.75, 0.75, 0.75, 0.75, 0.75, 0.75]
			}
		},
		"components": {
			"minecraft:emitter_rate_instant": {
				"num_particles": 1
			},
			"minecraft:emitter_lifetime_once": {
				"active_time": 1
			},
			"minecraft:emitter_shape_point": {
				"offset": [0, 0, 0]
			},
			"minecraft:particle_lifetime_expression": {
				"max_lifetime": 2
			},
			"minecraft:particle_motion_parametric": {
				"relative_position": [ 0, "2 * v.pos", 0 ]
			},
			"minecraft:particle_initial_spin": {
				"rotation": 180
			},
			"minecraft:particle_appearance_billboard": {
				"size": ["0.25", "0.25"],
				"facing_camera_mode": "rotate_xyz",
				"uv": {
					"texture_width": 64,
					"texture_height": 64,
					"uv_size": [ 16, 16 ],
					"uv": [ 16, 0 ]
				}
			},
			"minecraft:particle_appearance_lighting": {},
			"minecraft:particle_appearance_tinting": {
				"color": {
					"interpolant": "variable.particle_age/v.particle_lifetime",
					"gradient": {
						"0.0": [1.0, 1.0, 1.0, "q.distance_from_camera > 2 ? 1.0 : 0.0"],
						"0.0": [1.0, 1.0, 1.0, "q.distance_from_camera > 2 ? 1.0 : 0.0"],
						"1.0": [1.0, 1.0, 1.0, "q.distance_from_camera > 2 ? 0.0 : 0.0"]
					}
				}
			}
		}
	}
}