{
	"format_version": "1.10.0",
	"particle_effect": {
		"description": {
			"identifier": "ljw_ww:smokescreen",
			"basic_render_parameters": {
				"material": "particles_blend",
				"texture": "textures/ljw/ww/particle/smokescreen"
			}
		},
		"curves": {
			"variable.size1": {
				"type": "catmull_rom",
				"input": "v.particle_age",
				"horizontal_range": "v.particle_lifetime",
				"nodes": [0, 0.43, 0.9, 1, 1, 1, 1, 1, 1, 1, 1, 1, 1, 1, 1, 1]
			}
		},
		"components": {
			"minecraft:emitter_rate_steady": {
				"spawn_rate": 50,
				"max_particles": 100
			},
			"minecraft:emitter_lifetime_once": {
				"active_time": 1
			},
			"minecraft:emitter_shape_sphere": {
				"offset": [0, 1, 0],
				"radius": 0.5,
				"surface_only": true,
				"direction": "outwards"
			},
			"minecraft:particle_lifetime_expression": {
				"max_lifetime": 1
			},
			"minecraft:particle_initial_spin": {
				"rotation": "math.random(0, 360)",
				"rotation_rate": "math.random(-30,30)"
			},
			"minecraft:particle_initial_speed": "math.random(1, 8)",
			"minecraft:particle_motion_dynamic": {
				"linear_acceleration": [0, 2, 0],
				"linear_drag_coefficient": 4
			},
			"minecraft:particle_appearance_billboard": {
				"size": ["1*variable.size1", "1*variable.size1"],
				"facing_camera_mode": "rotate_xyz",
				"uv": {
					"texture_width": 16,
					"texture_height": 1,
					"flipbook": {
						"base_UV": [0, 0],
						"size_UV": [1, 1],
						"step_UV": [1, 0],
						"frames_per_second": 10,
						"max_frame": 16,
						"stretch_to_lifetime": true
					}
				}
			},
			"minecraft:particle_appearance_lighting": {},
			"minecraft:particle_appearance_tinting": {
				"color": {
					"interpolant": "variable.particle_age/v.particle_lifetime",
					"gradient": {
						"0.0": [1.0, 1.0, 1.0, "q.distance_from_camera > 2 ? 0.79 : 0.0"],
						"0.76": [0.71, 0.71, 0.71, "q.distance_from_camera > 2 ? 0.82 : 0.0"],
						"1.0": [0.36, 0.36, 0.36, "q.distance_from_camera > 2 ? 0.0 : 0.0"]
					}
				}
			}
		}
	}
}