{
	"format_version": "1.10.0",
	"particle_effect": {
		"description": {
			"identifier": "ljw_ww:wind_gust_1",
			"basic_render_parameters": {
				"material": "particles_blend",
				"texture": "textures/particle/small_gust"
			}
		},
		"components": {
			"minecraft:emitter_rate_instant": {
				"num_particles": 10
			},
			"minecraft:emitter_lifetime_once": {
				"active_time": 1
			},
			"minecraft:emitter_shape_disc": {
				"radius": 2,
				"offset": ["(v.dir_x ?? 0) * 2", 0.1, "(v.dir_z ?? 0) * 2"],
				"direction": ["(v.dir_x ?? 0)", "0.35 + 0.5 * v.particle_random_1", "(v.dir_z ?? 0)"]
			},
			"minecraft:particle_lifetime_expression": {
				"max_lifetime": "0.75 * v.particle_random_2"
			},
			"minecraft:particle_initial_spin": {
				"rotation_rate": 2
			},
			"minecraft:particle_initial_speed": "4 + 2 * v.particle_random_4",
			"minecraft:particle_motion_dynamic": {},
			"minecraft:particle_appearance_billboard": {
				"size": ["0.125 + v.particle_random_3 * 0.2", "0.125 + v.particle_random_3 * 0.2"],
				"facing_camera_mode": "lookat_xyz",
				"uv": {
					"texture_width": 56,
					"texture_height": 8,
					"flipbook": {
						"base_UV": [0, 0],
						"size_UV": [8, 8],
						"step_UV": [8, 0],
						"frames_per_second": 12,
						"max_frame": 6,
						"stretch_to_lifetime": true
					}
				}
			},
			"minecraft:particle_appearance_lighting": {}
		}
	}
}