{
	"format_version": "1.12.0",
	"minecraft:geometry": [
		{
			"description": {
				"identifier": "geometry.pb_scraft.candelabrum",
				"texture_width": 64,
				"texture_height": 64,
				"visible_bounds_width": 2,
				"visible_bounds_height": 3.5,
				"visible_bounds_offset": [0, 1.25, 0]
			},
			"bones": [
				{
					"name": "root",
					"pivot": [0, 0, 0],
					"cubes": [
						{"origin": [-3, 2, -3], "size": [6, 1, 6], "uv": [24, 0]},
						{"origin": [-1, 3, -1], "size": [2, 13, 2], "uv": [24, 17]},
						{"origin": [-5, 6, -1], "size": [2, 7, 2], "uv": [0, 28]},
						{"origin": [-5, 12, -1], "size": [2, 1, 2], "inflate": 0.3, "uv": [16, 32]},
						{"origin": [-1, 15, -1], "size": [2, 1, 2], "inflate": 0.3, "uv": [32, 17]},
						{"origin": [-5, 13, -1], "size": [2, 5, 2], "inflate": -0.2, "uv": [8, 28]},
						{"origin": [-4.5, 17, 0], "size": [1, 2, 0], "uv": [24, 32]},
						{"origin": [-0.5, 20, 0], "size": [1, 2, 0], "uv": [24, 32]},
						{"origin": [-1, 16, -1], "size": [2, 5, 2], "inflate": -0.2, "uv": [8, 28]},
						{"origin": [-3, 6, -1], "size": [2, 2, 2], "uv": [16, 28]},
						{"origin": [3, 6, -1], "size": [2, 7, 2], "uv": [0, 28], "mirror": true},
						{"origin": [1, 6, -1], "size": [2, 2, 2], "uv": [16, 28], "mirror": true},
						{"origin": [3, 12, -1], "size": [2, 1, 2], "inflate": 0.3, "uv": [16, 32], "mirror": true},
						{"origin": [3, 13, -1], "size": [2, 5, 2], "inflate": -0.2, "uv": [8, 28], "mirror": true},
						{"origin": [3.5, 17, 0], "size": [1, 2, 0], "uv": [24, 32], "mirror": true},
						{"origin": [-2, 5, -2], "size": [4, 6, 4], "inflate": -0.2, "uv": [24, 7]},
						{"origin": [-0.875, 0, -8], "size": [0, 2, 12], "pivot": [-3, 1, 0], "rotation": [0, -45, 0], "uv": [0, 0]},
						{"origin": [0.875, 0, -8], "size": [0, 2, 12], "pivot": [3, 1, 0], "rotation": [0, 45, 0], "uv": [0, 14]}
					]
				}
			]
		}
	]
}