{
	"format_version": "1.12.0",
	"minecraft:geometry": [
		{
			"description": {
				"identifier": "geometry.pb_scraft.chandelier",
				"texture_width": 32,
				"texture_height": 32,
				"visible_bounds_width": 2,
				"visible_bounds_height": 2.5,
				"visible_bounds_offset": [0, 0.75, 0]
			},
			"bones": [
				{
					"name": "root",
					"pivot": [0, 0, 0],
					"cubes": [
						{
							"origin": [-1, -1, -1],
							"size": [2, 12, 2],
							"uv": {
								"north": {"uv": [16, 16], "uv_size": [2, 12]},
								"east": {"uv": [18, 16], "uv_size": [2, 12]},
								"south": {"uv": [0, 19], "uv_size": [2, 12]},
								"west": {"uv": [2, 19], "uv_size": [2, 12]},
								"up": {"uv": [14, 26], "uv_size": [2, 2]},
								"down": {"uv": [26, 17], "uv_size": [2, -2]}
							}
						},
						{"origin": [-1, 10, -1], "size": [2, 1, 2], "inflate": 0.3, "uv": [8, 6]},
						{"origin": [-1.5, 10, -0.1], "size": [3, 5, 0], "pivot": [0, 13.5, -0.1], "rotation": [0, -45, 0], "uv": [26, 27]},
						{"origin": [-1.5, 12.1, -0.1], "size": [3, 5, 0], "pivot": [0, 13.5, -0.1], "rotation": [-180, -45, 180], "uv": [26, 27]}
					]
				},
				{
					"name": "candel2",
					"parent": "root",
					"pivot": [6, 7, -6],
					"rotation": [0, -45, 0],
					"cubes": [
						{"origin": [5, 4, -7], "size": [2, 4, 2], "inflate": -0.2, "uv": [0, 0]},
						{"origin": [5.5, 7, -6], "size": [1, 2, 0], "uv": [8, 9]}
					]
				},
				{
					"name": "candel3",
					"parent": "root",
					"pivot": [6, 7, 6],
					"rotation": [0, -45, 0],
					"cubes": [
						{"origin": [5, 4, 5], "size": [2, 4, 2], "inflate": -0.2, "uv": [0, 0]},
						{"origin": [5.5, 7, 6], "size": [1, 2, 0], "uv": [8, 9]}
					]
				},
				{
					"name": "candel5",
					"parent": "root",
					"pivot": [-3, 6, 10],
					"cubes": [
						{"origin": [2, 9, 2], "size": [2, 4, 2], "inflate": -0.2, "uv": [0, 0]},
						{"origin": [2.5, 12, 3], "size": [1, 2, 0], "uv": [8, 9]}
					]
				},
				{
					"name": "candel6",
					"parent": "root",
					"pivot": [-9, 6, 4],
					"cubes": [
						{"origin": [-4, 9, -4], "size": [2, 4, 2], "inflate": -0.2, "uv": [0, 0]},
						{"origin": [-3.5, 12, -3], "size": [1, 2, 0], "uv": [8, 9]}
					]
				},
				{
					"name": "candel7",
					"parent": "root",
					"pivot": [-9, 6, 10],
					"cubes": [
						{"origin": [-4, 9, 2], "size": [2, 4, 2], "inflate": -0.2, "uv": [0, 0]},
						{"origin": [-3.5, 12, 3], "size": [1, 2, 0], "uv": [8, 9]}
					]
				},
				{
					"name": "candel8",
					"parent": "root",
					"pivot": [-3, 6, 4],
					"cubes": [
						{"origin": [2, 9, -4], "size": [2, 4, 2], "inflate": -0.2, "uv": [0, 0]},
						{"origin": [2.5, 12, -3], "size": [1, 2, 0], "uv": [8, 9]}
					]
				},
				{
					"name": "candel4",
					"parent": "root",
					"pivot": [-6, 7, 6],
					"rotation": [0, -45, 0],
					"cubes": [
						{"origin": [-7, 4, 5], "size": [2, 4, 2], "inflate": -0.2, "uv": [0, 0]},
						{"origin": [-6.5, 7, 6], "size": [1, 2, 0], "uv": [8, 9]}
					]
				},
				{
					"name": "candel",
					"parent": "root",
					"pivot": [-6, 7, -6],
					"rotation": [0, -45, 0],
					"cubes": [
						{"origin": [-7, 4, -7], "size": [2, 4, 2], "inflate": -0.2, "uv": [0, 0]},
						{"origin": [-6.5, 7, -6], "size": [1, 2, 0], "uv": [8, 9]}
					]
				},
				{
					"name": "back",
					"parent": "root",
					"pivot": [0, 0, 0],
					"cubes": [
						{"origin": [-7, 3, 5], "size": [2, 1, 2], "inflate": 0.3, "uv": [8, 0], "mirror": true},
						{
							"origin": [-7, 0, 5],
							"size": [2, 3, 2],
							"uv": {
								"north": {"uv": [22, 19], "uv_size": [2, 3]},
								"east": {"uv": [22, 22], "uv_size": [2, 3]},
								"south": {"uv": [22, 13], "uv_size": [2, 3]},
								"west": {"uv": [22, 16], "uv_size": [2, 3]},
								"up": {"uv": [28, 9], "uv_size": [-2, -2]},
								"down": {"uv": [10, 26], "uv_size": [-2, 2]}
							}
						},
						{
							"origin": [5, 0, 5],
							"size": [2, 3, 2],
							"uv": {
								"north": {"uv": [22, 0], "uv_size": [2, 3]},
								"east": {"uv": [22, 3], "uv_size": [2, 3]},
								"south": {"uv": [6, 21], "uv_size": [2, 3]},
								"west": {"uv": [20, 21], "uv_size": [2, 3]},
								"up": {"uv": [28, 5], "uv_size": [-2, -2]},
								"down": {"uv": [28, 5], "uv_size": [-2, 2]}
							}
						},
						{"origin": [5, 3, 5], "size": [2, 1, 2], "inflate": 0.3, "uv": [0, 6], "mirror": true},
						{
							"origin": [-4, 5, 2],
							"size": [2, 3, 2],
							"uv": {
								"north": {"uv": [20, 24], "uv_size": [2, 3]},
								"east": {"uv": [24, 20], "uv_size": [2, 3]},
								"south": {"uv": [24, 14], "uv_size": [2, 3]},
								"west": {"uv": [24, 17], "uv_size": [2, 3]},
								"up": {"uv": [28, 19], "uv_size": [-2, -2]},
								"down": {"uv": [28, 19], "uv_size": [-2, 2]}
							}
						},
						{"origin": [-4, 8, 2], "size": [2, 1, 2], "inflate": 0.3, "uv": [8, 3], "mirror": true},
						{
							"origin": [-2, 6, 3],
							"size": [4, 2, 0],
							"uv": {
								"north": {"uv": [20, 11], "uv_size": [4, 2]},
								"east": {"uv": [0, 0], "uv_size": [0, 2]},
								"south": {"uv": [4, 19], "uv_size": [4, 2]},
								"west": {"uv": [0, 0], "uv_size": [0, 2]},
								"up": {"uv": [4, 0], "uv_size": [-4, 0]},
								"down": {"uv": [4, 0], "uv_size": [-4, 0]}
							}
						},
						{"origin": [2, 8, 2], "size": [2, 1, 2], "inflate": 0.3, "uv": [0, 9], "mirror": true},
						{
							"origin": [2, 5, 2],
							"size": [2, 3, 2],
							"uv": {
								"north": {"uv": [22, 25], "uv_size": [2, 3]},
								"east": {"uv": [26, 0], "uv_size": [2, 3]},
								"south": {"uv": [24, 23], "uv_size": [2, 3]},
								"west": {"uv": [4, 25], "uv_size": [2, 3]},
								"up": {"uv": [28, 23], "uv_size": [-2, -2]},
								"down": {"uv": [28, 23], "uv_size": [-2, 2]}
							}
						}
					]
				},
				{
					"name": "bone",
					"parent": "back",
					"pivot": [0, 0, 0],
					"cubes": [
						{
							"origin": [-5, 1, -6],
							"size": [10, 2, 0],
							"uv": {
								"north": {"uv": [16, 7], "uv_size": [10, 2]},
								"east": {"uv": [0, 0], "uv_size": [0, 2]},
								"south": {"uv": [20, 9], "uv_size": [10, 2]},
								"west": {"uv": [0, 0], "uv_size": [0, 2]},
								"up": {"uv": [0, 0], "uv_size": [10, 0]},
								"down": {"uv": [0, 0], "uv_size": [10, 0]}
							}
						},
						{
							"origin": [-5, 3, -5],
							"size": [10, 7, 0],
							"pivot": [0, 4, -6],
							"rotation": [-45, 0, 0],
							"uv": {
								"north": {"uv": [10, 9], "uv_size": [10, 7]},
								"east": {"uv": [0, 0], "uv_size": [0, 7]},
								"south": {"uv": [0, 12], "uv_size": [10, 7]},
								"west": {"uv": [0, 0], "uv_size": [0, 7]},
								"up": {"uv": [0, 0], "uv_size": [10, 0]},
								"down": {"uv": [0, 0], "uv_size": [10, 0]}
							}
						},
						{
							"origin": [-3, 8.9, -6.7],
							"size": [6, 7, 0],
							"pivot": [0, 4, -6],
							"rotation": [-45, 0, 0],
							"uv": {
								"north": {"uv": [16, 0], "uv_size": [6, 7]},
								"east": {"uv": [0, 0], "uv_size": [0, 7]},
								"south": {"uv": [10, 16], "uv_size": [6, 7]},
								"west": {"uv": [0, 0], "uv_size": [0, 7]},
								"up": {"uv": [0, 0], "uv_size": [6, 0]},
								"down": {"uv": [0, 0], "uv_size": [6, 0]}
							}
						},
						{
							"origin": [-3, 8.9, 6.7],
							"size": [6, 7, 0],
							"pivot": [0, 4, 6],
							"rotation": [45, 0, 0],
							"uv": {
								"north": {"uv": [10, 16], "uv_size": [6, 7]},
								"east": {"uv": [0, 0], "uv_size": [0, 7]},
								"south": {"uv": [16, 0], "uv_size": [6, 7]},
								"west": {"uv": [0, 0], "uv_size": [0, 7]},
								"up": {"uv": [6, 0], "uv_size": [-6, 0]},
								"down": {"uv": [6, 0], "uv_size": [-6, 0]}
							}
						},
						{
							"origin": [-5, 3, 5],
							"size": [10, 7, 0],
							"pivot": [0, 4, 6],
							"rotation": [45, 0, 0],
							"uv": {
								"north": {"uv": [0, 12], "uv_size": [10, 7]},
								"east": {"uv": [0, 0], "uv_size": [0, 7]},
								"south": {"uv": [10, 9], "uv_size": [10, 7]},
								"west": {"uv": [0, 0], "uv_size": [0, 7]},
								"up": {"uv": [10, 0], "uv_size": [-10, 0]},
								"down": {"uv": [10, 0], "uv_size": [-10, 0]}
							}
						},
						{
							"origin": [-5, 1, 6],
							"size": [10, 2, 0],
							"uv": {
								"north": {"uv": [20, 9], "uv_size": [10, 2]},
								"east": {"uv": [0, 0], "uv_size": [0, 2]},
								"south": {"uv": [16, 7], "uv_size": [10, 2]},
								"west": {"uv": [0, 0], "uv_size": [0, 2]},
								"up": {"uv": [10, 0], "uv_size": [-10, 0]},
								"down": {"uv": [10, 0], "uv_size": [-10, 0]}
							}
						}
					]
				},
				{
					"name": "bone2",
					"parent": "back",
					"pivot": [0, 5.83178, 0],
					"rotation": [0, -90, 0],
					"cubes": [
						{
							"origin": [-5, 1, -6],
							"size": [10, 2, 0],
							"uv": {
								"north": {"uv": [16, 7], "uv_size": [10, 2]},
								"east": {"uv": [0, 0], "uv_size": [0, 2]},
								"south": {"uv": [20, 9], "uv_size": [10, 2]},
								"west": {"uv": [0, 0], "uv_size": [0, 2]},
								"up": {"uv": [0, 0], "uv_size": [10, 0]},
								"down": {"uv": [0, 0], "uv_size": [10, 0]}
							}
						},
						{
							"origin": [-5, 3, -5],
							"size": [10, 7, 0],
							"pivot": [0, 4, -6],
							"rotation": [-45, 0, 0],
							"uv": {
								"north": {"uv": [10, 9], "uv_size": [10, 7]},
								"east": {"uv": [0, 0], "uv_size": [0, 7]},
								"south": {"uv": [0, 12], "uv_size": [10, 7]},
								"west": {"uv": [0, 0], "uv_size": [0, 7]},
								"up": {"uv": [0, 0], "uv_size": [10, 0]},
								"down": {"uv": [0, 0], "uv_size": [10, 0]}
							}
						},
						{
							"origin": [-3, 8.9, -6.7],
							"size": [6, 7, 0],
							"pivot": [0, 4, -6],
							"rotation": [-45, 0, 0],
							"uv": {
								"north": {"uv": [16, 0], "uv_size": [6, 7]},
								"east": {"uv": [0, 0], "uv_size": [0, 7]},
								"south": {"uv": [10, 16], "uv_size": [6, 7]},
								"west": {"uv": [0, 0], "uv_size": [0, 7]},
								"up": {"uv": [0, 0], "uv_size": [6, 0]},
								"down": {"uv": [0, 0], "uv_size": [6, 0]}
							}
						},
						{
							"origin": [-3, 8.9, 6.7],
							"size": [6, 7, 0],
							"pivot": [0, 4, 6],
							"rotation": [45, 0, 0],
							"uv": {
								"north": {"uv": [10, 16], "uv_size": [6, 7]},
								"east": {"uv": [0, 0], "uv_size": [0, 7]},
								"south": {"uv": [16, 0], "uv_size": [6, 7]},
								"west": {"uv": [0, 0], "uv_size": [0, 7]},
								"up": {"uv": [6, 0], "uv_size": [-6, 0]},
								"down": {"uv": [6, 0], "uv_size": [-6, 0]}
							}
						},
						{
							"origin": [-5, 3, 5],
							"size": [10, 7, 0],
							"pivot": [0, 4, 6],
							"rotation": [45, 0, 0],
							"uv": {
								"north": {"uv": [0, 12], "uv_size": [10, 7]},
								"east": {"uv": [0, 0], "uv_size": [0, 7]},
								"south": {"uv": [10, 9], "uv_size": [10, 7]},
								"west": {"uv": [0, 0], "uv_size": [0, 7]},
								"up": {"uv": [10, 0], "uv_size": [-10, 0]},
								"down": {"uv": [10, 0], "uv_size": [-10, 0]}
							}
						},
						{
							"origin": [-5, 1, 6],
							"size": [10, 2, 0],
							"uv": {
								"north": {"uv": [20, 9], "uv_size": [10, 2]},
								"east": {"uv": [0, 0], "uv_size": [0, 2]},
								"south": {"uv": [16, 7], "uv_size": [10, 2]},
								"west": {"uv": [0, 0], "uv_size": [0, 2]},
								"up": {"uv": [10, 0], "uv_size": [-10, 0]},
								"down": {"uv": [10, 0], "uv_size": [-10, 0]}
							}
						},
						{
							"origin": [-2, 6, 3],
							"size": [4, 2, 0],
							"uv": {
								"north": {"uv": [20, 11], "uv_size": [4, 2]},
								"east": {"uv": [0, 0], "uv_size": [0, 2]},
								"south": {"uv": [4, 19], "uv_size": [4, 2]},
								"west": {"uv": [0, 0], "uv_size": [0, 2]},
								"up": {"uv": [4, 0], "uv_size": [-4, 0]},
								"down": {"uv": [4, 0], "uv_size": [-4, 0]}
							}
						},
						{
							"origin": [-2, 6, -3],
							"size": [4, 2, 0],
							"uv": {
								"north": {"uv": [4, 19], "uv_size": [4, 2]},
								"east": {"uv": [0, 0], "uv_size": [0, 2]},
								"south": {"uv": [20, 11], "uv_size": [4, 2]},
								"west": {"uv": [0, 0], "uv_size": [0, 2]},
								"up": {"uv": [0, 0], "uv_size": [4, 0]},
								"down": {"uv": [0, 0], "uv_size": [4, 0]}
							}
						}
					]
				},
				{
					"name": "front",
					"parent": "root",
					"pivot": [0, 0, 0],
					"cubes": [
						{"origin": [5, 3, -7], "size": [2, 1, 2], "inflate": 0.3, "uv": [8, 0]},
						{
							"origin": [5, 0, -7],
							"size": [2, 3, 2],
							"uv": {
								"north": {"uv": [22, 13], "uv_size": [2, 3]},
								"east": {"uv": [22, 16], "uv_size": [2, 3]},
								"south": {"uv": [22, 19], "uv_size": [2, 3]},
								"west": {"uv": [22, 22], "uv_size": [2, 3]},
								"up": {"uv": [26, 7], "uv_size": [2, 2]},
								"down": {"uv": [8, 28], "uv_size": [2, -2]}
							}
						},
						{
							"origin": [-7, 0, -7],
							"size": [2, 3, 2],
							"uv": {
								"north": {"uv": [6, 21], "uv_size": [2, 3]},
								"east": {"uv": [20, 21], "uv_size": [2, 3]},
								"south": {"uv": [22, 0], "uv_size": [2, 3]},
								"west": {"uv": [22, 3], "uv_size": [2, 3]},
								"up": {"uv": [26, 3], "uv_size": [2, 2]},
								"down": {"uv": [26, 7], "uv_size": [2, -2]}
							}
						},
						{"origin": [-7, 3, -7], "size": [2, 1, 2], "inflate": 0.3, "uv": [0, 6]},
						{
							"origin": [2, 5, -4],
							"size": [2, 3, 2],
							"uv": {
								"north": {"uv": [24, 14], "uv_size": [2, 3]},
								"east": {"uv": [24, 17], "uv_size": [2, 3]},
								"south": {"uv": [20, 24], "uv_size": [2, 3]},
								"west": {"uv": [24, 20], "uv_size": [2, 3]},
								"up": {"uv": [26, 17], "uv_size": [2, 2]},
								"down": {"uv": [26, 21], "uv_size": [2, -2]}
							}
						},
						{"origin": [2, 8, -4], "size": [2, 1, 2], "inflate": 0.3, "uv": [8, 3]},
						{
							"origin": [-2, 6, -3],
							"size": [4, 2, 0],
							"uv": {
								"north": {"uv": [4, 19], "uv_size": [4, 2]},
								"east": {"uv": [0, 0], "uv_size": [0, 2]},
								"south": {"uv": [20, 11], "uv_size": [4, 2]},
								"west": {"uv": [0, 0], "uv_size": [0, 2]},
								"up": {"uv": [0, 0], "uv_size": [4, 0]},
								"down": {"uv": [0, 0], "uv_size": [4, 0]}
							}
						},
						{"origin": [-4, 8, -4], "size": [2, 1, 2], "inflate": 0.3, "uv": [0, 9]},
						{
							"origin": [-4, 5, -4],
							"size": [2, 3, 2],
							"uv": {
								"north": {"uv": [24, 23], "uv_size": [2, 3]},
								"east": {"uv": [4, 25], "uv_size": [2, 3]},
								"south": {"uv": [22, 25], "uv_size": [2, 3]},
								"west": {"uv": [26, 0], "uv_size": [2, 3]},
								"up": {"uv": [26, 21], "uv_size": [2, 2]},
								"down": {"uv": [26, 25], "uv_size": [2, -2]}
							}
						}
					]
				}
			]
		}
	]
}