{
	"format_version": "1.12.0",
	"minecraft:geometry": [
		{
			"description": {
				"identifier": "geometry.pb_scraft.jar",
				"texture_width": 64,
				"texture_height": 64,
				"visible_bounds_width": 2,
				"visible_bounds_height": 1.5,
				"visible_bounds_offset": [0, 0.25, 0]
			},
			"bones": [
				{
					"name": "root",
					"pivot": [0, 0, 0],
					"cubes": [
						{"origin": [-3, 0, -3], "size": [6, 6, 6], "uv": [0, 0]},
						{"origin": [-2, 6, -2], "size": [4, 1, 4], "inflate": 0.2, "uv": [24, 0]},
						{"origin": [-3, 6.3, -3], "size": [6, 2, 6], "inflate": -0.3, "uv": [0, 24]}
					]
				},
				{
					"name": "fuel",
					"pivot": [0, 0, 0],
					"cubes": [
						{"origin": [-3, 0, -3], "size": [6, 6, 6], "inflate": -0.2, "uv": [0, 12]}
					]
				}
			]
		}
	]
}