{
	"format_version": "1.21.20",
	"minecraft:geometry": [
		{
			"description": {
				"identifier": "geometry.pb_scraft.magic_cauldron",
				"texture_width": 64,
				"texture_height": 64,
				"visible_bounds_width": 3,
				"visible_bounds_height": 3.5,
				"visible_bounds_offset": [0, 1.25, 0]
			},
			"bones": [
				{
					"name": "base",
					"pivot": [0, 0, 0],
					"cubes": [
						{
							"origin": [-7, 3, -7],
							"size": [14, 9, 14],
							"uv": {
								"north": {"uv": [0, 28], "uv_size": [14, 9]},
								"east": {"uv": [14, 36], "uv_size": [14, 9]},
								"south": {"uv": [28, 36], "uv_size": [14, 9]},
								"west": {"uv": [0, 37], "uv_size": [14, 9]},
								"up": {"uv": [0, 0], "uv_size": [14, 14]},
								"down": {"uv": [0, 28], "uv_size": [14, -14]}
							}
						},
						{
							"origin": [-6, 11, -6],
							"size": [12, 3, 12],
							"uv": {
								"north": {"uv": [38, 0], "uv_size": [12, 3]},
								"east": {"uv": [38, 3], "uv_size": [12, 3]},
								"south": {"uv": [38, 6], "uv_size": [12, 3]},
								"west": {"uv": [38, 9], "uv_size": [12, 3]},
								"up": {"uv": [14, 0], "uv_size": [12, 12]},
								"down": {"uv": [14, 24], "uv_size": [12, -12]}
							}
						},
						{
							"origin": [-6, 14, -6],
							"size": [12, 1, 12],
							"inflate": 0.2,
							"uv": {
								"north": {"uv": [38, 30], "uv_size": [12, 1]},
								"east": {"uv": [38, 31], "uv_size": [12, 1]},
								"south": {"uv": [38, 32], "uv_size": [12, 1]},
								"west": {"uv": [38, 33], "uv_size": [12, 1]},
								"up": {"uv": [26, 12], "uv_size": [12, 12]},
								"down": {"uv": [26, 36], "uv_size": [12, -12]}
							}
						},
						{
							"origin": [-6, 2, -6],
							"size": [12, 2, 12],
							"uv": {
								"north": {"uv": [38, 22], "uv_size": [12, 2]},
								"east": {"uv": [38, 24], "uv_size": [12, 2]},
								"south": {"uv": [38, 26], "uv_size": [12, 2]},
								"west": {"uv": [38, 28], "uv_size": [12, 2]},
								"up": {"uv": [14, 24], "uv_size": [12, 12]},
								"down": {"uv": [26, 12], "uv_size": [12, -12]}
							}
						},
						{
							"origin": [-1.5, 0, -8],
							"size": [3, 2, 3],
							"pivot": [0, 1, 0],
							"rotation": [0, -90, 0],
							"uv": {
								"north": {"uv": [43, 19], "uv_size": [3, 2]},
								"east": {"uv": [43, 34], "uv_size": [3, 2]},
								"south": {"uv": [18, 45], "uv_size": [3, 2]},
								"west": {"uv": [21, 45], "uv_size": [3, 2]},
								"up": {"uv": [42, 42], "uv_size": [3, 3]},
								"down": {"uv": [43, 15], "uv_size": [3, -3]}
							}
						},
						{
							"origin": [-1.5, 0, -8],
							"size": [3, 2, 3],
							"uv": {
								"north": {"uv": [43, 19], "uv_size": [3, 2]},
								"east": {"uv": [43, 34], "uv_size": [3, 2]},
								"south": {"uv": [18, 45], "uv_size": [3, 2]},
								"west": {"uv": [21, 45], "uv_size": [3, 2]},
								"up": {"uv": [42, 42], "uv_size": [3, 3]},
								"down": {"uv": [43, 15], "uv_size": [3, -3]}
							}
						},
						{
							"origin": [-1.5, 0, -8],
							"size": [3, 2, 3],
							"pivot": [0, 1, 0],
							"rotation": [0, 180, 0],
							"uv": {
								"north": {"uv": [43, 19], "uv_size": [3, 2]},
								"east": {"uv": [43, 34], "uv_size": [3, 2]},
								"south": {"uv": [18, 45], "uv_size": [3, 2]},
								"west": {"uv": [21, 45], "uv_size": [3, 2]},
								"up": {"uv": [42, 42], "uv_size": [3, 3]},
								"down": {"uv": [43, 15], "uv_size": [3, -3]}
							}
						},
						{
							"origin": [-1.5, 0, -8],
							"size": [3, 2, 3],
							"pivot": [0, 1, 0],
							"rotation": [0, 90, 0],
							"uv": {
								"north": {"uv": [43, 19], "uv_size": [3, 2]},
								"east": {"uv": [43, 34], "uv_size": [3, 2]},
								"south": {"uv": [18, 45], "uv_size": [3, 2]},
								"west": {"uv": [21, 45], "uv_size": [3, 2]},
								"up": {"uv": [42, 42], "uv_size": [3, 3]},
								"down": {"uv": [43, 15], "uv_size": [3, -3]}
							}
						},
						{
							"origin": [5.875, 12, -1],
							"size": [2, 4, 2],
							"inflate": 0.1,
							"uv": {
								"north": {"uv": [43, 15], "uv_size": [2, 4]},
								"east": {"uv": [14, 45], "uv_size": [2, 4]},
								"south": {"uv": [45, 15], "uv_size": [2, 4]},
								"west": {"uv": [16, 45], "uv_size": [2, 4]},
								"up": {"uv": [24, 45], "uv_size": [2, 2]},
								"down": {"uv": [26, 47], "uv_size": [2, -2]}
							}
						},
						{
							"origin": [6.52139, 12.61698, -2.4],
							"size": [5, 2, 5],
							"pivot": [8.32139, 13.61698, 0],
							"rotation": [0, 0, 20],
							"uv": {
								"north": {"uv": [38, 34], "uv_size": [5, 2]},
								"east": {"uv": [42, 36], "uv_size": [5, 2]},
								"south": {"uv": [42, 38], "uv_size": [5, 2]},
								"west": {"uv": [42, 40], "uv_size": [5, 2]},
								"up": {"uv": [38, 12], "uv_size": [5, 5]},
								"down": {"uv": [38, 22], "uv_size": [5, -5]}
							}
						},
						{
							"origin": [-11.52139, 12.61698, -2.4],
							"size": [5, 2, 5],
							"pivot": [-8.32139, 13.61698, 0],
							"rotation": [0, 0, -20],
							"uv": {
								"north": {"uv": [43, 34], "uv_size": [-5, 2]},
								"east": {"uv": [47, 40], "uv_size": [-5, 2]},
								"south": {"uv": [47, 38], "uv_size": [-5, 2]},
								"west": {"uv": [47, 36], "uv_size": [-5, 2]},
								"up": {"uv": [43, 12], "uv_size": [-5, 5]},
								"down": {"uv": [43, 22], "uv_size": [-5, -5]}
							}
						},
						{
							"origin": [-8.025, 12, -1],
							"size": [2, 4, 2],
							"inflate": 0.1,
							"uv": {
								"north": {"uv": [45, 15], "uv_size": [-2, 4]},
								"east": {"uv": [18, 45], "uv_size": [-2, 4]},
								"south": {"uv": [47, 15], "uv_size": [-2, 4]},
								"west": {"uv": [16, 45], "uv_size": [-2, 4]},
								"up": {"uv": [26, 45], "uv_size": [-2, 2]},
								"down": {"uv": [28, 47], "uv_size": [-2, -2]}
							}
						}
					]
				},
				{
					"name": "fuel",
					"parent": "base",
					"pivot": [0, 11, 0],
					"cubes": [
						{
							"origin": [-6, 11, -6],
							"size": [12, 2, 12],
							"uv": {
								"north": {"uv": [28, 60], "uv_size": [12, 2]},
								"east": {"uv": [17, 60], "uv_size": [11, 2]},
								"south": {"uv": [17, 62], "uv_size": [12, 2]},
								"west": {"uv": [29, 62], "uv_size": [11, 2]},
								"up": {"uv": [52, 64], "uv_size": [-12, -11]},
								"down": {"uv": [64, 64], "uv_size": [-12, -11]}
							}
						}
					]
				},
				{
					"name": "spoon",
					"parent": "base",
					"pivot": [-4, 16.7, 4],
					"rotation": [-27.5, -50, 0],
					"cubes": [
						{
							"origin": [-5, 14.8, 3],
							"size": [2, 12.2, 2],
							"inflate": -0.2,
							"uv": {
								"north": {"uv": [56, 0], "uv_size": [2, 12.2]},
								"east": {"uv": [58, 0], "uv_size": [2, 12.2]},
								"south": {"uv": [60, 0], "uv_size": [2, 12.2]},
								"west": {"uv": [62, 0], "uv_size": [2, 12.2]},
								"up": {"uv": [62, 15], "uv_size": [-2, -2]},
								"down": {"uv": [64, 15], "uv_size": [-2, -2]}
							}
						},
						{
							"origin": [-6, 10, 3],
							"size": [4, 5, 2],
							"uv": {
								"north": {"uv": [60, 23], "uv_size": [4, 5]},
								"east": {"uv": [56, 28], "uv_size": [2, 5]},
								"south": {"uv": [56, 23], "uv_size": [4, 5]},
								"west": {"uv": [58, 28], "uv_size": [2, 5]},
								"up": {"uv": [64, 32], "uv_size": [-4, -2]},
								"down": {"uv": [64, 30], "uv_size": [-4, -2]}
							}
						}
					]
				}
			],
			"item_display_transforms": {
				"thirdperson_righthand": {
					"rotation": [0, 0, 0],
					"translation": [0, 0, 0],
					"scale": [1, 1, 1],
					"rotation_pivot": [0, 0, 0],
					"scale_pivot": [0, 0, 0]
				}
			}
		}
	]
}