{
	"format_version": "1.21.10",
	"minecraft:item": {
		"description": {
			"identifier": "ljw_ww:werewolf_transformation_legs_climb",
			"menu_category": {
				"category": "none",
				"is_hidden_in_commands": true
			}
		},
		
		"components": {
			"minecraft:icon": {
				"textures": { "default": "ljw_ww.werewolf_transformation_b" }
			},
			"minecraft:max_stack_size": 1,
			"minecraft:hand_equipped": false,
			"minecraft:durability": {
				"max_durability": 32767, // MCPE-180112 is restricting this value
				"damage_chance": {
					"min": 0,
					"max": 0
				}
			},
			"minecraft:wearable": {
				"protection": 0,
				"slot": "slot.armor.legs"
			},
			"minecraft:enchantable": {
				"value": 14,
				"slot": "armor_legs"
			},
			"minecraft:custom_components": [
				"ljw_ww:block_durability_damage"
			],
			"minecraft:tags": {
				"tags": [
					"ljw_ww:werewolf_form",
					"ljw_ww:werewolf_climb"
				]
			}
		}
	}
}