{
   "format_version":"1.21.10",
   "minecraft:entity":{
      "description":{
         "identifier":"pb_scraft:display",
         "is_spawnable":true,
         "is_summonable":true,
         "is_experimental":false
      },
      "component_groups":{
         "pb_scraft:despawn":{
            "minecraft:instant_despawn":{
               
            }
         },
         "pb_scraft:transform_into_despawn":{
            "minecraft:transformation":{
               "into":"pb_scraft:display<pb_scraft:despawn>",
               "drop_equipment":true
            }
         }
      },
      "components":{
         "minecraft:equippable":{
            
         },
         "minecraft:equipment":{
            
         },
         "minecraft:scale":{
            "value":1.0
         },
         "minecraft:collision_box":{
            "width":0.0,
            "height":1.0
         },
         "minecraft:pushable":{
            "is_pushable":false,
            "is_pushable_by_piston":false
         },
         "minecraft:knockback_resistance":{
            "value":1.0
         },
         "minecraft:type_family":{
            "family":[
               "pb_scraft_display",
               "prop",
               "inanimate"
            ]
         },
		 "minecraft:inventory": {
			"inventory_size": 1
		 },
         "minecraft:health":{
            "value":1000,
            "max":1000
         },
         "minecraft:nameable":{
            "always_show":true,
            "allow_name_tag_renaming":false
         },
         "minecraft:movement":{
            "value":0
         },
         "minecraft:navigation.walk":{
            "can_float":false,
            "avoid_water":true,
            "avoid_damage_blocks":true
         },
         "minecraft:movement.basic":{
            
         },
         "minecraft:fire_immune":false,
         "minecraft:damage_sensor":{
            "triggers":[
               {
                  "deals_damage":false
               }
            ]
         }
      },
      "events":{
         "minecraft:entity_spawned":{
            
         },
		 "pb_scraft:transform":{
            "add":{
               "component_groups":[
                  "pb_scraft:transform_into_despawn"
               ]
            }
         },
         "pb_scraft:despawn":{
            "add":{
               "component_groups":[
                  "pb_scraft:despawn"
               ]
            }
         }
      }
   }
}