{
	"format_version": "1.10.0",
	"particle_effect": {
		"description": {
			"identifier": "nv_me:construct_smoke",
			"basic_render_parameters": {
				"material": "particles_blend",
				"texture": "textures/particle/campfire_smoke"
			}
		},
		"components": {
			"minecraft:emitter_rate_instant": {
				"num_particles": 50
			},
			"minecraft:emitter_lifetime_once": {
				"active_time": 1
			},
			"minecraft:emitter_shape_sphere": {
				"radius": 2.5,
				"direction": [0, 1, 0]
			},
			"minecraft:particle_initialization": {
				"per_render_expression": "variable.size = 0.5 * math.pow(1.0-(variable.particle_age / variable.particle_lifetime), 0.7);"
			},
			"minecraft:particle_lifetime_expression": {
				"max_lifetime": 3
			},
			"minecraft:particle_initial_speed": "Math.random(0.3, 0.5)",
			"minecraft:particle_motion_dynamic": {
				"linear_acceleration": [0, 0.2, 0]
			},
			"minecraft:particle_appearance_billboard": {
				"size": ["variable.size", "variable.size"],
				"facing_camera_mode": "lookat_xyz",
				"uv": {
					"texture_width": 1,
					"texture_height": 12,
					"uv": [0, "Math.floor(variable.particle_random_2 * 7)"],
					"uv_size": [1, 1]
				}
			},
			"minecraft:particle_motion_collision": {
				"enabled": "variable.particle_age > 1",
				"collision_radius": 0.25
			},
			"minecraft:particle_appearance_lighting": {},
			"minecraft:particle_appearance_tinting": {
				"color": [0.37255, 0.37255, 0.37255, 0.87843]
			}
		}
	}
}