{
	"format_version": "1.10.0",
	"particle_effect": {
		"description": {
			"identifier": "nv_me:flamethrower_mech",
			"basic_render_parameters": {
				"material": "particles_alpha",
				"texture": "textures/nv_me/common/particle/thruster"
			}
		},
		"components": {
			"minecraft:emitter_rate_steady": {
				"spawn_rate": 10,
				"max_particles": 25
			},
			"minecraft:emitter_lifetime_once": {
				"active_time": 1
			},
			"minecraft:emitter_shape_sphere": {
				"radius": 0.1,
				"direction": [0, 0, -2]
			},
			"minecraft:particle_lifetime_expression": {
				"max_lifetime": "math.random(1, 2)"
			},
			"minecraft:particle_initial_speed": "math.random_integer(4, 6)",
			"minecraft:particle_motion_dynamic": {
				"linear_acceleration": ["math.random(-8, 8)", "math.random(-8, 7)", "math.random(-8, 8)"],
				"linear_drag_coefficient": 0.1
			},
			"minecraft:particle_appearance_billboard": {
				"size": ["(variable.particle_random_3 * 0.1 + 0.3) * (1 - Math.pow((variable.particle_age + query.frame_alpha) / variable.particle_lifetime, 2))", "(variable.particle_random_3 * 0.1 + 0.3) * (1 - Math.pow((variable.particle_age + query.frame_alpha) / variable.particle_lifetime, 2))"],
				"facing_camera_mode": "lookat_xyz"
			},
			"minecraft:particle_motion_collision": {
				"collision_drag": 50,
				"coefficient_of_restitution": 0.1,
				"collision_radius": 0.1
			}
		}
	}
}