{
	"format_version": "1.10.0",
	"particle_effect": {
		"description": {
			"identifier": "nv_me:footprint_dust",
			"basic_render_parameters": {
				"material": "particles_blend",
				"texture": "textures/nv_me/common/particle/dust_smoke.png"
			}
		},
		"components": {
			"minecraft:emitter_initialization": {
				"creation_expression": "variable.size = 0.3;variable.radius = 2.5;"
			},
			"minecraft:emitter_rate_instant": {
				"num_particles": 25
			},
			"minecraft:emitter_lifetime_once": {
				"active_time": 1
			},
			"minecraft:emitter_shape_disc": {
				"offset": [0, 0.2, 0],
				"radius": 1,
				"surface_only": true,
				"direction": [0, 1, 0]
			},
			"minecraft:particle_lifetime_expression": {
				"max_lifetime": 0.7
			},
			"minecraft:particle_initial_spin": {
				"rotation": "math.random_integer(0, 180)"
			},
			"minecraft:particle_initial_speed": "math.random(1, 2)",
			"minecraft:particle_motion_dynamic": {
				"linear_acceleration": ["math.random_integer(0, 2)", 3, "math.random_integer(0, 2)"],
				"linear_drag_coefficient": 5
			},
			"minecraft:particle_appearance_billboard": {
				"size": [0.2, 0.2],
				"facing_camera_mode": "rotate_xyz",
				"uv": {
					"texture_width": 16,
					"texture_height": 128,
					"flipbook": {
						"base_UV": [0, 0],
						"size_UV": [16, 16],
						"step_UV": [0, 16],
						"frames_per_second": 12,
						"max_frame": 8,
						"stretch_to_lifetime": true
					}
				}
			},
			"minecraft:particle_appearance_lighting": {},
			"minecraft:particle_appearance_tinting": {
				"color": [0.27059, 0.27059, 0.27059, 0.50196]
			}
		}
	}
}