{
	"format_version": "1.10.0",
	"particle_effect": {
		"description": {
			"identifier": "nv_me:rocket_thrust_particle",
			"basic_render_parameters": {
				"material": "particles_blend",
				"texture": "textures/nv_me/common/particle/thruster"
			}
		},
		"events": {
			"ground": {
				"particle_effect": {
					"effect": "nv_sc:rocket_thrust_ground_particle",
					"type": "emitter_bound"
				}
			}
		},
		"components": {
			"minecraft:emitter_local_space": {
				"position": true,
				"rotation": true,
				"velocity": true
			},
			"minecraft:emitter_rate_steady": {
				"spawn_rate": 20,
				"max_particles": 100
			},
			"minecraft:emitter_lifetime_expression": {
				"activation_expression": "!q.is_on_ground",
				"expiration_expression": "q.is_on_ground"
			},
			"minecraft:emitter_shape_point": {
				"direction": ["math.random(-2, 2)", -1, "math.random(-2, 2)"]
			},
			"minecraft:particle_lifetime_expression": {
				"max_lifetime": 1
			},
			"minecraft:particle_initial_spin": {
				"rotation": "Math.random(-180, 180)",
				"rotation_rate": "Math.random(-180, 180)"
			},
			"minecraft:particle_initial_speed": "Math.random(0, 3)",
			"minecraft:particle_motion_dynamic": {
				"linear_acceleration": [0, -40, 0],
				"linear_drag_coefficient": 0.1,
				"rotation_acceleration": "Math.random(-180, 180)"
			},
			"minecraft:particle_appearance_billboard": {
				"size": [0.7, 0.7],
				"facing_camera_mode": "rotate_xyz"
			},
			"minecraft:particle_motion_collision": {
				"collision_drag": 1,
				"coefficient_of_restitution": 0.3,
				"collision_radius": 0.5,
				"expire_on_contact": true,
				"events": [
					{
						"event": "ground",
						"min_speed": 0
					}
				]
			},
			"minecraft:particle_appearance_tinting": {
				"color": {
					"interpolant": "v.particle_age / v.particle_lifetime",
					"gradient": {
						"0.0": "#FFFFDC5F",
						"0.5": "#FFC7613A",
						"0.7": "#783E3E3E"
					}
				}
			}
		}
	}
}