{
	"format_version": "1.10.0",
	"particle_effect": {
		"description": {
			"identifier": "nv_me:rocket_thrust_ground_particle",
			"basic_render_parameters": {
				"material": "particles_alpha",
				"texture": "textures/nv_me/common/particle/thruster_smoke"
			}
		},
		"curves": {
			"variable.size": {
				"type": "bezier",
				"input": "v.particle_age ",
				"horizontal_range": "v.particle_lifetime",
				"nodes": [0, 1.21, 0.78, 0]
			}
		},
		"components": {
			"minecraft:emitter_rate_instant": {
				"num_particles": 1
			},
			"minecraft:emitter_lifetime_once": {
				"active_time": 1
			},
			"minecraft:emitter_shape_point": {
				"offset": [0, 1, 0],
				"direction": ["Math.random(-1, 1)", 1, "Math.random(-1, 1)"]
			},
			"minecraft:particle_lifetime_expression": {
				"max_lifetime": 4
			},
			"minecraft:particle_initial_speed": 1,
			"minecraft:particle_motion_dynamic": {
				"linear_acceleration": ["Math.random(15, 25)", "Math.random(0, 1.5)", "Math.random(15, 25)"],
				"linear_drag_coefficient": 3
			},
			"minecraft:particle_appearance_billboard": {
				"size": ["2 * variable.size", "2 * variable.size  "],
				"facing_camera_mode": "rotate_xyz",
				"uv": {
					"texture_width": 16,
					"texture_height": 128,
					"flipbook": {
						"base_UV": [0, 0],
						"size_UV": [16, 16],
						"step_UV": [0, 16],
						"frames_per_second": 12,
						"max_frame": 8,
						"stretch_to_lifetime": true
					}
				}
			},
			"minecraft:particle_motion_collision": {
				"collision_drag": 1,
				"coefficient_of_restitution": 0.3,
				"collision_radius": 0.1
			},
			"minecraft:particle_appearance_lighting": {},
			"minecraft:particle_appearance_tinting": {
				"color": {
					"interpolant": "v.particle_age / v.particle_lifetime",
					"gradient": {
						"0.0": "#FFFFFFFF",
						"0.67": "#FFD0D0D0"
					}
				}
			}
		}
	}
}