{
    "format_version": "1.21.10",
    "minecraft:item": {
        "description": {
            "identifier": "pb_scraft:spellorb_ice",
            "menu_category": {"category": "items"}
        },
        "components": {
            "minecraft:max_stack_size": 1,
            "minecraft:icon": "pb_scraft_spellorb_ice",
            "minecraft:display_name":{
				"value": "Empty Frost Orb\n§o§uMagic"
			},
			"minecraft:tags": {
                "tags": ["pb_scraft:spellorb"]
            }
        }
    }
}