{
	"format_version": "1.21.60",
	"minecraft:crafting_items_catalog": {
		"categories": [
			{
				"category_name": "equipment",
				"groups": [
					{
						"group_identifier": {
							"icon": "ljw_ww:werewolf_emblem_lv0",
							"name": "ljw_ww:item_group.name.werewolf_transformation_items"
						},
						"items": [
							"ljw_ww:werewolf_emblem_lv0",
							"ljw_ww:werewolf_emblem_lv1",
							"ljw_ww:werewolf_emblem_lv2",
							"ljw_ww:werewolf_emblem_lv3",
							"ljw_ww:werewolf_emblem_lv4",
							"ljw_ww:werewolf_emblem_flow",
							"ljw_ww:werewolf_emblem_echo",
							"ljw_ww:werewolf_emblem_end",
							"ljw_ww:werewolf_emblem_star",
							"ljw_ww:werewolf_emblem_ultimate",
							"ljw_ww:werewolf_emblem_reset",
							"ljw_ww:werewolf_emblem_disable"
						]
					},
					{
						"group_identifier": {
							"icon": "ljw_ww:ability_wide_claw",
							"name": "ljw_ww:item_group.name.werewolf_abilities"
						},
						"items": [
							"ljw_ww:ability_form_shift",
							"ljw_ww:ability_berserker_rage",
							"ljw_ww:ability_coat_echo",
							"ljw_ww:ability_pack_mender",
							"ljw_ww:ability_howl",
							"ljw_ww:ability_enfeebling_howl",
							"ljw_ww:ability_confusing_howl",
							"ljw_ww:ability_battle_howl",
							"ljw_ww:ability_pack_call",
							"ljw_ww:ability_mining_claw",
							"ljw_ww:ability_wide_claw",
							"ljw_ww:ability_wild_claw",
							"ljw_ww:ability_wind_claw",
							"ljw_ww:ability_tree_cutter",
							"ljw_ww:ability_lycan_guard",
							"ljw_ww:ability_scent_tracker",
							"ljw_ww:ability_starfang_strike",
							"ljw_ww:ability_lunar_leap"
						]
					},
					{
						"group_identifier": {
							"icon": "ljw_ww:werewolf_trim_pack_flow",
							"name": "ljw_ww:item_group.name.werewolf_trims"
						},
						"items": [
							"ljw_ww:werewolf_trim_pack_bolt",
							"ljw_ww:werewolf_trim_pack_coast",
							"ljw_ww:werewolf_trim_pack_dune",
							"ljw_ww:werewolf_trim_pack_eye",
							"ljw_ww:werewolf_trim_pack_flow",
							"ljw_ww:werewolf_trim_pack_host",
							"ljw_ww:werewolf_trim_pack_raiser",
							"ljw_ww:werewolf_trim_pack_rib",
							"ljw_ww:werewolf_trim_pack_sentry",
							"ljw_ww:werewolf_trim_pack_shaper",
							"ljw_ww:werewolf_trim_pack_silence",
							"ljw_ww:werewolf_trim_pack_snout",
							"ljw_ww:werewolf_trim_pack_spire",
							"ljw_ww:werewolf_trim_pack_tide",
							"ljw_ww:werewolf_trim_pack_vex",
							"ljw_ww:werewolf_trim_pack_ward",
							"ljw_ww:werewolf_trim_pack_wayfinder",
							"ljw_ww:werewolf_trim_pack_wild"
						]
					},
					{
						"group_identifier": {
							"icon": "ljw_ww:werewolf_trim_material_diamond",
							"name": "ljw_ww:item_group.name.werewolf_trim_materials"
						},
						"items": [
							"ljw_ww:werewolf_trim_material_iron",
							"ljw_ww:werewolf_trim_material_copper",
							"ljw_ww:werewolf_trim_material_gold",
							"ljw_ww:werewolf_trim_material_lapis",
							"ljw_ww:werewolf_trim_material_emerald",
							"ljw_ww:werewolf_trim_material_diamond",
							"ljw_ww:werewolf_trim_material_netherite",
							"ljw_ww:werewolf_trim_material_redstone",
							"ljw_ww:werewolf_trim_material_amethyst",
							"ljw_ww:werewolf_trim_material_quartz",
							"ljw_ww:werewolf_trim_material_resin",
							"ljw_ww:werewolf_trim_material_moonlit"
						]
					}
				]
			}
		]
	}
}