{
	"format_version": "1.16.0",
	"minecraft:geometry": [
		{
			"description": {
				"identifier": "geometry.pb_scraft.earth_staff_1",
				"texture_width": 64,
				"texture_height": 64,
				"visible_bounds_width": 5,
				"visible_bounds_height": 5,
				"visible_bounds_offset": [0, 1.5, 0]
			},
			"bones": [
				{
					"name": "root",
					"pivot": [-0.545, 11.4, 0],
					"binding": "q.item_slot_to_bone_name(c.item_slot)",
					"cubes": [
						{"origin": [-1, 11, -1], "size": [2, 5, 2], "inflate": 0.3, "uv": [16, 8]},
						{"origin": [-1, 8.4, -1], "size": [2, 3, 2], "inflate": 0.2, "uv": [24, 26]},
						{"origin": [-1, -16, -1], "size": [2, 32, 2], "inflate": -0.2, "uv": [0, 0]},
						{"origin": [-1, -17, -1], "size": [2, 4, 2], "inflate": 0.3, "uv": [24, 0]},
						{"origin": [-1, -20, -1], "size": [2, 4, 2], "inflate": 0.4, "pivot": [0, -17, 0], "rotation": [0, -45, 0], "uv": [24, 6]}
					]
				},
				{
					"name": "earth_1_clamps",
					"parent": "root",
					"pivot": [0.00711, 16.39289, 0],
					"cubes": [
						{"origin": [1.76525, 15.98475, -0.975], "size": [2, 5, 2], "inflate": -0.2, "pivot": [0.01525, 19.98475, 0.025], "rotation": [0, 0, 45], "uv": [16, 22]},
						{"origin": [-3.76525, 15.98475, -1], "size": [2, 5, 2], "inflate": -0.2, "pivot": [-0.01525, 19.98475, 0], "rotation": [0, 0, -45], "uv": [16, 15]},
						{"origin": [-1, 16, -1], "size": [2, 1, 2], "uv": [16, 29]}
					]
				},
				{
					"name": "earth_1_right_clamp",
					"parent": "earth_1_clamps",
					"pivot": [0.00711, 19.79289, 0],
					"cubes": [
						{"origin": [-3, 17, -0.95], "size": [2, 6, 2], "inflate": -0.2, "pivot": [-2, 22, 0.05], "rotation": [0, 0, -45], "uv": [8, 8]},
						{"origin": [-4.89289, 20.29289, -1], "size": [2, 4, 2], "inflate": -0.2, "pivot": [-1.29289, 21.29289, 0], "rotation": [0, 0, 45], "uv": [8, 24]}
					]
				},
				{
					"name": "earth_1_left_clamp",
					"parent": "earth_1_clamps",
					"pivot": [-0.00711, 19.99289, 0],
					"cubes": [
						{"origin": [1, 17, -1], "size": [2, 6, 2], "inflate": -0.2, "pivot": [2, 22, 0], "rotation": [0, 0, 45], "uv": [8, 16]},
						{"origin": [2.89289, 20.29289, -1], "size": [2, 4, 2], "inflate": -0.2, "pivot": [1.29289, 21.29289, 0], "rotation": [0, 0, -45], "uv": [24, 20]}
					]
				},
				{
					"name": "earth_1_spell",
					"parent": "root",
					"pivot": [0, 26, 0],
					"cubes": [
						{"origin": [-1.52, 27.17678, -2.2981], "size": [3.04, 2.12132, 2.12132], "pivot": [0, 27, 0], "rotation": [0, 90, 45], "uv": [24, 12]},
						{"origin": [-1.52, 22.17678, -2.2981], "size": [3.04, 2.12132, 2.12132], "pivot": [0, 22, 0], "rotation": [0, 90, 45], "uv": [24, 16]},
						{"origin": [-1.5, 25.5, -1.75], "size": [3, 3, 5], "pivot": [0, 27, 0], "rotation": [0, 90, 90], "uv": [8, 0]}
					]
				}
			]
		}
	]
}