{
	"format_version": "1.16.0",
	"minecraft:geometry": [
		{
			"description": {
				"identifier": "geometry.pb_scraft.earth_staff_3",
				"texture_width": 64,
				"texture_height": 64,
				"visible_bounds_width": 4,
				"visible_bounds_height": 4,
				"visible_bounds_offset": [0, 1, 0]
			},
			"bones": [
				{
					"name": "root",
					"pivot": [0, 11, 0],
					"binding": "q.item_slot_to_bone_name(c.item_slot)",
					"cubes": [
						{"origin": [-1, 14, -1], "size": [2, 2, 2], "inflate": 0.3, "uv": [34, 12]},
						{"origin": [-1, 5.4, -1], "size": [2, 5, 2], "inflate": 0.2, "uv": [8, 28]},
						{"origin": [-1, -16, -1], "size": [2, 32, 2], "inflate": -0.2, "uv": [0, 17]},
						{"origin": [-1, -17, -1], "size": [2, 4, 2], "inflate": 0.3, "uv": [16, 28]},
						{"origin": [-1, 16, -1], "size": [2, 1, 2], "uv": [8, 35]}
					]
				},
				{
					"name": "earth_3_gem_large",
					"parent": "root",
					"pivot": [-0.025, 28.05, 0.025],
					"cubes": [
						{"origin": [-2, 15, -2], "size": [4, 7, 4], "inflate": -0.1, "pivot": [0, 18, 0], "rotation": [0, -45, 0], "uv": [8, 17]},
						{"origin": [-3.025, 23.5, -4.225], "size": [4, 4, 13], "pivot": [-0.525, 25, -0.475], "rotation": [0, 90, 90], "uv": [0, 0]},
						{"origin": [-2.025, 27.05, -1.975], "size": [4, 3, 3], "inflate": -0.1, "pivot": [-0.025, 28.05, 0.025], "rotation": [0, 90, 45], "uv": [24, 25]}
					]
				},
				{
					"name": "earth_3_gem_bottom",
					"parent": "root",
					"pivot": [0, 0, 0],
					"cubes": [
						{"origin": [-1.5, -18.5, -1.75], "size": [3, 3, 5], "pivot": [0, -17, 0], "rotation": [0, 90, 90], "uv": [24, 17]},
						{"origin": [-1, -18, -1], "size": [2, 4, 2], "inflate": 0.4, "pivot": [0, -15, 0], "rotation": [0, -45, 0], "uv": [24, 31]},
						{"origin": [-1.52, -21.82322, -2.2981], "size": [3.04, 2.12132, 2.12132], "pivot": [0, -22, 0], "rotation": [0, 90, 45], "uv": [32, 31]}
					]
				},
				{
					"name": "earth_3_gem_top_right",
					"parent": "root",
					"pivot": [-0.02045, 18.73665, 0],
					"rotation": [0, 0, 45],
					"cubes": [
						{"origin": [-1.02045, 23.28665, -1], "size": [2, 4, 2], "inflate": -0.2, "uv": [34, 0]},
						{"origin": [-1.02045, 26.88665, 0], "size": [2, 2, 0], "pivot": [-0.02045, 27.88665, 0], "rotation": [0, -45, 0], "uv": [32, 35]},
						{"origin": [-1.02045, 26.88665, 0], "size": [2, 2, 0], "pivot": [-0.02045, 27.88665, 0], "rotation": [0, 45, 0], "uv": [36, 35]},
						{"origin": [-1.02045, 26.88665, 0], "size": [2, 2, 0], "pivot": [-0.02045, 27.88665, 0], "rotation": [0, 45, 0], "uv": [36, 35]}
					]
				},
				{
					"name": "earth_3_gem_top_left",
					"parent": "root",
					"pivot": [-0.05026, 18.80736, 0],
					"rotation": [0, 0, -45],
					"cubes": [
						{"origin": [-1.05026, 23.25736, -1], "size": [2, 4, 2], "inflate": -0.2, "uv": [34, 0], "mirror": true},
						{"origin": [-1.05026, 26.85736, 0], "size": [2, 2, 0], "pivot": [-0.05026, 27.85736, 0], "rotation": [0, 45, 0], "uv": [32, 35], "mirror": true},
						{"origin": [-1.05026, 26.85736, 0], "size": [2, 2, 0], "pivot": [-0.05026, 27.85736, 0], "rotation": [0, -45, 0], "uv": [36, 35], "mirror": true},
						{"origin": [-1.05026, 26.85736, 0], "size": [2, 2, 0], "pivot": [-0.05026, 27.85736, 0], "rotation": [0, -45, 0], "uv": [36, 35], "mirror": true}
					]
				},
				{
					"name": "earth_3_gem_right",
					"parent": "root",
					"pivot": [-0.05355, 19.00355, 0],
					"rotation": [0, 0, 90],
					"cubes": [
						{"origin": [-1.05355, 23.65355, -1], "size": [2, 4, 2], "inflate": -0.2, "uv": [16, 34]},
						{"origin": [-1.05355, 27.25355, 0], "size": [2, 2, 0], "pivot": [-0.05355, 28.25355, 0], "rotation": [0, -45, 0], "uv": [32, 37]},
						{"origin": [-1.05355, 27.25355, 0], "size": [2, 2, 0], "pivot": [-0.05355, 28.25355, 0], "rotation": [0, 45, 0], "uv": [36, 37]}
					]
				},
				{
					"name": "earth_3_gem_left",
					"parent": "root",
					"pivot": [-0.04645, 19.00355, 0],
					"rotation": [0, 0, -90],
					"cubes": [
						{"origin": [-1.04645, 23.55355, -1], "size": [2, 4, 2], "inflate": -0.2, "uv": [16, 34], "mirror": true},
						{"origin": [-1.04645, 27.15355, 0], "size": [2, 2, 0], "pivot": [-0.04645, 28.15355, 0], "rotation": [0, 45, 0], "uv": [32, 37], "mirror": true},
						{"origin": [-1.04645, 27.15355, 0], "size": [2, 2, 0], "pivot": [-0.04645, 28.15355, 0], "rotation": [0, -45, 0], "uv": [36, 37], "mirror": true}
					]
				},
				{
					"name": "earth_3_gem_bot_right",
					"parent": "root",
					"pivot": [-0.02045, 19.26335, 0],
					"rotation": [0, 0, -45],
					"cubes": [
						{"origin": [-1.02045, 10.71335, -1], "size": [2, 4, 2], "inflate": -0.2, "uv": [34, 6]},
						{"origin": [-1.02045, 9.11335, 0], "size": [2, 2, 0], "pivot": [-0.02045, 10.11335, 0], "rotation": [0, -45, 0], "uv": [24, 37]},
						{"origin": [-1.02045, 9.11335, 0], "size": [2, 2, 0], "pivot": [-0.02045, 10.11335, 0], "rotation": [0, 45, 0], "uv": [28, 37]}
					]
				},
				{
					"name": "earth_3_gem_bot_left",
					"parent": "root",
					"pivot": [-0.05026, 19.19264, 0],
					"rotation": [0, 0, 45],
					"cubes": [
						{"origin": [-1.05026, 10.74264, -1], "size": [2, 4, 2], "inflate": -0.2, "uv": [34, 6], "mirror": true},
						{"origin": [-1.05026, 9.14264, 0], "size": [2, 2, 0], "pivot": [-0.05026, 10.14264, 0], "rotation": [0, 45, 0], "uv": [24, 37], "mirror": true},
						{"origin": [-1.05026, 9.14264, 0], "size": [2, 2, 0], "pivot": [-0.05026, 10.14264, 0], "rotation": [0, -45, 0], "uv": [28, 37], "mirror": true}
					]
				}
			]
		}
	]
}