{
	"format_version": "1.16.0",
	"minecraft:geometry": [
		{
			"description": {
				"identifier": "geometry.pb_scraft.earth_staff_2",
				"texture_width": 64,
				"texture_height": 64,
				"visible_bounds_width": 5,
				"visible_bounds_height": 4,
				"visible_bounds_offset": [0, 1, 0]
			},
			"bones": [
				{
					"name": "root",
					"pivot": [0, 11, 0],
					"binding": "q.item_slot_to_bone_name(c.item_slot)",
					"cubes": [
						{"origin": [-1, 9, -1], "size": [2, 5, 2], "inflate": 0.2, "uv": [34, 0]},
						{"origin": [-1, 5.4, -1], "size": [2, 4, 2], "uv": [34, 7]},
						{"origin": [-1, -13, -1], "size": [2, 29, 2], "inflate": -0.2, "uv": [0, 17]},
						{"origin": [-1, -15, -1], "size": [2, 4, 2], "inflate": 0.3, "uv": [8, 37]},
						{"origin": [-1, -18, -1], "size": [2, 4, 2], "inflate": 0.4, "pivot": [0, -15, 0], "rotation": [0, -45, 0], "uv": [16, 37]},
						{"origin": [-1, 16, -1], "size": [2, 1, 2], "uv": [42, 4]}
					]
				},
				{
					"name": "earth_2_gem_bottom",
					"parent": "root",
					"pivot": [0, -22, 0],
					"cubes": [
						{"origin": [-1.5, -18.5, -1.75], "size": [3, 3, 5], "pivot": [0, -17, 0], "rotation": [0, 90, 90], "uv": [28, 25]},
						{"origin": [-1.52, -21.82322, -2.2981], "size": [3.04, 2.12132, 2.12132], "pivot": [0, -22, 0], "rotation": [0, 90, 45], "uv": [24, 39]}
					]
				},
				{
					"name": "earth_2_spell",
					"parent": "root",
					"pivot": [0, 18, 0]
				},
				{
					"name": "earth_2_gem_1",
					"parent": "earth_2_spell",
					"pivot": [0, 14.25, 0.25],
					"rotation": [18.21569, 49.24652, 158.08269],
					"cubes": [
						{"origin": [-1.79875, 11.7809, -5.31238], "size": [3, 3, 5], "uv": [28, 17]},
						{"origin": [-1.81875, 14.51833, -5.42113], "size": [3.04, 2.12132, 2.12132], "pivot": [-0.29875, 13.2809, -2.06238], "rotation": [45, 0, 0], "uv": [34, 13]}
					]
				},
				{
					"name": "earth_2_gem_2",
					"parent": "earth_2_spell",
					"pivot": [-0.09965, 13.25128, -0.16017],
					"rotation": [56.68072, -27.13074, 40.64764],
					"cubes": [
						{"origin": [-2.90123, 12.07766, 1.51437], "size": [3, 3, 7], "uv": [8, 27]},
						{"origin": [-2.92123, 13.75443, 6.84115], "size": [3.04, 2.12132, 2.12132], "pivot": [-1.40123, 13.57766, 6.66437], "rotation": [-45, 0, 0], "uv": [42, 0]}
					]
				},
				{
					"name": "earth_2_gem_3",
					"parent": "earth_2_spell",
					"pivot": [0.1, 13.75, 0.2],
					"rotation": [52.70426, -47.37553, -17.39029],
					"cubes": [
						{"origin": [-1.02642, 14.18213, 1.19091], "size": [3, 3, 7], "uv": [8, 17]},
						{"origin": [-1.04642, 18.33378, 5.59255], "size": [3.04, 2.12132, 2.12132], "pivot": [0.47358, 15.68213, 2.94091], "rotation": [-45, 0, 0], "uv": [34, 39]}
					]
				},
				{
					"name": "earth_2_gem_large",
					"parent": "earth_2_spell",
					"pivot": [-0.025, 24.05, 0.025],
					"cubes": [
						{"origin": [-3.025, 19.5, -4.225], "size": [4, 4, 13], "pivot": [-0.525, 21, -0.475], "rotation": [0, 90, 90], "uv": [0, 0]},
						{"origin": [-2.025, 23.05, -1.975], "size": [4, 3, 3], "inflate": -0.1, "pivot": [-0.025, 24.05, 0.025], "rotation": [0, 90, 45], "uv": [28, 33]}
					]
				}
			]
		}
	]
}