{"format_version":"1.17.30","minecraft:entity":{"description":{"identifier":"oreville_hp:vzpjyox","is_spawnable":false,"is_summonable":true,"properties":{"p:aoeuxfq":{"type":"int","range":[-1,9999],"client_sync":true,"default":-1},"p:gnynjfp_aoeuxfq":{"type":"int","range":[-1,9999],"client_sync":true,"default":-1},"p:jlfvhdy_xntnbqj":{"type":"int","range":[5,70],"client_sync":true,"default":32},"p:qrueajp_alfggfi":{"type":"int","range":[0,1],"client_sync":true,"default":1}}},"components":{"minecraft:type_family":{"family":["f:oreville_hp","f:vzpjyox","inanimate"]},"minecraft:collision_box":{"width":0,"height":0},"minecraft:damage_sensor":{"triggers":[{"deals_damage":false}]},"minecraft:knockback_resistance":{"value":1},"minecraft:physics":{"has_collision":false,"has_gravity":false},"minecraft:pushable":{"is_pushable":false,"is_pushable_by_piston":false},"minecraft:is_hidden_when_invisible":{},"minecraft:despawn":{"filters":{"all_of":[{"test":"is_family","operator":"!=","value":"f:kgqlnqb"},{"any_of":[{"any_of":[{"test":"has_tag","value":"rkhsmnw"},{"test":"has_tag","value":"tzwdlzi_unrxqfy"}]},{"all_of":[{"any_of":[{"test":"is_family","value":"f:zwjejtk"},{"test":"has_tag","value":"murmxbm"},{"test":"has_tag","value":"gpxxyii_unrxqfy"}]},{"test":"distance_to_nearest_player","operator":">=","value":64}]}]}]}},"minecraft:conditional_bandwidth_optimization":{}},"component_groups":{"orutnnq":{"minecraft:instant_despawn":{}}},"events":{"e:jocgnkh_unrxqfy":{"add":{"component_groups":["orutnnq"]}}}}}