{
	"format_version": "1.8.0",
	"animations": {
		"animation.nv_me.mech.body_yaw": {
			"loop": true,
			"bones": {
				"root": {
					"rotation": [0, "v.smoothed_yaw", 0]
				},
				"body": {
					"rotation": [0, "q.property('nv_me:fuel') > 0 ? v.smoothed_torso : 0", 0]
				}
			}
		},
		"animation.nv_me.mech.power_off": {
			"loop": true,
			"bones": {
				"leftArm": {
					"rotation": [-15, 9, 0.5]
				},
				"body": {
					"rotation": [17.5, 0, 0]
				},
				"rightArm": {
					"rotation": [-15, -9, -0.5]
				}
			}
		},
		"animation.nv_me.mech.jump": {
			"loop": "hold_on_last_frame",
			"animation_length": 5,
			"bones": {
				"root": {
					"rotation": {
						"0.0": [21.11, 0, 0],
						"0.1667": [0, 0, 0],
						"0.7083": [0, 0, 0]
					},
					"position": {
						"0.0": [0, -6.54, 14],
						"0.1667": [0, 0, 0]
					},
					"scale": {
						"0.0": [1, 0.9315, 1],
						"0.25": [1, 1, 1]
					}
				},
				"leftLeg": {
					"rotation": {
						"0.0": [-45.28, 0, 0],
						"0.1667": {
							"pre": [22.5, 0, 0],
							"post": [22.5, 0, 0],
							"lerp_mode": "catmullrom"
						},
						"0.8333": {
							"post": [5.22, 0, 0],
							"lerp_mode": "catmullrom"
						},
						"3.25": [7.72, 0, 0]
					}
				},
				"leftKnee": {
					"rotation": {
						"0.0": [52.78, 0, 0],
						"0.1667": [0, 0, 0],
						"0.8333": [0, 0, 0],
						"3.25": [2.5, 0, 0]
					}
				},
				"leftFeet": {
					"rotation": {
						"0.0": [-8.52, 0, 0],
						"0.1667": {
							"pre": [42.5, 0, 0],
							"post": [42.5, 0, 0],
							"lerp_mode": "catmullrom"
						},
						"0.4167": {
							"post": [29.91, 0, 0],
							"lerp_mode": "catmullrom"
						},
						"0.75": [-20, 0, 0]
					}
				},
				"rightLeg": {
					"rotation": {
						"0.0": [-45.28, 0, 0],
						"0.1667": [22.5, 0, 0],
						"0.8333": [5.22, 0, 0],
						"3.25": [7.72, 0, 0]
					}
				},
				"rightKnee": {
					"rotation": {
						"0.0": [52.78, 0, 0],
						"0.1667": [0, 0, 0],
						"0.8333": [0, 0, 0],
						"3.25": [5, 0, 0]
					}
				},
				"rightFeet": {
					"rotation": {
						"0.0": [-8.52, 0, 0],
						"0.1667": {
							"pre": [42.5, 0, 0],
							"post": [42.5, 0, 0],
							"lerp_mode": "catmullrom"
						},
						"0.4167": {
							"post": [29.91, 0, 0],
							"lerp_mode": "catmullrom"
						},
						"0.75": [-20, 0, 0]
					}
				},
				"body": {
					"rotation": {
						"0.0": [2.73, 0, 0],
						"0.25": [0, 0, 0],
						"0.7083": [0, 0, 0]
					},
					"position": {
						"0.0": [0, -3.92, 0.73],
						"0.2083": [0, 3, 0],
						"0.5417": [0, 0, 0],
						"0.7083": [0, 0, 0]
					}
				},
				"rightArm": {
					"rotation": {
						"0.0": [-14.09, 7.65, 9.19],
						"0.2083": {
							"pre": [53.95132, 6.58587, 12.12564],
							"post": [53.95132, 6.58587, 12.12564],
							"lerp_mode": "catmullrom"
						},
						"0.8333": {
							"post": [22.09, 2.28, 4.41],
							"lerp_mode": "catmullrom"
						},
						"3.25": [24.59, 2.28, 4.41]
					}
				},
				"rightElbow": {
					"rotation": {
						"0.0": [-42.5, 0, 0],
						"0.375": [-5.05, 0, 0],
						"0.7917": [-76.73, 0, 0]
					}
				},
				"leftArm": {
					"rotation": {
						"0.0": [-14.09, -7.65, -9.19],
						"0.2083": {
							"pre": [53.95132, -6.58587, -12.12564],
							"post": [53.95132, -6.58587, -12.12564],
							"lerp_mode": "catmullrom"
						},
						"0.8333": {
							"post": [22.09, -2.28, -4.41],
							"lerp_mode": "catmullrom"
						},
						"3.25": [27.09, -2.28, -4.41]
					}
				},
				"leftElbow": {
					"rotation": {
						"0.0": [-42.5, 0, 0],
						"0.375": [0, 0, 0],
						"0.7917": [-67.5, 0, 0]
					}
				}
			}
		},
		"animation.nv_me.player_rotation": {
			"loop": true,
			"animation_length": 0.5,
			"override_previous_animation": true,
			"bones": {
				"root": {
					"rotation": [
						0,
						"!v.is_first_person ? -q.body_y_rotation+math.min(math.max(math.mod(q.body_y_rotation - q.ride_body_y_rotation + 540, 360) - 180, -60), 57) + (q.ride_head_y_rotation) : 0",
						0
					]
				},
				"head": {
					"rotation": [15, 0, 0]
				}
			}
		},
		"animation.nv_me.mech.disassemble": {
			"loop": "hold_on_last_frame",
			"animation_length": 0.375,
			"bones": {
				"waist": {
					"rotation": {
						"0.0": {
							"post": [0, 0, 0],
							"lerp_mode": "catmullrom"
						},
						"0.1667": {
							"post": [27.5, 0, 0],
							"lerp_mode": "catmullrom"
						},
						"0.375": [90, 12.5, 0]
					},
					"position": {
						"0.1667": {
							"pre": [0, 0, 0],
							"post": [0, 0, 0],
							"lerp_mode": "catmullrom"
						},
						"0.375": [0, -20, 8]
					}
				},
				"rightArm": {
					"rotation": {
						"0.1667": {
							"pre": [0, 0, 0],
							"post": [0, 0, 0],
							"lerp_mode": "catmullrom"
						},
						"0.375": [-172.5, -5, 0]
					},
					"position": {
						"0.1667": {
							"pre": [0, 0, 0],
							"post": [0, 0, 0],
							"lerp_mode": "catmullrom"
						},
						"0.375": [0, -42, -12]
					}
				},
				"rightElbow": {
					"rotation": {
						"0.25": {
							"pre": [0, 0, 0],
							"post": [0, 0, 0],
							"lerp_mode": "catmullrom"
						},
						"0.375": [0, 0, -50]
					}
				},
				"leftArm": {
					"rotation": {
						"0.125": {
							"pre": [0, 0, 0],
							"post": [0, 0, 0],
							"lerp_mode": "catmullrom"
						},
						"0.3333": [-172.5, -5, 0]
					},
					"position": {
						"0.125": {
							"pre": [0, 0, 0],
							"post": [0, 0, 0],
							"lerp_mode": "catmullrom"
						},
						"0.3333": [0, -42, -19]
					}
				},
				"leftElbow": {
					"rotation": {
						"0.2083": {
							"pre": [0, 0, 0],
							"post": [0, 0, 0],
							"lerp_mode": "catmullrom"
						},
						"0.3333": [0, 0, 42.5]
					}
				}
			}
		},
		"animation.nv_me.mech.idle.open_arms": {
			"loop": true,
			"animation_length": 4,
			"bones": {
				"leftElbow": {
					"rotation": [-86.3538, -4.73521, -18.80435]
				},
				"rightArm": {
					"rotation": {
						"0.0": {
							"post": [20.52357, -27.77505, 19.14156],
							"lerp_mode": "catmullrom"
						},
						"1.9167": {
							"post": [22.87701, -25.92489, 13.93441],
							"lerp_mode": "catmullrom"
						},
						"4.0": [20.52357, -27.77505, 19.14156]
					}
				},
				"leftArm": {
					"rotation": {
						"0.0": {
							"post": [3.94061, 24.97432, -32.04547],
							"lerp_mode": "catmullrom"
						},
						"1.9583": {
							"post": [6.23841, 24.53039, -26.56098],
							"lerp_mode": "catmullrom"
						},
						"4.0": [3.94061, 24.97432, -32.04547]
					}
				},
				"rightElbow": {
					"rotation": [-89.51619, 16.39239, 36.80089]
				},
				"body": {
					"rotation": {
						"0.0": [0, 0, 0],
						"0.0833": [-0.01, 0, 0],
						"0.2083": [-0.07, 0, 0],
						"0.2917": [-0.14, 0, 0],
						"0.4167": [-0.21, 0, 0],
						"0.5": [-0.28, 0, 0],
						"0.5833": [-0.35, 0, 0],
						"0.7083": [-0.43, 0, 0],
						"0.7917": [-0.51, 0, 0],
						"0.9167": [-0.6, 0, 0],
						"1.0": [-0.64, 0, 0],
						"1.0833": [-0.82, 0, 0],
						"1.2": [-0.92, 0, 0],
						"1.2917": [-1.03, 0, 0],
						"1.4167": [-1.15, 0, 0],
						"1.5": [-1.28, 0, 0],
						"1.5833": [-1.43, 0, 0],
						"1.7083": [-1.6, 0, 0],
						"1.7917": [-1.81, 0, 0],
						"1.9167": [-2.04, 0, 0],
						"2.0": [-2, 0, 0],
						"2.0833": [-1.94, 0, 0],
						"2.2083": [-1.88, 0, 0],
						"2.2917": [-1.82, 0, 0],
						"2.4167": [-1.76, 0, 0],
						"2.5": [-1.69, 0, 0],
						"2.5833": [-1.62, 0, 0],
						"2.7083": [-1.55, 0, 0],
						"2.7917": [-1.48, 0, 0],
						"2.9167": [-1.4, 0, 0],
						"3.0": [-1.32, 0, 0],
						"3.0833": [-1.23, 0, 0],
						"3.2083": [-1.14, 0, 0],
						"3.2917": [-1.04, 0, 0],
						"3.4167": [-0.93, 0, 0],
						"3.5": [-0.81, 0, 0],
						"3.5833": [-0.68, 0, 0],
						"3.7083": [-0.53, 0, 0],
						"3.7917": [-0.36, 0, 0],
						"3.9167": [-0.17, 0, 0],
						"4.0": [0, 0, 0]
					},
					"position": {
						"0.0": [0, 0, 0],
						"0.0833": [0, 0, 0],
						"0.2083": [0, 0.02, 0],
						"0.2917": [0, 0.04, 0],
						"0.4167": [0, 0.06, 0],
						"0.5": [0, 0.08, 0],
						"0.5833": [0, 0.11, 0],
						"0.7083": [0, 0.14, 0],
						"0.7917": [0, 0.17, 0],
						"0.9167": [0, 0.2, 0],
						"1.0": [0, 0.24, 0],
						"1.0833": [0, 0.3, 0],
						"1.2": [0, 0.32, 0],
						"1.2917": [0, 0.34, 0],
						"1.4167": [0, 0.36, 0],
						"1.5": [0, 0.38, 0],
						"1.5833": [0, 0.4, 0],
						"1.7083": [0, 0.42, 0],
						"1.7917": [0, 0.45, 0],
						"1.9167": [0, 0.48, 0],
						"2.0": [0, 0.5, 0],
						"2.0833": [0, 0.49, 0],
						"2.2083": [0, 0.47, 0],
						"2.2917": [0, 0.45, 0],
						"2.4167": [0, 0.43, 0],
						"2.5": [0, 0.41, 0],
						"2.5833": [0, 0.39, 0],
						"2.7083": [0, 0.37, 0],
						"2.7917": [0, 0.35, 0],
						"2.9167": [0, 0.33, 0],
						"3.0": [0, 0.31, 0],
						"3.0833": [0, 0.29, 0],
						"3.2083": [0, 0.27, 0],
						"3.2917": [0, 0.25, 0],
						"3.4167": [0, 0.22, 0],
						"3.5": [0, 0.19, 0],
						"3.5833": [0, 0.16, 0],
						"3.7083": [0, 0.13, 0],
						"3.7917": [0, 0.09, 0],
						"3.9167": [0, 0.04, 0],
						"4.0": [0, 0, 0]
					}
				}
			}
		},
		"animation.nv_me.mech.arms_walk.open_arms": {
			"loop": true,
			"animation_length": 1.2,
			"bones": {
				"body": {
					"position": {
						"0.0": [0, 0, 0],
						"0.0833": [0, 0.1, 0],
						"0.2083": [0, 1, 0],
						"0.3333": [0, 0.8, 0],
						"0.5": [0, 0, 0],
						"0.625": [0, 0.1, 0],
						"0.8333": [0, 1, 0],
						"0.9583": [0, 0.8, 0],
						"1.2": [0, 0, 0]
					}
				},
				"rightArm": {
					"rotation": [20.52357, -27.77505, 19.14156]
				},
				"rightElbow": {
					"rotation": [-89.51619, 16.39239, 36.80089]
				},
				"leftArm": {
					"rotation": [3.94061, 24.97432, -32.04547]
				},
				"leftElbow": {
					"rotation": [-86.3538, -4.73521, -18.80435]
				}
			}
		},
		"animation.nv_me.mech.arms_walk.drill_actived": {
			"loop": true,
			"animation_length": 1.2,
			"bones": {
				"body": {
					"position": {
						"0.0": [0, 0, 0],
						"0.0833": [0, 0.1, 0],
						"0.2083": [0, 1, 0],
						"0.3333": [0, 0.8, 0],
						"0.5": [0, 0, 0],
						"0.625": [0, 0.1, 0],
						"0.8333": [0, 1, 0],
						"0.9583": [0, 0.8, 0],
						"1.2": [0, 0, 0]
					}
				},
				"rightArm": {
					"rotation": {
						"0.0": [-35, 0, 0],
						"0.5833": [-20, 0, 0],
						"1.2": [-35, 0, 0]
					}
				},
				"leftArm": {
					"rotation": {
						"0.0": [15, 0, 0],
						"0.125": [13, 0, 0],
						"0.4167": [-22, 0, 0],
						"0.5833": [-25, 0, 0],
						"0.75": [-22, 0, 0],
						"1.0833": [13, 0, 0],
						"1.2": [15, 0, 0]
					}
				},
				"leftElbow": {
					"rotation": {
						"0.0": [0, 0, 0],
						"0.5833": [-25, 0, 0],
						"1.2": [0, 0, 0]
					}
				},
				"leftClaw1": {
					"rotation": {
						"0.0": [0, 0, 10],
						"0.5833": [0, 0, 0],
						"1.2": [0, 0, 10]
					}
				},
				"leftClaw2": {
					"rotation": {
						"0.0": [0, 0, -10],
						"0.5833": [0, 0, 0],
						"1.2": [0, 0, -10]
					}
				},
				"rightElbow": {
					"rotation": {
						"0.0": [-30, 0, 0],
						"0.5833": [-35, 0, 0],
						"1.2": [-30, 0, 0]
					}
				}
			}
		},
		"animation.nv_me.mech.arms_action.punch": {
			"loop": true,
			"animation_length": 2.8333,
			"bones": {
				"leftHand": {
					"position": {
						"0.75": [0, 0, 0],
						"0.8333": [0, -4, 0],
						"1.3333": [0, -2, 0],
						"1.9583": [0, 0, 0]
					}
				},
				"leftGlove": {
					"position": {
						"0.75": [0, 0, 0],
						"0.8333": [0, -1, 0],
						"0.875": [0, -1, 0],
						"1.0": [0, 0, 0]
					}
				},
				"body": {
					"rotation": {
						"0.0": {
							"post": [0, 0, 0],
							"lerp_mode": "catmullrom"
						},
						"0.5": {
							"post": [0, -12.5, 0],
							"lerp_mode": "catmullrom"
						},
						"0.75": {
							"post": [0, -12.65, 0],
							"lerp_mode": "catmullrom"
						},
						"0.875": [0, 10, 0],
						"1.3333": {
							"pre": [0, 20, 0.00001],
							"post": [0, 20, 0.00001],
							"lerp_mode": "catmullrom"
						},
						"1.5833": {
							"post": [0, 25.26, 0],
							"lerp_mode": "catmullrom"
						},
						"1.7083": [0, -22.5, 0],
						"1.9167": {
							"pre": [0, -25.36, 0],
							"post": [0, -25.36, 0],
							"lerp_mode": "catmullrom"
						},
						"2.8333": {
							"post": [0, 0, 0],
							"lerp_mode": "catmullrom"
						}
					}
				},
				"rightArm": {
					"rotation": {
						"0.0": {
							"post": [20.52357, -27.77505, 19.14156],
							"lerp_mode": "catmullrom"
						},
						"0.7083": {
							"post": [20.52357, -27.77505, 19.14156],
							"lerp_mode": "catmullrom"
						},
						"1.1667": {
							"post": [27.77703, -6.35322, 16.97272],
							"lerp_mode": "catmullrom"
						},
						"1.5417": {
							"post": [29.78, -6.35, 16.97],
							"lerp_mode": "catmullrom"
						},
						"1.75": {
							"post": [-44.17678, -9.03352, 7.88351],
							"lerp_mode": "catmullrom"
						},
						"2.8333": {
							"post": [20.52357, -27.77505, 19.14156],
							"lerp_mode": "catmullrom"
						}
					}
				},
				"rightElbow": {
					"rotation": {
						"0.0": [-89.51619, 16.39239, 36.80089],
						"0.7083": [-89.51619, 16.39239, 36.80089],
						"1.1667": [-100.05935, 15.47235, 33.91962],
						"1.5417": [-116.5003, 4.02174, 35.23186],
						"1.7083": [-57.18892, -27.52533, 37.32385],
						"1.75": [-46.50275, -30.73722, 37.83003],
						"2.6667": [-89.51619, 16.39239, 36.80089]
					}
				},
				"leftArm": {
					"rotation": {
						"0.0": {
							"post": [3.94061, 24.97432, -32.04547],
							"lerp_mode": "catmullrom"
						},
						"0.4167": {
							"post": [23.51319, 18.36982, -27.92506],
							"lerp_mode": "catmullrom"
						},
						"0.75": {
							"post": [13.30183, 12.85537, -29.33794],
							"lerp_mode": "catmullrom"
						},
						"0.875": {
							"post": [-31.59509, 16.53308, -21.24112],
							"lerp_mode": "catmullrom"
						},
						"1.25": {
							"post": [-31.59509, 16.53308, -21.24112],
							"lerp_mode": "catmullrom"
						},
						"1.5417": {
							"post": [5.01207, 21.25078, -5.15636],
							"lerp_mode": "catmullrom"
						},
						"2.8333": {
							"post": [3.94061, 24.97432, -32.04547],
							"lerp_mode": "catmullrom"
						}
					}
				},
				"leftElbow": {
					"rotation": {
						"0.0": {
							"post": [-86.3538, -4.73521, -18.80435],
							"lerp_mode": "catmullrom"
						},
						"0.5833": {
							"post": [-106.83416, 0.81265, -4.85433],
							"lerp_mode": "catmullrom"
						},
						"0.7917": [-98.08741, -2.72855, -16.67604],
						"0.875": [-60.66602, 11.50188, -12.91388],
						"1.875": {
							"pre": [-86.3538, -4.73521, -18.80435],
							"post": [-86.3538, -4.73521, -18.80435],
							"lerp_mode": "catmullrom"
						},
						"2.8333": {
							"post": [-86.3538, -4.73521, -18.80435],
							"lerp_mode": "catmullrom"
						}
					}
				},
				"rightHand": {
					"position": {
						"1.625": [0, 0, 0],
						"1.7083": [0, -3, 0],
						"2.2083": [0, -3, 0],
						"2.7083": [0, 0, 0]
					}
				},
				"rightGlove": {
					"position": {
						"1.625": [0, 0, 0],
						"1.7083": [0, -1, 0],
						"1.75": [0, -1, 0],
						"1.875": [0, 0, 0]
					}
				}
			},
			"sound_effects": {
				"0.875": {
					"effect": "punch_sound"
				},
				"1.75": {
					"effect": "punch_sound"
				}
			}
		},
		"animation.nv_me.mech.super_jump": {
			"loop": true,
			"animation_length": 1.5833,
			"bones": {
				"root": {
					"rotation": [7.5, 0, 0]
				},
				"leftLeg": {
					"rotation": {
						"0.0": {
							"post": [44.50527, 5.57355, -8.39236],
							"lerp_mode": "catmullrom"
						},
						"0.8333": {
							"post": [49.31926, 7.47221, -10.02941],
							"lerp_mode": "catmullrom"
						},
						"1.5833": [44.51, 5.57, -8.39]
					}
				},
				"leftFeet": {
					"rotation": {
						"0.4167": {
							"pre": [43.12598, -10.51794, -6.79286],
							"post": [43.12598, -10.51794, -6.79286],
							"lerp_mode": "catmullrom"
						},
						"1.0": {
							"post": [28.23739, -9.15846, -3.30304],
							"lerp_mode": "catmullrom"
						},
						"1.5833": [43.13, -10.52, -6.79]
					}
				},
				"rightLeg": {
					"rotation": {
						"0.0": {
							"post": [42.32198, -6.90683, 3.85432],
							"lerp_mode": "catmullrom"
						},
						"0.8333": {
							"post": [47.06999, -8.58615, 5.72345],
							"lerp_mode": "catmullrom"
						},
						"1.5833": [42.32, -6.91, 3.85]
					}
				},
				"rightFeet": {
					"rotation": {
						"0.4167": {
							"pre": [20.47479, 17.22575, 3.13388],
							"post": [20.47479, 17.22575, 3.13388],
							"lerp_mode": "catmullrom"
						},
						"1.0": {
							"post": [12.8828, 9.73552, 2.74008],
							"lerp_mode": "catmullrom"
						},
						"1.5833": [20.47, 17.23, 3.13]
					}
				},
				"rightArm": {
					"rotation": {
						"0.0": {
							"post": [16.04719, 4.72588, 14.82192],
							"lerp_mode": "catmullrom"
						},
						"0.8333": {
							"post": [22.04719, 4.72588, 14.82192],
							"lerp_mode": "catmullrom"
						},
						"1.5833": [16.05, 4.73, 14.82]
					},
					"position": [0, 4.4, 0]
				},
				"leftArm": {
					"rotation": {
						"0.0": {
							"post": [10.4835, -5.95876, -14.16425],
							"lerp_mode": "catmullrom"
						},
						"0.8333": {
							"post": [17.7965, -5.95143, -17.18052],
							"lerp_mode": "catmullrom"
						},
						"1.5833": [10.4835, -5.95876, -14.16425]
					},
					"position": [0, 4.4, 0]
				},
				"body": {
					"rotation": [-16.5, 0, 0],
					"position": [0, 1.8, 0]
				},
				"leftElbow": {
					"rotation": {
						"0.0": {
							"post": [20.86166, 4.92536, 16.81343],
							"lerp_mode": "catmullrom"
						},
						"0.8333": {
							"post": [18.36166, 4.92536, 16.81343],
							"lerp_mode": "catmullrom"
						},
						"1.5833": [20.86, 4.93, 16.81]
					}
				},
				"rightElbow": {
					"rotation": {
						"0.0": {
							"post": [20.86166, 4.92536, -16.81343],
							"lerp_mode": "catmullrom"
						},
						"0.8333": {
							"post": [18.36166, 4.92536, -16.81343],
							"lerp_mode": "catmullrom"
						},
						"1.5833": [20.86, 4.93, -16.81]
					}
				}
			},
			"sound_effects": {
				"0.0": {
					"effect": "jetpack_loop"
				}
			},
			"particle_effects": {
				"0.0": {
					"effect": "rocket_thrust",
					"locator": "hand2"
				},
				"0.01": {
					"effect": "rocket_thrust",
					"locator": "hand1"
				}
			}
		},
		"animation.nv_me.mech.idle.close_arms": {
			"loop": true,
			"animation_length": 4,
			"bones": {
				"leftArm": {
					"rotation": {
						"0.0": [0, 0, 0],
						"0.0833": [0.22, 0, -0.22],
						"0.2083": [0.37, 0, -0.37],
						"0.2917": [0.53, 0, -0.53],
						"0.4167": [0.7, 0, -0.7],
						"0.5": [0.89, 0, -0.89],
						"0.5833": [1.1, 0, -1.1],
						"0.7083": [1.34, 0, -1.34],
						"0.7917": [1.63, 0, -1.63],
						"0.9167": [1.96, 0, -1.96],
						"1.0": [2, 0, -2],
						"1.0833": [1.88, 0, -1.88],
						"1.2": [1.75, 0, -1.75],
						"1.2917": [1.61, 0, -1.61],
						"1.4167": [1.46, 0, -1.46],
						"1.5": [1.3, 0, -1.3],
						"1.5833": [1.12, 0, -1.12],
						"1.7083": [0.93, 0, -0.93],
						"1.7917": [0.71, 0, -0.71],
						"1.9167": [0.47, 0, -0.47],
						"2.0": [0, 0, 0],
						"2.0833": [-0.16, 0, 0.16],
						"2.2083": [-0.31, 0, 0.31],
						"2.2917": [-0.47, 0, 0.47],
						"2.4167": [-0.65, 0, 0.65],
						"2.5": [-0.85, 0, 0.85],
						"2.5833": [-1.07, 0, 1.07],
						"2.7083": [-1.32, 0, 1.32],
						"2.7917": [-1.61, 0, 1.61],
						"2.9167": [-1.95, 0, 1.95],
						"3.0": [-2, 0, 2],
						"3.0833": [-1.88, 0, 1.88],
						"3.2083": [-1.74, 0, 1.74],
						"3.2917": [-1.59, 0, 1.59],
						"3.4167": [-1.43, 0, 1.43],
						"3.5": [-1.25, 0, 1.25],
						"3.5833": [-1.05, 0, 1.05],
						"3.7083": [-0.83, 0, 0.83],
						"3.7917": [-0.58, 0, 0.58],
						"3.9167": [-0.29, 0, 0.29],
						"4.0": [0, 0, 0]
					}
				},
				"body": {
					"rotation": {
						"0.0": [0, 0, 0],
						"0.0833": [-0.01, 0, 0],
						"0.2083": [-0.07, 0, 0],
						"0.2917": [-0.14, 0, 0],
						"0.4167": [-0.21, 0, 0],
						"0.5": [-0.28, 0, 0],
						"0.5833": [-0.35, 0, 0],
						"0.7083": [-0.43, 0, 0],
						"0.7917": [-0.51, 0, 0],
						"0.9167": [-0.6, 0, 0],
						"1.0": [-0.64, 0, 0],
						"1.0833": [-0.82, 0, 0],
						"1.2": [-0.92, 0, 0],
						"1.2917": [-1.03, 0, 0],
						"1.4167": [-1.15, 0, 0],
						"1.5": [-1.28, 0, 0],
						"1.5833": [-1.43, 0, 0],
						"1.7083": [-1.6, 0, 0],
						"1.7917": [-1.81, 0, 0],
						"1.9167": [-2.04, 0, 0],
						"2.0": [-2, 0, 0],
						"2.0833": [-1.94, 0, 0],
						"2.2083": [-1.88, 0, 0],
						"2.2917": [-1.82, 0, 0],
						"2.4167": [-1.76, 0, 0],
						"2.5": [-1.69, 0, 0],
						"2.5833": [-1.62, 0, 0],
						"2.7083": [-1.55, 0, 0],
						"2.7917": [-1.48, 0, 0],
						"2.9167": [-1.4, 0, 0],
						"3.0": [-1.32, 0, 0],
						"3.0833": [-1.23, 0, 0],
						"3.2083": [-1.14, 0, 0],
						"3.2917": [-1.04, 0, 0],
						"3.4167": [-0.93, 0, 0],
						"3.5": [-0.81, 0, 0],
						"3.5833": [-0.68, 0, 0],
						"3.7083": [-0.53, 0, 0],
						"3.7917": [-0.36, 0, 0],
						"3.9167": [-0.17, 0, 0],
						"4.0": [0, 0, 0]
					},
					"position": {
						"0.0": [0, 0, 0],
						"0.0833": [0, 0, 0],
						"0.2083": [0, 0.02, 0],
						"0.2917": [0, 0.04, 0],
						"0.4167": [0, 0.06, 0],
						"0.5": [0, 0.08, 0],
						"0.5833": [0, 0.11, 0],
						"0.7083": [0, 0.14, 0],
						"0.7917": [0, 0.17, 0],
						"0.9167": [0, 0.2, 0],
						"1.0": [0, 0.24, 0],
						"1.0833": [0, 0.3, 0],
						"1.2": [0, 0.32, 0],
						"1.2917": [0, 0.34, 0],
						"1.4167": [0, 0.36, 0],
						"1.5": [0, 0.38, 0],
						"1.5833": [0, 0.4, 0],
						"1.7083": [0, 0.42, 0],
						"1.7917": [0, 0.45, 0],
						"1.9167": [0, 0.48, 0],
						"2.0": [0, 0.5, 0],
						"2.0833": [0, 0.49, 0],
						"2.2083": [0, 0.47, 0],
						"2.2917": [0, 0.45, 0],
						"2.4167": [0, 0.43, 0],
						"2.5": [0, 0.41, 0],
						"2.5833": [0, 0.39, 0],
						"2.7083": [0, 0.37, 0],
						"2.7917": [0, 0.35, 0],
						"2.9167": [0, 0.33, 0],
						"3.0": [0, 0.31, 0],
						"3.0833": [0, 0.29, 0],
						"3.2083": [0, 0.27, 0],
						"3.2917": [0, 0.25, 0],
						"3.4167": [0, 0.22, 0],
						"3.5": [0, 0.19, 0],
						"3.5833": [0, 0.16, 0],
						"3.7083": [0, 0.13, 0],
						"3.7917": [0, 0.09, 0],
						"3.9167": [0, 0.04, 0],
						"4.0": [0, 0, 0]
					}
				},
				"rightArm": {
					"rotation": {
						"0.0": [0, 0, 0],
						"0.0833": [-0.22, 0, 0.22],
						"0.2083": [-0.37, 0, 0.37],
						"0.2917": [-0.53, 0, 0.53],
						"0.4167": [-0.7, 0, 0.7],
						"0.5": [-0.89, 0, 0.89],
						"0.5833": [-1.1, 0, 1.1],
						"0.7083": [-1.34, 0, 1.34],
						"0.7917": [-1.63, 0, 1.63],
						"0.9167": [-1.96, 0, 1.96],
						"1.0": [-2, 0, 2],
						"1.0833": [-1.88, 0, 1.88],
						"1.2": [-1.75, 0, 1.75],
						"1.2917": [-1.61, 0, 1.61],
						"1.4167": [-1.46, 0, 1.46],
						"1.5": [-1.3, 0, 1.3],
						"1.5833": [-1.12, 0, 1.12],
						"1.7083": [-0.93, 0, 0.93],
						"1.7917": [-0.71, 0, 0.71],
						"1.9167": [-0.47, 0, 0.47],
						"2.0": [-0.15, 0, 0.15],
						"2.0833": [0.16, 0, -0.16],
						"2.2083": [0.31, 0, -0.31],
						"2.2917": [0.47, 0, -0.47],
						"2.4167": [0.65, 0, -0.65],
						"2.5": [0.85, 0, -0.85],
						"2.5833": [1.07, 0, -1.07],
						"2.7083": [1.32, 0, -1.32],
						"2.7917": [1.61, 0, -1.61],
						"2.9167": [1.95, 0, -1.95],
						"3.0": [2, 0, -2],
						"3.0833": [1.88, 0, -1.88],
						"3.2083": [1.74, 0, -1.74],
						"3.2917": [1.59, 0, -1.59],
						"3.4167": [1.43, 0, -1.43],
						"3.5": [1.25, 0, -1.25],
						"3.5833": [1.05, 0, -1.05],
						"3.7083": [0.83, 0, -0.83],
						"3.7917": [0.58, 0, -0.58],
						"3.9167": [0.29, 0, -0.29],
						"4.0": [0, 0, 0]
					}
				}
			}
		},
		"animation.nv_me.mech.arms_walk.close_arms": {
			"loop": true,
			"animation_length": 1.2,
			"bones": {
				"body": {
					"position": {
						"0.0": [0, 0, 0],
						"0.0833": [0, 0.1, 0],
						"0.2083": [0, 1, 0],
						"0.3333": [0, 0.8, 0],
						"0.5": [0, 0, 0],
						"0.625": [0, 0.1, 0],
						"0.83": [0, 1, 0],
						"0.9583": [0, 0.8, 0],
						"1.2": [0, 0, 0]
					}
				},
				"leftArm": {
					"rotation": {
						"0.0": [15, 0, 0],
						"0.125": [13, 0, 0],
						"0.4167": [-22, 0, 0],
						"0.5833": [-25, 0, 0],
						"0.75": [-22, 0, 0],
						"1.0833": [13, 0, 0],
						"1.2": [15, 0, 0]
					}
				},
				"leftElbow": {
					"rotation": {
						"0.0": [0, 0, 0],
						"0.5833": [-25, 0, 0],
						"1.2": [0, 0, 0]
					}
				},
				"leftClaw1": {
					"rotation": {
						"0.0": [0, 0, 10],
						"0.5833": [0, 0, 0],
						"1.2": [0, 0, 10]
					}
				},
				"leftClaw2": {
					"rotation": {
						"0.0": [0, 0, -10],
						"0.5833": [0, 0, 0],
						"1.2": [0, 0, -10]
					}
				},
				"rightArm": {
					"rotation": {
						"0.0": [-15, 0, 0],
						"0.125": [-13, 0, 0],
						"0.4167": [22, 0, 0],
						"0.5833": [25, 0, 0],
						"0.75": [22, 0, 0],
						"1.0833": [-13, 0, 0],
						"1.2": [-15, 0, 0]
					}
				},
				"rightElbow": {
					"rotation": {
						"0.0": [-25, 0, 0],
						"0.5833": [0, 0, 0],
						"1.2": [-25, 0, 0]
					}
				},
				"rightClaw2": {
					"rotation": {
						"0.0": [0, 0, -10],
						"0.5833": [0, 0, 10],
						"1.2": [0, 0, -10]
					}
				},
				"rightClaw1": {
					"rotation": {
						"0.0": [0, 0, -10],
						"0.5833": [0, 0, 0],
						"1.2": [0, 0, -10]
					}
				}
			}
		},
		"animation.nv_me.mech.legs_walk.close_arms": {
			"loop": true,
			"animation_length": 1.2,
			"bones": {
				"waist": {
					"rotation": {
						"0.0": [2, 0, 0],
						"0.25": [0, 0, 0],
						"0.5833": [2, 0, 0],
						"0.8333": [0, 0, 0],
						"1.2": [2, 0, 0]
					}
				},
				"leftLeg": {
					"rotation": {
						"0.0": [-35, 0, 0],
						"0.2917": [15, 0, 0],
						"0.5": [35, 0, 0],
						"0.6667": [32, 0, 0],
						"1.0": [-40, 0, 0],
						"1.2": [-35, 0, 0]
					}
				},
				"leftKnee": {
					"rotation": {
						"0.0": [40, 0, 0],
						"0.2083": [-20, 0, 0],
						"0.625": [20, 0, 0],
						"0.9167": [50, 0, 0],
						"1.2": [40, 0, 0]
					}
				},
				"leftFeet": {
					"rotation": {
						"0.0": [-5, 0, 0],
						"0.2083": [18.75, 0, 0],
						"0.5": [-30, 0, 0],
						"0.625": [-28, 0, 0],
						"1.0833": [-15, 0, 0],
						"1.2": [-5, 0, 0]
					}
				},
				"root": {
					"rotation": {
						"0.0": [0, 5, 0],
						"0.5833": [0, -5, 0],
						"1.2": [0, 5, 0]
					},
					"position": {
						"0.0": [0, -4, 0],
						"0.1667": [0, 0, 0],
						"0.3333": [0, 1, 0],
						"0.5": [0, -3.67, 0],
						"0.5833": [0, -4.11, 0],
						"0.75": [0, -2, 0],
						"0.9167": [0, 0, 0],
						"1.0833": [0, -1, 0],
						"1.2": [0, -4, 0]
					}
				},
				"rightLeg": {
					"rotation": {
						"0.0": [35, 0, 0],
						"0.125": [32, 0, 0],
						"0.4167": [-40, 0, 0],
						"0.5833": [-40, 0, 0],
						"1.0": [15, 0, 0],
						"1.2": [35, 0, 0]
					}
				},
				"rightKnee": {
					"rotation": {
						"0.0": [20, 0, 0],
						"0.25": [50, 0, 0],
						"0.5833": [40, 0, 0],
						"0.7917": [20, 0, 0],
						"1.2": [20, 0, 0]
					}
				},
				"rightFeet": {
					"rotation": {
						"0.0": [-30, 0, 0],
						"0.5": [-11, 0, 0],
						"0.5833": [0, 0, 0],
						"0.7917": [-7, 0, 0],
						"1.2": [-25, 0, 0]
					}
				}
			},
			"sound_effects": {
				"0.0": {
					"effect": "walking"
				},
				"0.5833": {
					"effect": "walking"
				}
			}
		},
		"animation.nv_me.mech.land": {
			"animation_length": 0.5833,
			"bones": {
				"root": {
					"rotation": {
						"0.0833": [12, 0, 0],
						"0.2917": [6, 0, 0],
						"0.5": [0, 0, 0]
					},
					"position": {
						"0.0": [0, -2.6, 2],
						"0.0417": [0, -5.6, 4],
						"0.0833": [0, -9, 6],
						"0.5": [0, 0, 0]
					}
				},
				"leftLeg": {
					"rotation": {
						"0.0": [-15, 0, 0],
						"0.0833": [-45, 0, 0],
						"0.5": [0, 0, 0]
					}
				},
				"leftKnee": {
					"rotation": {
						"0.0": [22.5, 0, 0],
						"0.0833": [67.5, 0, 0],
						"0.5": [0, 0, 0]
					}
				},
				"leftFeet": {
					"rotation": {
						"0.0": [-11.5, 0, 0],
						"0.0833": [-34.5, 0, 0],
						"0.5": [0, 0, 0]
					}
				},
				"rightLeg": {
					"rotation": {
						"0.0": [-15, 0, 0],
						"0.0833": [-45, 0, 0],
						"0.5": [0, 0, 0]
					}
				},
				"rightKnee": {
					"rotation": {
						"0.0": [22.5, 0, 0],
						"0.0833": [67.5, 0, 0],
						"0.5": [0, 0, 0]
					}
				},
				"rightFeet": {
					"rotation": {
						"0.0": [-11.5, 0, 0],
						"0.0833": [-34.5, 0, 0],
						"0.5": [0, 0, 0]
					}
				},
				"body": {
					"rotation": {
						"0.0": [2.43, 0, 0],
						"0.16": {
							"pre": [16, 0, 0],
							"post": [16, 0, 0],
							"lerp_mode": "catmullrom"
						},
						"0.25": {
							"post": [16, 0, 0],
							"lerp_mode": "catmullrom"
						},
						"0.5": [0, 0, 0]
					},
					"position": {
						"0.16": {
							"pre": [0, -6.1, 3.1],
							"post": [0, -6.1, 3.1],
							"lerp_mode": "catmullrom"
						},
						"0.5": {
							"post": [0, -2.03, 1.03],
							"lerp_mode": "catmullrom"
						},
						"0.5833": [0, 0, 0]
					}
				},
				"rightArm": {
					"rotation": {
						"0.0": [-3.88, 0.84, 0.77],
						"0.25": {
							"pre": [-37.47119, 8.15194, 7.41062],
							"post": [-37.47119, 8.15194, 7.41062],
							"lerp_mode": "catmullrom"
						},
						"0.375": {
							"post": [-18.74, 4.08, 3.71],
							"lerp_mode": "catmullrom"
						},
						"0.5": [0, 0, 0]
					},
					"position": {
						"0.2083": [0, -4.8, -5.9],
						"0.5833": [0, 0, 0]
					}
				},
				"rightElbow": {
					"rotation": {
						"0.0": [0, 0, -1.92],
						"0.2917": [0, 0, -15.33],
						"0.5833": [0, 0, 0]
					}
				},
				"leftArm": {
					"rotation": {
						"0.0": [-3.88, -0.84, -0.77],
						"0.25": {
							"pre": [-37.47119, -8.15194, -7.41062],
							"post": [-37.47119, -8.15194, -7.41062],
							"lerp_mode": "catmullrom"
						},
						"0.375": {
							"post": [-18.74, -4.08, -3.71],
							"lerp_mode": "catmullrom"
						},
						"0.5": [0, 0, 0]
					},
					"position": {
						"0.2083": [0, -4.8, -5.9],
						"0.5833": [0, 0, 0]
					}
				},
				"leftElbow": {
					"rotation": {
						"0.0": [0, 0, 1.92],
						"0.2917": [0, 0, 15.33],
						"0.5833": [0, 0, 0]
					}
				}
			}
		},
		"animation.nv_me.mech.arms_action.firing": {
			"loop": true,
			"animation_length": 4,
			"bones": {
				"leftElbow": {
					"rotation": [-86.3538, -4.73521, -18.80435]
				},
				"rightArm": {
					"rotation": {
						"0.0": {
							"post": [20.52357, -27.77505, 19.14156],
							"lerp_mode": "catmullrom"
						},
						"1.9167": {
							"post": [22.87701, -25.92489, 13.93441],
							"lerp_mode": "catmullrom"
						},
						"4.0": [20.52357, -27.77505, 19.14156]
					}
				},
				"leftArm": {
					"rotation": {
						"0.0": {
							"post": [3.94061, 24.97432, -32.04547],
							"lerp_mode": "catmullrom"
						},
						"1.9583": {
							"post": [6.23841, 24.53039, -26.56098],
							"lerp_mode": "catmullrom"
						},
						"4.0": [3.94061, 24.97432, -32.04547]
					}
				},
				"rightElbow": {
					"rotation": [-89.51619, 16.39239, 36.80089]
				},
				"body": {
					"rotation": {
						"0.0": [0, 0, 0],
						"0.0833": [-0.01, 0, 0],
						"0.2083": [-0.07, 0, 0],
						"0.2917": [-0.14, 0, 0],
						"0.4167": [-0.21, 0, 0],
						"0.5": [-0.28, 0, 0],
						"0.5833": [-0.35, 0, 0],
						"0.7083": [-0.43, 0, 0],
						"0.7917": [-0.51, 0, 0],
						"0.9167": [-0.6, 0, 0],
						"1.0": [-0.64, 0, 0],
						"1.0833": [-0.82, 0, 0],
						"1.2": [-0.92, 0, 0],
						"1.2917": [-1.03, 0, 0],
						"1.4167": [-1.15, 0, 0],
						"1.5": [-1.28, 0, 0],
						"1.5833": [-1.43, 0, 0],
						"1.7083": [-1.6, 0, 0],
						"1.7917": [-1.81, 0, 0],
						"1.9167": [-2.04, 0, 0],
						"2.0": [-2, 0, 0],
						"2.0833": [-1.94, 0, 0],
						"2.2083": [-1.88, 0, 0],
						"2.2917": [-1.82, 0, 0],
						"2.4167": [-1.76, 0, 0],
						"2.5": [-1.69, 0, 0],
						"2.5833": [-1.62, 0, 0],
						"2.7083": [-1.55, 0, 0],
						"2.7917": [-1.48, 0, 0],
						"2.9167": [-1.4, 0, 0],
						"3.0": [-1.32, 0, 0],
						"3.0833": [-1.23, 0, 0],
						"3.2083": [-1.14, 0, 0],
						"3.2917": [-1.04, 0, 0],
						"3.4167": [-0.93, 0, 0],
						"3.5": [-0.81, 0, 0],
						"3.5833": [-0.68, 0, 0],
						"3.7083": [-0.53, 0, 0],
						"3.7917": [-0.36, 0, 0],
						"3.9167": [-0.17, 0, 0],
						"4.0": [0, 0, 0]
					},
					"position": {
						"0.0": [0, 0, 0],
						"0.0833": [0, 0, 0],
						"0.2083": [0, 0.02, 0],
						"0.2917": [0, 0.04, 0],
						"0.4167": [0, 0.06, 0],
						"0.5": [0, 0.08, 0],
						"0.5833": [0, 0.11, 0],
						"0.7083": [0, 0.14, 0],
						"0.7917": [0, 0.17, 0],
						"0.9167": [0, 0.2, 0],
						"1.0": [0, 0.24, 0],
						"1.0833": [0, 0.3, 0],
						"1.2": [0, 0.32, 0],
						"1.2917": [0, 0.34, 0],
						"1.4167": [0, 0.36, 0],
						"1.5": [0, 0.38, 0],
						"1.5833": [0, 0.4, 0],
						"1.7083": [0, 0.42, 0],
						"1.7917": [0, 0.45, 0],
						"1.9167": [0, 0.48, 0],
						"2.0": [0, 0.5, 0],
						"2.0833": [0, 0.49, 0],
						"2.2083": [0, 0.47, 0],
						"2.2917": [0, 0.45, 0],
						"2.4167": [0, 0.43, 0],
						"2.5": [0, 0.41, 0],
						"2.5833": [0, 0.39, 0],
						"2.7083": [0, 0.37, 0],
						"2.7917": [0, 0.35, 0],
						"2.9167": [0, 0.33, 0],
						"3.0": [0, 0.31, 0],
						"3.0833": [0, 0.29, 0],
						"3.2083": [0, 0.27, 0],
						"3.2917": [0, 0.25, 0],
						"3.4167": [0, 0.22, 0],
						"3.5": [0, 0.19, 0],
						"3.5833": [0, 0.16, 0],
						"3.7083": [0, 0.13, 0],
						"3.7917": [0, 0.09, 0],
						"3.9167": [0, 0.04, 0],
						"4.0": [0, 0, 0]
					}
				}
			}
		},
		"animation.nv_me.mech.arms_action.drill": {
			"loop": true,
			"animation_length": 1.2,
			"bones": {
				"drill1": {
					"rotation": {
						"0.0": [0, -5, 0],
						"1.2": [0, -360, 0]
					}
				},
				"drill2": {
					"rotation": {
						"0.0": [0, 0, 0],
						"1.2": [0, -360, 0]
					}
				},
				"drill3": {
					"rotation": {
						"0.0": [0, -5, 0],
						"1.2": [0, -360, 0]
					}
				},
				"drill4": {
					"rotation": {
						"0.0": [0, -5, 0],
						"1.2": [0, -360, 0]
					}
				}
			}
		},
		"animation.nv_me.mech.arms_action.fire_fx": {
			"loop": true,
			"animation_length": 0.7083,
			"sound_effects": {
				"0.0": {
					"effect": "flamethrower_sound"
				}
			},
			"particle_effects": {
				"0.0": {
					"effect": "flamethrower",
					"locator": "hand1"
				},
				"0.0417": {
					"effect": "flamethrower",
					"locator": "hand2"
				},
				"0.1667": {
					"effect": "flamethrower",
					"locator": "hand1"
				},
				"0.2083": {
					"effect": "flamethrower",
					"locator": "hand2"
				},
				"0.3333": {
					"effect": "flamethrower",
					"locator": "hand1"
				},
				"0.375": {
					"effect": "flamethrower",
					"locator": "hand2"
				},
				"0.5": {
					"effect": "flamethrower",
					"locator": "hand1"
				},
				"0.5417": {
					"effect": "flamethrower",
					"locator": "hand2"
				},
				"0.6667": {
					"effect": "flamethrower",
					"locator": "hand1"
				},
				"0.7083": {
					"effect": "flamethrower",
					"locator": "hand2"
				}
			}
		},
		"animation.nv_me.mech.arms_action.drill_fx": {
			"loop": true,
			"animation_length": 0.57,
			"sound_effects": {
				"0.0": {
					"effect": "drill_sound"
				}
			}
		},
		"animation.nv_me.mech.arms_action.hand_drill": {
			"loop": true,
			"animation_length": 1.2,
			"bones": {
				"body": {
					"rotation": {
						"0.0": [0, -16, 0],
						"0.8333": [0, -22, 0],
						"1.2": [0, -16, 0]
					}
				},
				"rightArm": {
					"rotation": {
						"0.0": [-25.00472, -7.90889, 9.91857],
						"0.7917": [-26.1573, -2.0636, 7.79024],
						"1.2": [-25.00472, -7.90889, 9.91857]
					},
					"position": {
						"0.0": [0, 0, -2.9],
						"0.2083": {
							"pre": [0, 0, -2.9],
							"post": [0, 0, -2.9],
							"lerp_mode": "catmullrom"
						},
						"0.25": {
							"post": [0, 0, -3.3],
							"lerp_mode": "catmullrom"
						},
						"0.4167": {
							"post": [0, 0, -3.3],
							"lerp_mode": "catmullrom"
						},
						"0.4583": {
							"post": [0, 0, -2.9],
							"lerp_mode": "catmullrom"
						},
						"0.5833": {
							"post": [0, 0, -3.3],
							"lerp_mode": "catmullrom"
						},
						"0.6667": {
							"post": [0, 0, -2.9],
							"lerp_mode": "catmullrom"
						},
						"0.7083": {
							"post": [0, 0, -3.3],
							"lerp_mode": "catmullrom"
						},
						"0.75": {
							"post": [0, 0, -3.3],
							"lerp_mode": "catmullrom"
						},
						"0.875": {
							"post": [0, 0, -2.9],
							"lerp_mode": "catmullrom"
						},
						"0.9583": {
							"post": [0, 0, -3.3],
							"lerp_mode": "catmullrom"
						},
						"1.0": {
							"post": [0, 0, -2.9],
							"lerp_mode": "catmullrom"
						},
						"1.0417": {
							"post": [0, 0, -3.3],
							"lerp_mode": "catmullrom"
						},
						"1.1667": [0, 0, -3.3],
						"1.2": [0, 0, -2.9]
					}
				},
				"leftArm": {
					"rotation": {
						"0.0": [0.96593, 0.25881, -14.99782],
						"0.4583": [-6.03743, -0.16196, -18.97564],
						"1.0833": [0.96593, 0.25881, -14.99782]
					}
				},
				"leftElbow": {
					"rotation": [-27, 0, 0]
				},
				"rightElbow": {
					"rotation": [-26, 0, 0]
				}
			}
		}
	}
}