{
	"format_version": "1.10.0",
	"minecraft:attachable": {
		"description": {
			"identifier": "pb_scraft:earth_staff_3",
			"render_controllers": ["controller.render.item_default"],
			"materials": {
				"default": "entity_emissive_alpha",
				"enchanted": "entity_alphatest_glint"
			},
			"textures": {
				"default": "textures/pb/scraft/attachable/earth_staff_3",
				"enchanted": "textures/misc/enchanted_item_glint"
			},
			"geometry": {
				"default": "geometry.pb_scraft.earth_staff_3"
			},
			"animations": {
				"first_person_hold": "animation.pb_scraft.staff_2.first_person_hold",
				"third_person_hold": "animation.pb_scraft.staff_2.third_person_hold",
				"idle_staff": "animation.pb_scraft.earth_3_idle",
				
				"use": "animation.pb_scraft.staff_2.cast",
				"loop": "animation.pb_scraft.staff_2.loop",
				"control_use": "controller.animation.pb_scraft.item_casting",
				"loop_staff": "animation.pb_scraft.earth_3_loop",
				
				"use_3p": "animation.pb_scraft.staff_2.cast_3p",
				"loop_3p": "animation.pb_scraft.staff_2.loop_3p",
				"control_use_3p": "controller.animation.pb_scraft.item_casting_3p",
				"use_staff": "animation.pb_scraft.earth_3_cast"
			},
			"scripts": {
				"animate": [
					{
						"first_person_hold": "c.is_first_person"
					},
					{
						"third_person_hold": "!c.is_first_person"
					},
					{
						"control_use": "c.is_first_person"
					},
					{
						"control_use_3p": "!c.is_first_person"
					}
				]
			}
		}
	}
}