{
	"format_version": "1.12.0",
	"minecraft:geometry": [
		{
			"description": {
				"identifier": "geometry.ljw_ww.werewolf_form",
				"texture_width": 96,
				"texture_height": 64,
				"visible_bounds_width": 3,
				"visible_bounds_height": 4,
				"visible_bounds_offset": [0, 1, 0]
			},
			"bones": [
				{
					"name": "root",
					"pivot": [0, 0.25, -0.75]
				},
				{
					"name": "rootRotation",
					"parent": "root",
					"pivot": [0, 0.25, -0.75]
				},
				{
					"name": "waist",
					"parent": "rootRotation",
					"pivot": [0, 10.25, -0.25]
				},
				{
					"name": "body",
					"parent": "waist",
					"pivot": [0, 23, -4.5]
				},
				{
					"name": "tail",
					"parent": "body",
					"pivot": [0, 12, 2.5],
					"rotation": [-37.5, 0, 0],
					"cubes": [
						{"origin": [-2, 10, 0.5], "size": [4, 4, 12], "uv": [0, 45]}
					]
				},
				{
					"name": "tail_end",
					"parent": "tail",
					"pivot": [0, 12, 2.5],
					"cubes": [
						{"origin": [-2, 10, 8.5], "size": [4, 4, 0], "uv": [8, 48]}
					]
				},
				{
					"name": "body_upper",
					"parent": "body",
					"pivot": [0, 19.75, 3.25],
					"rotation": [35, 0, 0]
				},
				{
					"name": "ribs",
					"parent": "body_upper",
					"pivot": [0, 19.75, 3.25],
					"cubes": [
						{"origin": [-5, 19.75, -3.75], "size": [10, 9, 8], "uv": [0, 0]}
					]
				},
				{
					"name": "armor_body_upper",
					"parent": "ribs",
					"pivot": [0, 0, -3.5],
					"cubes": [
						{"origin": [-5, 19.75, -3.75], "size": [10, 9, 8], "inflate": 0.25, "uv": [37, 31]}
					]
				},
				{
					"name": "leftArm",
					"parent": "body_upper",
					"pivot": [5, 27.25, -1.25],
					"rotation": [-35, -5, 0]
				},
				{
					"name": "leftArmRotation",
					"parent": "leftArm",
					"pivot": [6.5, 27.25, 1.5],
					"rotation": [0, 5, 0],
					"cubes": [
						{"origin": [4.86029, 21.86255, -0.65284], "size": [3, 7, 4], "uv": [36, 0]}
					]
				},
				{
					"name": "armor_left_arm",
					"parent": "leftArmRotation",
					"pivot": [0, 0, -3.5],
					"cubes": [
						{"origin": [4.86029, 21.86255, -0.65284], "size": [3, 7, 4], "inflate": 0.3, "uv": [60, 48]}
					]
				},
				{
					"name": "left_forearn",
					"parent": "leftArmRotation",
					"pivot": [6.61029, 22.11255, 1.34716],
					"rotation": [0, 0, 2.5],
					"cubes": [
						{"origin": [5.58896, 16.59026, -0.65284], "size": [2, 6, 4], "inflate": -0.05, "uv": [37, 6]}
					]
				},
				{
					"name": "left_paw",
					"parent": "left_forearn",
					"pivot": [6.83896, 16.59026, 1.34716],
					"rotation": [0, 0, 7.5],
					"cubes": [
						{"origin": [5.55632, 12.83813, -1.15284], "size": [2, 4, 5], "inflate": 0.05, "uv": [28, 27]}
					]
				},
				{
					"name": "left_band",
					"parent": "left_forearn",
					"pivot": [-0.5, 0, -3.5],
					"cubes": [
						{"origin": [5.08896, 17.59026, -0.65284], "size": [3, 3, 4], "uv": [82, 39]}
					]
				},
				{
					"name": "rightArm",
					"parent": "body_upper",
					"pivot": [-5, 27.25, -1.25],
					"rotation": [-35, 5, 0]
				},
				{
					"name": "rightArmRotation",
					"parent": "rightArm",
					"pivot": [-6.5, 27.25, 1.5],
					"rotation": [0, -5, 0],
					"cubes": [
						{"origin": [-7.86029, 21.86255, -0.65284], "size": [3, 7, 4], "uv": [36, 0], "mirror": true}
					]
				},
				{
					"name": "armor_right_arm",
					"parent": "rightArmRotation",
					"pivot": [0, 0, -3.5],
					"cubes": [
						{"origin": [-7.86029, 21.86255, -0.65284], "size": [3, 7, 4], "inflate": 0.3, "uv": [60, 48], "mirror": true}
					]
				},
				{
					"name": "right_forearn",
					"parent": "rightArmRotation",
					"pivot": [-6.61029, 22.11255, 1.34716],
					"rotation": [0, 0, -2.5],
					"cubes": [
						{"origin": [-7.58896, 16.59026, -0.65284], "size": [2, 6, 4], "inflate": -0.05, "uv": [37, 6], "mirror": true}
					]
				},
				{
					"name": "right_paw",
					"parent": "right_forearn",
					"pivot": [-6.83896, 16.59026, 1.34716],
					"rotation": [0, 0, -7.5],
					"cubes": [
						{"origin": [-7.55632, 12.83813, -1.15284], "size": [2, 4, 5], "inflate": 0.05, "uv": [28, 27], "mirror": true}
					]
				},
				{
					"name": "right_band",
					"parent": "right_forearn",
					"pivot": [0.5, 0, -3.5],
					"cubes": [
						{"origin": [-8.08896, 17.59026, -0.65284], "size": [3, 3, 4], "uv": [82, 39], "mirror": true}
					]
				},
				{
					"name": "head",
					"parent": "body_upper",
					"pivot": [0, 31.49577, 0.78893],
					"rotation": [-37.5, 0, 0],
					"cubes": [
						{"origin": [-3, 28.78481, -3.45538], "size": [6, 6, 6], "uv": [0, 33]}
					]
				},
				{
					"name": "right_head_fur",
					"parent": "head",
					"pivot": [-3, 30.78481, -3.45538],
					"rotation": [0, 37.5, 0],
					"cubes": [
						{"origin": [-7, 28.78481, -3.45538], "size": [4, 4, 0], "uv": [62, 23]}
					]
				},
				{
					"name": "left_head_fur",
					"parent": "head",
					"pivot": [3, 30.78481, -3.45538],
					"rotation": [0, -37.5, 0],
					"cubes": [
						{"origin": [3, 28.78481, -3.45538], "size": [4, 4, 0], "uv": [62, 23], "mirror": true}
					]
				},
				{
					"name": "right_ear",
					"parent": "head",
					"pivot": [0, 34.78481, -0.95538],
					"cubes": [
						{"origin": [-3, 34.28481, -1.45538], "size": [2, 3, 1], "inflate": -0.1, "uv": [0, 0]}
					]
				},
				{
					"name": "left_ear",
					"parent": "head",
					"pivot": [0, 34.78481, -0.95538],
					"cubes": [
						{"origin": [1, 34.28481, -1.45538], "size": [2, 3, 1], "inflate": -0.1, "uv": [0, 0], "mirror": true}
					]
				},
				{
					"name": "muzzle",
					"parent": "head",
					"pivot": [0, 28.78481, -0.45538]
				},
				{
					"name": "nose",
					"parent": "muzzle",
					"pivot": [-0.5, 4.78481, -6.45538],
					"cubes": [
						{"origin": [-1.5, 29.78481, -7.45538], "size": [3, 2, 4], "uv": [58, 17]}
					]
				},
				{
					"name": "teeth_upper",
					"parent": "muzzle",
					"pivot": [-0.5, 3.78481, -6.45538],
					"cubes": [
						{"origin": [-1.5, 29.03481, -5.45538], "size": [3, 1, 1], "inflate": -0.15, "uv": [73, 19]},
						{"origin": [-1.5, 29.03481, -6.45538], "size": [3, 1, 1], "inflate": -0.05, "uv": [73, 19]},
						{"origin": [-1.5, 29.03481, -7.45538], "size": [3, 1, 1], "inflate": -0.15, "uv": [73, 21]}
					]
				},
				{
					"name": "jaw",
					"parent": "muzzle",
					"pivot": [0, 30.03481, -3.45538],
					"rotation": [2.5, 0, 0],
					"cubes": [
						{"origin": [-1.5, 29.78481, -7.45538], "size": [3, 1, 1], "inflate": -0.15, "uv": [73, 19]},
						{"origin": [-1.5, 29.03481, -7.45538], "size": [3, 1, 4], "inflate": -0.1, "uv": [44, 17]}
					]
				},
				{
					"name": "armor_head",
					"parent": "head",
					"pivot": [0, 30.99577, -2.71107],
					"cubes": [
						{"origin": [-3, 29.78481, -3.45538], "size": [6, 5, 6], "inflate": 0.25, "uv": [72, 53]}
					]
				},
				{
					"name": "body_lower_bone",
					"parent": "body",
					"pivot": [0, 20, 0],
					"cubes": [
						{"origin": [-4, 10, -3], "size": [8, 10, 6], "uv": [0, 17]}
					]
				},
				{
					"name": "armor_body_lower",
					"parent": "body_lower_bone",
					"pivot": [0, 0, -3.5],
					"cubes": [
						{"origin": [-4, 10, -3], "size": [8, 10, 6], "inflate": 0.25, "uv": [32, 48]}
					]
				},
				{
					"name": "rightLeg",
					"parent": "rootRotation",
					"pivot": [-3, 11.75, -1.5]
				},
				{
					"name": "right_leg_upper",
					"parent": "rightLeg",
					"pivot": [-3, 11.75, -1.5],
					"rotation": [-137.5, 0, 0],
					"cubes": [
						{"origin": [-5, 11.16298, -3.31174], "size": [4, 4, 7], "inflate": 0.1, "uv": [74, 0]}
					]
				},
				{
					"name": "armor_right_leg",
					"parent": "right_leg_upper",
					"pivot": [0, 0, -3.5],
					"cubes": [
						{"origin": [-5, 11.16298, -3.31174], "size": [4, 4, 7], "inflate": 0.25, "uv": [74, 28]}
					]
				},
				{
					"name": "right_leg_lower",
					"parent": "right_leg_upper",
					"pivot": [-3, 13.91298, 1.93826],
					"rotation": [-157.5, 0, 0],
					"cubes": [
						{"origin": [-4.5, 8.81679, -0.57815], "size": [3, 5, 3], "pivot": [0, 8.06679, 4.42185], "rotation": [-7.5, 0, 0], "uv": [62, 0], "mirror": true}
					]
				},
				{
					"name": "right_foot_upper",
					"parent": "right_leg_lower",
					"pivot": [-3, 10.81679, 0.92185],
					"rotation": [-92.5, 0, 0],
					"cubes": [
						{"origin": [-4.5, 5.31726, -0.55634], "size": [3, 7, 3], "inflate": -0.1, "uv": [50, 0], "mirror": true}
					]
				},
				{
					"name": "right_foot_lower",
					"parent": "right_foot_upper",
					"pivot": [-3, 6.06726, 0.94366],
					"rotation": [27.5, 0, 0],
					"cubes": [
						{"origin": [-5, 4.70271, -2.7732], "size": [4, 2, 6], "uv": [30, 19], "mirror": true}
					]
				},
				{
					"name": "leftLeg",
					"parent": "rootRotation",
					"pivot": [3, 11.75, -1.5]
				},
				{
					"name": "left_leg_upper",
					"parent": "leftLeg",
					"pivot": [3, 11.75, -1.5],
					"rotation": [-137.5, 0, 0],
					"cubes": [
						{"origin": [1, 11.16298, -3.31174], "size": [4, 4, 7], "inflate": 0.1, "uv": [74, 0], "mirror": true}
					]
				},
				{
					"name": "armor_left_leg",
					"parent": "left_leg_upper",
					"pivot": [0, 0, -3.5],
					"cubes": [
						{"origin": [1, 11.16298, -3.31174], "size": [4, 4, 7], "inflate": 0.25, "uv": [74, 28], "mirror": true}
					]
				},
				{
					"name": "left_leg_lower",
					"parent": "left_leg_upper",
					"pivot": [3, 13.91298, 1.93826],
					"rotation": [-157.5, 0, 0],
					"cubes": [
						{"origin": [1.5, 8.81679, -0.57815], "size": [3, 5, 3], "pivot": [0, 8.06679, 4.42185], "rotation": [-7.5, 0, 0], "uv": [62, 0]}
					]
				},
				{
					"name": "left_foot_upper",
					"parent": "left_leg_lower",
					"pivot": [3, 10.81679, 0.92185],
					"rotation": [-92.5, 0, 0],
					"cubes": [
						{"origin": [1.5, 5.31726, -0.55634], "size": [3, 7, 3], "inflate": -0.1, "uv": [50, 0]}
					]
				},
				{
					"name": "left_foot_lower",
					"parent": "left_foot_upper",
					"pivot": [3, 6.06726, 0.94366],
					"rotation": [27.5, 0, 0],
					"cubes": [
						{"origin": [1, 4.70271, -2.7732], "size": [4, 2, 6], "uv": [30, 19]}
					]
				}
			]
		},
		{
			"description": {
				"identifier": "geometry.ljw_ww.werewolf_form_aura",
				"texture_width": 96,
				"texture_height": 64,
				"visible_bounds_width": 3,
				"visible_bounds_height": 4,
				"visible_bounds_offset": [0, 1, 0]
			},
			"bones": [
				{
					"name": "root",
					"pivot": [0, 0.25, -0.75]
				},
				{
					"name": "waist",
					"parent": "root",
					"pivot": [0, 10.25, -0.25]
				},
				{
					"name": "body",
					"parent": "waist",
					"pivot": [0, 23, -4.5]
				},
				{
					"name": "tail",
					"parent": "body",
					"pivot": [0, 12, 2.5],
					"rotation": [-37.5, 0, 0],
					"cubes": [
						{"origin": [-2, 10, 0.5], "size": [4, 4, 12], "inflate": 0.5, "uv": [0, 45]}
					]
				},
				{
					"name": "body_upper",
					"parent": "body",
					"pivot": [0, 19.75, 3.25],
					"rotation": [35, 0, 0]
				},
				{
					"name": "ribs",
					"parent": "body_upper",
					"pivot": [0, 19.75, 3.25],
					"cubes": [
						{"origin": [-5, 19.75, -3.75], "size": [10, 9, 8], "inflate": 0.5, "uv": [0, 0]}
					]
				},
				{
					"name": "armor_body_upper",
					"parent": "ribs",
					"pivot": [0, 0, -3.5],
					"cubes": [
						{"origin": [-5, 19.75, -3.75], "size": [10, 9, 8], "inflate": 0.5, "uv": [37, 31]}
					]
				},
				{
					"name": "leftArm",
					"parent": "body_upper",
					"pivot": [5, 27.25, -1.25],
					"rotation": [-35, -5, 0]
				},
				{
					"name": "leftArmRotation",
					"parent": "leftArm",
					"pivot": [6.5, 27.25, 1.5],
					"rotation": [0, 5, 0],
					"cubes": [
						{"origin": [4.86029, 21.86255, -0.65284], "size": [3, 7, 4], "inflate": 0.5, "uv": [36, 0]}
					]
				},
				{
					"name": "armor_left_arm",
					"parent": "leftArmRotation",
					"pivot": [0, 0, -3.5],
					"cubes": [
						{"origin": [4.86029, 21.86255, -0.65284], "size": [3, 7, 4], "inflate": 0.5, "uv": [60, 48]}
					]
				},
				{
					"name": "left_forearn",
					"parent": "leftArmRotation",
					"pivot": [6.61029, 22.11255, 1.34716],
					"rotation": [0, 0, 2.5],
					"cubes": [
						{"origin": [5.58896, 16.59026, -0.65284], "size": [2, 6, 4], "inflate": 0.5, "uv": [37, 6]}
					]
				},
				{
					"name": "left_paw",
					"parent": "left_forearn",
					"pivot": [6.83896, 16.59026, 1.34716],
					"rotation": [0, 0, 7.5],
					"cubes": [
						{"origin": [5.55632, 12.83813, -1.15284], "size": [2, 4, 5], "inflate": 0.5, "uv": [28, 27]}
					]
				},
				{
					"name": "rightArm",
					"parent": "body_upper",
					"pivot": [-5, 27.25, -1.25],
					"rotation": [-35, 5, 0]
				},
				{
					"name": "rightArmRotation",
					"parent": "rightArm",
					"pivot": [-6.5, 27.25, 1.5],
					"rotation": [0, -5, 0],
					"cubes": [
						{"origin": [-7.86029, 21.86255, -0.65284], "size": [3, 7, 4], "inflate": 0.5, "uv": [36, 0], "mirror": true}
					]
				},
				{
					"name": "armor_right_arm",
					"parent": "rightArmRotation",
					"pivot": [0, 0, -3.5],
					"cubes": [
						{"origin": [-7.86029, 21.86255, -0.65284], "size": [3, 7, 4], "inflate": 0.5, "uv": [60, 48], "mirror": true}
					]
				},
				{
					"name": "right_forearn",
					"parent": "rightArmRotation",
					"pivot": [-6.61029, 22.11255, 1.34716],
					"rotation": [0, 0, -2.5],
					"cubes": [
						{"origin": [-7.58896, 16.59026, -0.65284], "size": [2, 6, 4], "inflate": 0.5, "uv": [37, 6], "mirror": true}
					]
				},
				{
					"name": "right_paw",
					"parent": "right_forearn",
					"pivot": [-6.83896, 16.59026, 1.34716],
					"rotation": [0, 0, -7.5],
					"cubes": [
						{"origin": [-7.55632, 12.83813, -1.15284], "size": [2, 4, 5], "inflate": 0.5, "uv": [28, 27], "mirror": true}
					]
				},
				{
					"name": "head",
					"parent": "body_upper",
					"pivot": [0, 31.49577, 0.78893],
					"rotation": [-37.5, 0, 0],
					"cubes": [
						{"origin": [-3, 28.78481, -3.45538], "size": [6, 6, 6], "inflate": 0.5, "uv": [0, 33]}
					]
				},
				{
					"name": "right_head_fur",
					"parent": "head",
					"pivot": [-3, 30.78481, -3.45538],
					"rotation": [0, 37.5, 0],
					"cubes": [
						{"origin": [-7, 28.78481, -3.45538], "size": [4, 4, 0], "inflate": 0.5, "uv": [62, 23]}
					]
				},
				{
					"name": "left_head_fur",
					"parent": "head",
					"pivot": [3, 30.78481, -3.45538],
					"rotation": [0, -37.5, 0],
					"cubes": [
						{"origin": [3, 28.78481, -3.45538], "size": [4, 4, 0], "inflate": 0.5, "uv": [62, 23], "mirror": true}
					]
				},
				{
					"name": "right_ear",
					"parent": "head",
					"pivot": [0, 34.78481, -0.95538],
					"cubes": [
						{"origin": [-3, 34.28481, -1.45538], "size": [2, 3, 1], "inflate": 0.5, "uv": [0, 0]}
					]
				},
				{
					"name": "left_ear",
					"parent": "head",
					"pivot": [0, 34.78481, -0.95538],
					"cubes": [
						{"origin": [1, 34.28481, -1.45538], "size": [2, 3, 1], "inflate": 0.5, "uv": [0, 0], "mirror": true}
					]
				},
				{
					"name": "muzzle",
					"parent": "head",
					"pivot": [0, 28.78481, -0.45538]
				},
				{
					"name": "nose",
					"parent": "muzzle",
					"pivot": [-0.5, 4.78481, -6.45538],
					"cubes": [
						{"origin": [-1.5, 29.78481, -7.45538], "size": [3, 2, 4], "inflate": 0.5, "uv": [58, 17]}
					]
				},
				{
					"name": "teeth_upper",
					"parent": "muzzle",
					"pivot": [-0.5, 3.78481, -6.45538],
					"cubes": [
						{"origin": [-1.5, 28.03481, -7.45538], "size": [3, 2, 4], "inflate": 0.5, "uv": [72, 17]}
					]
				},
				{
					"name": "jaw",
					"parent": "muzzle",
					"pivot": [0, 30.03481, -3.45538],
					"rotation": [2.5, 0, 0],
					"cubes": [
						{"origin": [-1.5, 29.03481, -7.45538], "size": [3, 1, 4], "inflate": 0.5, "uv": [44, 17]}
					]
				},
				{
					"name": "body_lower_bone",
					"parent": "body",
					"pivot": [0, 20, 0],
					"cubes": [
						{"origin": [-4, 10, -3], "size": [8, 10, 6], "inflate": 0.5, "uv": [0, 17]}
					]
				},
				{
					"name": "armor_body_lower",
					"parent": "body_lower_bone",
					"pivot": [0, 0, -3.5],
					"cubes": [
						{"origin": [-4, 10, -3], "size": [8, 10, 6], "inflate": 0.5, "uv": [32, 48]}
					]
				},
				{
					"name": "rightLeg",
					"parent": "root",
					"pivot": [-3, 11.75, -1.5]
				},
				{
					"name": "right_leg_upper",
					"parent": "rightLeg",
					"pivot": [-3, 11.75, -1.5],
					"rotation": [-137.5, 0, 0],
					"cubes": [
						{"origin": [-5, 11.16298, -3.31174], "size": [4, 4, 7], "inflate": 0.5, "uv": [74, 0]}
					]
				},
				{
					"name": "armor_right_leg",
					"parent": "right_leg_upper",
					"pivot": [0, 0, -3.5],
					"cubes": [
						{"origin": [-5, 11.16298, -3.31174], "size": [4, 4, 7], "inflate": 0.5, "uv": [74, 28]}
					]
				},
				{
					"name": "right_leg_lower",
					"parent": "right_leg_upper",
					"pivot": [-3, 13.91298, 1.93826],
					"rotation": [-157.5, 0, 0],
					"cubes": [
						{"origin": [-4.5, 8.81679, -0.57815], "size": [3, 5, 3], "inflate": 0.5, "pivot": [0, 8.06679, 4.42185], "rotation": [-7.5, 0, 0], "uv": [62, 0], "mirror": true}
					]
				},
				{
					"name": "right_foot_upper",
					"parent": "right_leg_lower",
					"pivot": [-3, 10.81679, 0.92185],
					"rotation": [-92.5, 0, 0],
					"cubes": [
						{"origin": [-4.5, 5.31726, -0.55634], "size": [3, 7, 3], "inflate": 0.5, "uv": [50, 0], "mirror": true}
					]
				},
				{
					"name": "right_foot_lower",
					"parent": "right_foot_upper",
					"pivot": [-3, 6.06726, 0.94366],
					"rotation": [27.5, 0, 0],
					"cubes": [
						{"origin": [-5, 4.70271, -2.7732], "size": [4, 2, 6], "inflate": 0.5, "uv": [30, 19], "mirror": true}
					]
				},
				{
					"name": "leftLeg",
					"parent": "root",
					"pivot": [3, 11.75, -1.5]
				},
				{
					"name": "left_leg_upper",
					"parent": "leftLeg",
					"pivot": [3, 11.75, -1.5],
					"rotation": [-137.5, 0, 0],
					"cubes": [
						{"origin": [1, 11.16298, -3.31174], "size": [4, 4, 7], "inflate": 0.5, "uv": [74, 0], "mirror": true}
					]
				},
				{
					"name": "armor_left_leg",
					"parent": "left_leg_upper",
					"pivot": [0, 0, -3.5],
					"cubes": [
						{"origin": [1, 11.16298, -3.31174], "size": [4, 4, 7], "inflate": 0.5, "uv": [74, 28], "mirror": true}
					]
				},
				{
					"name": "left_leg_lower",
					"parent": "left_leg_upper",
					"pivot": [3, 13.91298, 1.93826],
					"rotation": [-157.5, 0, 0],
					"cubes": [
						{"origin": [1.5, 8.81679, -0.57815], "size": [3, 5, 3], "inflate": 0.5, "pivot": [0, 8.06679, 4.42185], "rotation": [-7.5, 0, 0], "uv": [62, 0]}
					]
				},
				{
					"name": "left_foot_upper",
					"parent": "left_leg_lower",
					"pivot": [3, 10.81679, 0.92185],
					"rotation": [-92.5, 0, 0],
					"cubes": [
						{"origin": [1.5, 5.31726, -0.55634], "size": [3, 7, 3], "inflate": 0.5, "uv": [50, 0]}
					]
				},
				{
					"name": "left_foot_lower",
					"parent": "left_foot_upper",
					"pivot": [3, 6.06726, 0.94366],
					"rotation": [27.5, 0, 0],
					"cubes": [
						{"origin": [1, 4.70271, -2.7732], "size": [4, 2, 6], "inflate": 0.5, "uv": [30, 19]}
					]
				}
			]
		}
	]
}