{"version":1,"content":[{"path":"animations/attachables/arcane_wand.animation.json","key":"mV1ZNUYeGStmBz8qkRpVauFB77BXjzmI"},{"path":"animations/attachables/staff_2.animation.json","key":"aL4QaQxuBbWjd6aIvWbqP5J8cUYTaiqL"},{"path":"animations/ice_spike.animation.json","key":"tL3YMaZW7tRCme6otcwoAA6BmUxFl4jA"},{"path":"animations/particles_generic.animations.json","key":"cE1EuhAOtS0KjNWxPW53MHyAio2OjGCT"},{"path":"animations/pb_scraft.display.animation.json","key":"kQ22AcAz0LiIiNwzvbqke68HSWRIYcjg"},{"path":"animations/pb_scraft.teeth.animation.json","key":"gJ9TiHFFjPtQoB8mzF5tbFeWgiEKHLjB"},{"path":"animations/projectile.animations.json","key":"zO3FubUx6NZ74Cl1LMp2jvwpg6w8o1GJ"},{"path":"animation_controllers/attachable.animation_controllers.json","key":"uZ2lsmaTt6fIsui5aU0Iu8JMekUnmK49"},{"path":"attachables/armor/dark_wizard_boots.attachable.json","key":"oX1FZzvPKpS8A4NxntNEj60Yzkfs56m7"},{"path":"attachables/armor/dark_wizard_chestplate.json","key":"sG9HRubIJwIbrOUJCbgBAkmmcbbLrWw3"},{"path":"attachables/armor/dark_wizard_hat.attachable.json","key":"cP2Vq7HLBq0El67kYLh9v9tUX4cYk5kY"},{"path":"attachables/armor/dark_wizard_leggings.attachable.json","key":"fF5jyJtV7Kib8p8Ita6RRMefgPR1IuPe"},{"path":"attachables/armor/skull_wizard_boots.attachable.json","key":"kZ2QVHIWkAkNYRfjFTnwyA3QUyaWE7EO"},{"path":"attachables/armor/skull_wizard_chestplate.json","key":"mA4QSQEhRk0AnNefkafInrB1nQgcBaix"},{"path":"attachables/armor/skull_wizard_leggings.json","key":"jR87OCTAHaTWUdSFl6oE0uf8EMzTvkvR"},{"path":"attachables/armor/wizard_boots.attachable.json","key":"gZ7MtiC9nnsoeAqgbxef2hcHzuznxuyH"},{"path":"attachables/armor/wizard_hat.attachable.json","key":"vU6kRn9zUsHS3MJogPefLwvNQImY2bsQ"},{"path":"attachables/armor/wizard_hood.attachable.json","key":"jN7gmK9M4H4QxY9I1kvdKn2hAaTWm5ad"},{"path":"attachables/armor/wizard_leggings.attachable.json","key":"sR7a5uZNF4Pa5whNfEpd2EKGCl34PqQG"},{"path":"attachables/armor/wizard_robe.attachable.json","key":"pE7SCygwQWjWrekh6LkFFbrSEZwic3nx"},{"path":"attachables/pb_scraft_air_staff_1.attachable.json","key":"cI00LJAz1Br4pCCyqoy1zOGikQmQ2amC"},{"path":"attachables/pb_scraft_air_staff_2.attachable.json","key":"xZ6H8GyOox41lefQY3ZXIufKOaIdkd11"},{"path":"attachables/pb_scraft_air_staff_3.attachable.json","key":"yG2AGCneYdPO1YNMFameqpKkoQzMNOEX"},{"path":"attachables/pb_scraft_earth_staff_1.attachable.json","key":"mL4KRfig3O9sAuUelxqbKp73Id7f2adv"},{"path":"attachables/pb_scraft_earth_staff_2.attachable.json","key":"rQ5X8i3FAhxYqvEWiSFkpCHn3NtorVjY"},{"path":"attachables/pb_scraft_earth_staff_3.attachable.json","key":"zM158IGb9skYJlFsJiYvLOpHZy1O4f4g"},{"path":"attachables/pb_scraft_fire_staff_1.attachable.json","key":"dA2HaLsQe0JBIyWhrRECBi0GsqvB8ach"},{"path":"attachables/pb_scraft_fire_staff_2.attachable.json","key":"kM2Vf6PP9KzyBUeubo96miTidsl2FOnd"},{"path":"attachables/pb_scraft_fire_staff_3.attachable.json","key":"lM0mKgXl2jV8idT5SueNKdFFWoV1rlzA"},{"path":"attachables/pb_scraft_ice_staff_1.attachable.json","key":"hZ4eX0ZJipGnlzAe4EBfe1STrCRoexvw"},{"path":"attachables/pb_scraft_ice_staff_2.attachable.json","key":"cP6WKi5gguQaHpY2dkjQtSgiBN2H3iBc"},{"path":"attachables/pb_scraft_ice_staff_3.attachable.json","key":"sN9wbbq2WvoRAE6OO4IaVTT0I7jvOjcW"},{"path":"attachables/pb_scraft_twilight_staff_1.attachable.json","key":"wA2jsJqLoAjVnTlcxsPPrMMhVAnaVK28"},{"path":"attachables/pb_scraft_twilight_staff_2.attachable.json","key":"uY2OdzbcV85tzvCshXQBAaM8tUSUqzKK"},{"path":"attachables/pb_scraft_twilight_staff_3.attachable.json","key":"cI3Thh8C7dtbmY8UiAoKOxBxtLQZnzFu"},{"path":"blocks.json","key":"qT5thhaMc8yHulYQOcm2rlbVhrVnJ28m"},{"path":"entity/display.entity.json","key":"pF3YURfLbOVX4EbI4M8smiW1j8WIf8F8"},{"path":"entity/effect_fireorb.entity.json","key":"gP8PcMrLMcIwWZ1v7l4m1ka5kbzrcXtJ"},{"path":"entity/effect_ice_spike.entity.json","key":"qJ8hHOmu4dCfA63ejOfGK46gCmml8WkZ"},{"path":"entity/effect_ice_wall.entity.json","key":"gV0EsLg8WyL7NaBIB9SAWJh2sv3hPz8T"},{"path":"entity/effect_tornado.entity.json","key":"wF3aU3Q0EJFC0yvfkPsdYNaGHL1BvhA7"},{"path":"entity/effect_tornado_air.entity.json","key":"uC3NaIYQaN09NgtHB6zQEdmG1LuMFZO3"},{"path":"entity/projectile_firebolt.entity.json","key":"tP6a0zeRBhOPFsYsbIWe0rIivRu736wo"},{"path":"entity/projectile_gnaw.entity.json","key":"iB8UxekCNV0ItJGFTlGHASRfZkgLhhH7"},{"path":"entity/projectile_stone.entity.json","key":"eQ4fpVnOV7AiMljhn7Hr9FvYj8FOpWuu"},{"path":"manifest.json"},{"path":"materials/entity.material","key":"lO7kCL8CzLtOfwB7zCY55FvVqoCdb2n8"},{"path":"models/blocks/arcane_altar.geo.json","key":"lV7hW01rGNF87ylihJhE8X79VQlxSHa0"},{"path":"models/blocks/arcane_tablet.geo.json","key":"oY3ZdUhOcuy7iuvXAR2u5Tl2aYaKjwht"},{"path":"models/blocks/cube_16.geo.json","key":"oI3TV6jTxtFYB1QmXIUOJAjBpkhjny44"},{"path":"models/blocks/deko/candelabrum.geo.json","key":"aM76RSGMGsox5LKVd9ryR8hdcOu9bav3"},{"path":"models/blocks/deko/chandelier.geo.json","key":"rP0N2TisHdGJstuMxMMPPni0hNTfKY0s"},{"path":"models/blocks/deko/jar.geo.json","key":"jI7oYA5rXv7CesyGbBElrESwrEv185BG"},{"path":"models/blocks/deko/magic_cauldron.geo.json","key":"oU2kMyzfyzCXOeyiTY5KNkIJjFF6VdT1"},{"path":"models/blocks/elemental _accumulator.geo.json","key":"kQ9W0B641HmxPv74SKqLEZeWbiSqBYf7"},{"path":"models/blocks/magic_workbench.geo.json","key":"tP5jv9fc5cjLG0Zeyo7BEzt5v68xUHaq"},{"path":"models/blocks/mana_condenser.geo.json","key":"lI4thsWFYzX9QvSPZSQ8Lq2LzaubV5QV"},{"path":"models/blocks/mana_harvester.geo.json","key":"sS1Mpj5zlv1jQW2R64fyoIBR0BtgMC14"},{"path":"models/blocks/pedestal.geo.json","key":"eY00H4Ul6gKsxQXqRS5JztJF6e6cS37B"},{"path":"models/blocks/pipe.geo.json","key":"dY7ripOb11icsssK9pAdOrfHB2aNNgMb"},{"path":"models/blocks/tank.geo.json","key":"kF4IUIxRGVJrJXLKIoZ7kifa7kR6kHyN"},{"path":"models/blocks/workbench_press.json","key":"fW8ThPyhipO5QX19VzlJT9EGsEP4NQEK"},{"path":"models/entity/attachable/air/air_staff_1.geo.json","key":"vC7I31s09cAcIweBLnjcqTTPLz8irChG"},{"path":"models/entity/attachable/air/air_staff_2.geo.json","key":"cO8uVC9CHJNshp3nUAs7EwJFMIIYf6Su"},{"path":"models/entity/attachable/air/air_staff_3.geo.json","key":"dI97Sh8B3weAiNHmxOPOrLNwbAL9Odyq"},{"path":"models/entity/attachable/armor/dark_wizard_boots.geo.json","key":"pL8PQWxos2G7PiRv925hjfmMYYd1GZEA"},{"path":"models/entity/attachable/armor/dark_wizard_chestplate.geo.json","key":"rP3QmIZJw7FVX0dUh1Rd9CwruWiYn9NA"},{"path":"models/entity/attachable/armor/dark_wizard_hat.json","key":"qB4mFnExlG7XOzavv4jhZsOrbuXuWORy"},{"path":"models/entity/attachable/armor/dark_wizard_leggings.geo.json","key":"yP6HjHqTfcJZ4ZHulwOQEXd0jWeEL8tv"},{"path":"models/entity/attachable/armor/skull_wizard_boots.geo.json","key":"rC0SJ4pShh9sV1unIAmNaplSTVR07xFR"},{"path":"models/entity/attachable/armor/skull_wizard_chestplate.json","key":"hY7tpNA0sKM4vkryHJbBEtNVX9Wo1koM"},{"path":"models/entity/attachable/armor/skull_wizard_leggings.geo.json","key":"yX4yaNG1lnVy7ACZ4Iz9qWHETIz8cnzu"},{"path":"models/entity/attachable/armor/wizard_boots.json","key":"sS3krluRTtBfKfdvxrp7xrB0yqjrglPl"},{"path":"models/entity/attachable/armor/wizard_chestplate.json","key":"sR2hCKHsV6hSMbfgZnwpy0yqHn3h0l1y"},{"path":"models/entity/attachable/armor/wizard_hat.geo.json","key":"tY4ezVs9ciHLfKhdoy2yJ6INmHYp8j0S"},{"path":"models/entity/attachable/armor/wizard_hood.geo.json","key":"nN1j8nRsEtrqKVbaWcORpPgZt7ryKjwB"},{"path":"models/entity/attachable/armor/wizard_leggings.json","key":"oW6Qn67VNgG3Igh5PxtEBMUoVq8sZXqE"},{"path":"models/entity/attachable/earth/earth_staff_1.geo.json","key":"eL4SQ5oYOcawxslQFpoKkwxW5AGqecrQ"},{"path":"models/entity/attachable/earth/earth_staff_2.geo.json","key":"gQ5rXmUdpIkFOxl1q2Jkkhaf67Af5s1Y"},{"path":"models/entity/attachable/earth/earth_staff_3.geo.json","key":"vG15tWWgFrBfkpk0R3OaHkjzfQ7IPufh"},{"path":"models/entity/attachable/fire/fire_staff_1.geo.json","key":"oU4OO33nkCQqzd4VT7l7r06UTJb0qk2z"},{"path":"models/entity/attachable/fire/fire_staff_2.geo.json","key":"lT2GPPUaKE4En0BwFbs6ayZocxAEB8xT"},{"path":"models/entity/attachable/fire/fire_staff_3.geo.json","key":"iE9LmZa1pb6MECzQnjSOL3BpdNa35W0b"},{"path":"models/entity/attachable/ice/ice_staff_1.geo.json","key":"qR7Cm1yEt68ewnTuLmX2iH35N5gAGncX"},{"path":"models/entity/attachable/ice/ice_staff_2.json","key":"jC77Fv87LHAoaq7e0H4xmYojsSk0rG26"},{"path":"models/entity/attachable/ice/ice_staff_3.geo.json","key":"bQ0IO1iyEaN2q7TdPU8rH2r6MaB2EmOM"},{"path":"models/entity/attachable/twilight/twilight_staff_1.geo.json","key":"eC8PpLptHP28RZ6zaiYoVdSlHcSAiTUY"},{"path":"models/entity/attachable/twilight/twilight_staff_2.json","key":"cS80petAfQ3kBu7EUFSU7eg3RKB14LGd"},{"path":"models/entity/attachable/twilight/twillight_staff_3.geo.json","key":"uM4yY42tdtC4aAS8zgblXeTYwldjS0NF"},{"path":"models/entity/display.json","key":"lS2NUW86W1fALwXPOWSEO8KVRmxho3Pt"},{"path":"models/entity/fireball_mesh.json","key":"yL2q2OE52r61ZUgrQazRnuibjeUgEbwg"},{"path":"models/entity/magic_ice_spike.geo.json","key":"gB0PwurM0xVwxElSLJ4hTalw6JI4znFx"},{"path":"models/entity/magic_stone.geo.json","key":"eM1OlYhCqfjugQnxAdQzCEs3UCcNBNCC"},{"path":"models/entity/teeth.geo.json","key":"eX1jM3Qa9gqTyemM84jcNz2tre0hN8yY"},{"path":"pack_icon.png"},{"path":"particles/pb/scraft/air/windsickle_ex.particle.json","key":"uF6ANJUA1Ge2m7BQv4FGJXO4GQCMC1xJ"},{"path":"particles/pb/scraft/air/windsickle_trail.particle.json","key":"uI7X5ZrECloNqbgEtJPGicyV1PHjLQRi"},{"path":"particles/pb/scraft/altar/altar_clear.particle.json","key":"nS9FFstbNBc1fuSJ09F4cJJ81ddMM41R"},{"path":"particles/pb/scraft/altar/altar_explosion.particle.json","key":"yG5VoY9MLEmqK9EXbFe4lhIuC5yp4lww"},{"path":"particles/pb/scraft/altar/altar_pedestal_clear.particle.json","key":"iM20Key3mqpA3MEa4QZgMEIoLwZ5RFqz"},{"path":"particles/pb/scraft/altar/altar_shine.particle.json","key":"dM6aIWGzS9KKNbejf2kCpK3QkLusJvOM"},{"path":"particles/pb/scraft/altar/arc_lightning.particle.json","key":"oQ20mXAwrjExOxl7e9asQq0VbSi8J487"},{"path":"particles/pb/scraft/altar/arc_lightning_90.particle.json","key":"bJ4jI2Kphk7ut3qYkYgVIKiYpO4uksiS"},{"path":"particles/pb/scraft/altar/magic_summoning_rune.particle.json","key":"sY6HMEy1Y82IRFthXGRNgKujuoq05tde"},{"path":"particles/pb/scraft/beam/beam.particle.json","key":"tA6FFIpVhIhBbIrJEBlO1dAXLcQfpJSC"},{"path":"particles/pb/scraft/beam/beam_90.particle.json","key":"lN2okXMSyAQYRArvWs5nAqNv6KI8WY6f"},{"path":"particles/pb/scraft/beam/beam_fractured.particle.json","key":"dQ4XzvIAyzl7k4XabpA5QE1a0aYp5fuN"},{"path":"particles/pb/scraft/beam/beam_fractured_90.particle.json","key":"lP2VhkrsNR91Ud39jn9ZCQmv1xdFEsUf"},{"path":"particles/pb/scraft/beam/beam_ice.particle.json","key":"oX9zVi2hwcFCQ1LdPNnVstU6X7gvCTSo"},{"path":"particles/pb/scraft/beam/beam_ice_90.particle.json","key":"qW1FWCQ40HbupB2d5jeVPGnd35hZSEz5"},{"path":"particles/pb/scraft/beam/beam_impact_ember.particle.json","key":"vK0EyoCbedGPS3j62kUnPUF8193KTgEJ"},{"path":"particles/pb/scraft/beam/beam_sparks_small.particle.json","key":"zE5qVt039UW75xiqayoqyrKhcP9X04sX"},{"path":"particles/pb/scraft/beam/darkfirebolt_beam.particle.json","key":"rX0o4clgK3snGuaflAnx8ZTHZMvRI0TH"},{"path":"particles/pb/scraft/beam/darkfirebolt_beam_90.particle.json","key":"lH992IVWWhZeU8husANtp5fnUCoRC0UM"},{"path":"particles/pb/scraft/block_marker.particle.json","key":"wP7Q0COop6BeFS0M0YwfTNA92yIdRIwT"},{"path":"particles/pb/scraft/breath/dragon_breath_embers.particle.json","key":"xU2lGEh3OWBHfdf7LwCAOKtFMn7776Sh"},{"path":"particles/pb/scraft/breath/dragon_breath_fireburst.particle.json","key":"mB2qa1h7Z7qOi6zJ7bj2iQMX1pATMLqM"},{"path":"particles/pb/scraft/breath/fire_breath_impact.particle.json","key":"qL3duFx6J4kaNH61EWjikCP2Chjqljd3"},{"path":"particles/pb/scraft/breath/fire_breath_sparks_small.particle.json","key":"nQ4Nt8tLGR7ePhMuEdP2Iw4Ronaf45vV"},{"path":"particles/pb/scraft/cast/cast_circle_fire.particle.json","key":"uQ51vdkgacttt4ZSqaLruXmJkaYIectw"},{"path":"particles/pb/scraft/cast/cast_embers_fire.particle.json","key":"hF0rYGhg9cO6KSFGpuwZFbbdcffNRSA8"},{"path":"particles/pb/scraft/cast/cast_embers_fire_forward.particle.json","key":"zQ8r6IHCYQ4Bw9k11xn2y7xvq7dBwr59"},{"path":"particles/pb/scraft/cast/cast_lightning.particle.json","key":"xM5OXUl5a9zYF770EqqVO79Logj0CUZi"},{"path":"particles/pb/scraft/darkfire/aura_fire.particle.json","key":"nW5YbTSVEjGciIXXl3Wg4pAiavOrnin7"},{"path":"particles/pb/scraft/darkfire/aura_fire_embers.particle.json","key":"aQ4bjFQMvZVO1jJMuCXSoTiweKhGQm7u"},{"path":"particles/pb/scraft/darkfire/aura_fire_impact.particle.json","key":"sB5y7x7o8a7JMdPqmcWWUWlTeHc6QwHK"},{"path":"particles/pb/scraft/darkfire/aura_fire_impact_embers.particle.json","key":"pX4Sdd8M4sQjR7pbYB01MEzRCCiroZii"},{"path":"particles/pb/scraft/darkfire/aura_fire_rune.particle.json","key":"aV86jxwknABSMsr5Qz9V3wVTcqnhzK5V"},{"path":"particles/pb/scraft/darkfire/aura_fire_slash.particle.json","key":"sQ0gaSfHAAYx5inHQnuV2vs1JIgp08aO"},{"path":"particles/pb/scraft/darkfire/darkfireball_embers.particle.json","key":"gA1AFIr23mLIyXJzBALG0csfyHCKLQv6"},{"path":"particles/pb/scraft/darkfire/darkfireball_impact_ember.particle.json","key":"bW90m82vv08Vvh42SU7k8BgOryYJRYvd"},{"path":"particles/pb/scraft/darkfire/darkfireball_satellite.particle.json","key":"oW4Gb3muClUm1J6g6MoF6nUBXWHyOY9v"},{"path":"particles/pb/scraft/darkfire/darkfireball_satellite_small.particle.json","key":"xU0xsYTjsTL7r6YfENyTraBsRgXcxOAI"},{"path":"particles/pb/scraft/darkfire/darkfireball_sparks_small.particle.json","key":"gU0o16pgtbMKTLYmtqUXylaABUMaCVuy"},{"path":"particles/pb/scraft/darkfire/darkfireball_spherical.particle.json","key":"bQ7t2vozTQKefbu9zkm3hHlHoXS85K0Y"},{"path":"particles/pb/scraft/darkfire/darkfireball_tiny_embers.particle.json","key":"jY9d3SKl5N16KwZtbrQEqQqlVY75lchn"},{"path":"particles/pb/scraft/darkfire/darkfireball_trail_instant.particle.json","key":"gV4kPG8eHK0JrlmSTOdskcsaadOaVJya"},{"path":"particles/pb/scraft/darkfire/darkfireball_trail_small.particle.json","key":"nP3azUq8fb9d8vOteO6KfgqInhuNiacu"},{"path":"particles/pb/scraft/darkfire/darkfirebolt_core.particle.json","key":"wF53xgmEVZbb64jn87qkbEbRfOWChIdq"},{"path":"particles/pb/scraft/darkfire/darkfirebolt_tiny_embers.particle.json","key":"hH6Kg6UC36qzk1xZO4Lf9h1xFRlBYSel"},{"path":"particles/pb/scraft/darkfire/darkfirebolt_trail_instant.particle.json","key":"eE7rhIOOqveIGyMjoqEcSuEedM5JL6WG"},{"path":"particles/pb/scraft/darkfire/darkfirebolt_trail_small.particle.json","key":"cN6uZBIbYF3Y1BZk20es2xcROgFosMaq"},{"path":"particles/pb/scraft/darkfire/darkfire_explosion_medium.particle.json","key":"dW5MKF5xG52UbTkpGBIbmlVp048IWzj2"},{"path":"particles/pb/scraft/darkfire/darkfire_explosion_small.particle.json","key":"cJ1jdnTKm6x2EfGsjokUUauocTyGiOsK"},{"path":"particles/pb/scraft/darkfire/darkfire_slash.particle.json","key":"vG5CnyTveTYJNtky8x5dVfGCZygF88oq"},{"path":"particles/pb/scraft/darkfire/darkpyroball_embers.particle.json","key":"zB8ejAwIFxJgNbeuPKe4NS149MyrbKQE"},{"path":"particles/pb/scraft/darkfire/darkpyroball_explosion.particle.json","key":"mE6XiQnb297hLjqMMdgM9kqJerk6c0h4"},{"path":"particles/pb/scraft/darkfire/darkpyroball_glow_instant.particle.json","key":"jY0zd9CG3K2d66onGaw8Xbl6tkZkk6V3"},{"path":"particles/pb/scraft/darkfire/darkpyroball_sheetsphere.particle.json","key":"fU3683do2kWJxgw1aHVgewwa8nf7vtHm"},{"path":"particles/pb/scraft/darkfire/darkpyroball_shockwave.particle.json","key":"cY3WHtaYvxlqE6SNpxyWKWuZ8wAEtkZQ"},{"path":"particles/pb/scraft/darkfire/darkpyroball_sparks.particle.json","key":"cQ5VW8akxecnV2lUBUHgVaBoL2TO5bY1"},{"path":"particles/pb/scraft/darkfire/darkpyroball_spherical_ex.particle.json","key":"tN2zKZs4eJHk4Qcbh1UW3bM4gLU9wILP"},{"path":"particles/pb/scraft/darkfire/darkpyroball_spherical_ex_2.particle.json","key":"kK3tS9muedojNEyrJThkW6XPWzuSYkAG"},{"path":"particles/pb/scraft/darkfire/darkpyroball_trail_instant.particle.json","key":"xO6APPpraAiLPhZ6WmxmkQxuuxWq4Q2a"},{"path":"particles/pb/scraft/darkfire/darkpyroball_trail_instant_2.particle.json","key":"jP5JIYAlZUsvTlCYHpz09u034c4s5U6j"},{"path":"particles/pb/scraft/darkfire/fireburst_embers.particle.json","key":"xG6BJ58Erb2ppwr5P7etBfxM2dw9e5hn"},{"path":"particles/pb/scraft/darkfire/fireburst_nova.particle.json","key":"kL0o5kUnXFFgavSMB17nO3kzGrOpgVNV"},{"path":"particles/pb/scraft/darkfire/fireburst_nova_swirl.particle.json","key":"cO0brfCxb87pyOskG7M1K83xE9q9rLGv"},{"path":"particles/pb/scraft/darkfire/fireorb_embers.particle.json","key":"iT59YiEhtPn0ElfO341PUvVh6SdWLPZU"},{"path":"particles/pb/scraft/darkfire/fireorb_embers_steady.particle.json","key":"zG4LaZTWcgNocG7Ih43LvvpZqR7vuU08"},{"path":"particles/pb/scraft/darkfire/fireorb_spherical.particle.json","key":"uQ8oEuVia9RuaKU96l4vdejdkRfnPOTQ"},{"path":"particles/pb/scraft/darkfire/fireorb_summoning_flames.particle.json","key":"iS890kqN7p4YrOg72fLbEk6WPWHbzdv7"},{"path":"particles/pb/scraft/darkfire/fireorb_summoning_rune.particle.json","key":"gF9Lxb46HYdCbZ257A4yASFChfllWIHS"},{"path":"particles/pb/scraft/darkfire/fireorb_trail_drop.particle.json","key":"pB2WyPZqVu25lSZVIthTL7NoRbfCRXfL"},{"path":"particles/pb/scraft/darkfire/fire_orb_shockwave.particle.json","key":"rE8FsAEHMiZ9JOcNgdzeHsuUGWEyhBWC"},{"path":"particles/pb/scraft/darkfire/twirl_fire.particle.json","key":"gA8WGGvPf49sCtVfvVLxgp7JnsRBLHri"},{"path":"particles/pb/scraft/earth/aura_rock.particle.json","key":"fY1f4i1W6rAyHGbF5AR0BYnWuBKsQcHi"},{"path":"particles/pb/scraft/earth/earthquake_dust.particle.json","key":"eM8Wfb03P0E24CmT3ROQ1QuX5KZ73ctK"},{"path":"particles/pb/scraft/earth/earthquake_rocks.particle.json","key":"eY5fndMnhdeyqucKqFWkBW9WuVB9Au2s"},{"path":"particles/pb/scraft/earth/earthquake_zone.particle.json","key":"hW1xIbHB6AL3bE28jNwb39wXh8CAzFF6"},{"path":"particles/pb/scraft/earth/earthquake_zone_2.particle.json","key":"bR2tv3qsffFdBVEvM4T6NCubu98AfGcb"},{"path":"particles/pb/scraft/earth/huge_rocks.particle.json","key":"fF15hIeOyiOrSn963Eo0NJvEh9IGSf6e"},{"path":"particles/pb/scraft/earth/rock_dust.particle.json","key":"kZ19cNOcXw7u9dc7MZ3cHJOTVy5cUVCh"},{"path":"particles/pb/scraft/earth/rock_explosion.particle.json","key":"aF6y61FSgrepMK45MWUkE3COZLhQeWS1"},{"path":"particles/pb/scraft/earth/rock_shockwave.particle.json","key":"cP7pA0FFFRZsrVghaSvgeH3r2GFFqxCq"},{"path":"particles/pb/scraft/earth/rock_sparks.particle.json","key":"oK7SapSuto7IsOkSOJkGZLIeC5qPdxq6"},{"path":"particles/pb/scraft/earth/rock_trail.particle.json","key":"bO6G7vwtBiqH1nxkMNRr4Ymr251OsUw6"},{"path":"particles/pb/scraft/freeze/freeze_hit.particle.json","key":"qP4aNk74KCFWMj3bV4Wwfj5e1vQJE8lA"},{"path":"particles/pb/scraft/freeze/freezing_cone.particle.json","key":"jW8SC6EgxULBoZVtlH7Uaqjzy92QsjVy"},{"path":"particles/pb/scraft/freeze/freezing_fog.particle.json","key":"oV61IQr8Ppou0RHPAyGWGyPAYR6PcmAN"},{"path":"particles/pb/scraft/freeze/wind_stripes.particle.json","key":"mQ7YtJAjbroVwGUxB8B9BRznWT4cKiZA"},{"path":"particles/pb/scraft/lightning/lightning_impact.particle.json","key":"cM8v4lp5Mnz2mWQ8LXVRQA4fLqyv8qiT"},{"path":"particles/pb/scraft/lightning/lightning_impact_main.particle.json","key":"pV30AAt49GqbclinAZFuGWcpL3L7W7xK"},{"path":"particles/pb/scraft/lightning/lightning_main.particle.json","key":"jH7nwPvEyHY6fNmiFeVzjpRVxL251oki"},{"path":"particles/pb/scraft/lightning/lightning_rune.particle.json","key":"pI8ts1zUzKHJfrqE4o8WE1o7HnqpsLtF"},{"path":"particles/pb/scraft/lightning/lightning_satellites.particle.json","key":"nO5LM5SohdZF2ph71Mlv2NoT8qbg9ugv"},{"path":"particles/pb/scraft/lightning/lightning_shockwave_spherical.particle.json","key":"gR4O5FXIqrTNuc8t1ARPs2NXj28TFX5H"},{"path":"particles/pb/scraft/lightning/lightning_y_impact_main.particle.json","key":"hC9pBv0v2Z62lO1IzsZw5fXnvEE9P8hF"},{"path":"particles/pb/scraft/lightning/lightning_y_main.particle.json","key":"dP6Yx5d01ClhLaYbPeNmB0EUVZVzGabV"},{"path":"particles/pb/scraft/lightning/lightning_y_shockwave.particle.json","key":"uP5OhH0Q3tCpHVTImh2Ux4NBH7PPSE7a"},{"path":"particles/pb/scraft/mana/altar_ambient_1.particle.json","key":"yO7W5fqsqU8QdVX4edRzE9ujozCjQjAy"},{"path":"particles/pb/scraft/mana/condenser_activate.particle.json","key":"kI9G3wHeYuY2giFe50slQN6uHJjKbBYT"},{"path":"particles/pb/scraft/mana/display_ambient.particle.json","key":"mS2ob8HruI9B7WLw7Ynhvkr2xbaTQbZA"},{"path":"particles/pb/scraft/mana/harvester_generate.particle.json","key":"eR1Wv9Tux1XgLAiqSiiM7pswj0jMa84M"},{"path":"particles/pb/scraft/mana/pot_ambient.particle.json","key":"dN3oQGACktfTaJULmbyaaQczTjFmlIr6"},{"path":"particles/pb/scraft/mana/tank_ambient.particle.json","key":"vX2YFiCCrbu3nOVT9TKxUsW2AVBj5PF7"},{"path":"particles/pb/scraft/pink_smoke.particle.json","key":"xN63AkAixBp72BaynU6dpIswcANug9iG"},{"path":"particles/pb/scraft/runes/rune_spin.particle.json","key":"pP5dHqI6xxFgF7euI9NKiuKWPuauVEgo"},{"path":"particles/pb/scraft/tornado/tornado_air.particle.json","key":"uP05ttpW07v0C4czNuuYJk8NwTTnkUI5"},{"path":"particles/pb/scraft/tornado/tornado_air_embers.particle.json","key":"fZ0ySzAuoZ1nGI4mi10KL7dqfiQEU8Ta"},{"path":"particles/pb/scraft/tornado/tornado_air_slash.particle.json","key":"uV7toBRMyukSyKQ5pG9UXMMUtButWwET"},{"path":"particles/pb/scraft/tornado/tornado_air_spark.particle.json","key":"wT0CrFV0LziNzIqigelCAGMWG6QlOxvK"},{"path":"particles/pb/scraft/tornado/tornado_core.particle.json","key":"cU8WwhyGNmIjiqzwHbOZxxrFxzE9Ln8z"},{"path":"particles/pb/scraft/tornado/tornado_fire.particle.json","key":"lH8lg7lxZcAAIgmjnyaUAVmN6C0wEGpv"},{"path":"particles/pb/scraft/tornado/tornado_fire_embers.particle.json","key":"hA2FXBAaTIARr56Yg4RN5Rxi5qKwvbLn"},{"path":"particles/pb/scraft/tornado/tornado_fire_slash.particle.json","key":"xC2vBI2fpkBnGwBMYX7KSYXuJZx2QLZ5"},{"path":"particles/pb/scraft/tornado/tornado_fire_spark.particle.json","key":"fX50YMPbNiw9xIT42ZIMXF1SIrL1KExw"},{"path":"particles/pb/scraft/tornado/tornado_fire_trail.particle.json","key":"pA3dn4P6rIrqugRKbNkpbLEG5v5ZVJeo"},{"path":"particles/pb/scraft/tornado/tornado_horizont.particle.json","key":"hL0NKdxv6qJUCoYndPEjwGs5g9UbmBE1"},{"path":"particles/pb/scraft/tornado/tornado_slash.particle.json","key":"pO2dGvSTm3PLcT547xMpoah1p8YggGYx"},{"path":"particles/pb/scraft/tornado/tornado_whirl.particle.json","key":"gK62miUeiocjJsHCCRvX7Ql2NHn8wozS"},{"path":"particles/pb/scraft/twilight/arc_light.particle.json","key":"rM0jLKU5gsmBoM4ISw2aor3Nic758csV"},{"path":"particles/pb/scraft/twilight/arc_light_90.particle.json","key":"yA59wtvye4j37sejFCuSxy4UChhKdhka"},{"path":"particles/pb/scraft/twilight/arc_light_impact.particle.json","key":"sM3Xc3Pz55BPxjvqWzFqWxUqIndL1Gos"},{"path":"particles/pb/scraft/twilight/arc_light_shine.particle.json","key":"xH3vNh6hipIA2OpLXwcnUuEGoR8lv1Nd"},{"path":"particles/pb/scraft/twilight/gnaw_spherical.particle.json","key":"fV9Y9cE28tyYMv0Xtykwa3k5A75tbLWJ"},{"path":"particles/pb/scraft/twilight/gnaw_trail_instant.particle.json","key":"lL3aZzabwtcbASoY1j5LhpAHrE9xGh64"},{"path":"particles/pb/scraft/twilight/moonbeam_beam.particle.json","key":"tR7SOXk75ZzrkrzlxwVsci88BudgZ1IH"},{"path":"particles/pb/scraft/twilight/moonbeam_embers.particle.json","key":"nG4WyhjzLhB57yB9QUSOcjRHQVyWLAfN"},{"path":"particles/pb/scraft/twilight/moonbeam_explosion.particle.json","key":"fE02ho8ltRjex5mE0AFMw3nGAhlVzOSp"},{"path":"particles/pb/scraft/twilight/moonbeam_explosion_embers.particle.json","key":"oK3rj0MP5tMLf6q06n9niVv21lWZ3ffg"},{"path":"particles/pb/scraft/twilight/twilight_explosion_hit.particle.json","key":"kH1E2OOdOkRWxL7ulf3Y59X5Vgl4br2X"},{"path":"particles/pb/scraft/twilight/twilight_explosion_impact.particle.json","key":"fO3WNy5Tno9jLe0mmxIYq5uogVusAR7I"},{"path":"particles/pb/scraft/twilight/twilight_explosion_impact_lens.particle.json","key":"uF4c4dsioPkUlHAveZz2BNTEYp0MqTfP"},{"path":"particles/pb/scraft/twilight/twilight_explosion_rune.particle.json","key":"rP5VibJGvfrYj1xq40bFdGAftgKTbKdv"},{"path":"particles/pb/scraft/twilight/twilight_explosion_sheetsphere.particle.json","key":"oQ4Rm33vcG8FeT8XsSSPjrRSO840qjqP"},{"path":"particles/pb/scraft/twilight/twilight_explosion_spherical.particle.json","key":"gY0NWBAYiG7qp6TMT0ZM7yKPhxF8H2iL"},{"path":"particles/pb/scraft/water/aura_bubbles.particle.json","key":"oJ6BcJWuqCRBqi1KwpOsujLJuWY3k1yk"},{"path":"particles/pb/scraft/water/aura_bubbles_embers.particle.json","key":"wL1jLrYPrjKvhF5PlTS6iUJ0yfagmswr"},{"path":"particles/pb/scraft/water/aura_bubbles_impact.particle.json","key":"tL2YHwZQyGKgyI6KQAuHQPwMV7Cz5t0l"},{"path":"particles/pb/scraft/water/aura_frost_crystals.particle.json","key":"mK3QB1oMzlYzElhoRw2CehjCnPYpXSxR"},{"path":"particles/pb/scraft/water/aura_frost_rune.particle.json","key":"rM34tL7umYKMLuxp4bZgEavtRQgys56g"},{"path":"particles/pb/scraft/water/aura_frost_snowflakes.particle.json","key":"sE3q7l00j5k9cYAv8Nuqys4EVJWdng6Y"},{"path":"particles/pb/scraft/water/aura_frost_snowflakes_2.particle.json","key":"pZ49KVBlk9ecyaiW0Kp8yKHR00tA437Y"},{"path":"particles/pb/scraft/water/aura_frost_windstripes.particle.json","key":"tY06SK4qwOoiBagpu5shSX4FwAHNzQZH"},{"path":"particles/pb/scraft/water/bubbles_shine.particle.json","key":"fP720RvpqScmKUr0coHFvR1i7nlKdK5U"},{"path":"particles/pb/scraft/water/ice_impact_crystals.particle.json","key":"pW1kqJ1XIxXmuPJecXedP7iXZ1QGLOOE"},{"path":"particles/pb/scraft/water/ice_spike_dust.particle.json","key":"fS2N7wuNNU4ASqPR4U3zS9yW7FH2uyzq"},{"path":"particles/pb/scraft/water/ice_spike_dust_small.particle.json","key":"fP4VIYb2bcAGylnabotMhvihVm3adT4b"},{"path":"particles/pb/scraft/water/ice_spike_fog.particle.json","key":"wC5n5z7QR0Oa2fXXLQxHsWZIZttMzwla"},{"path":"particles/pb/scraft/water/ice_spike_impact.particle.json","key":"jO9pXmAxItUHMzcvwE6TytNJrpzpjG5h"},{"path":"particles/pb/scraft/water/ice_spike_impact_2.particle.json","key":"aC9r72CqCfmfA5QpsIA9S8vNY4zHIrbx"},{"path":"particles/pb/scraft/water/ice_spike_trail_instant.particle.json","key":"gV8ZvaScn6N01OSNpkMxSE12ntiMsxWV"},{"path":"particles/pb/scraft/water/ice_summoning_rune.particle.json","key":"aQ5xEf20LY0Nt43nptaNJ2Oxed7gP7uE"},{"path":"particles/pb/scraft/water/twirl_bubbles.particle.json","key":"uF7ZHpxdJsY8QKJ0256xo14WppXyobTj"},{"path":"particles/pb/scraft/water/water_summoning_rune.particle.json","key":"iV008LNo92qmKHgwoCT6iLwYfYyPxKV3"},{"path":"render_controllers/pb_scraft.render_controllers.json","key":"nJ1oYEfbnMepmX1uUmsQq9mTAHk43Tro"},{"path":"sounds/pb/scraft/air_tornado_cast.ogg","key":"jK1w67onadVBaQBJVdjeR286hHvMlfjg"},{"path":"sounds/pb/scraft/air_tornado_idle.ogg","key":"vV0Eha03h21dTce2pxOezdN4I1N0eUdT"},{"path":"sounds/pb/scraft/air_tornado_launch.ogg","key":"gS92MFc3slf999Bm3G5xGvUbvUjsWW1u"},{"path":"sounds/pb/scraft/altar_idle.ogg","key":"hU5ucUZzEwmSbRe7QrQrSjOPN4VPMJVa"},{"path":"sounds/pb/scraft/altar_idle_s.ogg","key":"mE6JN7yYLLgaXrQiv0CtqNLGIHupUgV1"},{"path":"sounds/pb/scraft/altar_item_creation.ogg","key":"eK6SGCPhh4F0rLTf0F4ML1XGYHECJQkz"},{"path":"sounds/pb/scraft/altar_item_placed.ogg","key":"gV4xTx8WIRwII4OSZjcWyaULcmdXCwrB"},{"path":"sounds/pb/scraft/altar_trigger.ogg","key":"uI0SSjrVLPpow7RMYkZsTBUTQBHVcYsY"},{"path":"sounds/pb/scraft/cannot_cast_spell.ogg","key":"cH0clb1O9KGBEOQPJwukJYHx35vyi2fF"},{"path":"sounds/pb/scraft/comet_cast.ogg","key":"kJ124gqcVRAFh7ZnRGi6EdgLp8MG4YZ0"},{"path":"sounds/pb/scraft/comet_idle.ogg","key":"tA5IhitifyLPCbjXIewBYt7Lc0ICW8df"},{"path":"sounds/pb/scraft/comet_launch.ogg","key":"zZ5f6GSxXKsbE8RkmAHniPW1bl4XZH1N"},{"path":"sounds/pb/scraft/earthquake_loop.ogg","key":"tK0YaZCIRUX56y25GGel0iuA2xqtl4qX"},{"path":"sounds/pb/scraft/fiery_spin_cast.ogg","key":"kV3BK6beBjHg5Zno78RdnI9iWqwnkJcc"},{"path":"sounds/pb/scraft/fiery_spin_end.ogg","key":"uU8C4Z1Fi5b9XogCWub8CtXAkLRfkYUH"},{"path":"sounds/pb/scraft/fiery_spin_impact.ogg","key":"rZ8rN1F5srwWpwFye8t1hV54J2i74CV0"},{"path":"sounds/pb/scraft/fiery_spin_launch.ogg","key":"zF166aCJ9qnxExMSQlx0XNCEktsYds1J"},{"path":"sounds/pb/scraft/fiery_spin_spinning.ogg","key":"uW3iB7Ck5bsyryEMqOapN6vRFP5omtnb"},{"path":"sounds/pb/scraft/fireball_cast.ogg","key":"bN9ckQfI24wVh2QzfmiGukS5zqkMfF0d"},{"path":"sounds/pb/scraft/fireball_impact.ogg","key":"yO3T75uqYo9oYomPT7xi9oEtHhaee4lp"},{"path":"sounds/pb/scraft/fireball_launch.ogg","key":"gJ73AuMhYim9Zc6uYcHm8d28dndXWVPR"},{"path":"sounds/pb/scraft/firebolt_cast.ogg","key":"iQ3lQCO3Jf1UStcsaImjUn3EOK2ZTfN0"},{"path":"sounds/pb/scraft/firebolt_impact.ogg","key":"nJ8MsyF4i73086SEaJttSJngwY2ZiTZ6"},{"path":"sounds/pb/scraft/firebolt_launch.ogg","key":"iQ3AZdcMupOjqgIKB6cNCSkCTh4Sz2xp"},{"path":"sounds/pb/scraft/fire_impact.ogg","key":"gN86MBVHzY040SumRgLCqef8pltLlHcT"},{"path":"sounds/pb/scraft/fire_launch.ogg","key":"gQ9XRuZHOApwWxztbTKW8fmgT4ZJHZN3"},{"path":"sounds/pb/scraft/flash_teleport.ogg","key":"aC1rllPsiyo0MTsT2voKzmBw91RK4meK"},{"path":"sounds/pb/scraft/freeze_cast.ogg","key":"pW7RjWR1K6CzQerZ136wGaZN6V0wtiN1"},{"path":"sounds/pb/scraft/freeze_impact.ogg","key":"eI5eRcOrh0OzbjizU665Plv8W8qeOBGU"},{"path":"sounds/pb/scraft/freeze_launch.ogg","key":"tQ4heGuwOGcaxZeXerhNgSfat3HX82aC"},{"path":"sounds/pb/scraft/freeze_snow.ogg","key":"jF7uTUjoMviFZfu7f6jmmHda5UqsAKsO"},{"path":"sounds/pb/scraft/frost_aura_cast.ogg","key":"kX9qxCVBnEWYEfkJ7gJrtSTWpWS44kII"},{"path":"sounds/pb/scraft/frost_aura_impact.ogg","key":"tA3RNBcL4WXory37Y5E1ulNSV2E1Mfxb"},{"path":"sounds/pb/scraft/frost_aura_launch.ogg","key":"mQ2b8BkE3WRvB5te87AKFz7lFp6uOqZE"},{"path":"sounds/pb/scraft/frost_aura_snow.ogg","key":"qN6cOKvCXjjcAEEaaKglBkSEG6UvLCsp"},{"path":"sounds/pb/scraft/healing_aura_cast.ogg","key":"uH0spFywB9Qq5Hmct8EfFGOu8HKXRSjc"},{"path":"sounds/pb/scraft/healing_aura_idle.ogg","key":"iF0mHG3JsoGoPnRyUPRJKEhkwVejJKti"},{"path":"sounds/pb/scraft/healing_aura_launch.ogg","key":"kN51cUe3bgYAC53ziiumfSwkdsjQ5Fg8"},{"path":"sounds/pb/scraft/heal_bubble_cast.ogg","key":"zU7h3ZdVW5zrLzPKnmfLiMZiB70OZAK3"},{"path":"sounds/pb/scraft/heal_bubble_impact.ogg","key":"qS8utrGv0zCOaBn7fKkyvh4znpGU8xYC"},{"path":"sounds/pb/scraft/ice_pillars_cast.ogg","key":"kI06P1MjuaULxey6W1KTGZegVl0AgYdX"},{"path":"sounds/pb/scraft/ice_pillars_launch.ogg","key":"rM6Ap7GmLH2nKLLCGOlTEZV2BhqYQhVP"},{"path":"sounds/pb/scraft/ice_pillars_out.ogg","key":"mI6Hv7qxm2LN5hgp9fP8KvhTdtSZNYBq"},{"path":"sounds/pb/scraft/ice_spike_cast.ogg","key":"eU3p3upQ5O9mbjM6WkzSditC75QA9KRr"},{"path":"sounds/pb/scraft/ice_spike_impact.ogg","key":"wC4LCyw09Y7OdeRsn7Avp2pW7vGnqBO9"},{"path":"sounds/pb/scraft/ice_spike_launch.ogg","key":"cK1wQcGmj3XOW4Uxb5PUMQYAbNAVOtKc"},{"path":"sounds/pb/scraft/ice_wall_cast.ogg","key":"pR3PrCtQ7Fd9Ehe5xpudqsYciSmT8NXa"},{"path":"sounds/pb/scraft/ice_wall_launch.ogg","key":"cK064QnRcLuRRlAm3afAdabdnRkOte6L"},{"path":"sounds/pb/scraft/interact_contraption.ogg","key":"jA3RjFbsvFbzkfCSRbxTqhIwYAZR9tkO"},{"path":"sounds/pb/scraft/lifesteal_bite.ogg","key":"zA1cVF7gReWBuvlMOeTxoN5uK86SJcl5"},{"path":"sounds/pb/scraft/lightning_strike_cast.ogg","key":"iT59zlkaEH2BH83wHgjPsj3iVGX9QOHS"},{"path":"sounds/pb/scraft/lightning_strike_launch.ogg","key":"oF7eomkOY5M0pIhEREkpiQ7KkdwfuSYe"},{"path":"sounds/pb/scraft/light_arc_cast.ogg","key":"dY9klE47O0Mh3V9VhkQMshfUCmppj6Eb"},{"path":"sounds/pb/scraft/light_arc_end.ogg","key":"eP7cPOFgbO8VlSXR35FRi4IqYBZRqRuA"},{"path":"sounds/pb/scraft/light_arc_impact.ogg","key":"nK1fdJ3BmON6bR5qH8gqGhprWWegdmmf"},{"path":"sounds/pb/scraft/light_arc_impact_s.ogg","key":"vB92suGLTKJ8zUhsRYEp2N8PimEfBx2v"},{"path":"sounds/pb/scraft/light_arc_launch.ogg","key":"rV0XGlC27XkHLFp355F6aosG0Xvogfnv"},{"path":"sounds/pb/scraft/out_of_mana.ogg","key":"gK6EzmvKhuMGngcxTSMp9CRRZva9qqpa"},{"path":"sounds/pb/scraft/pyroball_cast.ogg","key":"jY63Oj4oEagsShGKIaUfKiQ1Nr8FeUbp"},{"path":"sounds/pb/scraft/pyroball_impact.ogg","key":"cE9GIyz1oU918JYaAlL4kPyzi7XhZxqV"},{"path":"sounds/pb/scraft/pyroball_launch.ogg","key":"nR7UCkAuxkReL8rjE8wtra800bstCdC2"},{"path":"sounds/pb/scraft/restore_mana.ogg","key":"sP0jB0grX7YQEji0jEkzG4KkH1Qk3qke"},{"path":"sounds/pb/scraft/rock_spell_cast.ogg","key":"wK7YBRnvAYHK6FpjliMfy5zdegXQ3Yjk"},{"path":"sounds/pb/scraft/rock_spell_impact.ogg","key":"rF4Hx6IG2cckmA3yB0chRGjeTfwUf6uI"},{"path":"sounds/pb/scraft/rock_spell_launch.ogg","key":"tL010Rr1PGjBeofokMVRUKtCC4v6lUye"},{"path":"sounds/pb/scraft/tornado_cast.ogg","key":"cN8qyFp9oEaoSRvf4kPRpuHNYXhCVhm9"},{"path":"sounds/pb/scraft/tornado_idle.ogg","key":"oC426502Q4EeefYWHinCR3TMWw080Ahq"},{"path":"sounds/pb/scraft/tornado_launch.ogg","key":"yS56l1KUppMnUPAi0SrccqkePmPKIU2r"},{"path":"sounds/pb/scraft/twilight_explosion_cast.ogg","key":"gU8FowA66GK0yuwEW0RQSEe5hur5SSLM"},{"path":"sounds/pb/scraft/twilight_explosion_launch.ogg","key":"cI9KJoYvGzdO55G84wRNOcu85FfazBiI"},{"path":"sounds/pb/scraft/upwind.ogg","key":"aY62VdGcKPOlWTR3P6qmmuUrSS9kSuB5"},{"path":"sounds/pb/scraft/wind_sickle.ogg","key":"aF7Whle0R1lxeAjRGFSXsRXcfvwLhGYM"},{"path":"sounds/sound_definitions.json","key":"hH34YatPmCSLaZG45d6JSj1bCManLU7o"},{"path":"sounds.json","key":"cJ8Q5Wyu2uO9F4MeyIW0vVGl7JRP8Jaz"},{"path":"texts/en_US.lang"},{"path":"texts/languages.json"},{"path":"textures/item_texture.json","key":"mS2G8FdUVobMWM2psW0BqA7Tggkg12P9"},{"path":"textures/pb/scraft/attachable/air_staff.png","key":"zZ8ZZUIw9RJkYjCTexBWJr85smFAFpzW"},{"path":"textures/pb/scraft/attachable/air_staff_1.png","key":"fM1HBhaHIWR8x4NbKgKttY32TB5ktQQY"},{"path":"textures/pb/scraft/attachable/air_staff_1_anim.png","key":"kY9WHLd15ly7jlZfZPJMdB0k1JncHGXo"},{"path":"textures/pb/scraft/attachable/air_staff_2.png","key":"cF8C0rrYs8rtpKEmoeCLv4YTSzCJjF0Y"},{"path":"textures/pb/scraft/attachable/air_staff_3.png","key":"pW2OSdO2Z05lTGELhEH3B3ipFq37e2Kn"},{"path":"textures/pb/scraft/attachable/air_staff_flip.png","key":"bB7IHEd4nko61vE3y7nx745pAW70owZM"},{"path":"textures/pb/scraft/attachable/arcane_wand.png","key":"rK7ZygyXLiEg0bELwQWPMEB6fbHPTn1t"},{"path":"textures/pb/scraft/attachable/armor/color/dark_wizard_boots.png","key":"qP77Yp2cVerSzkEgWaNaIypOcdXgcwOZ"},{"path":"textures/pb/scraft/attachable/armor/color/dark_wizard_chestplate.png","key":"pG0dKOoOl6Wm3hhdUKEUZeSrp3ZRPLwM"},{"path":"textures/pb/scraft/attachable/armor/color/dark_wizard_hat.png","key":"gJ3S4v7GmNBe3cMvOm9lWtWdgBFhU5tU"},{"path":"textures/pb/scraft/attachable/armor/color/dark_wizard_leggings.png","key":"uV0wl6nCFsrzi24IWTio1ZAod1gt1hGi"},{"path":"textures/pb/scraft/attachable/armor/color/skull_wizard_boots.png","key":"kX4jsFfnlBa2COxi6t3LjFSugNZPJ8oo"},{"path":"textures/pb/scraft/attachable/armor/color/skull_wizard_chestplate.png","key":"yI0MeuTwUa2tdKMTtjXi1MLWW4NJVcph"},{"path":"textures/pb/scraft/attachable/armor/color/skull_wizard_leggings.png","key":"yA1mKUcz3jdWf0jUGCCYQCTBJPLeCKiE"},{"path":"textures/pb/scraft/attachable/armor/color/skull_wizrad_leggings.png","key":"xX56E5a2zVZ6ITiKdQG5NGelY1pr6j0P"},{"path":"textures/pb/scraft/attachable/armor/color/wizard_boots.png","key":"xZ9vFFVZzLvGrVpxkdXyxICQrP114Vkq"},{"path":"textures/pb/scraft/attachable/armor/color/wizard_chestplate.png","key":"tF56n8fBYC7TiwAinyZe98EFxGNO1xJL"},{"path":"textures/pb/scraft/attachable/armor/color/wizard_hat.png","key":"kR32BkeTx3ShzfmSxOUhnktydAhg1KTr"},{"path":"textures/pb/scraft/attachable/armor/color/wizard_hood.png","key":"uP78yYB86B3JFSEz9Aeorsr1cdvjQXzv"},{"path":"textures/pb/scraft/attachable/armor/color/wizard_leggings.png","key":"vB8WfctIL2bTNsFHLoF8qgGdqCTfgsmy"},{"path":"textures/pb/scraft/attachable/armor/dark_wizard_boots.png","key":"tP7aKetA31lFdwZuux08dI4AO9i5Mlfc"},{"path":"textures/pb/scraft/attachable/armor/dark_wizard_chestplate.png","key":"dE3nIb5TV6iLAXBVLXgeGx6tfXTvtPa7"},{"path":"textures/pb/scraft/attachable/armor/dark_wizard_hat.png","key":"yF9UpkIRgGGOoclGWu8u7TpY0jMAKbSE"},{"path":"textures/pb/scraft/attachable/armor/dark_wizard_leggings.png","key":"tT89KQZ5gnGtIToXdL72VncgOoNrgkdO"},{"path":"textures/pb/scraft/attachable/armor/skull_wizard_boots.png","key":"hB5gESa2WB7gxfWYEGOQu3J9otZkmjl0"},{"path":"textures/pb/scraft/attachable/armor/skull_wizard_chestplate.png","key":"bF731k52q8McLstpjo0uk42K1dbQmM2m"},{"path":"textures/pb/scraft/attachable/armor/skull_wizard_leggings.png","key":"xU1qVhXwTTY2FgYgN1IWeKHUK81ugivg"},{"path":"textures/pb/scraft/attachable/armor/skull_wizrad_leggings.png","key":"kL2R7ZGWCvNcXzNkBpZJU3GtLpydUiGv"},{"path":"textures/pb/scraft/attachable/armor/wizard_boots.png","key":"jZ0izR47Flc6b8ZZgrvsb5cd2m9W9uLw"},{"path":"textures/pb/scraft/attachable/armor/wizard_chestplate.png","key":"zF2SOsUa7pure70cdNcdaCOro4oqGpVy"},{"path":"textures/pb/scraft/attachable/armor/wizard_hat.png","key":"aK2hZF8JwN8meLwBzdOma8EqX18pgjgx"},{"path":"textures/pb/scraft/attachable/armor/wizard_hood.png","key":"zU2wlyitJdrWXYCWst3dINBdC2jJB55A"},{"path":"textures/pb/scraft/attachable/armor/wizard_leggings.png","key":"gE2zvcM8lMaGTCmStgkpInz1xxUpvjCG"},{"path":"textures/pb/scraft/attachable/book.png","key":"oA1AFPGCoofyMQ3SF623TaOFQEUZjpY2"},{"path":"textures/pb/scraft/attachable/earth_staff_1.png","key":"gH9VgTl2Eu08CWtAE7tcXyzeJzxm7Gzd"},{"path":"textures/pb/scraft/attachable/earth_staff_2.png","key":"eK2OzLjbCUbOoaGCZqSIkpzWWdZGYzOA"},{"path":"textures/pb/scraft/attachable/earth_staff_3.png","key":"bI9SIMNVlfJuChGu2s05ghsI7EkNP6Ra"},{"path":"textures/pb/scraft/attachable/fire_staff.png","key":"oL7f6USj6JL57S9j14rwrT4r2Ef2gr8z"},{"path":"textures/pb/scraft/attachable/fire_staff_1.png","key":"nA4UYK2cG3IBw6WR9UXmiJ3XJzucMAhb"},{"path":"textures/pb/scraft/attachable/fire_staff_2.png","key":"dC84H6gLKl1u5jcfzf62NvmHMI1WpcbR"},{"path":"textures/pb/scraft/attachable/fire_staff_3.png","key":"pU28TTVOp8k6FzdSJJmWcN8ekLyVPpCi"},{"path":"textures/pb/scraft/attachable/ice_staff_1.png","key":"iJ0j6YbwlexIZNGc6WrauWP3qenA6tqr"},{"path":"textures/pb/scraft/attachable/ice_staff_2.png","key":"lM5NnBs7fkJA16aM1BkxpiJNUEmNKL0A"},{"path":"textures/pb/scraft/attachable/ice_staff_3.png","key":"qG3HjEKW1RuhgM8JdSNSGY7QK8FYaN3W"},{"path":"textures/pb/scraft/attachable/staff.png","key":"wS3tRrISUnJLRFQLNZhT32MThG3jqJcI"},{"path":"textures/pb/scraft/attachable/twilight_staff.png","key":"tV41YmwR46pja57AtNcSBMN9GRpoMoke"},{"path":"textures/pb/scraft/attachable/twilight_staff_1.png","key":"wW71eUmQUo8LFvNTJh7Ot41abBMvlZlQ"},{"path":"textures/pb/scraft/attachable/twilight_staff_2.png","key":"jJ4xwWZ01BOEvHSfT35YJoi45J1KEE0t"},{"path":"textures/pb/scraft/attachable/twilight_staff_3.png","key":"rR3UqaOrJsQnpN8qyfsaSx4d5hcRykkP"},{"path":"textures/pb/scraft/attachable/wand.png","key":"qL8GT4G7N20f0u1pyPhwWZj14xpvBPNM"},{"path":"textures/pb/scraft/blocks/arcane_altar.png","key":"oG49F8PpUmwtB5jzTgSwdKplNlS2c2NA"},{"path":"textures/pb/scraft/blocks/arcane_tablet.png","key":"yS4aO0hHMvWS531e9KcRqhgwOr0A4uhR"},{"path":"textures/pb/scraft/blocks/candelabrum.png","key":"jV3UZUIHxXHpPeANd1ASW5lHCSOTO6k4"},{"path":"textures/pb/scraft/blocks/chandelier.png","key":"gY2TLP6Z4QaQW9jFePbXsHfsaRtarJS1"},{"path":"textures/pb/scraft/blocks/creative_arcane_altar.png","key":"cQ6Pcal048FZ76j4YeCZ2L6sp70obsFf"},{"path":"textures/pb/scraft/blocks/creative_harvester.png","key":"aZ621lVPuQ3GeReo4BNbJkyAVNynkl2l"},{"path":"textures/pb/scraft/blocks/elemental _accumulator.png","key":"zJ4ub8Ff6tiJCyCqS1iFxmHTK5Co6kAG"},{"path":"textures/pb/scraft/blocks/harvester.png","key":"zY71vkYxU9LOuLYl18JnFhohm3c1zWRB"},{"path":"textures/pb/scraft/blocks/jar.png","key":"qX5N1G39kXb9SUICkK3XM4zZReOHHJnb"},{"path":"textures/pb/scraft/blocks/machine_block.png","key":"tF8BpVkmEUcSw8cr9kP4r510FxQiwecx"},{"path":"textures/pb/scraft/blocks/magic_cauldron.png","key":"wM045fBliLpcqYOHUKI3NMUoCk528Pu8"},{"path":"textures/pb/scraft/blocks/magic_workbench.png","key":"kS0dtAPCEhWpWL4YkHrZ0XpS4cwT2NUJ"},{"path":"textures/pb/scraft/blocks/mana_condenser.png","key":"vC6lEPBR3FnZqjYg9p13ySMSArCUy906"},{"path":"textures/pb/scraft/blocks/mana_harvester.png","key":"hJ61VlwJPVP29tYytao1lEOS5AH34MmH"},{"path":"textures/pb/scraft/blocks/pedestal.png","key":"tL8NhhS6hR48Ofu0cIcdWAw68dOjKAIP"},{"path":"textures/pb/scraft/blocks/pipe_empty.png","key":"eB8uKm9XHH0EeomR3TSoTALhAKXvsLry"},{"path":"textures/pb/scraft/blocks/pipe_full.png","key":"qC6Pqu6oehPm9RAA14qhQ8wLmkEXxZ14"},{"path":"textures/pb/scraft/blocks/tank.png","key":"rV7cM3UbrCMt0oIRwqraGQMNFneyGt9x"},{"path":"textures/pb/scraft/blocks/tank_block.png","key":"yM9gUG5UOMaMSYQ61YPzfvKUG0MTRhka"},{"path":"textures/pb/scraft/blocks/workbench_press.png","key":"pP5cRHmXFqht0X0AVgpXnVqUlPSvKppf"},{"path":"textures/pb/scraft/entity/ice_spike.png","key":"oP3TeTpSHaAAjVAW8zS2YZnMuS9JiFiZ"},{"path":"textures/pb/scraft/entity/ice_spike_60.png","key":"lH5MQ12b5kGxBicpzmvSFygv49IoJ94F"},{"path":"textures/pb/scraft/entity/magic_stone.png","key":"jJ5KgciEnLd2iNCTywWQ3r3PGHpNflaN"},{"path":"textures/pb/scraft/entity/teeth.png","key":"bY4uzA33orzqnG08olgnYTP7UzfLH4Iw"},{"path":"textures/pb/scraft/icons/pb_scraft_icon_about.png","key":"iU9yGmBNurmmBrbH98lq6gCv3IEzMx3f"},{"path":"textures/pb/scraft/icons/pb_scraft_icon_air_staff_1.png","key":"qR3ZxFUwRH4FjmVL1bQ7gUTBAbYEqikp"},{"path":"textures/pb/scraft/icons/pb_scraft_icon_air_staff_2.png","key":"gH1xQBOqglL9gn8AIKbgvuhqc925W6OS"},{"path":"textures/pb/scraft/icons/pb_scraft_icon_air_staff_3.png","key":"aH4vi4MXYLo0IkMqG0GQqm7a9g1Rgbmo"},{"path":"textures/pb/scraft/icons/pb_scraft_icon_altar_configuration.png","key":"uX0HRC4c7HMaT8jjZQYST9CaCFxTvLam"},{"path":"textures/pb/scraft/icons/pb_scraft_icon_arcane_altar.png","key":"qU7byhkqzwtqbaRXEhR8EetBaWCTcWiJ"},{"path":"textures/pb/scraft/icons/pb_scraft_icon_armors.png","key":"eI3d3Zh8mTslwfclAwf633WpJngo9an8"},{"path":"textures/pb/scraft/icons/pb_scraft_icon_configuration.png","key":"fL8y0PgJRdWVNmK0adHFerG1I4CLvrbI"},{"path":"textures/pb/scraft/icons/pb_scraft_icon_crafting_magic.png","key":"kJ4FwJQQVf3rjFtOWvGbtSBXJIwk4mug"},{"path":"textures/pb/scraft/icons/pb_scraft_icon_crafting_spells.png","key":"kF5wZAmPvtQhwAnICnVExrhghlpHTX9i"},{"path":"textures/pb/scraft/icons/pb_scraft_icon_creative_crafting.png","key":"gC7RuXsK2pey7zzko0vWEx5jWsIaY6uU"},{"path":"textures/pb/scraft/icons/pb_scraft_icon_dark_wizard.png","key":"lZ4CLxOOaIxuFNKI8KBYGqNi5R1ZAXut"},{"path":"textures/pb/scraft/icons/pb_scraft_icon_earth_staff_1.png","key":"dO7vpwjCJZTyWy9N9UiA5SQ7Wa3F2Vpj"},{"path":"textures/pb/scraft/icons/pb_scraft_icon_earth_staff_2.png","key":"yE0PEuudqQgwSeX0iELStiXFAIKaKq72"},{"path":"textures/pb/scraft/icons/pb_scraft_icon_earth_staff_3.png","key":"rQ75SoAgCKbGrVqGUKrvrm7pTCWYkZzP"},{"path":"textures/pb/scraft/icons/pb_scraft_icon_fire_staff_1.png","key":"dZ2eeMGaoQpmRpv0pqlISGUPuJI0ZY9N"},{"path":"textures/pb/scraft/icons/pb_scraft_icon_fire_staff_2.png","key":"rB8HWhMdW0mXP9X4HunRzoFsoIF1lbjc"},{"path":"textures/pb/scraft/icons/pb_scraft_icon_fire_staff_3.png","key":"qC9pycd4vrJiidTA4PaSfA3Mh7Ob0HYg"},{"path":"textures/pb/scraft/icons/pb_scraft_icon_glyph_press.png","key":"eQ6Xb0RRBNvzebEChuXxq65Q399v8qwq"},{"path":"textures/pb/scraft/icons/pb_scraft_icon_ice_staff_1.png","key":"uZ1HQIORYhB4oSUgluHoHMFjaLdfl8IV"},{"path":"textures/pb/scraft/icons/pb_scraft_icon_ice_staff_2.png","key":"rZ1q4e87a6iFFxCzONord9HizhVb4zep"},{"path":"textures/pb/scraft/icons/pb_scraft_icon_ice_staff_3.png","key":"uN5dije8vRTYSOwKd0g8OBXw7OycfUt2"},{"path":"textures/pb/scraft/icons/pb_scraft_icon_implementing_spells.png","key":"uL2a53643HtbU5l3taYfjkboEdan1f8x"},{"path":"textures/pb/scraft/icons/pb_scraft_icon_items.png","key":"mS0sEytZsydFpnL8a1ryLztXbIFnbvHY"},{"path":"textures/pb/scraft/icons/pb_scraft_icon_magic_cloth.png","key":"vU32stWaGGV9zOd3pPUSabJrHbjJqhNJ"},{"path":"textures/pb/scraft/icons/pb_scraft_icon_magic_devices.png","key":"aY6rKKZxQqPeUTT9ntiVqx8fPt78jN7R"},{"path":"textures/pb/scraft/icons/pb_scraft_icon_magic_workbench.png","key":"jC6rsaUfMmW2EYYNXJQucV7GHepi6Vp4"},{"path":"textures/pb/scraft/icons/pb_scraft_icon_mana_condenser.png","key":"oF79wHMuj8aAwdxKrqWCs7tcNJ8VzHpV"},{"path":"textures/pb/scraft/icons/pb_scraft_icon_mana_harvesting.png","key":"hF7AOtA6MGqFug8RNjVszplL9U78mhUS"},{"path":"textures/pb/scraft/icons/pb_scraft_icon_mana_meter.png","key":"wW0fl4gq9BWtR00MB0VhXWa53H4lhHaY"},{"path":"textures/pb/scraft/icons/pb_scraft_icon_mana_scopes.png","key":"sK9Lz0nOz15cQAzxKoQ3f6P0ExhTdU7j"},{"path":"textures/pb/scraft/icons/pb_scraft_icon_next.png","key":"lV5okxV1CC1ftC3Pn4n9zNGKA2QeQEXu"},{"path":"textures/pb/scraft/icons/pb_scraft_icon_odds_ends.png","key":"dY8MPZreZ54ZwBRAoCdflEOBBePmmoSi"},{"path":"textures/pb/scraft/icons/pb_scraft_icon_orb_air.png","key":"aY544Frw5RprUlX3HiS8HUnUiCmQ6lit"},{"path":"textures/pb/scraft/icons/pb_scraft_icon_orb_earth.png","key":"eW6CJqBtavUXyPoxVksQXFWhHO75FajX"},{"path":"textures/pb/scraft/icons/pb_scraft_icon_orb_fire.png","key":"wJ5ana67G5T8wNagWSbarEzFk7BwpvE9"},{"path":"textures/pb/scraft/icons/pb_scraft_icon_orb_ice.png","key":"aF25k9VyO7ysRFMWHYSrKf9gz4UPrsoj"},{"path":"textures/pb/scraft/icons/pb_scraft_icon_orb_twilight.png","key":"iZ3vQoelx45P3W0RBcb0EoHmLpMJtE4o"},{"path":"textures/pb/scraft/icons/pb_scraft_icon_pentacore_essence.png","key":"hJ8Zl2SKhKPgJiAMhfhndY0ABBuPwlYT"},{"path":"textures/pb/scraft/icons/pb_scraft_icon_return.png","key":"cN3y2Y8gitfEhnavBWNhl9c73oWgUREc"},{"path":"textures/pb/scraft/icons/pb_scraft_icon_runes_glyphs.png","key":"rF3tJztgT9WuvvlAgBCNfRPPzPP0q3Eo"},{"path":"textures/pb/scraft/icons/pb_scraft_icon_skull_wizard.png","key":"cE3EPhHBC6KcAOsLkRy4k4oUIeCaQmIH"},{"path":"textures/pb/scraft/icons/pb_scraft_icon_spells.png","key":"zP8Qguz3dsmfXbJz0vAobOuZQnduew0N"},{"path":"textures/pb/scraft/icons/pb_scraft_icon_spell_air_tornado.png","key":"oV9n363Lgu8f3kfTgpEm3kZmW9xSuSY8"},{"path":"textures/pb/scraft/icons/pb_scraft_icon_spell_beam.png","key":"wL0qSmwLdxMbLOLvKEtOgpC6ZwPBO3lv"},{"path":"textures/pb/scraft/icons/pb_scraft_icon_spell_comet.png","key":"nV035u4PWSUqTHWh1O4LI9KFYH85wWZu"},{"path":"textures/pb/scraft/icons/pb_scraft_icon_spell_crumble.png","key":"qR3X4Ly06ovKWrWQjzWc4goO7MN9ch2s"},{"path":"textures/pb/scraft/icons/pb_scraft_icon_spell_earthshaker.png","key":"rO8z81g3G5dCwlQnfOWW94RBVW5LXj9B"},{"path":"textures/pb/scraft/icons/pb_scraft_icon_spell_entangle.png","key":"dG88Ma2f4zVWPZAXF1C5pCsdAK7RiQ0m"},{"path":"textures/pb/scraft/icons/pb_scraft_icon_spell_fiery_spin.png","key":"mV0sFAo744f4viVboOWgIB21o7IbRSnl"},{"path":"textures/pb/scraft/icons/pb_scraft_icon_spell_fireball.png","key":"rY6xen0asN4mEIXjxhYRQsCmd6AtTCVx"},{"path":"textures/pb/scraft/icons/pb_scraft_icon_spell_firebolt.png","key":"fX2pOwT4eOcGMzMg9crt3gBGzOApV4y1"},{"path":"textures/pb/scraft/icons/pb_scraft_icon_spell_fire_tornado.png","key":"kT4EB34q3lx3QdZKtVgPxAz6Qohe45jV"},{"path":"textures/pb/scraft/icons/pb_scraft_icon_spell_flash.png","key":"kL5cC2AzQH0xz28C5YToBbqRWUe2L4sU"},{"path":"textures/pb/scraft/icons/pb_scraft_icon_spell_freeze.png","key":"rS2NbEntoNIScqzFcYKEELFS7MYybgG8"},{"path":"textures/pb/scraft/icons/pb_scraft_icon_spell_frost_aura.png","key":"dX00SAbGx08lfw85dGc9VBgAsC2tEyb8"},{"path":"textures/pb/scraft/icons/pb_scraft_icon_spell_gnaw.png","key":"rU1HlzGgMwKcJNfRUoeCRMLvM7AsuNmU"},{"path":"textures/pb/scraft/icons/pb_scraft_icon_spell_healing_area.png","key":"hV5w3veeJbrVZQakBRhlbP8BO0hHyTvr"},{"path":"textures/pb/scraft/icons/pb_scraft_icon_spell_healing_aura.png","key":"sH5kU5xgW0nsceNTT9k8knFUW7TeNetp"},{"path":"textures/pb/scraft/icons/pb_scraft_icon_spell_ice_pillar.png","key":"bH170WMrGwZRN4mUXmi6xCwRMqkJ09KM"},{"path":"textures/pb/scraft/icons/pb_scraft_icon_spell_ice_spike.png","key":"jZ0KocrHTsU986wIHlsCoS8j3ENJyeWv"},{"path":"textures/pb/scraft/icons/pb_scraft_icon_spell_ice_wall.png","key":"yE0SKgBbH62i9Nd2jByrrLaUofGOxQrS"},{"path":"textures/pb/scraft/icons/pb_scraft_icon_spell_lightning.png","key":"hG8eiMbkdeRkF0XbSrpUwlFd5feSB19Y"},{"path":"textures/pb/scraft/icons/pb_scraft_icon_spell_moonbeam.png","key":"kH96Su1XjIBd5Lw3iPGSRKE2nQncE1dj"},{"path":"textures/pb/scraft/icons/pb_scraft_icon_spell_pyroball.png","key":"cA6zbntIVvjVabqFpHLj2yf7IQMfCdu3"},{"path":"textures/pb/scraft/icons/pb_scraft_icon_spell_rock_sling.png","key":"tF26VAY3MTvnPehFzIcbFd3KXZtdevOm"},{"path":"textures/pb/scraft/icons/pb_scraft_icon_spell_twilight_explosion.png","key":"kT4y8PsEFihlFgiV9inrn2rMBLNrTL8J"},{"path":"textures/pb/scraft/icons/pb_scraft_icon_spell_upwind.png","key":"tQ7dNEi8IkaFYS54H0FBnd1Qf9BToqkV"},{"path":"textures/pb/scraft/icons/pb_scraft_icon_spell_wind_sickle.png","key":"eC1Y3MgKL2FqIcUFKpi70HU2ceR9ceea"},{"path":"textures/pb/scraft/icons/pb_scraft_icon_staffs.png","key":"eO0WwHbUmiVxSKJ7HMt9Jp3ilmLUtGwI"},{"path":"textures/pb/scraft/icons/pb_scraft_icon_tutorial.png","key":"uC5HxhTIrPdJ48EF1UXrvri9rs3enX2P"},{"path":"textures/pb/scraft/icons/pb_scraft_icon_twilight_staff_1.png","key":"rA6M6LAS3FsmWygN5t2Vrb7ukR34J6Lj"},{"path":"textures/pb/scraft/icons/pb_scraft_icon_twilight_staff_2.png","key":"oO8e9eyrltBvl9PLvWeOQHwYUAErpYA6"},{"path":"textures/pb/scraft/icons/pb_scraft_icon_twilight_staff_3.png","key":"lL7FwI1TmtVH1ofAmvE2Bb5ShopXPLk5"},{"path":"textures/pb/scraft/icons/pb_scraft_icon_wizard.png","key":"vH991G4GvPpZ5Q9XaqRflWwQlcy0PwRO"},{"path":"textures/pb/scraft/items/Mana Tank.png","key":"sB3ajTFUMPAZT1gpCKqbr6XqMbvUeZvv"},{"path":"textures/pb/scraft/items/pb_scraft_air_staff_1.png","key":"eU2ySxC4QocNBNRF8dgIdWI5IXq6Avde"},{"path":"textures/pb/scraft/items/pb_scraft_air_staff_2.png","key":"wT7xiKFUi3geFeNccmYAk60cIGLaJ6OY"},{"path":"textures/pb/scraft/items/pb_scraft_air_staff_3.png","key":"rR90MkYUiNXG9ecEo3G3gGUbV1NFstMN"},{"path":"textures/pb/scraft/items/pb_scraft_crystal_air.png","key":"bQ3UhfFxorbVauSS44rgUJ7icbQQMg7A"},{"path":"textures/pb/scraft/items/pb_scraft_crystal_earth.png","key":"vJ9qk4rviOn4FjW8lavBA6tf0KU3tWlp"},{"path":"textures/pb/scraft/items/pb_scraft_crystal_fire.png","key":"yU1Ev927tUWnW0Gk9kMUZyGWomf2WGWT"},{"path":"textures/pb/scraft/items/pb_scraft_crystal_ice.png","key":"gQ4AhH22dez1Wp7B6p3ZQGcsPFLwcGxd"},{"path":"textures/pb/scraft/items/pb_scraft_crystal_twilight.png","key":"uI9eUcHtFUnPR41xJibL0lArOZUWgxMW"},{"path":"textures/pb/scraft/items/pb_scraft_dark_wizard_boots.png","key":"hB4IxgeClI5kQOF1dyoCo14XCoMttyJO"},{"path":"textures/pb/scraft/items/pb_scraft_dark_wizard_chestplate.png","key":"rH2AuiuIrT8BwJm4r4fWb7YUTOapBvd9"},{"path":"textures/pb/scraft/items/pb_scraft_dark_wizard_hat.png","key":"zX7GIoQug2PofcqVAmwTFpuhjmLSaEau"},{"path":"textures/pb/scraft/items/pb_scraft_dark_wizard_leggings.png","key":"dX9kNiGMclsSLJ9erbNgr3yxuJyQGuTS"},{"path":"textures/pb/scraft/items/pb_scraft_earth_staff_1.png","key":"fQ6VkubXv7CJuYc30oqxqFI321h2i245"},{"path":"textures/pb/scraft/items/pb_scraft_earth_staff_2.png","key":"wE4MwimXPgkd4tvIe2SYybehwnSML2LI"},{"path":"textures/pb/scraft/items/pb_scraft_earth_staff_3.png","key":"hZ56hpP9yhcOayMEKOQaQWOks2YP8HiW"},{"path":"textures/pb/scraft/items/pb_scraft_fire_staff_1.png","key":"iC21GuL664lEhp98nMJYBLBtpp6qJfna"},{"path":"textures/pb/scraft/items/pb_scraft_fire_staff_2.png","key":"gQ1hbolTfSORgBN2SHch2fz6QOt1e52f"},{"path":"textures/pb/scraft/items/pb_scraft_fire_staff_3.png","key":"yJ7vzwc58Zs9sCGJUuVXzlrCcYzs1MOU"},{"path":"textures/pb/scraft/items/pb_scraft_glyph_accelerate.png","key":"yT2F2Mu9MoTkpJgiWU72YsQ44aUYGu6d"},{"path":"textures/pb/scraft/items/pb_scraft_glyph_alleviate.png","key":"yH3RUUZ0GyC2xCFoj7Z99vkHxifiP1Nh"},{"path":"textures/pb/scraft/items/pb_scraft_glyph_arc.png","key":"hQ6eV7s0k0g3SC4kjKbF3IwMs3XcrX9b"},{"path":"textures/pb/scraft/items/pb_scraft_glyph_aura.png","key":"lZ0Ic1Zt0AwVZB3MQvtPCWURxT8zMiAt"},{"path":"textures/pb/scraft/items/pb_scraft_glyph_base.png","key":"iX37UunrUQ3KaPIVZC9wyImxApYEzVGF"},{"path":"textures/pb/scraft/items/pb_scraft_glyph_intensify.png","key":"fM8K73SxgYG8rjsuK5c8avccdMeIPCNJ"},{"path":"textures/pb/scraft/items/pb_scraft_glyph_mirror.png","key":"aQ6Kt29lkwKqxAiOcHXfLiC5EeEpRaam"},{"path":"textures/pb/scraft/items/pb_scraft_glyph_self.png","key":"nR8kk1RJ3Q8ivUox3g8M4SffEX4YqiuA"},{"path":"textures/pb/scraft/items/pb_scraft_glyph_touch.png","key":"kH30LUT0nJrASwz1GbBLCib9LUGC5byl"},{"path":"textures/pb/scraft/items/pb_scraft_ice_staff_1.png","key":"hK77J17kr7RYoXFIk95lgPrOfT5HUgXw"},{"path":"textures/pb/scraft/items/pb_scraft_ice_staff_2.png","key":"wS2xUi1U77wr77XRNWSbBfQjFnp7nnma"},{"path":"textures/pb/scraft/items/pb_scraft_ice_staff_3.png","key":"jZ6kZfgFVpW3XLVgjh69j3Yuwo9UIz0j"},{"path":"textures/pb/scraft/items/pb_scraft_magic_book.png","key":"uO9VbHRp3pvrZuBukwgqApqgAbogNenx"},{"path":"textures/pb/scraft/items/pb_scraft_magic_cloth.png","key":"pZ04mfAuWsBjLLGHXz1BgkjVXKNpuKTU"},{"path":"textures/pb/scraft/items/pb_scraft_mana_meter.png","key":"qM38kMkqITyU9suPlqz2Ao6k1P8eot3U"},{"path":"textures/pb/scraft/items/pb_scraft_pentacore_essence.png","key":"bX8j4kbMpFSnZYbMsYJHK8NZSyoSJ5zd"},{"path":"textures/pb/scraft/items/pb_scraft_rune_air.png","key":"xZ8aoo2N1pX7VqeKGaqL4J5vVw8k8bNF"},{"path":"textures/pb/scraft/items/pb_scraft_rune_base.png","key":"lT8yeP81CpCHV7hj1ZaEPcqnVXVJk2vE"},{"path":"textures/pb/scraft/items/pb_scraft_rune_earth.png","key":"dZ3dTo1Vcs3Y18gxtEcIysC2fr2djE2M"},{"path":"textures/pb/scraft/items/pb_scraft_rune_fire.png","key":"kU7ldaJ9qvrIHSSRhc6haUtkOlFL8qxj"},{"path":"textures/pb/scraft/items/pb_scraft_rune_ice.png","key":"aH2pdtUBO7wavdtFVvRWGgFk3xAkfLkS"},{"path":"textures/pb/scraft/items/pb_scraft_rune_twilight.png","key":"uY7doq5JWsRCximpEByie44CpbS3h7U6"},{"path":"textures/pb/scraft/items/pb_scraft_skull_wizard_boots.png","key":"cA3tUGKACP59N0fcG835t1JNJR2UUMyd"},{"path":"textures/pb/scraft/items/pb_scraft_skull_wizard_chestplate.png","key":"fO3GE1eqCFoANmIdnLX7sOIsmwr40rKn"},{"path":"textures/pb/scraft/items/pb_scraft_skull_wizard_hat.png","key":"aV7lFGzPO28Zyp3cVaJ6Kr0sW7vHQdbh"},{"path":"textures/pb/scraft/items/pb_scraft_skull_wizard_leggings.png","key":"mI0Fhy7WBo6NudnwVVgIu6yLmFZapN2E"},{"path":"textures/pb/scraft/items/pb_scraft_spellorb_air.png","key":"sL03KH38p9IpqzMrdOtt1ed3Svipqoom"},{"path":"textures/pb/scraft/items/pb_scraft_spellorb_earth.png","key":"eY46HUnMsvrGnzrL1EEbAYo8nUunxIXo"},{"path":"textures/pb/scraft/items/pb_scraft_spellorb_fire.png","key":"pU6AwW2uiKEGIh7Mar6NiI2kSoIXUb4y"},{"path":"textures/pb/scraft/items/pb_scraft_spellorb_ice.png","key":"hW3mJzCnankeoLQbohBa2OnlcuY7fxGd"},{"path":"textures/pb/scraft/items/pb_scraft_spellorb_twilight.png","key":"eT4GVWmJGTSEvAmA2ws3NdBO5GigeTvV"},{"path":"textures/pb/scraft/items/pb_scraft_staff_base.png","key":"cW6KXiwqaVg7mc4x4ZCPkasHBbVKfxPW"},{"path":"textures/pb/scraft/items/pb_scraft_twilight_staff_1.png","key":"lH77xJPZTgB3Zi7iIaCRhF2vPPp2Id8P"},{"path":"textures/pb/scraft/items/pb_scraft_twilight_staff_2.png","key":"nK1Oq1GIQnnEja5TGMXqdI8yKzLz90ld"},{"path":"textures/pb/scraft/items/pb_scraft_twilight_staff_3.png","key":"bE6uFc4I7on9MCK47FBb14WlVTrA97bW"},{"path":"textures/pb/scraft/items/pb_scraft_wizard_boots.png","key":"iF0a8XULY4HBvFHabqrlcOICxb0BVQhG"},{"path":"textures/pb/scraft/items/pb_scraft_wizard_hat.png","key":"xV3NuvigKw6IQFgPPbwQLUHFQUhcCdL4"},{"path":"textures/pb/scraft/items/pb_scraft_wizard_leggings.png","key":"iJ2ouUhfknJbjNREP9JrIFyFjRTYx2WZ"},{"path":"textures/pb/scraft/items/pb_scraft_wizard_robe.png","key":"qP4s7kORQgdI4HMKVmkdKWsbjJ3tOC9z"},{"path":"textures/pb/scraft/items/Runes.png","key":"sJ3KMZpO3Eoz9aR1dVriwdgGgU3H2hSF"},{"path":"textures/pb/scraft/particle/beam_darkfire.png","key":"tN8STagrqzX8SzCiFHa8R6jVN2mWg8Pp"},{"path":"textures/pb/scraft/particle/beam_fractured.png","key":"zY3vEm2JK6Zl5NqtAFFC1O37aHE12uMm"},{"path":"textures/pb/scraft/particle/beam_ice.png","key":"eS8MCds5Pml5xNy7X3amTQUUxZ8sIp0y"},{"path":"textures/pb/scraft/particle/beam_soft.png","key":"pE7PVlJXvwsXwY3tSZVhbSANslbE9Wb4"},{"path":"textures/pb/scraft/particle/beam_soft_fade.png","key":"uT7L8dzBha8AiakjtOl8KYqwt8NXkQBu"},{"path":"textures/pb/scraft/particle/block_marker.png","key":"wJ0HF07YoVzFyklO4TgPskVylNrXHcv0"},{"path":"textures/pb/scraft/particle/block_marker_1.png","key":"sQ8fTR29HXuWgOXmI8aVLKKFSHPyL0IV"},{"path":"textures/pb/scraft/particle/bubble_animated_16.png","key":"kO7FsP630es4Y4Cdl39wc9z07J8IxLOF"},{"path":"textures/pb/scraft/particle/bubble_animated_24_bloom.png","key":"fQ0jA12KHosF4zX5hzRvrrTcXHvIyjcA"},{"path":"textures/pb/scraft/particle/darkfireball_core_32.png","key":"xJ6lnlZQ1MjLufBcUerRp2qPmCsvQQc6"},{"path":"textures/pb/scraft/particle/darkfire_explosion.png","key":"mQ95Ck7zNirFPi3g0tCnwXdQTXwmklZY"},{"path":"textures/pb/scraft/particle/darkfire_explosion_swirl.png","key":"tQ1wxS2FXLW7pAWrtBKV8e8obLivhczo"},{"path":"textures/pb/scraft/particle/darkfire_pyroball_64.png","key":"kI8VaNC35gQFmIH6125JvCeH1mEr3HFi"},{"path":"textures/pb/scraft/particle/darkfire_swirl_animated_32.png","key":"cJ7t11tTwsegEC2xs3ZxFE5xAgc60s2k"},{"path":"textures/pb/scraft/particle/darkfire_swirl_animated_32_glow.png","key":"nR28GI6G9PlGbFs3UZB4B7L2vNktEVVK"},{"path":"textures/pb/scraft/particle/downbeam.png","key":"sZ33NwFzGBfqSYWPLIrwAsikVdmZbZwg"},{"path":"textures/pb/scraft/particle/fire_animated.png","key":"gA0SnWpacR3ZyR1Vf0SdrHAdurEvObLb"},{"path":"textures/pb/scraft/particle/fire_animated_32.png","key":"lC79kEHnRxFhQedbV9lAj9tlHKI88AsY"},{"path":"textures/pb/scraft/particle/fire_animated_32_glow.png","key":"fW51iR4zACZXuSxdIZKznCZY1WXPvKr3"},{"path":"textures/pb/scraft/particle/fire_animated_32_gs.png","key":"cY7tc2UlbL7eGgrSwmfOsZcsSTbs0y7j"},{"path":"textures/pb/scraft/particle/fire_animated_sharpen.png","key":"lR6UZupjCJR7rdFHcyr1KoajpEvcXCsr"},{"path":"textures/pb/scraft/particle/fire_painted_glow.png","key":"qW0dWMaAOMYSnPCsCUBMzycCC9WtqIp0"},{"path":"textures/pb/scraft/particle/fire_painted_glow_2.png","key":"dM8ZV1ySM9apdAP8vfVxzJ3X1idl5BfG"},{"path":"textures/pb/scraft/particle/fire_rune_circle.png","key":"dC1homhH93GpvwOsI812lfywf4EEL2kd"},{"path":"textures/pb/scraft/particle/fire_rune_circle_64.png","key":"cE8SAauiVnHqeU77tOdA3UqiwkYmuWkl"},{"path":"textures/pb/scraft/particle/fire_slash.png","key":"aR7FERp8wuFt3x95vQbJLkfKUBMroxxe"},{"path":"textures/pb/scraft/particle/fire_slash_2.png","key":"kK1VJ6Kiay00HuK1MTqXyHg6bFQbTfAd"},{"path":"textures/pb/scraft/particle/fire_wall_sheet.png","key":"sR9FMzFKaIdVSEosmGF7RfSKhzUEH8jB"},{"path":"textures/pb/scraft/particle/flash_16.png","key":"tW3aBsH3MgJFgWy8j42cU2i4qeg4JL7b"},{"path":"textures/pb/scraft/particle/flash_2.png","key":"jU3CouzkeaTtmjJE8ALAubJuWOG6r98h"},{"path":"textures/pb/scraft/particle/flash_8.png","key":"rR43F2cMhOjEwF3VtxoMne9TvJldsGcI"},{"path":"textures/pb/scraft/particle/flash_lens_15.png","key":"cE6CxqFoggGTtvxzKvVChSvU1SqKeYZX"},{"path":"textures/pb/scraft/particle/flash_lens_32.png","key":"iH9huI9nUEYdZZLET46NfJyL9x7UFti4"},{"path":"textures/pb/scraft/particle/flash_smooth_16.png","key":"bG9tdX3mKWprme19SMjIXx3lV7iEbOKw"},{"path":"textures/pb/scraft/particle/flicker_x8.png","key":"rO2moOyBOUBrePhP9gZONQbYPgJpLaH1"},{"path":"textures/pb/scraft/particle/fog_128.png","key":"kB8OrnrzwrtNfiROLpL0ssgPcXHJ1gLw"},{"path":"textures/pb/scraft/particle/fog_64.png","key":"hP84qaFtLNLqZtYHRb4sfO0vwB4fZPER"},{"path":"textures/pb/scraft/particle/freeze_hit.png","key":"yZ8E9v7KTzjIWYnAwsku9aoPuZNi8XZ1"},{"path":"textures/pb/scraft/particle/freeze_hit_4.png","key":"yN7ywKgGBd2kUngNJ2uBSCdeedTHWgpP"},{"path":"textures/pb/scraft/particle/freezing_fog.png","key":"fT6GnhLymWRTSBLJzJKilkUISiThucZj"},{"path":"textures/pb/scraft/particle/gradient_stripe.png","key":"wE8wVMh3FH2aTkcSxchtifJNkGcUynJn"},{"path":"textures/pb/scraft/particle/ice_spikes_particle.png","key":"oS6qyUWbrhWZ3xu9ysoWUfQey7QHTzzh"},{"path":"textures/pb/scraft/particle/lightning_animated_64.png","key":"iY7xpzHpUljikdpjZTCFrrHLLA5izaOl"},{"path":"textures/pb/scraft/particle/lightning_arc.png","key":"cF1cvHlcY2lyxIiPysL2lcpteHH0JTxk"},{"path":"textures/pb/scraft/particle/lightning_blue_animated_32.png","key":"sZ3CkyM85H2aiA4Xx3kwAMiHOjBEnc91"},{"path":"textures/pb/scraft/particle/lightning_purple_32.png","key":"qG51dZMJllmxCtaZbefpMLLFQNfR6Ku4"},{"path":"textures/pb/scraft/particle/lightning_rune_circle_64.png","key":"zR3yke8RLVneNwl3XueTXwTUIjjIScga"},{"path":"textures/pb/scraft/particle/lightning_yellow_animated_32.png","key":"nA576Nybf77XYaAEmRNQ1ooQYqTt9KMU"},{"path":"textures/pb/scraft/particle/lightning_yellow_small.png","key":"fK8IFT6c4H03nLQLQAVHnr6o7iFutg1U"},{"path":"textures/pb/scraft/particle/magic_rune_circle_64.png","key":"hO3b3fMh55vUFQyRQQhQyIh4QRGvdB4R"},{"path":"textures/pb/scraft/particle/rocks.png","key":"tC5Kw9OdSjr1RFjYJ7Vx9fsPjagWIMzA"},{"path":"textures/pb/scraft/particle/rune_fire_16_glow.png","key":"jK0PsmOnut5WZsUYrvJRj7hZe2XkcJMb"},{"path":"textures/pb/scraft/particle/rune_fire_mirror_16.png","key":"rG522IH7lOaR0X6HUaeSKIMUAF7zoAPX"},{"path":"textures/pb/scraft/particle/shine_64.png","key":"aG489lRNmkHHSAo5n3gSPBgcGqrt5WwL"},{"path":"textures/pb/scraft/particle/shockwave_128.png","key":"qQ0aL7R8cR84Hsx56LT88o93tFBjUfsI"},{"path":"textures/pb/scraft/particle/shockwave_swirl_128.png","key":"zF132RcpoAKS8nSCBd2cpnXBmUJhZMKU"},{"path":"textures/pb/scraft/particle/smoke_64.png","key":"rS1c3UoElLedG4rriAWW2iQCkl8BB1FE"},{"path":"textures/pb/scraft/particle/spark_90_2.png","key":"dL4PZ6WRYl1nObLNIyLVOOZRCzucpsAU"},{"path":"textures/pb/scraft/particle/streamline_sheet.png","key":"qE1wC2yzcrivbT3XZHxMAXEBm2uAi7fl"},{"path":"textures/pb/scraft/particle/tornado_ice.png","key":"kT1zrJo21XMOsRn0Jn8YZGbYqHbqupWQ"},{"path":"textures/pb/scraft/particle/tornado_slash.png","key":"hF1CcyffUbbUXQRe8Wk2cClRs0nz3psM"},{"path":"textures/pb/scraft/particle/tornado_slash_2.png","key":"kW83xxyjQqIzCGcpPgAEW535lJ9qUZXS"},{"path":"textures/pb/scraft/particle/tornado_stripe.png","key":"aJ3dnLuBPgbmlyL3Jh4BcntHQsTVyXrz"},{"path":"textures/pb/scraft/particle/twilight_rune_circle_64.png","key":"aF84LLgWbbEtQRZCeNO6iqG83gPUFGnv"},{"path":"textures/pb/scraft/particle/twilight_rune_circle_96.png","key":"xL8QELpwiOSG76g6XpHuqKqcLeoVLEMS"},{"path":"textures/pb/scraft/particle/water_rune_circle_64.png","key":"wI9pAC5XB45LfYHSA3eHuZkOvTiShf8Q"},{"path":"textures/pb/scraft/particle/wind_sickle.png","key":"eR6g5fn2OVUyK8kYZSV2Hzd13ETtOGUv"},{"path":"textures/pb/scraft/particle/wind_stripes.png","key":"mN0QXTROQZWF0ReiRNCf2ki608YSlJit"},{"path":"textures/pb/scraft/particle/wind_stripes_2.png","key":"vO5z4PmPIsptHKzkk7Nxt90O9xt4ZgaJ"},{"path":"textures/terrain_texture.json","key":"kS5LRNe3IrSxkpoO0IrjhRTB6QnCkc7d"},{"path":"textures/textures_list.json","key":"fX17XeKnMC863qsauTqNWby8TgS5W3ix"},{"path":"signatures.json","key":"lR4Y3eZNsqscbMUx0a4LeMzgKMyxfN32"},{"path":"animations/attachables/"},{"path":"animations/"},{"path":"animation_controllers/"},{"path":"attachables/armor/"},{"path":"attachables/"},{"path":"entity/"},{"path":"materials/"},{"path":"models/blocks/"},{"path":"models/blocks/deko/"},{"path":"models/entity/attachable/air/"},{"path":"models/entity/attachable/armor/"},{"path":"models/entity/attachable/earth/"},{"path":"models/entity/attachable/fire/"},{"path":"models/entity/attachable/ice/"},{"path":"models/entity/attachable/twilight/"},{"path":"models/entity/"},{"path":"particles/pb/scraft/air/"},{"path":"particles/pb/scraft/altar/"},{"path":"particles/pb/scraft/beam/"},{"path":"particles/pb/scraft/"},{"path":"particles/pb/scraft/breath/"},{"path":"particles/pb/scraft/cast/"},{"path":"particles/pb/scraft/darkfire/"},{"path":"particles/pb/scraft/earth/"},{"path":"particles/pb/scraft/freeze/"},{"path":"particles/pb/scraft/lightning/"},{"path":"particles/pb/scraft/mana/"},{"path":"particles/pb/scraft/runes/"},{"path":"particles/pb/scraft/tornado/"},{"path":"particles/pb/scraft/twilight/"},{"path":"particles/pb/scraft/water/"},{"path":"render_controllers/"},{"path":"sounds/pb/scraft/"},{"path":"sounds/"},{"path":"texts/"},{"path":"textures/"},{"path":"textures/pb/scraft/attachable/"},{"path":"textures/pb/scraft/attachable/armor/color/"},{"path":"textures/pb/scraft/attachable/armor/"},{"path":"textures/pb/scraft/blocks/"},{"path":"textures/pb/scraft/entity/"},{"path":"textures/pb/scraft/icons/"},{"path":"textures/pb/scraft/items/"},{"path":"textures/pb/scraft/particle/"}]}