{
  "entity_sounds": {
    "entities": {
         "pb_scraft:projectile_fireball" : {
            "events" : {
               "death" : ""
            },
            "pitch" : [ 1.0, 1.1 ],
            "volume" : 1.0
         },
		 "pb_scraft:effect_ice_spike" : {
            "events" : {
               "death" : ""
            },
            "pitch" : [ 1.0, 1.1 ],
            "volume" : 1.0
         },
		 "pb_scraft:projectile_ice_spike" : {
            "events" : {
               "death" : ""
            },
            "pitch" : [ 1.0, 1.1 ],
            "volume" : 1.0
         },
		 "pb_scraft:effect_ice_wall" : {
            "events" : {
               "death" : ""
            },
            "pitch" : [ 1.0, 1.1 ],
            "volume" : 1.0
         },
		 "pb_scraft:projectile_beam" : {
            "events" : {
               "death" : ""
            },
            "pitch" : [ 1.0, 1.1 ],
            "volume" : 1.0
         },
		 "pb_scraft:effect_tornado" : {
            "events" : {
               "death" : ""
            },
            "pitch" : [ 1.0, 1.1 ],
            "volume" : 1.0
         },
		 "pb_scraft:effect_tornado_air" : {
            "events" : {
               "death" : ""
            },
            "pitch" : [ 1.0, 1.1 ],
            "volume" : 1.0
         },
		 "pb_scraft:projectile_firebolt" : {
            "events" : {
               "death" : ""
            },
            "pitch" : [ 1.0, 1.1 ],
            "volume" : 1.0
         },
		 "pb_scraft:projectile_pyroball" : {
            "events" : {
               "death" : ""
            },
            "pitch" : [ 1.0, 1.1 ],
            "volume" : 1.0
         },
		 "pb_scraft:projectile_stone" : {
            "events" : {
               "death" : ""
            },
            "pitch" : [ 1.0, 1.1 ],
            "volume" : 1.0
         },
		 "pb_scraft:projectile_windsickle" : {
            "events" : {
               "death" : ""
            },
            "pitch" : [ 1.0, 1.1 ],
            "volume" : 1.0
         },
		 "pb_scraft:projectile_gnaw" : {
            "events" : {
               "death" : ""
            },
            "pitch" : [ 1.0, 1.1 ],
            "volume" : 1.0
         }
    }
  }
}