{"format_version":"1.12.0","minecraft:geometry":[{"description":{"identifier":"geometry.oreville_hp.mbofyqu","texture_width":80,"texture_height":20,"visible_bounds_width":5,"visible_bounds_height":1.5,"visible_bounds_offset":[0,0.25,0]},"bones":[{"name":"fyzigav","pivot":[0,0,0]},{"name":"vzpjyox","parent":"fyzigav","pivot":[0,0,0]},{"name":"wnepwax","parent":"vzpjyox","pivot":[0,0,0]},{"name":"cazpiqo5","parent":"wnepwax","pivot":[7,0,0],"cubes":[{"origin":[38,-5,-0.2],"size":[6,10,0],"uv":{"north":{"uv":[60,0],"uv_size":[6,10]}}}]},{"name":"hiawgwo5","parent":"wnepwax","pivot":[7,0,0],"cubes":[{"origin":[38,-5,-0.2],"size":[6,10,0],"uv":{"north":{"uv":[60,10],"uv_size":[6,10]}}}]}]}]}