{"format_version":"1.12.0","minecraft:geometry":[{"description":{"identifier":"geometry.oreville_hp.dcdnzok","texture_width":80,"texture_height":20,"visible_bounds_width":4,"visible_bounds_height":1.5,"visible_bounds_offset":[0,0.25,0]},"bones":[{"name":"fyzigav","pivot":[0,0,0]},{"name":"vzpjyox","parent":"fyzigav","pivot":[0,0,0]},{"name":"wnepwax","parent":"vzpjyox","pivot":[0,0,0]},{"name":"cazpiqo4","parent":"wnepwax","pivot":[1,0,0],"cubes":[{"origin":[32,-5,-0.2],"size":[6,10,0],"uv":{"north":{"uv":[0.1,0.1],"uv_size":[5.8,9.9]}}}]},{"name":"hiawgwo4","parent":"wnepwax","pivot":[1,0,0],"cubes":[{"origin":[32,-5,-0.2],"size":[6,10,0],"uv":{"north":{"uv":[0.1,10.1],"uv_size":[5.8,9.9]}}}]}]}]}