{"format_version":"1.12.0","minecraft:geometry":[{"description":{"identifier":"geometry.oreville_hp.tcmazna","texture_width":80,"texture_height":20,"visible_bounds_width":6,"visible_bounds_height":1.5,"visible_bounds_offset":[0,0.25,0]},"bones":[{"name":"fyzigav","pivot":[0,0,0]},{"name":"vzpjyox","parent":"fyzigav","pivot":[0,0,0]},{"name":"ytqxolp","parent":"vzpjyox","pivot":[0,0,0]},{"name":"cazpiqo6","parent":"ytqxolp","pivot":[13,0,0],"cubes":[{"origin":[44,-5,-0.2],"size":[6,10,0],"uv":{"north":{"uv":[0.1,0.1],"uv_size":[5.8,9.9]}}}]},{"name":"hiawgwo6","parent":"ytqxolp","pivot":[13,0,0],"cubes":[{"origin":[44,-5,-0.2],"size":[6,10,0],"uv":{"north":{"uv":[0.1,10.1],"uv_size":[5.8,9.9]}}}]}]}]}