{"format_version":"1.12.0","minecraft:geometry":[{"description":{"identifier":"geometry.oreville_hp.czpaemz","texture_width":80,"texture_height":20,"visible_bounds_width":6,"visible_bounds_height":1.5,"visible_bounds_offset":[0,0.25,0]},"bones":[{"name":"fyzigav","pivot":[0,0,0]},{"name":"vzpjyox","parent":"fyzigav","pivot":[0,0,0]},{"name":"gtbdrjs","parent":"vzpjyox","pivot":[-27,0,0]},{"name":"dvesrzs","parent":"gtbdrjs","cubes":[{"origin":[0,-5,-0.2],"size":[14,10,0],"uv":{"north":{"uv":[66,0],"uv_size":[14,10]}}}]},{"name":"gtdfqda","parent":"gtbdrjs","cubes":[{"origin":[0,-5,-0.2],"size":[14,10,0],"uv":{"north":{"uv":[66,10],"uv_size":[14,10]}}}]}]}]}