{
	"format_version": "1.10.0",
	"particle_effect": {
		"description": {
			"identifier": "pb_scraft:aura_rock",
			"basic_render_parameters": {
				"material": "particles_add",
				"texture": "textures/pb/scraft/particle/rocks"
			}
		},
		"curves": {
			"variable.size_curve": {
				"type": "linear",
				"input": "variable.particle_random_3",
				"horizontal_range": 1,
				"nodes": [0.13, 0.16, 0.28, 0.59]
			},
			"variable.radius_curve": {
				"type": "linear",
				"input": "variable.particle_random_3",
				"horizontal_range": 1,
				"nodes": [1, 1.2, 1.75, 2.15, 2.74, 3]
			},
			"variable.height_curve": {
				"type": "linear",
				"input": "variable.particle_random_3",
				"horizontal_range": 1,
				"nodes": [0.14, 0.32, 0.34, 0.29, 0.23]
			}
		},
		"components": {
			"minecraft:emitter_initialization": {
				"creation_expression": "variable.size = 0.1;variable.lifetime = 0.2;variable.size_variant = 1.0;variable.radius = 2.0;variable.radius_variant = 1;variable.spin_speed = 1;variable.height = 4;variable.spin_speed = 360;variable.angle = 0;variable.rotation = math.random(0,1);"
			},
			"minecraft:emitter_rate_instant": {
				"num_particles": 7
			},
			"minecraft:emitter_lifetime_once": {
				"active_time": 0.05
			},
			"minecraft:emitter_shape_point": {},
			"minecraft:particle_lifetime_expression": {
				"max_lifetime": "math.random(variable.lifetime, variable.lifetime*1.6)"
			},
			"minecraft:particle_initial_speed": "(variable.particle_random_1*6)+14",
			"minecraft:particle_motion_parametric": {
				"relative_position": ["(variable.radius_curve)*-math.sin((variable.particle_age+variable.particle_random_1)*variable.spin_speed)", "variable.particle_random_2*variable.height_curve", "(variable.radius_curve)*math.cos((variable.particle_age+variable.particle_random_1)*variable.spin_speed)"],
				"direction": ["-math.sin((variable.particle_age+variable.particle_random_1)*variable.spin_speed)", 0, "math.cos((variable.particle_age+variable.particle_random_1)*variable.spin_speed)"]
			},
			"minecraft:particle_appearance_billboard": {
				"size": ["variable.size_curve", "variable.size_curve"],
				"facing_camera_mode": "direction_z",
				"uv": {
					"texture_width": 1,
					"texture_height": 5,
					"uv": [0, "math.floor(variable.particle_random_4*5)"],
					"uv_size": [1, 1]
				}
			},
			"minecraft:particle_appearance_tinting": {
				"color": {
					"interpolant": "variable.particle_random_3",
					"gradient": {
						"0.5": "#DE868686",
						"0.83": "#1C858585",
						"1.0": "#00A4A4A4"
					}
				}
			}
		}
	}
}