{
	"format_version": "1.10.0",
	"particle_effect": {
		"description": {
			"identifier": "pb_scraft:earthquake_zone_2",
			"basic_render_parameters": {
				"material": "particles_blend",
				"texture": "textures/pb/scraft/particle/shockwave_128"
			}
		},
		"curves": {
			"variable.size_curve": {
				"type": "linear",
				"input": "v.particle_age",
				"horizontal_range": "v.particle_lifetime",
				"nodes": [0.17, 0.28, 0.49, 0.63, 0.81, 0.88, 1.13]
			}
		},
		"components": {
			"minecraft:emitter_initialization": {
				"creation_expression": "variable.age_growth = 0.0;variable.lifetime = 0.75;variable.size_variant = 0.7;variable.spinspeed = 360;variable.radius = 1.5;variable.radius_growth = 0.3;variable.height = 8;"
			},
			"minecraft:emitter_local_space": {
				"position": true,
				"rotation": false
			},
			"minecraft:emitter_rate_steady": {
				"spawn_rate": 2,
				"max_particles": 800
			},
			"minecraft:emitter_lifetime_once": {
				"active_time": 10
			},
			"minecraft:emitter_shape_point": {
				"offset": [0, 0.05, 0],
				"direction": [0, 1, 0]
			},
			"minecraft:particle_lifetime_expression": {
				"max_lifetime": "Math.random(variable.lifetime, variable.lifetime*1.3)"
			},
			"minecraft:particle_initial_spin": {
				"rotation": "(variable.particle_random_3-0.5)*720"
			},
			"minecraft:particle_initial_speed": 0,
			"minecraft:particle_motion_dynamic": {
				"linear_acceleration": [0, 0.2, 0],
				"linear_drag_coefficient": 1
			},
			"minecraft:particle_appearance_billboard": {
				"size": ["5*variable.size_curve", "5*variable.size_curve"],
				"facing_camera_mode": "direction_z"
			},
			"minecraft:particle_appearance_tinting": {
				"color": {
					"interpolant": "v.particle_age / v.particle_lifetime",
					"gradient": {
						"0.0": "#08585858",
						"0.28": "#FF696159",
						"0.66": "#FF5E5143",
						"1.0": "#2E452B19"
					}
				}
			}
		}
	}
}