{
	"format_version": "1.10.0",
	"particle_effect": {
		"description": {
			"identifier": "pb_scraft:earthquake_dust",
			"basic_render_parameters": {
				"material": "particles_add",
				"texture": "textures/pb/scraft/particle/fog_64"
			}
		},
		"curves": {
			"variable.size": {
				"type": "linear",
				"input": "v.particle_age",
				"horizontal_range": "v.particle_lifetime",
				"nodes": [0, 0.84, 1, 1, 1, 1, 1, 1, 1]
			}
		},
		"components": {
			"minecraft:emitter_initialization": {
				"creation_expression": "variable.size_multiplier = 2.5;variable.radius = 5;"
			},
			"minecraft:emitter_rate_steady": {
				"spawn_rate": 24,
				"max_particles": 400
			},
			"minecraft:emitter_lifetime_once": {
				"active_time": 10
			},
			"minecraft:emitter_shape_disc": {
				"offset": [0, -0.3, 0],
				"radius": "variable.radius*0.4",
				"direction": "outwards"
			},
			"minecraft:particle_lifetime_expression": {
				"max_lifetime": "math.random(0.6,1.0)"
			},
			"minecraft:particle_initial_spin": {
				"rotation": "math.random(0,360)"
			},
			"minecraft:particle_initial_speed": "math.random(3,8)",
			"minecraft:particle_motion_dynamic": {
				"linear_acceleration": [0, -1, 0],
				"linear_drag_coefficient": 3
			},
			"minecraft:particle_appearance_billboard": {
				"size": ["(1*variable.particle_random_1+0.5)*variable.size*variable.size_multiplier", "(1*variable.particle_random_1+0.5)*variable.size*variable.size_multiplier"],
				"facing_camera_mode": "rotate_xyz"
			},
			"minecraft:particle_appearance_tinting": {
				"color": {
					"interpolant": "v.particle_age / v.particle_lifetime",
					"gradient": {
						"0.13": "#FFFFFFFF",
						"0.95": "#33828282"
					}
				}
			}
		}
	}
}