{
	"format_version": "1.10.0",
	"particle_effect": {
		"description": {
			"identifier": "pb_scraft:huge_rocks",
			"basic_render_parameters": {
				"material": "particles_alpha",
				"texture": "textures/pb/scraft/particle/rocks"
			}
		},
		"curves": {
			"variable.size_curve": {
				"type": "linear",
				"input": "variable.particle_random_1",
				"horizontal_range": 1,
				"nodes": [0.63, 0.51, 0.25]
			}
		},
		"components": {
			"minecraft:emitter_initialization": {
				"creation_expression": "variable.size = 0.2;variable.size_variant = 0.4;variable.spawn_radius = 0.3;variable.lifetime = 1.3;"
			},
			"minecraft:emitter_rate_instant": {
				"num_particles": 15
			},
			"minecraft:emitter_lifetime_once": {
				"active_time": 1
			},
			"minecraft:emitter_shape_sphere": {
				"offset": [0, 0.3, 0],
				"radius": 1,
				"direction": "outwards"
			},
			"minecraft:particle_lifetime_expression": {
				"max_lifetime": "Math.random(variable.lifetime, variable.lifetime*1.5)"
			},
			"minecraft:particle_initial_spin": {
				"rotation": "(variable.particle_random_3-0.5)*60",
				"rotation_rate": "(variable.particle_random_1-0.5)*5800"
			},
			"minecraft:particle_initial_speed": "2+variable.particle_random_1*8",
			"minecraft:particle_motion_dynamic": {
				"linear_acceleration": [0, -9, 0],
				"linear_drag_coefficient": 1.5,
				"rotation_drag_coefficient": 1
			},
			"minecraft:particle_appearance_billboard": {
				"size": ["variable.size_curve+(variable.particle_random_1*variable.size_variant)", "variable.size_curve+(variable.particle_random_1*variable.size_variant)"],
				"facing_camera_mode": "rotate_xyz",
				"uv": {
					"texture_width": 1,
					"texture_height": 5,
					"uv": [0, "math.floor(variable.particle_random_1*5)"],
					"uv_size": [1, 1]
				}
			},
			"minecraft:particle_motion_collision": {
				"collision_drag": 2,
				"collision_radius": 0.25
			},
			"minecraft:particle_appearance_tinting": {
				"color": {
					"interpolant": "variable.particle_age",
					"gradient": {
						"0.18": "#FF978D83",
						"0.46": "#FF8B857D"
					}
				}
			}
		}
	}
}