{
	"format_version": "1.10.0",
	"particle_effect": {
		"description": {
			"identifier": "pb_scraft:rock_sparks",
			"basic_render_parameters": {
				"material": "particles_alpha",
				"texture": "textures/pb/scraft/particle/rocks"
			}
		},
		"components": {
			"minecraft:emitter_initialization": {
				"creation_expression": "variable.size = 0.2;variable.lifetime = 0.5;variable.size_variant = 0.2;variable.age_growth = 0.1;"
			},
			"minecraft:emitter_rate_instant": {
				"num_particles": 60
			},
			"minecraft:emitter_lifetime_once": {
				"active_time": 1
			},
			"minecraft:emitter_shape_sphere": {
				"radius": 0.2,
				"direction": "outwards"
			},
			"minecraft:particle_lifetime_expression": {
				"max_lifetime": "(variable.particle_random_1*variable.lifetime)+0.1"
			},
			"minecraft:particle_initial_spin": {
				"rotation": "math.random(0,180)",
				"rotation_rate": 3800
			},
			"minecraft:particle_initial_speed": "(variable.particle_random_1*6)+12",
			"minecraft:particle_motion_dynamic": {
				"linear_acceleration": [0, -9, 0],
				"linear_drag_coefficient": 0.2
			},
			"minecraft:particle_appearance_billboard": {
				"size": ["variable.size+variable.size_variant*variable.particle_random_2", "variable.size+variable.size_variant*variable.particle_random_2"],
				"facing_camera_mode": "rotate_xyz",
				"uv": {
					"texture_width": 32,
					"texture_height": 160,
					"uv": [0, "math.floor(variable.particle_random_4*6)*32"],
					"uv_size": [32, 32]
				}
			},
			"minecraft:particle_motion_collision": {
				"coefficient_of_restitution": 1.3,
				"collision_radius": 0.25
			},
			"minecraft:particle_appearance_tinting": {
				"color": {
					"interpolant": "variable.particle_age",
					"gradient": {
						"0.0": "#FF9D948B",
						"0.14": "#FFA0978D",
						"0.7": "#9E978D83"
					}
				}
			}
		}
	}
}