{
	"format_version": "1.10.0",
	"particle_effect": {
		"description": {
			"identifier": "pb_scraft:rock_explosion",
			"basic_render_parameters": {
				"material": "particles_alpha",
				"texture": "textures/pb/scraft/particle/rocks"
			}
		},
		"components": {
			"minecraft:emitter_initialization": {
				"creation_expression": "variable.size = 0.2;variable.size_variant = 0.4;variable.spawn_radius = 0.3;variable.lifetime = 1.3;"
			},
			"minecraft:emitter_rate_instant": {
				"num_particles": 30
			},
			"minecraft:emitter_lifetime_once": {
				"active_time": 1
			},
			"minecraft:emitter_shape_sphere": {
				"offset": [0, 0.3, 0],
				"radius": 1,
				"direction": "outwards"
			},
			"minecraft:particle_lifetime_expression": {
				"max_lifetime": "Math.random(variable.lifetime, variable.lifetime*1.5)"
			},
			"minecraft:particle_initial_spin": {
				"rotation": "(variable.particle_random_3-0.5)*60",
				"rotation_rate": "(variable.particle_random_1-0.5)*400"
			},
			"minecraft:particle_initial_speed": "Math.random(10,16)",
			"minecraft:particle_motion_dynamic": {
				"linear_acceleration": [0, -12, 0],
				"linear_drag_coefficient": 0.5,
				"rotation_drag_coefficient": 1
			},
			"minecraft:particle_appearance_billboard": {
				"size": ["variable.size+(variable.particle_random_1*variable.size_variant)", "variable.size+(variable.particle_random_1*variable.size_variant)"],
				"facing_camera_mode": "rotate_xyz",
				"uv": {
					"texture_width": 1,
					"texture_height": 5,
					"uv": [0, "math.floor(variable.particle_random_1*5)"],
					"uv_size": [1, 1]
				}
			},
			"minecraft:particle_motion_collision": {
				"collision_drag": 2,
				"coefficient_of_restitution": 0.1,
				"collision_radius": 0.25
			},
			"minecraft:particle_appearance_tinting": {
				"color": {
					"interpolant": "variable.particle_age",
					"gradient": {
						"0.18": "#FF696159",
						"0.46": "#FF686460"
					}
				}
			}
		}
	}
}