{
	"format_version": "1.21.50",
	"minecraft:entity": {
		"description": {
			"identifier": "ljw_ww:block",
			"is_spawnable": false,
			"is_summonable": true,
			"is_experimental": false,
			"properties": {
				"ljw_ww:intensity": { "client_sync": true, "type": "float", "range": [ 0.5, 1.0 ], "default": 0.5 },
				"ljw_ww:berserk_time": { "client_sync": true, "type": "float", "range": [ 0.0, 1.0 ], "default": 0.0 }
			}
		},

		"component_groups": {
			"ljw_ww:despawn": {
				"minecraft:instant_despawn": {
				}
			}
		},
	
		"components": {
			"minecraft:type_family": {
				"family": [ "ljw_ww", "ljw_ww_block", "inanimate" ]
			},
			"minecraft:collision_box": {
				"width": 0.0,
				"height": 0.0
			},
			"minecraft:despawn": {
				"filters": {
					"any_of": [
						{
							"test": "has_damage",
							"value": "lava"
						},
						{
							"test": "has_damage",
							"value": "void"
						}
					]
				}
			},
			"minecraft:custom_hit_test": {
				"hitboxes": [
					{
						"height": 0.01,
						"width": 0.01,
						"pivot": [ 0, 20, 0 ]
					}
				]
			},
			"minecraft:health": {
				"value": 1,
				"max": 1
			},
			"minecraft:fire_immune": {
			},
			"minecraft:vibration_damper": {
			},
			"minecraft:movement": {
				"value": 0.0
			},
			"minecraft:movement.generic": {
			},
			"minecraft:navigation.generic": {
				"avoid_damage_blocks": true,
				"can_breach": true,
				"can_float": false,
				"can_path_over_water": false,
				"can_sink":	true,
				"can_swim": true,
				"can_walk": true,
				"is_amphibious": true
			},
			"minecraft:breathable": {
				"totalSupply": 0,
				"suffocateTime": 0,
				"breathes_water": true,
				"breathes_air": true,
				"generatesBubbles": false
			},
			"minecraft:damage_sensor": {
				"triggers": [
					{
						"deals_damage": "no"
					}
				]
			},
			"minecraft:scheduler": {
				"min_delay_secs": 0,
				"max_delay_secs": 0,
				"scheduled_events": [
					{
						"filters": {
							"all_of": [
								{ "test": "in_nether", "operator": "==", "value": false },
								{ "test": "in_overworld", "operator": "==", "value": false }
							]
						},
						"event": "ljw_ww:reset_intensity"
					},
					{
						"filters": {
							"all_of": [
								{ "test": "light_level", "operator": ">", "value": 7 },
								{ "test": "float_property", "subject": "self", "domain": "ljw_ww:intensity", "operator": ">", "value": 0.5 }
							]
						},
						"event": "ljw_ww:reset_intensity"
					},
					{
						"filters": {
							"all_of": [
								{ "test": "light_level", "operator": "==", "value": 7 },
								{ "test": "float_property", "subject": "self", "domain": "ljw_ww:intensity", "operator": "!=", "value": 0.6 }
							]
						},
						"event": "ljw_ww:set_intensity_1"
					},
					{
						"filters": {
							"all_of": [
								{ "test": "light_level", "operator": "==", "value": 6 },
								{ "test": "float_property", "subject": "self", "domain": "ljw_ww:intensity", "operator": "!=", "value": 0.65 }
							]
						},
						"event": "ljw_ww:set_intensity_2"
					},
					{
						"filters": {
							"all_of": [
								{ "test": "light_level", "operator": "==", "value": 5 },
								{ "test": "float_property", "subject": "self", "domain": "ljw_ww:intensity", "operator": "!=", "value": 0.70 }
							]
						},
						"event": "ljw_ww:set_intensity_3"
					},
					{
						"filters": {
							"all_of": [
								{ "test": "light_level", "operator": "==", "value": 4 },
								{ "test": "float_property", "subject": "self", "domain": "ljw_ww:intensity", "operator": "!=", "value": 0.75 }
							]
						},
						"event": "ljw_ww:set_intensity_4"
					},
					{
						"filters": {
							"all_of": [
								{ "test": "light_level", "operator": "==", "value": 3 },
								{ "test": "float_property", "subject": "self", "domain": "ljw_ww:intensity", "operator": "!=", "value": 0.80 }
							]
						},
						"event": "ljw_ww:set_intensity_5"
					},
					{
						"filters": {
							"all_of": [
								{ "test": "light_level", "operator": "==", "value": 2 },
								{ "test": "float_property", "subject": "self", "domain": "ljw_ww:intensity", "operator": "!=", "value": 0.85 }
							]
						},
						"event": "ljw_ww:set_intensity_6"
					},
					{
						"filters": {
							"all_of": [
								{ "test": "light_level", "operator": "==", "value": 1 },
								{ "test": "float_property", "subject": "self", "domain": "ljw_ww:intensity", "operator": "!=", "value": 0.90 }
							]
						},
						"event": "ljw_ww:set_intensity_7"
					},
					{
						"filters": {
							"all_of": [
								{ "test": "light_level", "operator": "==", "value": 0 },
								{ "test": "float_property", "subject": "self", "domain": "ljw_ww:intensity", "operator": "!=", "value": 1.0 }
							]
						},
						"event": "ljw_ww:set_intensity_8"
					}
				]
			},
			"minecraft:physics": {
				"has_collision": false,
				"has_gravity": false
			},
			"minecraft:pushable": {
				"is_pushable": false,
				"is_pushable_by_piston": false
			}
		},

		"events": {
			"ljw_ww:despawn": {
				"sequence": [
					{
						"add": {
							"component_groups": [
								"ljw_ww:despawn"
							]
						}
					}
				]
			},
			
			"ljw_ww:reset_intensity": {
				"sequence": [
					{
						"set_property": {
							"ljw_ww:intensity": "0.5"
						}
					}
				]
			},
			
			"ljw_ww:set_intensity_1": {
				"sequence": [
					{
						"set_property": {
							"ljw_ww:intensity": "0.6"
						}
					}
				]
			},
			
			"ljw_ww:set_intensity_2": {
				"sequence": [
					{
						"set_property": {
							"ljw_ww:intensity": "0.65"
						}
					}
				]
			},
			
			"ljw_ww:set_intensity_3": {
				"sequence": [
					{
						"set_property": {
							"ljw_ww:intensity": "0.7"
						}
					}
				]
			},
			
			"ljw_ww:set_intensity_4": {
				"sequence": [
					{
						"set_property": {
							"ljw_ww:intensity": "0.75"
						}
					}
				]
			},
			
			"ljw_ww:set_intensity_5": {
				"sequence": [
					{
						"set_property": {
							"ljw_ww:intensity": "0.8"
						}
					}
				]
			},
			
			"ljw_ww:set_intensity_6": {
				"sequence": [
					{
						"set_property": {
							"ljw_ww:intensity": "0.85"
						}
					}
				]
			},
			
			"ljw_ww:set_intensity_7": {
				"sequence": [
					{
						"set_property": {
							"ljw_ww:intensity": "0.9"
						}
					}
				]
			},
			
			"ljw_ww:set_intensity_8": {
				"sequence": [
					{
						"set_property": {
							"ljw_ww:intensity": "1.0"
						}
					}
				]
			}
		}
	}
}