{
	"format_version": "1.21.50",
	"minecraft:entity": {
		"description": {
			"identifier": "ljw_ww:check_block",
			"is_spawnable": false,
			"is_summonable": true,
			"is_experimental": false,
			"properties": {
				"ljw_ww:in_dark_oak_forest": { "client_sync": true, "type": "bool", "default": false },
				"ljw_ww:in_taiga": { "client_sync": true, "type": "bool", "default": false }
			}
		},

		"component_groups": {
			"ljw_ww:despawn": {
				"minecraft:instant_despawn": {
				}
			},
			"ljw_ww:wolf_pale": {
				"minecraft:variant": {
					"value": 0
				}
			},
			"ljw_ww:wolf_ashen": {
				"minecraft:variant": {
					"value": 1
				}
			},
			"ljw_ww:wolf_black": {
				"minecraft:variant": {
					"value": 2
				}
			},
			"ljw_ww:wolf_chestnut": {
				"minecraft:variant": {
					"value": 3
				}
			},
			"ljw_ww:wolf_rusty": {
				"minecraft:variant": {
					"value": 4
				}
			},
			"ljw_ww:wolf_snowy": {
				"minecraft:variant": {
					"value": 5
				}
			},
			"ljw_ww:wolf_spotted": {
				"minecraft:variant": {
					"value": 6
				}
			},
			"ljw_ww:wolf_striped": {
				"minecraft:variant": {
					"value": 7
				}
			},
			"ljw_ww:wolf_woods": {
				"minecraft:variant": {
					"value": 8
				}
			}
		},
	
		"components": {
			"minecraft:type_family": {
				"family": [ "ljw_ww", "ljw_ww_check_block", "inanimate" ]
			},
			"minecraft:collision_box": {
				"width": 0.01,
				"height": 0.01
			},
			"minecraft:despawn": {
				"filters": {
					"any_of": [
						{
							"test": "has_damage",
							"value": "lava"
						},
						{
							"test": "has_damage",
							"value": "void"
						}
					]
				}
			},
			"minecraft:health": {
				"value": 1,
				"max": 1
			},
			"minecraft:fire_immune": {
			},
			"minecraft:vibration_damper": {
			},
			"minecraft:movement": {
				"value": 0.0
			},
			"minecraft:movement.generic": {
			},
			"minecraft:navigation.generic": {
				"avoid_damage_blocks": true,
				"can_breach": true,
				"can_float": false,
				"can_path_over_water": false,
				"can_sink":	true,
				"can_swim": true,
				"can_walk": true,
				"is_amphibious": true
			},
			"minecraft:breathable": {
				"totalSupply": 0,
				"suffocateTime": 0,
				"breathes_water": true,
				"breathes_air": true,
				"generatesBubbles": false
			},
			"minecraft:timer": {
				"looping": true,
				"time": [
					2.0,
					2.0
				],
				"time_down_event": {
					"event": "ljw_ww:despawn"
				}
			},
			"minecraft:damage_sensor": {
				"triggers": [
					{
						"deals_damage": "no"
					}
				]
			},
			"minecraft:scheduler": {
				"min_delay_secs": 0,
				"max_delay_secs": 0,
				"scheduled_events": [
					{
						"filters": {
							"all_of": [
								{ "test": "has_biome_tag", "operator": "==", "value": "roofed" },
								{ "test": "has_biome_tag", "operator": "==", "value": "forest" },
								{ "test": "bool_property", "subject": "self", "domain": "ljw_ww:in_dark_oak_forest", "operator": "==", "value": false }
							]
						},
						"event": "ljw_ww:in_dark_oak_forest"
					}
				]
			},
			"minecraft:physics": {
				"has_collision": false,
				"has_gravity": false
			},
			"minecraft:pushable": {
				"is_pushable": false,
				"is_pushable_by_piston": false
			}
		},

		"events": {
			"ljw_ww:despawn": {
				"sequence": [
					{
						"add": {
							"component_groups": [
								"ljw_ww:despawn"
							]
						}
					}
				]
			},
			
			"minecraft:entity_spawned": {
				"sequence": [
					{
						"filters": {
							"all_of": [
								{ "test": "has_biome_tag", "operator": "==", "value": "roofed" },
								{ "test": "has_biome_tag", "operator": "==", "value": "forest" }
							]
						},
						"set_property": {
							"ljw_ww:in_dark_oak_forest": true
						}
					},
					{
						"filters": {
							"all_of": [
								{
									"test": "has_biome_tag",
									"value": "taiga"
								},
								{
									"test": "has_biome_tag",
									"operator": "not",
									"value": "cold"
								},
								{
									"test": "has_biome_tag",
									"operator": "not",
									"value": "mega"
								},
								{
									"test": "has_biome_tag",
									"operator": "not",
									"value": "mutated"
								}
							]
						},
						"add": {
							"component_groups": [
								"ljw_ww:wolf_pale"
							]
						},
						"set_property": {
							"ljw_ww:in_taiga": true
						}
					},
					{
						"filters": {
							"all_of": [
								{
									"test": "has_biome_tag",
									"value": "taiga"
								},
								{
									"test": "has_biome_tag",
									"value": "cold"
								}
							]
						},
						"add": {
							"component_groups": [
								"ljw_ww:wolf_ashen"
							]
						}
					},
					{
						"filters": {
							"all_of": [
								{
									"test": "has_biome_tag",
									"value": "mega"
								},
								{
									"test": "has_biome_tag",
									"value": "taiga"
								},
								{
									"test": "has_biome_tag",
									"value": "forest"
								},
								{
									"test": "has_biome_tag",
									"operator": "not",
									"value": "mutated"
								}
							]
						},
						"add": {
							"component_groups": [
								"ljw_ww:wolf_black"
							]
						}
					},
					{
						"filters": {
							"all_of": [
								{
									"test": "has_biome_tag",
									"value": "mega"
								},
								{
									"test": "has_biome_tag",
									"value": "taiga"
								},
								{
									"test": "has_biome_tag",
									"value": "forest"
								},
								{
									"test": "has_biome_tag",
									"value": "mutated"
								}
							]
						},
						"add": {
							"component_groups": [
								"ljw_ww:wolf_chestnut"
							]
						}
					},
					{
						"filters": {
							"test": "has_biome_tag",
							"value": "jungle"
						},
						"add": {
							"component_groups": [
								"ljw_ww:wolf_rusty"
							]
						}
					},
					{
						"filters": {
							"test": "has_biome_tag",
							"value": "grove"
						},
						"add": {
							"component_groups": [
								"ljw_ww:wolf_snowy"
							]
						}
					},
					{
						"filters": {
							"test": "has_biome_tag",
							"value": "savanna"
						},
						"add": {
							"component_groups": [
								"ljw_ww:wolf_spotted"
							]
						}
					},
					{
						"filters": {
							"test": "has_biome_tag",
							"value": "mesa"
						},
						"add": {
							"component_groups": [
								"ljw_ww:wolf_striped"
							]
						}
					},
					{
						"filters": {
							"all_of": [
								{
									"test": "has_biome_tag",
									"value": "forest"
								},
								{
									"test": "has_biome_tag",
									"operator": "not",
									"value": "birch"
								},
								{
									"test": "has_biome_tag",
									"operator": "not",
									"value": "taiga"
								},
								{
									"test": "has_biome_tag",
									"operator": "not",
									"value": "roofed"
								},
								{
									"test": "has_biome_tag",
									"operator": "not",
									"value": "mutated"
								},
								{
									"test": "has_biome_tag",
									"operator": "not",
									"value": "mountain"
								}
							]
						},
						"add": {
							"component_groups": [
								"ljw_ww:wolf_woods"
							]
						}
					}
				]
			}
		}
	}
}