{
	"format_version": "1.21.50",
	"minecraft:entity": {
		"description": {
			"identifier": "ljw_ww:marker",
			"is_spawnable": false,
			"is_summonable": true,
			"is_experimental": false
		},

		"component_groups": {
			"ljw_ww:despawn": {
				"minecraft:instant_despawn": {
				}
			}
		},
	
		"components": {
			"minecraft:type_family": {
				"family": [ "ljw_ww", "ljw_ww_marker", "inanimate" ]
			},
			"minecraft:collision_box": {
				"width": 0.01,
				"height": 0.01
			},
			"minecraft:despawn": {
				"filters": {
					"any_of": [
						{
							"test": "has_damage",
							"value": "lava"
						},
						{
							"test": "has_damage",
							"value": "void"
						}
					]
				}
			},
			"minecraft:health": {
				"value": 1,
				"max": 1
			},
			"minecraft:fire_immune": {
			},
			"minecraft:vibration_damper": {
			},
			"minecraft:movement": {
				"value": 0.0
			},
			"minecraft:movement.generic": {
			},
			"minecraft:navigation.generic": {
				"avoid_damage_blocks": true,
				"can_breach": true,
				"can_float": false,
				"can_path_over_water": false,
				"can_sink":	true,
				"can_swim": true,
				"can_walk": true,
				"is_amphibious": true
			},
			"minecraft:breathable": {
				"totalSupply": 0,
				"suffocateTime": 0,
				"breathes_water": true,
				"breathes_air": true,
				"generatesBubbles": false
			},
			"minecraft:damage_sensor": {
				"triggers": [
					{
						"deals_damage": "no"
					}
				]
			},
			"minecraft:timer": {
				"looping": true,
				"time": [
					5.0,
					5.0
				],
				"time_down_event": {
					"event": "ljw_ww:despawn"
				}
			},
			"minecraft:physics": {
				"has_collision": false,
				"has_gravity": false
			},
			"minecraft:pushable": {
				"is_pushable": false,
				"is_pushable_by_piston": false
			}
		},

		"events": {
			"ljw_ww:despawn": {
				"sequence": [
					{
						"add": {
							"component_groups": [
								"ljw_ww:despawn"
							]
						}
					}
				]
			}
		}
	}
}