{
	"format_version": "1.16.0",
	"minecraft:geometry": [
		{
			"description": {
				"identifier": "geometry.pb_scraft.fire_staff_1",
				"texture_width": 64,
				"texture_height": 64,
				"visible_bounds_width": 4,
				"visible_bounds_height": 4,
				"visible_bounds_offset": [0, 1, 0]
			},
			"bones": [
				{
					"name": "root",
					"pivot": [-0.05455, 11.4, 0],
					"binding": "q.item_slot_to_bone_name(c.item_slot)",
					"cubes": [
						{"origin": [-1, 12.7, -1], "size": [2, 6, 2], "inflate": 0.2, "uv": [24, 20]},
						{"origin": [-1, -16, -1], "size": [2, 3, 2], "inflate": 0.2, "uv": [24, 28]},
						{"origin": [-1.7, -18, -0.5], "size": [1, 4, 1], "inflate": 0.2, "uv": [18, 30]},
						{"origin": [0.7, -18, -0.5], "size": [1, 4, 1], "inflate": 0.2, "uv": [32, 19]},
						{"origin": [-1, -16, -1], "size": [2, 30, 2], "inflate": -0.2, "uv": [0, 0]},
						{"origin": [-1, 20, -1], "size": [2, 2, 2], "uv": [0, 32]}
					]
				},
				{
					"name": "fire_1_zange",
					"parent": "root",
					"pivot": [-0.1, 30, 0.1],
					"cubes": [
						{"origin": [-2, 15, -2], "size": [4, 6, 4], "inflate": -0.2, "uv": [8, 20]}
					]
				},
				{
					"name": "fire_1_spell",
					"parent": "fire_1_zange",
					"pivot": [-0.1, 30, 0.1]
				},
				{
					"name": "fire_1_spell_layer_2",
					"parent": "fire_1_spell",
					"pivot": [-0.1, 30, 0.1],
					"cubes": [
						{"origin": [-2.6, 27.5, -2.4], "size": [5, 5, 5], "pivot": [-0.1, 30, 0.1], "rotation": [0, 0, 45], "uv": [8, 10]},
						{"origin": [-2.6, 27.5, -2.4], "size": [5, 5, 5], "inflate": -0.2, "pivot": [-0.1, 30, 0.1], "rotation": [0, 0, 45], "uv": [8, 0]}
					]
				},
				{
					"name": "fire_1_clamp_right",
					"parent": "fire_1_zange",
					"pivot": [-2.62989, 17.805, 0],
					"cubes": [
						{"origin": [-6.31199, 24.16907, -0.5], "size": [1, 3, 1], "inflate": 0.2, "pivot": [-3.31199, 24.66907, 0], "rotation": [0, 0, 40], "uv": [32, 30]},
						{"origin": [-6.31199, 24.16907, -0.5], "size": [4, 2, 1], "inflate": 0.1, "pivot": [-3.31199, 24.66907, 0], "rotation": [0, 0, 40], "uv": [28, 16]},
						{"origin": [-4.2, 16.9, -0.5], "size": [2, 2, 1], "inflate": 0.1, "pivot": [-3.2, 17.4, 0], "rotation": [0, 0, 40], "uv": [32, 24]},
						{"origin": [-3.5, 18, -0.5], "size": [2, 7, 1], "inflate": 0.2, "uv": [28, 8]}
					]
				},
				{
					"name": "fire_1_clamp_left",
					"parent": "fire_1_zange",
					"pivot": [2.61199, 17.76907, 0],
					"cubes": [
						{"origin": [2.2, 16.9, -0.5], "size": [2, 2, 1], "inflate": 0.1, "pivot": [3.2, 17.4, 0], "rotation": [0, 0, -40], "uv": [32, 27]},
						{"origin": [1.5, 18, -0.5], "size": [2, 7, 1], "inflate": 0.2, "uv": [28, 0]},
						{"origin": [2.31199, 24.16907, -0.5], "size": [4, 2, 1], "inflate": 0.1, "pivot": [3.31199, 24.66907, 0], "rotation": [0, 0, -40], "uv": [8, 30]},
						{"origin": [5.31199, 24.16907, -0.5], "size": [1, 3, 1], "inflate": 0.2, "pivot": [3.31199, 24.66907, 0], "rotation": [0, 0, -40], "uv": [8, 33]}
					]
				},
				{
					"name": "snake4",
					"parent": "fire_1_zange",
					"pivot": [0, 17.52792, 1.4649],
					"rotation": [-25, 0, 0]
				},
				{
					"name": "sn1t14",
					"parent": "snake4",
					"pivot": [0, 20.85684, 0.98121],
					"rotation": [55, 0, 0]
				},
				{
					"name": "sn1t15",
					"parent": "sn1t14",
					"pivot": [0, 22.85684, 0.98121],
					"rotation": [-57.5, 0, 0]
				},
				{
					"name": "sn1t16",
					"parent": "sn1t15",
					"pivot": [0, 24.85684, 0.98121],
					"rotation": [-90, 0, 0]
				},
				{
					"name": "sn1t17",
					"parent": "sn1t16",
					"pivot": [0, 25.35684, 1.48121],
					"rotation": [-122.5, 0, 0]
				}
			]
		}
	]
}