{
	"format_version": "1.16.0",
	"minecraft:geometry": [
		{
			"description": {
				"identifier": "geometry.pb_scraft.fire_staff_3",
				"texture_width": 64,
				"texture_height": 64,
				"visible_bounds_width": 5,
				"visible_bounds_height": 6,
				"visible_bounds_offset": [0, 2, 0]
			},
			"bones": [
				{
					"name": "root",
					"pivot": [-0.05455, 11.4, 0],
					"binding": "q.item_slot_to_bone_name(c.item_slot)",
					"cubes": [
						{"origin": [-2, 14, -2], "size": [4, 3, 4], "inflate": -0.2, "uv": [24, 25]},
						{"origin": [-1, 11.7, -1], "size": [2, 8, 2], "inflate": 0.2, "uv": [0, 32]},
						{"origin": [-2.08451, 16.67202, -2], "size": [0, 5, 4], "pivot": [0, 19.2, 0], "rotation": [90, -65, -90], "uv": [8, 33]},
						{"origin": [2.08451, 16.67202, -2], "size": [0, 5, 4], "pivot": [0, 19.2, 0], "rotation": [-90, -65, 90], "uv": [8, 33], "mirror": true},
						{"origin": [1.70149, 16.58711, -2], "size": [0, 5, 4], "pivot": [0, 18.29369, 0], "rotation": [180, 0, 155], "uv": [8, 33], "mirror": true},
						{"origin": [-1.70149, 16.58711, -2], "size": [0, 5, 4], "pivot": [0, 18.29369, 0], "rotation": [-180, 0, -155], "uv": [8, 33]},
						{"origin": [-1, -16, -1], "size": [2, 30, 2], "inflate": -0.2, "uv": [0, 0]},
						{"origin": [-1, -16, -1], "size": [2, 3, 2], "inflate": 0.2, "uv": [16, 33]},
						{"origin": [-1, -17, -1], "size": [2, 2, 2], "inflate": 0.4, "pivot": [0, -17, 0], "rotation": [0, -45, 0], "uv": [42, 0]}
					]
				},
				{
					"name": "fire_3_moon",
					"parent": "root",
					"pivot": [-0.1, 24.2, 0],
					"cubes": [
						{"origin": [-7.08891, 29.8, -1.15815], "size": [2, 2, 2], "uv": [34, 4]}
					]
				},
				{
					"name": "fire_3_moon_ring",
					"parent": "fire_3_moon",
					"pivot": [-6, 30.7, 0],
					"cubes": [
						{"origin": [-7.8, 26.4, 0], "size": [6, 6, 0], "uv": [1, 43]}
					]
				},
				{
					"name": "fire_3_spell",
					"parent": "root",
					"pivot": [-0.1, 25, 0.1]
				},
				{
					"name": "fire_3_inner_ring",
					"parent": "fire_3_spell",
					"pivot": [-0.05, 24.5, 0.2],
					"cubes": [
						{
							"origin": [-5.9, 19.05, 0.2],
							"size": [12, 11, 0],
							"pivot": [-0.05, 25.25, 0.2],
							"rotation": [0, 0, 45],
							"uv": {
								"north": {"uv": [19, 0], "uv_size": [13, 13]},
								"east": {"uv": [8, 0], "uv_size": [0, 13]},
								"south": {"uv": [9, 0], "uv_size": [13, 12]},
								"west": {"uv": [21, 0], "uv_size": [0, 13]},
								"up": {"uv": [8, 0], "uv_size": [13, 0]},
								"down": {"uv": [21, 0], "uv_size": [13, 0]}
							}
						}
					]
				},
				{
					"name": "fire_3_cube",
					"parent": "fire_3_spell",
					"pivot": [-0.1, 24.3, 0.1],
					"cubes": [
						{"origin": [-2.7, 21.8, -2.4], "size": [5, 5, 5], "inflate": -0.2, "pivot": [-0.2, 24.3, 0.1], "rotation": [0, 0, 45], "uv": [23, 54]},
						{"origin": [-2.6, 21.8, -2.4], "size": [5, 5, 5], "pivot": [-0.1, 24.3, 0.1], "rotation": [0, 0, 45], "uv": [44, 54]}
					]
				},
				{
					"name": "fire_3_ring",
					"parent": "fire_3_spell",
					"pivot": [-0.0499, 24.80876, 0.00294],
					"rotation": [0, 0, -17.5],
					"cubes": [
						{"origin": [-5.62924, 26.86115, -2.15815], "size": [2, 2, 2], "pivot": [-0.5464, 24.69399, -1.10815], "rotation": [-90, -45, 0], "uv": [34, 4]},
						{"origin": [-5.12924, 19.56115, -1.55815], "size": [11, 11, 1], "pivot": [-0.5464, 24.69399, -1.10815], "rotation": [-90, -45, 0], "uv": [8, 13]},
						{"origin": [3.29728, 23.46115, -3.4163], "size": [2, 2, 2], "inflate": 0.4, "pivot": [4.58013, 24.74399, -2.4163], "rotation": [-90, -45, 0], "uv": [34, 0]},
						{"origin": [-1.26646, 24.3859, 6.1837], "size": [2, 2, 2], "inflate": 0.4, "pivot": [-0.54931, 25.10306, 7.1837], "rotation": [90, 45, 180], "uv": [34, 0]}
					]
				}
			]
		}
	]
}