{
	"format_version": "1.16.0",
	"minecraft:geometry": [
		{
			"description": {
				"identifier": "geometry.pb_scraft.fire_staff_2",
				"texture_width": 64,
				"texture_height": 64,
				"visible_bounds_width": 3,
				"visible_bounds_height": 4,
				"visible_bounds_offset": [0, 1, 0]
			},
			"bones": [
				{
					"name": "root",
					"pivot": [-0.05455, 11.4, 0],
					"binding": "q.item_slot_to_bone_name(c.item_slot)",
					"cubes": [
						{"origin": [-2, 18, -2], "size": [4, 3, 4], "inflate": -0.2, "uv": [24, 18]},
						{"origin": [-2, 14, -2], "size": [4, 5, 4], "uv": [8, 18]},
						{"origin": [-1, 12.7, -1], "size": [2, 6, 2], "inflate": 0.2, "uv": [24, 25]},
						{"origin": [-1, -16, -1], "size": [2, 30, 2], "inflate": -0.2, "uv": [0, 18]},
						{"origin": [-1, -16, -1], "size": [2, 3, 2], "inflate": 0.2, "uv": [16, 27]},
						{"origin": [-1.7, -18, -0.5], "size": [1, 4, 1], "inflate": 0.2, "uv": [32, 25]},
						{"origin": [0.7, -18, -0.5], "size": [1, 4, 1], "inflate": 0.2, "uv": [32, 30]},
						{"origin": [-1, 20, -1], "size": [2, 2, 2], "uv": [16, 32]}
					]
				},
				{
					"name": "snake4",
					"parent": "root",
					"pivot": [0, 17.52792, 1.4649],
					"rotation": [-25, 0, 0]
				},
				{
					"name": "sn1t14",
					"parent": "snake4",
					"pivot": [0, 20.85684, 0.98121],
					"rotation": [55, 0, 0]
				},
				{
					"name": "sn1t15",
					"parent": "sn1t14",
					"pivot": [0, 22.85684, 0.98121],
					"rotation": [-57.5, 0, 0]
				},
				{
					"name": "sn1t16",
					"parent": "sn1t15",
					"pivot": [0, 24.85684, 0.98121],
					"rotation": [-90, 0, 0]
				},
				{
					"name": "sn1t17",
					"parent": "sn1t16",
					"pivot": [0, 25.35684, 1.48121],
					"rotation": [-122.5, 0, 0]
				},
				{
					"name": "fire_2_bird",
					"parent": "root",
					"pivot": [0, 20.87071, -0.16117],
					"rotation": [25, 180, 0],
					"cubes": [
						{"origin": [-1, 21.20026, -0.8779], "size": [2, 4, 2], "inflate": 0.01, "pivot": [0, 22.69963, 0.32252], "rotation": [10, 0, 0], "uv": [8, 27]}
					]
				},
				{
					"name": "fire_2_throat",
					"parent": "fire_2_bird",
					"pivot": [0, 25.15335, 0.02182],
					"rotation": [-72.5, 0, 0],
					"cubes": [
						{"origin": [-0.5, 24.15335, -0.47818], "size": [1, 3, 1], "inflate": 0.11, "uv": [8, 33]}
					]
				},
				{
					"name": "fire_2_neck",
					"parent": "fire_2_throat",
					"pivot": [0, 27.15335, 0.02182],
					"rotation": [57.5, 0, 0],
					"cubes": [
						{"origin": [-0.5, 26.80694, -0.67818], "size": [1, 2, 1], "inflate": 0.1, "uv": [12, 33]}
					]
				},
				{
					"name": "fire_2_head",
					"parent": "fire_2_neck",
					"pivot": [0, 29.15335, 0.02182],
					"rotation": [90, 0, 0],
					"cubes": [
						{"origin": [-0.5, 29.35335, -0.82459], "size": [1, 2, 1], "inflate": 0.15, "uv": [34, 0]},
						{"origin": [0.25024, 29.44663, -0.1], "size": [1, 0, 1], "pivot": [0.75024, 29.44663, 0.45832], "rotation": [-12.2731, -26.19072, 34.77431], "uv": [27, 9]},
						{"origin": [-1.16886, 29.50752, -0.11093], "size": [1, 0, 1], "pivot": [-0.66886, 29.50752, 0.38907], "rotation": [-10, 25, -30], "uv": [27, 9]}
					]
				},
				{
					"name": "fire_2_tongue",
					"parent": "fire_2_head",
					"pivot": [0, 29.65335, -0.47818],
					"rotation": [122.5, 0, 0],
					"cubes": [
						{"origin": [-0.5, 29.83805, -0.62338], "size": [1, 0, 2], "uv": [24, 33]}
					]
				},
				{
					"name": "fire_2_wings",
					"parent": "fire_2_bird",
					"pivot": [0, 22.23861, 0.93851],
					"rotation": [-35, 0, 0]
				},
				{
					"name": "right_wing",
					"parent": "fire_2_wings",
					"pivot": [-0.82883, 23.53118, -0.12055],
					"rotation": [-57, -27, 106],
					"cubes": [
						{"origin": [-6.85, 23.5, -0.1], "size": [8, 0, 9], "uv": [0, 9], "mirror": true}
					]
				},
				{
					"name": "left_wing",
					"parent": "fire_2_wings",
					"pivot": [0.83457, 23.4928, -0.12681],
					"rotation": [-57, 27, -106],
					"cubes": [
						{"origin": [-1.15, 23.5, -0.1], "size": [8, 0, 9], "uv": [0, 9]}
					]
				}
			]
		}
	]
}