{
    "format_version": "1.12",
    "minecraft:recipe_shaped": {
        "description": {
            "identifier": "nv_me:drill_bit"
        },
        "tags": [
            "crafting_table"
        ],
        "pattern": [
            "DDD",
            "CBC",
            " C "
        ],
        "key": {
            "B": {
                "item": "minecraft:iron_ingot"
            },
            "C": {
                "item": "minecraft:diamond"
            },
            "D": {
                "item": "nv_me:iron_plate"
            }
        },
        "result": {
            "item": "nv_me:drill_bit",
            "count": 1
        }
    }
}