{
    "format_version": "1.12",
    "minecraft:recipe_shaped": {
        "description": {
            "identifier": "nv_me:iron_plate"
        },
        "tags": [
            "crafting_table"
        ],
        "pattern": [
            "   ",
            "IBI",
            "   "
        ],
        "key": {
            "I": {
                "item": "minecraft:iron_ingot"
            },
            "B": {
                "item": "minecraft:heavy_weighted_pressure_plate"
            }
        },
        "result": {
            "item": "nv_me:iron_plate",
            "count": 1
        }
    }
}