{
    "format_version": "1.12",
    "minecraft:recipe_shaped": {
        "description": {
            "identifier": "nv_me:iron_beam"
        },
        "tags": [
            "crafting_table"
        ],
        "pattern": [
            "TTT",
            "III",
            "TTT"
        ],
        "key": {
            "I": {
                "item": "minecraft:iron_ingot"
            },
            "T": {
                "item": "minecraft:iron_trapdoor"
            }
        },
        "result": {
            "item": "nv_me:iron_beam",
            "count": 1
        }
    }
}