{
    "format_version": "1.12",
    "minecraft:recipe_shaped": {
        "description": {
            "identifier": "nv_me:mech_wrench"
        },
        "tags": [
            "crafting_table"
        ],
        "pattern": [
            " B ",
            " BB",
            "C  "
        ],
        "key": {
            "B": {
                "item": "minecraft:gold_ingot"
            },
            "C": {
                "item": "minecraft:stick"
            }
        },
        "result": {
            "item": "nv_me:mech_wrench",
            "count": 1
        }
    }
}