{
    "format_version": "1.12",
    "minecraft:recipe_shaped": {
        "description": {
            "identifier": "nv_me:mech_repair_kit"
        },
        "tags": [
            "crafting_table"
        ],
        "pattern": [
            "ADA",
            "CBC",
            "ADA"
        ],
        "key": {
            "A": {
                "item": "minecraft:redstone"
            },
            "B": {
                "item": "minecraft:iron_block"
            },
            "C": {
                "item": "minecraft:piston"
            },
            "D": {
                "item": "nv_me:iron_plate"
            }
        },
        "result": {
            "item": "nv_me:mech_repair_kit",
            "count": 1
        }
    }
}