{
	"format_version": "1.10.0",
	"particle_effect": {
		"description": {
			"identifier": "pb_scraft:aura_fire_embers",
			"basic_render_parameters": {
				"material": "particles_add",
				"texture": "textures/pb/scraft/particle/flash_2"
			}
		},
		"curves": {
			"variable.size_curve": {
				"type": "linear",
				"input": "variable.particle_random_3",
				"horizontal_range": 1,
				"nodes": [0.13, 0.16, 0.28, 0.59, 0.78]
			},
			"variable.radius_curve": {
				"type": "linear",
				"input": "variable.particle_random_3",
				"horizontal_range": 1,
				"nodes": [1.3, 2.65, 4.47, 5.64]
			},
			"variable.height_curve": {
				"type": "linear",
				"input": "variable.particle_random_3",
				"horizontal_range": 1,
				"nodes": [0.14, 0.71, 0.64, 0.35, 0.23]
			}
		},
		"components": {
			"minecraft:emitter_initialization": {
				"creation_expression": "variable.size = 0.1;variable.lifetime = 0.7;variable.size_variant = 1.0;variable.radius = 2.0;variable.radius_variant = 1;variable.spin_speed = 1;variable.height = 4;variable.spin_speed = 360;"
			},
			"minecraft:emitter_rate_instant": {
				"num_particles": 1
			},
			"minecraft:emitter_lifetime_once": {
				"active_time": 0.05
			},
			"minecraft:emitter_shape_disc": {
				"radius": 1,
				"direction": "outwards"
			},
			"minecraft:particle_lifetime_expression": {
				"max_lifetime": "math.random(variable.lifetime, variable.lifetime*1.6)"
			},
			"minecraft:particle_initial_speed": "(variable.particle_random_1*6)+14",
			"minecraft:particle_motion_dynamic": {
				"linear_acceleration": ["-math.sin((variable.particle_age+variable.particle_random_1)*variable.spin_speed)*10", 12, "math.cos((variable.particle_age+variable.particle_random_1)*variable.spin_speed)*10"],
				"linear_drag_coefficient": 6
			},
			"minecraft:particle_motion_parametric": {
				"rotation": 180
			},
			"minecraft:particle_appearance_billboard": {
				"size": ["variable.size_curve*1.5", "variable.size_curve*1.5"],
				"facing_camera_mode": "rotate_xyz"
			},
			"minecraft:particle_appearance_tinting": {
				"color": {
					"interpolant": "variable.particle_random_3",
					"gradient": {
						"0.0": "#DE7A1212",
						"0.24": "#C9FEA315",
						"0.79": "#1CA6270B",
						"1.0": "#00160703"
					}
				}
			}
		}
	}
}