{
	"format_version": "1.10.0",
	"particle_effect": {
		"description": {
			"identifier": "pb_scraft:aura_fire_impact",
			"basic_render_parameters": {
				"material": "particles_add",
				"texture": "textures/pb/scraft/particle/darkfire_swirl_animated_32"
			}
		},
		"components": {
			"minecraft:emitter_initialization": {
				"creation_expression": "variable.size = 0.75;variable.age_growth = 0.4;variable.lifetime = 0.2;variable.size_variant = 0.5;"
			},
			"minecraft:emitter_rate_steady": {
				"spawn_rate": 15,
				"max_particles": 60
			},
			"minecraft:emitter_lifetime_once": {
				"active_time": 0.25
			},
			"minecraft:emitter_shape_sphere": {
				"offset": [0, 0.5, 0],
				"radius": 0.3,
				"surface_only": true,
				"direction": "outwards"
			},
			"minecraft:particle_lifetime_expression": {
				"max_lifetime": "Math.random(variable.lifetime, variable.lifetime*1.2)"
			},
			"minecraft:particle_initial_spin": {
				"rotation": "(variable.particle_random_3-0.5)*180"
			},
			"minecraft:particle_initial_speed": 0.25,
			"minecraft:particle_motion_dynamic": {
				"linear_acceleration": [0, "(variable.particle_random_2*1)+2", 0],
				"linear_drag_coefficient": 3
			},
			"minecraft:particle_appearance_billboard": {
				"size": ["variable.size+(variable.particle_random_1*variable.size_variant)+math.clamp(variable.particle_age*variable.age_growth, 0, 4)", "variable.size+(variable.particle_random_1*variable.size_variant)+math.clamp(variable.particle_age*variable.age_growth, 0, 4)"],
				"facing_camera_mode": "lookat_xyz",
				"uv": {
					"texture_width": 1,
					"texture_height": 9,
					"flipbook": {
						"base_UV": [0, 0],
						"size_UV": [1, 1],
						"step_UV": [0, 1],
						"frames_per_second": 24,
						"max_frame": 8,
						"stretch_to_lifetime": true
					}
				}
			},
			"minecraft:particle_appearance_tinting": {
				"color": {
					"interpolant": "variable.particle_age",
					"gradient": {
						"0.0": "#D6FFFFFF",
						"0.2": "#BFFFFFFF",
						"1.0": "#001A1A1A"
					}
				}
			}
		}
	}
}