{
	"format_version": "1.10.0",
	"particle_effect": {
		"description": {
			"identifier": "pb_scraft:darkfire_explosion_medium",
			"basic_render_parameters": {
				"material": "particles_add",
				"texture": "textures/pb/scraft/particle/darkfire_swirl_animated_32"
			}
		},
		"components": {
			"minecraft:emitter_initialization": {
				"creation_expression": "variable.size = 0.4;variable.size_variant = 0.4;variable.spawn_radius = 0.3;variable.particle_growth = 0.2;variable.lifetime = 0.3;"
			},
			"minecraft:emitter_rate_instant": {
				"num_particles": 36
			},
			"minecraft:emitter_lifetime_once": {
				"active_time": 1
			},
			"minecraft:emitter_shape_sphere": {
				"radius": 0.2,
				"direction": "outwards"
			},
			"minecraft:particle_lifetime_expression": {
				"max_lifetime": "Math.random(variable.lifetime, variable.lifetime*1.5)"
			},
			"minecraft:particle_initial_spin": {
				"rotation": "(variable.particle_random_3-0.5)*180",
				"rotation_rate": "(variable.particle_random_1-0.5)*40"
			},
			"minecraft:particle_initial_speed": "Math.random(6,10)",
			"minecraft:particle_motion_dynamic": {
				"linear_drag_coefficient": 5
			},
			"minecraft:particle_appearance_billboard": {
				"size": ["variable.size+(variable.particle_random_1*variable.size_variant)+(variable.particle_age*variable.particle_growth)", "variable.size+(variable.particle_random_1*variable.size_variant)+(variable.particle_age*variable.particle_growth)"],
				"facing_camera_mode": "rotate_xyz",
				"uv": {
					"texture_width": 1,
					"texture_height": 9,
					"flipbook": {
						"base_UV": [0, 4],
						"size_UV": [1, 1],
						"step_UV": [0, 1],
						"frames_per_second": 24,
						"max_frame": 5,
						"stretch_to_lifetime": true
					}
				}
			},
			"minecraft:particle_appearance_tinting": {
				"color": {
					"interpolant": "variable.particle_age",
					"gradient": {
						"0.0": "#B3FFFFFF",
						"0.18": "#CFFFCE50",
						"0.46": "#4F787777"
					}
				}
			}
		}
	}
}