{
	"format_version": "1.10.0",
	"particle_effect": {
		"description": {
			"identifier": "pb_scraft:darkpyroball_explosion",
			"basic_render_parameters": {
				"material": "particles_add",
				"texture": "textures/pb/scraft/particle/darkfire_explosion"
			}
		},
		"curves": {
			"variable.size_curve": {
				"type": "linear",
				"input": "v.particle_age",
				"horizontal_range": "v.particle_lifetime",
				"nodes": [3, 1, 1, 1, 1, 1]
			}
		},
		"components": {
			"minecraft:emitter_initialization": {
				"creation_expression": "variable.size = 0.6;variable.size_variant = 0.4;variable.spawn_radius = 0.3;variable.lifetime = 0.3;"
			},
			"minecraft:emitter_rate_instant": {
				"num_particles": 45
			},
			"minecraft:emitter_lifetime_once": {
				"active_time": 1
			},
			"minecraft:emitter_shape_sphere": {
				"offset": [0, 0.3, 0],
				"radius": 0.4,
				"surface_only": true,
				"direction": "outwards"
			},
			"minecraft:particle_lifetime_expression": {
				"max_lifetime": "Math.random(variable.lifetime, variable.lifetime*1.5)"
			},
			"minecraft:particle_initial_spin": {
				"rotation": "(variable.particle_random_3-0.5)*60",
				"rotation_rate": "(variable.particle_random_1-0.5)*40"
			},
			"minecraft:particle_initial_speed": "Math.random(10,15)",
			"minecraft:particle_motion_dynamic": {
				"linear_drag_coefficient": 4
			},
			"minecraft:particle_appearance_billboard": {
				"size": ["variable.size_curve+(variable.particle_random_1*variable.size_variant)", "variable.size_curve+(variable.particle_random_1*variable.size_variant)"],
				"facing_camera_mode": "rotate_xyz",
				"uv": {
					"texture_width": 1,
					"texture_height": 6,
					"flipbook": {
						"base_UV": [0, 1],
						"size_UV": [1, 1],
						"step_UV": [0, 1],
						"frames_per_second": 12,
						"max_frame": 6,
						"stretch_to_lifetime": true
					}
				}
			}
		}
	}
}