{
	"format_version": "1.10.0",
	"particle_effect": {
		"description": {
			"identifier": "pb_scraft:darkfireball_spherical",
			"basic_render_parameters": {
				"material": "particles_add",
				"texture": "textures/pb/scraft/particle/darkfireball_core_32"
			}
		},
		"components": {
			"minecraft:emitter_initialization": {
				"creation_expression": "variable.size = 0.1;variable.lifetime = 0.15;variable.size_variant = 1.0;variable.age_growth = 0;"
			},
			"minecraft:emitter_rate_instant": {
				"num_particles": 8
			},
			"minecraft:emitter_lifetime_once": {
				"active_time": 0.05
			},
			"minecraft:emitter_shape_sphere": {
				"radius": 0.4,
				"surface_only": true,
				"direction": "outwards"
			},
			"minecraft:particle_lifetime_expression": {
				"max_lifetime": "variable.lifetime"
			},
			"minecraft:particle_initial_spin": {
				"rotation": "variable.particle_random_1*360",
				"rotation_rate": "(variable.particle_random_2-0.5)*90"
			},
			"minecraft:particle_initial_speed": 3,
			"minecraft:particle_motion_dynamic": {
				"linear_drag_coefficient": 5
			},
			"minecraft:particle_appearance_billboard": {
				"size": ["math.clamp(variable.size+(variable.size_variant*variable.particle_random_4)+(variable.particle_age*variable.age_growth),0,10)", "math.clamp(variable.size+(variable.size_variant*variable.particle_random_4)+(variable.particle_age*variable.age_growth),0,10)"],
				"facing_camera_mode": "direction_z",
				"uv": {
					"texture_width": 1,
					"texture_height": 8,
					"flipbook": {
						"base_UV": [0, 0],
						"size_UV": [1, 1],
						"step_UV": [0, 1],
						"frames_per_second": 24,
						"max_frame": 6,
						"stretch_to_lifetime": true
					}
				}
			}
		}
	}
}