{
	"format_version": "1.10.0",
	"particle_effect": {
		"description": {
			"identifier": "pb_scraft:darkpyroball_shockwave",
			"basic_render_parameters": {
				"material": "particles_blend",
				"texture": "textures/pb/scraft/particle/shockwave_128"
			}
		},
		"components": {
			"minecraft:emitter_initialization": {
				"creation_expression": "variable.size = 0.2;variable.size_variant = 0.4;variable.spawn_radius = 0.3;variable.particle_growth = 35;variable.lifetime = 0.2;"
			},
			"minecraft:emitter_rate_instant": {
				"num_particles": 2
			},
			"minecraft:emitter_lifetime_once": {
				"active_time": 1
			},
			"minecraft:emitter_shape_point": {
				"offset": [0, 0.3, 0]
			},
			"minecraft:particle_lifetime_expression": {
				"max_lifetime": "Math.random(variable.lifetime, variable.lifetime*1.5)"
			},
			"minecraft:particle_initial_spin": {
				"rotation": "(variable.particle_random_3-0.5)*60",
				"rotation_rate": "(variable.particle_random_1-0.5)*90"
			},
			"minecraft:particle_initial_speed": 0.5,
			"minecraft:particle_motion_dynamic": {
				"linear_acceleration": ["(variable.particle_random_3-0.5)", "(variable.particle_random_2-0.5)", "(variable.particle_random_4-0.5)"],
				"linear_drag_coefficient": 2
			},
			"minecraft:particle_appearance_billboard": {
				"size": ["variable.size+(variable.particle_random_1*variable.size_variant)+(variable.particle_age*variable.particle_growth)", "variable.size+(variable.particle_random_1*variable.size_variant)+(variable.particle_age*variable.particle_growth)"],
				"facing_camera_mode": "rotate_xyz",
				"uv": {
					"texture_width": 64,
					"texture_height": 64,
					"uv": [0, 0],
					"uv_size": [64, 64]
				}
			},
			"minecraft:particle_motion_collision": {
				"coefficient_of_restitution": 1,
				"collision_radius": 0.2
			},
			"minecraft:particle_appearance_tinting": {
				"color": {
					"interpolant": "variable.particle_age",
					"gradient": {
						"0.0": "#9C9A3131",
						"0.56": "#5ECC9D66",
						"0.98": "#0094905E"
					}
				}
			}
		}
	}
}