{
	"format_version": "1.10.0",
	"particle_effect": {
		"description": {
			"identifier": "pb_scraft:darkfire_slash",
			"basic_render_parameters": {
				"material": "particles_blend",
				"texture": "textures/pb/scraft/particle/darkfire_slash_64"
			}
		},
		"curves": {
			"variable.size_curve": {
				"type": "linear",
				"input": "v.particle_age",
				"horizontal_range": "v.particle_lifetime",
				"nodes": [0, 0.53, 0.62, 0.78, 0.78]
			}
		},
		"components": {
			"minecraft:emitter_local_space": {
				"position": true,
				"rotation": true,
				"velocity": true
			},
			"minecraft:emitter_rate_steady": {
				"spawn_rate": 15,
				"max_particles": 100
			},
			"minecraft:emitter_lifetime_once": {
				"active_time": 10
			},
			"minecraft:emitter_shape_sphere": {
				"radius": 1,
				"surface_only": true,
				"direction": "outwards"
			},
			"minecraft:particle_lifetime_expression": {
				"max_lifetime": 1
			},
			"minecraft:particle_initial_speed": 0.4,
			"minecraft:particle_motion_dynamic": {},
			"minecraft:particle_appearance_billboard": {
				"size": ["2*variable.size_curve", "2*variable.size_curve"],
				"facing_camera_mode": "direction_y",
				"uv": {
					"texture_width": 1,
					"texture_height": 1,
					"uv": [0, 0],
					"uv_size": [1, 1]
				}
			},
			"minecraft:particle_appearance_tinting": {
				"color": {
					"interpolant": "v.particle_age / v.particle_lifetime",
					"gradient": {
						"0.0": "#00FFFFFF",
						"0.17": "#FFDFD45D",
						"0.56": "#FFB66600",
						"1.0": "#00700000"
					}
				}
			}
		}
	}
}