{
	"format_version": "1.10.0",
	"particle_effect": {
		"description": {
			"identifier": "pb_scraft:darkfireball_trail_instant",
			"basic_render_parameters": {
				"material": "particles_add",
				"texture": "textures/pb/scraft/particle/darkfireball_core_32"
			}
		},
		"curves": {
			"variable.size_curve": {
				"type": "linear",
				"input": "v.particle_age",
				"horizontal_range": "v.particle_lifetime",
				"nodes": [0.75, 0.77]
			}
		},
		"components": {
			"minecraft:emitter_initialization": {
				"creation_expression": "variable.size = 0.35;variable.age_growth = 0.0;variable.lifetime = 0.75;variable.size_variant = 0.3;"
			},
			"minecraft:emitter_rate_instant": {
				"num_particles": 1
			},
			"minecraft:emitter_lifetime_once": {
				"active_time": 0.05
			},
			"minecraft:emitter_shape_sphere": {
				"radius": 0.25,
				"direction": "outwards"
			},
			"minecraft:particle_lifetime_expression": {
				"max_lifetime": "Math.random(variable.lifetime, variable.lifetime*1.3)"
			},
			"minecraft:particle_initial_spin": {
				"rotation": "(variable.particle_random_3-0.5)*180"
			},
			"minecraft:particle_initial_speed": 0,
			"minecraft:particle_motion_dynamic": {
				"linear_acceleration": [0, "(variable.particle_random_2*1)+5", 0],
				"linear_drag_coefficient": 3
			},
			"minecraft:particle_appearance_billboard": {
				"size": ["variable.size_curve+(variable.particle_random_1*variable.size_variant)", "variable.size_curve+(variable.particle_random_1*variable.size_variant)"],
				"facing_camera_mode": "lookat_xyz",
				"uv": {
					"texture_width": 1,
					"texture_height": 8,
					"flipbook": {
						"base_UV": [0, 0],
						"size_UV": [1, 1],
						"step_UV": [0, 1],
						"frames_per_second": 24,
						"max_frame": 8,
						"stretch_to_lifetime": true
					}
				}
			},
			"minecraft:particle_appearance_tinting": {
				"color": {
					"interpolant": "v.particle_age / v.particle_lifetime",
					"gradient": {
						"0.0": "#ffffffff",
						"0.51": "#BF2C2828",
						"1.0": "#DB0D0B0B"
					}
				}
			}
		}
	}
}