{
	"format_version": "1.10.0",
	"particle_effect": {
		"description": {
			"identifier": "pb_scraft:darkfireball_tiny_embers",
			"basic_render_parameters": {
				"material": "particles_add",
				"texture": "textures/pb/scraft/particle/flash_2"
			}
		},
		"curves": {
			"variable.curve_size": {
				"type": "linear",
				"input": "v.particle_age",
				"horizontal_range": "v.particle_lifetime",
				"nodes": [0.84, 0.24, 0.18, 0.15, 0.13, 0]
			}
		},
		"components": {
			"minecraft:emitter_initialization": {
				"creation_expression": "variable.size = 0.2;variable.age_growth = -0.2;variable.lifetime = 3.0;variable.size_variant = 0.2;"
			},
			"minecraft:emitter_rate_steady": {
				"spawn_rate": 10,
				"max_particles": 40
			},
			"minecraft:emitter_lifetime_once": {
				"active_time": 10
			},
			"minecraft:emitter_shape_sphere": {
				"radius": 0.6,
				"direction": "outwards"
			},
			"minecraft:particle_lifetime_expression": {
				"max_lifetime": "Math.random(variable.lifetime, variable.lifetime*1.2)"
			},
			"minecraft:particle_initial_spin": {
				"rotation": "(variable.particle_random_3-0.5)*10"
			},
			"minecraft:particle_initial_speed": 3,
			"minecraft:particle_motion_dynamic": {
				"linear_acceleration": [0, "(variable.particle_random_2*2)+1", 0],
				"linear_drag_coefficient": 4
			},
			"minecraft:particle_appearance_billboard": {
				"size": ["variable.curve_size+(variable.particle_random_1*variable.size_variant)", "variable.curve_size+(variable.particle_random_1*variable.size_variant)"],
				"facing_camera_mode": "lookat_xyz",
				"uv": {
					"texture_width": 32,
					"texture_height": 32,
					"uv": [0, 0],
					"uv_size": [32, 32]
				}
			},
			"minecraft:particle_appearance_tinting": {
				"color": {
					"interpolant": "variable.particle_age",
					"gradient": {
						"0.0": "#FF852B0B",
						"1.38": "#BFCF923A",
						"2.28": "#CF0D0101"
					}
				}
			}
		}
	}
}