{
	"format_version": "1.10.0",
	"particle_effect": {
		"description": {
			"identifier": "pb_scraft:darkfireball_satellite",
			"basic_render_parameters": {
				"material": "particles_add",
				"texture": "textures/pb/scraft/particle/darkfireball_core_32"
			}
		},
		"curves": {
			"variable.size_curve": {
				"type": "linear",
				"input": "v.particle_age",
				"horizontal_range": "v.particle_lifetime",
				"nodes": [0.78, 0.21, 0.12, 0.06]
			}
		},
		"components": {
			"minecraft:emitter_initialization": {
				"creation_expression": "variable.size = 0.35;variable.age_growth = 0.0;variable.lifetime = 0.6;variable.size_variant = 0.3;variable.direction = math.random(0,360);variable.angle = math.random(20,90);variable.emitter_speed = math.random(8, 16);variable.gravity = 3;variable.inertia_loss = 2;"
			},
			"minecraft:emitter_rate_steady": {
				"spawn_rate": 30,
				"max_particles": 100
			},
			"minecraft:emitter_lifetime_once": {
				"active_time": 0.75
			},
			"minecraft:emitter_shape_point": {
				"offset": ["(variable.emitter_speed - math.pow(variable.emitter_age*variable.inertia_loss,2))*variable.emitter_age*math.sin(variable.direction)", "(variable.emitter_speed*variable.emitter_age - math.pow(variable.emitter_age*variable.gravity,2) - variable.emitter_age*variable.inertia_loss) * (variable.angle * (Math.PI / 180))", "(variable.emitter_speed - math.pow(variable.emitter_age*variable.inertia_loss,2))*variable.emitter_age * math.cos(variable.direction)"]
			},
			"minecraft:particle_lifetime_expression": {
				"max_lifetime": "Math.random(variable.lifetime, variable.lifetime*1.3)"
			},
			"minecraft:particle_initial_spin": {
				"rotation": "(variable.particle_random_3-0.5)*180"
			},
			"minecraft:particle_initial_speed": 0,
			"minecraft:particle_motion_dynamic": {
				"linear_acceleration": [0, "(variable.particle_random_2*1)+5", 0],
				"linear_drag_coefficient": 3
			},
			"minecraft:particle_appearance_billboard": {
				"size": ["variable.size_curve+(variable.particle_random_1*variable.size_variant)", "variable.size_curve+(variable.particle_random_1*variable.size_variant)"],
				"facing_camera_mode": "lookat_xyz",
				"uv": {
					"texture_width": 1,
					"texture_height": 8,
					"flipbook": {
						"base_UV": [0, 0],
						"size_UV": [1, 1],
						"step_UV": [0, 1],
						"frames_per_second": 24,
						"max_frame": 8,
						"stretch_to_lifetime": true
					}
				}
			},
			"minecraft:particle_appearance_tinting": {
				"color": {
					"interpolant": "v.particle_age / v.particle_lifetime",
					"gradient": {
						"0.0": "#ffffffff",
						"0.51": "#BF2C2828",
						"1.0": "#DB0D0B0B"
					}
				}
			}
		}
	}
}