{
	"format_version": "1.10.0",
	"particle_effect": {
		"description": {
			"identifier": "pb_scraft:darkpyroball_glow_instant",
			"basic_render_parameters": {
				"material": "particles_add",
				"texture": "textures/pb/scraft/particle/fire_animated_32"
			}
		},
		"curves": {
			"variable.size_curve": {
				"type": "linear",
				"input": "v.particle_age",
				"horizontal_range": "v.particle_lifetime",
				"nodes": [0, 0.5, 1]
			}
		},
		"components": {
			"minecraft:emitter_initialization": {
				"creation_expression": "variable.size = 0.1;variable.size_variant = 0.1;variable.spawn_radius = 0.0;variable.particle_growth = 0.5;variable.lifetime = 0.25;"
			},
			"minecraft:emitter_rate_instant": {
				"num_particles": 2
			},
			"minecraft:emitter_lifetime_once": {
				"active_time": 0.05
			},
			"minecraft:emitter_shape_sphere": {
				"radius": 1,
				"surface_only": true,
				"direction": "outwards"
			},
			"minecraft:particle_lifetime_expression": {
				"max_lifetime": "Math.random(variable.lifetime, variable.lifetime*1.5)"
			},
			"minecraft:particle_initial_speed": 1,
			"minecraft:particle_motion_dynamic": {
				"linear_drag_coefficient": 3
			},
			"minecraft:particle_appearance_billboard": {
				"size": ["0.8*(variable.size_curve+(variable.particle_random_1*variable.size_variant))", "3.8*(variable.size_curve+(variable.particle_random_1*variable.size_variant))"],
				"facing_camera_mode": "direction_y",
				"uv": {
					"texture_width": 1,
					"texture_height": 8,
					"flipbook": {
						"base_UV": [0, 0],
						"size_UV": [1, 1],
						"step_UV": [0, 1],
						"frames_per_second": 24,
						"max_frame": 8
					}
				}
			},
			"minecraft:particle_appearance_tinting": {
				"color": {
					"interpolant": "variable.particle_age",
					"gradient": {
						"0.0": "#FFE0D78F",
						"0.36": "#5EEEF1B2",
						"1.0": "#00EEEE9A"
					}
				}
			}
		}
	}
}