{
	"format_version": "1.10.0",
	"particle_effect": {
		"description": {
			"identifier": "pb_scraft:twirl_fire",
			"basic_render_parameters": {
				"material": "particles_add",
				"texture": "textures/pb/scraft/particle/tornado_stripe"
			}
		},
		"curves": {
			"variable.size_curve": {
				"type": "linear",
				"input": "variable.particle_random_3",
				"horizontal_range": 1,
				"nodes": [0.13, 0.16, 0.28, 0.59, 0.78]
			},
			"variable.radius_curve": {
				"type": "linear",
				"input": "variable.particle_random_3",
				"horizontal_range": 1,
				"nodes": [1.3, 1.2, 1.35, 2.4, 5.24, 5.64]
			},
			"variable.height_curve": {
				"type": "linear",
				"input": "variable.particle_random_3",
				"horizontal_range": 1,
				"nodes": [0.14, 1.17, 0.64, 0.35, 0.23]
			}
		},
		"components": {
			"minecraft:emitter_initialization": {
				"creation_expression": "variable.size = 0.1;variable.lifetime = 0.2;variable.size_variant = 1.0;variable.radius = 2.0;variable.radius_variant = 1;variable.spin_speed = 1;variable.height = 4;variable.spin_speed = 1420;variable.angle = 0;variable.rotation = math.random(0,1);"
			},
			"minecraft:emitter_rate_instant": {
				"num_particles": 75
			},
			"minecraft:emitter_lifetime_once": {
				"active_time": 1
			},
			"minecraft:emitter_shape_point": {},
			"minecraft:particle_lifetime_expression": {
				"max_lifetime": "math.random(variable.lifetime, variable.lifetime*1.6)"
			},
			"minecraft:particle_initial_speed": "(variable.particle_random_1*6)+14",
			"minecraft:particle_motion_parametric": {
				"relative_position": ["(variable.radius_curve)*-math.sin((variable.particle_age+variable.particle_random_1)*variable.spin_speed)", "variable.particle_random_2*variable.height_curve", "(variable.radius_curve)*math.cos((variable.particle_age+variable.particle_random_1)*variable.spin_speed)"],
				"direction": ["-math.sin((variable.particle_age+variable.particle_random_1)*variable.spin_speed)", 0, "math.cos((variable.particle_age+variable.particle_random_1)*variable.spin_speed)"]
			},
			"minecraft:particle_appearance_billboard": {
				"size": ["variable.size_curve*3.2", "variable.size_curve*1.2"],
				"facing_camera_mode": "direction_z",
				"uv": {
					"texture_width": 4,
					"texture_height": 1,
					"uv": [0, 0],
					"uv_size": [4, 1]
				}
			},
			"minecraft:particle_appearance_tinting": {
				"color": {
					"interpolant": "variable.particle_random_3",
					"gradient": {
						"0.0": "#DECE5036",
						"0.24": "#C9FFC800",
						"0.79": "#1CA6270B",
						"1.0": "#00160303"
					}
				}
			}
		}
	}
}