{
    "resource_pack_name": "nv_me",
    "texture_name": "atlas.items",
    "texture_data": {
        "nv_me:standard_mech": {
            "textures": "textures/nv_me/common/items/standard_mech"
        },
        "nv_me:battle_mech": {
            "textures": "textures/nv_me/common/items/battle_mech"
        },
        "nv_me:mining_mech": {
            "textures": "textures/nv_me/common/items/mining_mech"
        },
        "nv_me:jump_mech": {
            "textures": "textures/nv_me/common/items/jump_mech"
        },
        "nv_me:flamethrower_mech": {
            "textures": "textures/nv_me/common/items/flamethrower_mech"
        },
        "nv_me:mech_wrench": {
            "textures": "textures/nv_me/common/items/mech_wrench"
        },
        "nv_me:iron_beam": {
            "textures": "textures/nv_me/common/items/iron_beam"
        },
        "nv_me:iron_plate": {
            "textures": "textures/nv_me/common/items/iron_plate"
        },
        "nv_me:drill_bit": {
            "textures": "textures/nv_me/common/items/drill_bit"
        },
        "nv_me:mech_guidebook": {
            "textures": "textures/nv_me/common/items/mech_guide"
        },
        "nv_me:mech_repair_kit": {
            "textures": "textures/nv_me/common/items/mech_repair_kit"
        },
        "nv_me:skill_upgrade_lv2": {
            "textures": "textures/nv_me/common/items/skill_upgrade_lv2"
        },
        "nv_me:skill_upgrade_lv3": {
            "textures": "textures/nv_me/common/items/skill_upgrade_lv3"
        },
        "nv_me:skill_upgrade_lv4": {
            "textures": "textures/nv_me/common/items/skill_upgrade_lv4"
        },
        "nv_me:skill_upgrade_lv5": {
            "textures": "textures/nv_me/common/items/skill_upgrade_lv5"
        },
        "nv_me:protection_upgrade_lv2": {
            "textures": "textures/nv_me/common/items/protection_upgrade_lv2"
        },
        "nv_me:protection_upgrade_lv3": {
            "textures": "textures/nv_me/common/items/protection_upgrade_lv3"
        },
        "nv_me:protection_upgrade_lv4": {
            "textures": "textures/nv_me/common/items/protection_upgrade_lv4"
        },
        "nv_me:protection_upgrade_lv5": {
            "textures": "textures/nv_me/common/items/protection_upgrade_lv5"
        }
    }
}