{
	"format_version": "1.21.40",
	"minecraft:item": {
		"description": {
			"identifier": "ljw_ww:suspicious_stew_untransform",
			"menu_category": {
				"category": "equipment"
			}
		},
		
		"components": {
			"minecraft:display_name": {
				"value": "item.suspicious_stew.name"
			},
			"minecraft:icon": {
				"textures": { "default": "suspicious_stew" }
			},
			"minecraft:hand_equipped": false,
			"minecraft:food": {
				"can_always_eat": true,
				"nutrition": 6,
				"saturation_modifier": 0.3,
				"using_converts_to": "bowl"
			},
			"minecraft:max_stack_size": 1,
			"minecraft:use_animation": "eat",
			"minecraft:use_modifiers": {
				"use_duration": 1.6,
				"movement_modifier": 0.5
			},
			"minecraft:tags": {
				"tags": [
					"ljw_ww:werewolf_state_modifier"
				]
			}
		}
	}
}