{
	"format_version": "1.10.0",
	"particle_effect": {
		"description": {
			"identifier": "pb_scraft:cast_circle_fire",
			"basic_render_parameters": {
				"material": "particles_add",
				"texture": "textures/pb/scraft/particle/fire_rune_circle_64"
			}
		},
		"curves": {
			"variable.size_curve": {
				"type": "linear",
				"input": "v.particle_age",
				"horizontal_range": "v.particle_lifetime",
				"nodes": [1.06, 1.49, 1.64, 1.42]
			}
		},
		"components": {
			"minecraft:emitter_initialization": {
				"creation_expression": "variable.lifetime = 0.35;variable.angle = 60;"
			},
			"minecraft:emitter_rate_instant": {
				"num_particles": 1
			},
			"minecraft:emitter_lifetime_once": {
				"active_time": 0.3
			},
			"minecraft:emitter_shape_point": {
				"direction": ["math.sin(variable.direction)", "variable.direction_y", "math.cos(variable.direction)"]
			},
			"minecraft:particle_lifetime_expression": {
				"max_lifetime": "Math.random(variable.lifetime, variable.lifetime*1.3)"
			},
			"minecraft:particle_initial_speed": 8,
			"minecraft:particle_motion_dynamic": {
				"linear_drag_coefficient": 4
			},
			"minecraft:particle_appearance_billboard": {
				"size": [1.5, 1.5],
				"facing_camera_mode": "direction_z",
				"uv": {
					"texture_width": 1,
					"texture_height": 1,
					"uv": [0, 0],
					"uv_size": [1, 1]
				}
			},
			"minecraft:particle_appearance_tinting": {
				"color": {
					"interpolant": "v.particle_age/v.particle_lifetime",
					"gradient": {
						"0.0": "#1C790000",
						"0.3": "#4DA24B26",
						"1.0": "#00754619"
					}
				}
			}
		}
	}
}