{
	"format_version": "1.10.0",
	"particle_effect": {
		"description": {
			"identifier": "pb_scraft:cast_lightning",
			"basic_render_parameters": {
				"material": "particles_add",
				"texture": "textures/pb/scraft/particle/lightning_yellow_small"
			}
		},
		"curves": {
			"variable.size": {
				"type": "linear",
				"input": "v.particle_age",
				"horizontal_range": "v.particle_lifetime",
				"nodes": [1.11, 1, 1, 1, 1, 0]
			}
		},
		"components": {
			"minecraft:emitter_initialization": {
				"creation_expression": "variable.radius = 1.1;variable.acceleration = 15;variable.offset = 1;"
			},
			"minecraft:emitter_rate_instant": {
				"num_particles": 20
			},
			"minecraft:emitter_lifetime_once": {
				"active_time": 3
			},
			"minecraft:emitter_shape_disc": {
				"offset": ["math.sin(variable.direction) * variable.offset", 0, "math.cos(variable.direction) * variable.offset"],
				"radius": "Math.random(variable.radius,variable.radius*1.5)",
				"plane_normal": ["math.sin(variable.direction)", 0, "math.cos(variable.direction)"],
				"surface_only": true,
				"direction": ["math.sin(variable.direction)*variable.acceleration", "variable.direction_y", "math.cos(variable.direction)*variable.acceleration"]
			},
			"minecraft:particle_lifetime_expression": {
				"max_lifetime": "math.random(0.3,0.7)"
			},
			"minecraft:particle_initial_spin": {
				"rotation": "math.random(0,360)"
			},
			"minecraft:particle_initial_speed": "math.random(6,18)",
			"minecraft:particle_motion_dynamic": {
				"linear_acceleration": ["math.sin(variable.direction)*variable.acceleration", "variable.direction_y", "math.cos(variable.direction)*variable.acceleration"],
				"linear_drag_coefficient": "1+variable.particle_random_1*3"
			},
			"minecraft:particle_appearance_billboard": {
				"size": ["1*variable.particle_random_1*variable.size", "1*variable.particle_random_1*variable.size"],
				"facing_camera_mode": "rotate_xyz",
				"uv": {
					"texture_width": 8,
					"texture_height": 1,
					"flipbook": {
						"base_UV": [0, 0],
						"size_UV": [1, 1],
						"step_UV": [1, 0],
						"frames_per_second": 24,
						"max_frame": 8,
						"loop": true
					}
				}
			},
			"minecraft:particle_appearance_tinting": {
				"color": {
					"interpolant": "v.particle_age / v.particle_lifetime",
					"gradient": {
						"0.0": "#FFFFF7B6",
						"0.11": "#FFFFFCA0",
						"0.97": "#F2FFFFFF"
					}
				}
			}
		}
	}
}