{
	"format_version": "1.10.0",
	"particle_effect": {
		"description": {
			"identifier": "pb_scraft:cast_embers_fire_forward",
			"basic_render_parameters": {
				"material": "particles_add",
				"texture": "textures/pb/scraft/particle/flash_2"
			}
		},
		"curves": {
			"variable.size": {
				"type": "linear",
				"input": "v.particle_age",
				"horizontal_range": "v.particle_lifetime",
				"nodes": [1.11, 1, 1, 1, 1, 0]
			}
		},
		"components": {
			"minecraft:emitter_initialization": {
				"creation_expression": "variable.radius = 1.8;variable.acceleration = 15;variable.offset = 1;"
			},
			"minecraft:emitter_rate_instant": {
				"num_particles": 50
			},
			"minecraft:emitter_lifetime_once": {
				"active_time": 3
			},
			"minecraft:emitter_shape_disc": {
				"offset": ["math.sin(variable.direction) * variable.offset", 0, "math.cos(variable.direction) * variable.offset"],
				"radius": "Math.random(variable.radius,variable.radius*1.5)",
				"plane_normal": ["math.sin(variable.direction)", 0, "math.cos(variable.direction)"],
				"surface_only": true,
				"direction": ["math.sin(variable.direction)*variable.acceleration", "variable.direction_y", "math.cos(variable.direction)*variable.acceleration"]
			},
			"minecraft:particle_lifetime_expression": {
				"max_lifetime": "math.random(0.4,1)"
			},
			"minecraft:particle_initial_spin": {
				"rotation": "math.random(0,360)"
			},
			"minecraft:particle_initial_speed": "math.random(7,14)",
			"minecraft:particle_motion_dynamic": {
				"linear_acceleration": ["math.sin(variable.direction)*variable.acceleration", "variable.direction_y", "math.cos(variable.direction)*variable.acceleration"],
				"linear_drag_coefficient": 4
			},
			"minecraft:particle_appearance_billboard": {
				"size": ["1*variable.particle_random_1*variable.size", "1*variable.particle_random_1*variable.size"],
				"facing_camera_mode": "rotate_xyz",
				"uv": {
					"texture_width": 16,
					"texture_height": 16,
					"uv": [0, 0],
					"uv_size": [16, 16]
				}
			},
			"minecraft:particle_appearance_tinting": {
				"color": {
					"interpolant": "v.particle_age / v.particle_lifetime",
					"gradient": {
						"0.0": "#FFAF2D0F",
						"0.11": "#FF80310A",
						"0.97": "#F2250403"
					}
				}
			}
		}
	}
}