{
	"format_version": "1.10.0",
	"particle_effect": {
		"description": {
			"identifier": "pb_scraft:beam_impact_ember",
			"basic_render_parameters": {
				"material": "particles_blend",
				"texture": "textures/pb/scraft/particle/flash_2"
			}
		},
		"curves": {
			"variable.size_curve": {
				"type": "linear",
				"input": "v.particle_age",
				"horizontal_range": "v.particle_lifetime",
				"nodes": [2, 0.39, 0.17, 0.07, 0]
			}
		},
		"components": {
			"minecraft:emitter_initialization": {
				"creation_expression": "variable.size = 0.3;variable.lifetime = 1.0;variable.size_variant = 0.3;"
			},
			"minecraft:emitter_rate_instant": {
				"num_particles": 40
			},
			"minecraft:emitter_lifetime_once": {
				"active_time": 1
			},
			"minecraft:emitter_shape_sphere": {
				"offset": [0, 0.4, 0],
				"radius": 0.2,
				"direction": "outwards"
			},
			"minecraft:particle_lifetime_expression": {
				"max_lifetime": "(variable.particle_random_1+0.3)*variable.lifetime"
			},
			"minecraft:particle_initial_spin": {
				"rotation": "variable.particle_random_1*360",
				"rotation_rate": "(variable.particle_random_2-0.5)*90"
			},
			"minecraft:particle_initial_speed": "(variable.particle_random_1*6)+8",
			"minecraft:particle_motion_dynamic": {
				"linear_acceleration": [0, -9.5, 0],
				"linear_drag_coefficient": 4
			},
			"minecraft:particle_appearance_billboard": {
				"size": ["variable.size_curve+(variable.size_variant*variable.particle_random_4)", "variable.size_curve+(variable.size_variant*variable.particle_random_4)"],
				"facing_camera_mode": "lookat_xyz",
				"uv": {
					"texture_width": 32,
					"texture_height": 32,
					"uv": [0, 0],
					"uv_size": [32, 32]
				}
			},
			"minecraft:particle_motion_collision": {
				"coefficient_of_restitution": 2,
				"collision_radius": 0.25,
				"expire_on_contact": true
			},
			"minecraft:particle_appearance_tinting": {
				"color": {
					"interpolant": "variable.particle_age",
					"gradient": {
						"0.0": "#BAF7E68C",
						"0.39": "#A8FFD64B",
						"1.0": "#00FFF824"
					}
				}
			}
		}
	}
}