{
	"format_version": "1.10.0",
	"particle_effect": {
		"description": {
			"identifier": "pb_scraft:beam_fractured_90",
			"basic_render_parameters": {
				"material": "particles_add",
				"texture": "textures/pb/scraft/particle/beam_fractured"
			}
		},
		"components": {
			"minecraft:emitter_initialization": {
				"creation_expression": "variable.size = 1;variable.size_variant = 0.1;variable.lifetime = 0.5;"
			},
			"minecraft:emitter_local_space": {
				"position": true
			},
			"minecraft:emitter_rate_instant": {
				"num_particles": 1
			},
			"minecraft:emitter_lifetime_once": {
				"active_time": 1
			},
			"minecraft:emitter_shape_point": {},
			"minecraft:particle_lifetime_expression": {
				"max_lifetime": "variable.lifetime"
			},
			"minecraft:particle_initial_spin": {
				"rotation": "90+math.random_integer(0,1)*180"
			},
			"minecraft:particle_initial_speed": 0,
			"minecraft:particle_motion_dynamic": {},
			"minecraft:particle_appearance_billboard": {
				"size": ["variable.size / 2", "(variable.distance/2)*variable.size"],
				"facing_camera_mode": "direction_x",
				"direction": {
					"mode": "custom",
					"custom_direction": ["variable.dir_x", "variable.dir_y", "variable.dir_z"]
				},
				"uv": {
					"texture_width": 64,
					"texture_height": 64,
					"uv": [0, 0],
					"uv_size": [64, 64]
				}
			},
			"minecraft:particle_appearance_tinting": {
				"color": {
					"interpolant": "v.particle_age",
					"gradient": {
						"0.05": "#BAF314FF",
						"0.28": "#A8C44BFF",
						"0.5": "#00C224FF"
					}
				}
			}
		}
	}
}