{
	"format_version": "1.10.0",
	"particle_effect": {
		"description": {
			"identifier": "pb_scraft:darkfirebolt_beam_90",
			"basic_render_parameters": {
				"material": "particles_add",
				"texture": "textures/pb/scraft/particle/beam_darkfire"
			}
		},
		"curves": {
			"variable.size_curve": {
				"type": "linear",
				"input": "v.particle_age",
				"horizontal_range": "v.particle_lifetime",
				"nodes": [0, 1, 1, 1]
			}
		},
		"components": {
			"minecraft:emitter_initialization": {
				"creation_expression": "variable.size = 1.0;variable.size_variant = 0.1;variable.lifetime = 0.6;"
			},
			"minecraft:emitter_local_space": {
				"position": true
			},
			"minecraft:emitter_rate_instant": {
				"num_particles": 1
			},
			"minecraft:emitter_lifetime_once": {
				"active_time": 1
			},
			"minecraft:emitter_shape_point": {},
			"minecraft:particle_lifetime_expression": {
				"max_lifetime": "variable.lifetime"
			},
			"minecraft:particle_initial_spin": {
				"rotation": "90+math.random_integer(0,1)*180"
			},
			"minecraft:particle_initial_speed": 0,
			"minecraft:particle_motion_dynamic": {},
			"minecraft:particle_appearance_billboard": {
				"size": ["variable.size_curve * variable.size/2", "(variable.distance/2)*variable.size"],
				"facing_camera_mode": "direction_x",
				"direction": {
					"mode": "custom",
					"custom_direction": ["variable.dir_x", "variable.dir_y", "variable.dir_z"]
				},
				"uv": {
					"texture_width": 1,
					"texture_height": 1,
					"uv": [0, 0],
					"uv_size": [1, 1]
				}
			},
			"minecraft:particle_appearance_tinting": {
				"color": {
					"interpolant": "v.particle_age",
					"gradient": {
						"0.05": "#BAFF2714",
						"0.28": "#A8FF704B",
						"1.5": "#00FF4624"
					}
				}
			}
		}
	}
}