{
	"format_version": "1.21.10",
	"minecraft:item": {
		"description": {
			"identifier": "pb_scraft:air_staff_3",
			"menu_category": {
				"category": "items"
			}
		},
		"components": {
			"minecraft:display_name":{
				"value": "Tempest Staff\n§6§l[§e)(§6]§r§f Lv.3 Storm Staff\n§o§uMagic"
			},
			"minecraft:food": {
				"nutrition": 0,
				"can_always_eat": true
			},
			"minecraft:use_modifiers":{
                "use_duration": 340282346638528859811704183484516925440,
                "movement_modifier": 1.0
            },
			"minecraft:max_stack_size": 1,
			"minecraft:icon":"pb_scraft_air_staff_3",
			"minecraft:cooldown":{
				"category" : "pb_scraft_air_staff_3",
				"duration" : 1.0
			}
		}
	}
}