{"format_version":"1.10.0","animation_controllers":{"controller.animation.ftb_bees.ftb_barrier":{"states":{"default":{"transitions":[{"add":"query.property('ftb_bees:is_solid') == true"},{"remove":"query.property('ftb_bees:is_solid') == false"}]},"add":{"transitions":[{"remove":"query.property('ftb_bees:is_solid') == false"},{"default":"query.property('ftb_bees:is_solid') == false"}],"on_entry":["/execute at @s if block ~ ~ ~ air run setblock ~ ~ ~ ftb_bees:temp_block"]},"remove":{"transitions":[{"default":"query.property('ftb_bees:is_solid') == true"}],"on_entry":["/execute at @s if block ~ ~ ~ ftb_bees:temp_block run setblock ~ ~ ~ air"]}}},"controller.animation.ftb_bees.mace_fix_controller":{"initial_state":"default","states":{"default":{"on_entry":["/tp @s ~ ~ ~"],"on_exit":["/tp @s ~ ~ ~"],"transitions":[{"tp":"1.0"}]},"tp":{"on_entry":["/tp @s ~ ~ ~"],"on_exit":["/tp @s ~ ~ ~"],"transitions":[{"default":"1.0"}]}}},"controller.animation.ftb_bees.info_controller":{"initial_state":"default","states":{"default":{"transitions":[{"info":"query.property('ftb_bees:info') == true"},{"info2":"query.property('ftb_bees:info2') == true"},{"insert_info":"query.property('ftb_bees:insert_info') == true"}]},"info":{"on_entry":["/title @p[r=5] actionbar §6[!] To Break, make sure the Bee Box is empty.","@s ftb_bees:info_remove_false"],"transitions":[{"default":"query.property('ftb_bees:info') == false"}]},"info2":{"on_entry":["/title @p[r=5] actionbar §6[!] To Break, make sure the Bee Box is empty & you are sneaking.","@s ftb_bees:info_remove2_false"],"transitions":[{"default":"query.property('ftb_bees:info2') == false"}]},"insert_info":{"on_entry":["/title @p[r=5] actionbar §6[!] Only Bees in Jars can be added to the Bee Box.","@s ftb_bees:insert_info_false"],"transitions":[{"default":"query.property('ftb_bees:insert_info') == false"}]}}}}}