{
	"format_version": "1.8.0",
	"animations": {
		"animation.ljw_ww.block.scale": {
			"loop": "hold_on_last_frame",
			"bones": {
				"root": {
					//"position": ["-q.position(0) * 16", "(-q.position(1) + 120) * 16", "q.position(2) * 16"],
					"position": [-100000, -100000, -100000]
				}
			}
		},
		"animation.ljw_ww.block.activate": {
			"loop": "hold_on_last_frame",
			"bones": {
				"root": {
					"scale": [1000, 1000, 1000],
					"position": [100000, 100024, 100000]
				}
			}
		},
		"animation.ljw_ww.marker.activate": {
			"loop": "hold_on_last_frame",
			"bones": {
				"root": {
					"scale": [10, 10, 10],
					"rotation": [0, "q.life_time * 200", 0],
					"position": [100000, 100000, 100000]
				}
			}
		}
	}
}