{
	"format_version": "1.21.0",
	"minecraft:feature_rules": {
		"description": {
			"identifier": "ljw_ww:moonglow_sprig_feature_rule",
			"places_feature": "ljw_ww:moonglow_sprig_feature"
		},
		"conditions": {
			"placement_pass": "surface_pass",
			"minecraft:biome_filter": [
				{
					"test": "has_biome_tag",
					"operator": "==",
					"value": "forest"
				},
				{
					"test": "has_biome_tag",
					"operator": "==",
					"value": "roofed"
				}
			]
		},
		"distribution": {
			"iterations": 1,
			"x": {
				"distribution": "uniform",
				"extent": [
					0,
					64
				]
			},
			"y": "query.heightmap(variable.worldx, variable.worldz)",
			"z": {
				"distribution": "uniform",
				"extent": [
					0,
					64
				]
			}
		}
	}
}