{
	"format_version": "1.10.0",
	"particle_effect": {
		"description": {
			"identifier": "pb_scraft:gnaw_spherical",
			"basic_render_parameters": {
				"material": "particles_add",
				"texture": "textures/pb/scraft/particle/shine_64"
			}
		},
		"components": {
			"minecraft:emitter_initialization": {
				"creation_expression": "variable.size = 0.7;variable.lifetime = 0.3;variable.size_variant = 1.5;variable.age_growth = -5;"
			},
			"minecraft:emitter_rate_instant": {
				"num_particles": 3
			},
			"minecraft:emitter_lifetime_once": {
				"active_time": 0.05
			},
			"minecraft:emitter_shape_point": {},
			"minecraft:particle_lifetime_expression": {
				"max_lifetime": "variable.lifetime"
			},
			"minecraft:particle_initial_spin": {
				"rotation": "variable.particle_random_1*360",
				"rotation_rate": "(variable.particle_random_2-0.5)*90"
			},
			"minecraft:particle_initial_speed": 1,
			"minecraft:particle_motion_dynamic": {
				"linear_drag_coefficient": 5
			},
			"minecraft:particle_appearance_billboard": {
				"size": ["math.clamp(variable.size+(variable.size_variant*variable.particle_random_4)+(variable.particle_age*variable.age_growth),0,10)", "math.clamp(variable.size+(variable.size_variant*variable.particle_random_4)+(variable.particle_age*variable.age_growth),0,10)"],
				"facing_camera_mode": "rotate_xyz",
				"uv": {
					"texture_width": 1,
					"texture_height": 1,
					"uv": [0, 0],
					"uv_size": [1, 1]
				}
			},
			"minecraft:particle_appearance_tinting": {
				"color": {
					"interpolant": "v.particle_age / v.particle_lifetime",
					"gradient": {
						"0.14": "#FF5B10A3",
						"0.76": "#A1852EAB",
						"0.99": "#2EA455FB"
					}
				}
			}
		}
	}
}