{
	"format_version": "1.10.0",
	"particle_effect": {
		"description": {
			"identifier": "pb_scraft:moonbeam_explosion",
			"basic_render_parameters": {
				"material": "particles_add",
				"texture": "textures/pb/scraft/particle/shockwave_swirl_128"
			}
		},
		"curves": {
			"variable.size_curve": {
				"type": "linear",
				"input": "v.particle_age",
				"horizontal_range": "v.particle_lifetime",
				"nodes": [0.37, 1, 4.35]
			}
		},
		"components": {
			"minecraft:emitter_initialization": {
				"creation_expression": "variable.lifetime = 0.1;variable.size_multiplier = 1;"
			},
			"minecraft:emitter_rate_instant": {
				"num_particles": 15
			},
			"minecraft:emitter_lifetime_once": {
				"active_time": 1
			},
			"minecraft:emitter_shape_point": {
				"offset": [0, 0.1, 0]
			},
			"minecraft:particle_lifetime_expression": {
				"max_lifetime": "Math.random(variable.lifetime, variable.lifetime*1.3)"
			},
			"minecraft:particle_initial_spin": {
				"rotation_rate": 180
			},
			"minecraft:particle_initial_speed": 0,
			"minecraft:particle_motion_dynamic": {
				"linear_drag_coefficient": 4,
				"rotation_drag_coefficient": 0.2
			},
			"minecraft:particle_appearance_billboard": {
				"size": ["variable.size_curve*variable.size_multiplier", "variable.size_curve*variable.size_multiplier"],
				"facing_camera_mode": "direction_z",
				"direction": {
					"mode": "custom",
					"custom_direction": ["variable.particle_random_1-0.5", "variable.particle_random_3-0.5", "variable.particle_random_2-0.5"]
				}
			},
			"minecraft:particle_appearance_tinting": {
				"color": {
					"interpolant": "v.particle_age/v.particle_lifetime",
					"gradient": {
						"0.0": "#ADB631F8",
						"0.24": "#99BA50F5",
						"1.0": "#823B1356"
					}
				}
			}
		}
	}
}