{
	"format_version": "1.10.0",
	"particle_effect": {
		"description": {
			"identifier": "pb_scraft:moonbeam_explosion_embers",
			"basic_render_parameters": {
				"material": "particles_add",
				"texture": "textures/pb/scraft/particle/flash_2"
			}
		},
		"curves": {
			"variable.size": {
				"type": "linear",
				"input": "v.particle_age",
				"horizontal_range": "v.particle_lifetime",
				"nodes": [3.65, 1, 1, 1, 1, 0]
			}
		},
		"components": {
			"minecraft:emitter_initialization": {
				"creation_expression": "variable.lifetime = 0.2;"
			},
			"minecraft:emitter_rate_instant": {
				"num_particles": 30
			},
			"minecraft:emitter_lifetime_once": {
				"active_time": 3
			},
			"minecraft:emitter_shape_disc": {
				"radius": 0.2,
				"direction": "outwards"
			},
			"minecraft:particle_lifetime_expression": {
				"max_lifetime": "Math.random(variable.lifetime, variable.lifetime*3)"
			},
			"minecraft:particle_initial_spin": {
				"rotation": "math.random(0,180)"
			},
			"minecraft:particle_initial_speed": "math.random(5,12)",
			"minecraft:particle_motion_dynamic": {
				"linear_acceleration": [0, "math.random(0,5)", 0],
				"linear_drag_coefficient": 4
			},
			"minecraft:particle_appearance_billboard": {
				"size": ["1.5*variable.particle_random_1*variable.size", "1.5*variable.particle_random_1*variable.size"],
				"facing_camera_mode": "rotate_xyz",
				"uv": {
					"texture_width": 16,
					"texture_height": 16,
					"uv": [0, 0],
					"uv_size": [16, 16]
				}
			},
			"minecraft:particle_appearance_tinting": {
				"color": {
					"interpolant": "v.particle_age / v.particle_lifetime",
					"gradient": {
						"0.0": "#FFB631F8",
						"0.11": "#E6BA50F5",
						"0.97": "#C23B1356"
					}
				}
			}
		}
	}
}