{
	"format_version": "1.10.0",
	"particle_effect": {
		"description": {
			"identifier": "pb_scraft:twilight_explosion_impact_lens",
			"basic_render_parameters": {
				"material": "particles_add",
				"texture": "textures/pb/scraft/particle/flash_lens_15"
			}
		},
		"curves": {
			"variable.size_curve": {
				"type": "linear",
				"input": "v.particle_age",
				"horizontal_range": "v.particle_lifetime",
				"nodes": [0.73, 0.22, 0.14, 0.1, 0.12]
			}
		},
		"components": {
			"minecraft:emitter_initialization": {
				"creation_expression": "variable.size = 0.2;variable.lifetime = 0.8;variable.size_variant = 0.4;variable.age_growth = 1.0;"
			},
			"minecraft:emitter_rate_instant": {
				"num_particles": 80
			},
			"minecraft:emitter_lifetime_once": {
				"active_time": 1
			},
			"minecraft:emitter_shape_sphere": {
				"offset": [0, 0.3, 0],
				"radius": 3,
				"surface_only": true,
				"direction": "outwards"
			},
			"minecraft:particle_lifetime_expression": {
				"max_lifetime": "(variable.particle_random_1*variable.lifetime)+0.1"
			},
			"minecraft:particle_initial_spin": {
				"rotation": "math.random(0,180)",
				"rotation_rate": 900
			},
			"minecraft:particle_initial_speed": "(variable.particle_random_1*6)+12",
			"minecraft:particle_motion_dynamic": {
				"linear_acceleration": [0, -4, 0],
				"linear_drag_coefficient": "3+(variable.particle_age*5)"
			},
			"minecraft:particle_appearance_billboard": {
				"size": ["1*variable.size_curve+variable.size_variant*variable.particle_random_4", "1*variable.size_curve+variable.size_variant*variable.particle_random_4"],
				"facing_camera_mode": "rotate_xyz"
			},
			"minecraft:particle_motion_collision": {
				"coefficient_of_restitution": 2,
				"collision_radius": 0.25,
				"expire_on_contact": true
			},
			"minecraft:particle_appearance_tinting": {
				"color": {
					"interpolant": "v.particle_age / v.particle_lifetime",
					"gradient": {
						"0.0": "#F57B28B4",
						"0.43": "#A8CA7BDF",
						"1.0": "#36CB95DF"
					}
				}
			}
		}
	}
}