{
	"format_version": "1.10.0",
	"particle_effect": {
		"description": {
			"identifier": "pb_scraft:tornado_fire",
			"basic_render_parameters": {
				"material": "particles_add",
				"texture": "textures/pb/scraft/particle/tornado_stripe"
			}
		},
		"curves": {
			"variable.size_curve": {
				"type": "linear",
				"input": "variable.particle_random_3*variable.height",
				"horizontal_range": "variable.height",
				"nodes": [0.04, 0.2, 0.52]
			},
			"variable.radius_curve": {
				"type": "bezier",
				"input": "variable.particle_random_3*variable.height",
				"horizontal_range": "variable.height",
				"nodes": [0.23, 0.65, 0.63, 2.3]
			}
		},
		"components": {
			"minecraft:emitter_initialization": {
				"creation_expression": "variable.size = 0.1;variable.lifetime = 1.0;variable.size_variant = 1.0;variable.radius = 2.0;variable.radius_variant = 1;variable.spin_speed = 1;variable.height = 4;variable.spin_speed = 720;variable.angle = 0;variable.rotation = math.random(0,180);"
			},
			"minecraft:emitter_local_space": {
				"position": true,
				"rotation": false
			},
			"minecraft:emitter_rate_steady": {
				"spawn_rate": 55,
				"max_particles": 200
			},
			"minecraft:emitter_lifetime_once": {
				"active_time": 1
			},
			"minecraft:emitter_shape_point": {},
			"minecraft:particle_lifetime_expression": {
				"max_lifetime": "math.random(variable.lifetime, variable.lifetime*1.6)"
			},
			"minecraft:particle_initial_spin": {
				"rotation": -5
			},
			"minecraft:particle_initial_speed": "(variable.particle_random_1*6)+14",
			"minecraft:particle_motion_parametric": {
				"relative_position": ["(variable.radius_curve)*-math.sin(variable.particle_age*variable.spin_speed+variable.rotation)+math.cos(variable.radius_curve*variable.spin_speed+10)*0.2", "variable.particle_random_3*variable.height + variable.radius_curve * math.sin(variable.particle_age*variable.spin_speed) * (variable.angle* math.pi/180)", "(variable.radius_curve)*math.cos(variable.particle_age*variable.spin_speed+variable.rotation)+math.sin(variable.radius_curve*variable.spin_speed+10)*0.2"],
				"direction": ["-math.sin(variable.particle_age*variable.spin_speed+variable.rotation)", 0, "math.cos(variable.particle_age*variable.spin_speed+variable.rotation)"]
			},
			"minecraft:particle_appearance_billboard": {
				"size": ["variable.size_curve*3.2", "variable.size_curve*1.2"],
				"facing_camera_mode": "direction_z",
				"uv": {
					"texture_width": 4,
					"texture_height": 1,
					"uv": [0, 0],
					"uv_size": [4, 1]
				}
			},
			"minecraft:particle_appearance_tinting": {
				"color": {
					"interpolant": "variable.particle_random_3*variable.height",
					"gradient": {
						"0.4": "#DECE5036",
						"1.52": "#C9FFC800",
						"3.88": "#1CA6270B"
					}
				}
			}
		}
	}
}