{
	"format_version": "1.10.0",
	"particle_effect": {
		"description": {
			"identifier": "pb_scraft:tornado_horizont",
			"basic_render_parameters": {
				"material": "particles_add",
				"texture": "textures/pb/scraft/particle/tornado_stripe"
			}
		},
		"curves": {
			"variable.size_curve": {
				"type": "linear",
				"input": "variable.particle_random_3*variable.height",
				"horizontal_range": "variable.height",
				"nodes": [0.13, 0.28, 0.71]
			},
			"variable.radius_curve": {
				"type": "linear",
				"input": "variable.particle_random_3*variable.height",
				"horizontal_range": "variable.height",
				"nodes": [0.21, 0.7, 1.76, 4.2]
			}
		},
		"components": {
			"minecraft:emitter_initialization": {
				"creation_expression": "variable.size = 0.1;variable.lifetime = 3.0;variable.size_variant = 1.0;variable.radius = 2.0;variable.radius_variant = 1;variable.spin_speed = 1;variable.height = 8;variable.spin_speed = 360;variable.angle = 15;variable.rotation = 30;"
			},
			"minecraft:emitter_rate_steady": {
				"spawn_rate": 80,
				"max_particles": 400
			},
			"minecraft:emitter_lifetime_once": {
				"active_time": 4
			},
			"minecraft:emitter_shape_point": {},
			"minecraft:particle_lifetime_expression": {
				"max_lifetime": "math.random(variable.lifetime, variable.lifetime*1.6)"
			},
			"minecraft:particle_initial_spin": {
				"rotation": -180
			},
			"minecraft:particle_initial_speed": "(variable.particle_random_1*6)+14",
			"minecraft:particle_motion_parametric": {
				"relative_position": ["(variable.radius_curve)*-math.sin(variable.particle_age*variable.spin_speed+variable.rotation)+math.sin(variable.radius_curve*90)*0.5", "variable.particle_random_3*variable.height + variable.radius_curve * math.sin(variable.particle_age*variable.spin_speed) * (math.cos(variable.emitter_age*180)*variable.angle* math.pi/180)", "(variable.radius_curve)*math.cos(variable.particle_age*variable.spin_speed+variable.rotation)+math.cos(variable.radius_curve*90)*0.5"],
				"direction": ["-math.sin(variable.particle_age*variable.spin_speed+variable.rotation)", 0, "math.cos(variable.particle_age*variable.spin_speed+variable.rotation)"]
			},
			"minecraft:particle_appearance_billboard": {
				"size": ["variable.size_curve*3.0", "variable.size_curve*0.9"],
				"facing_camera_mode": "direction_z",
				"uv": {
					"texture_width": 4,
					"texture_height": 1,
					"uv": [0, 0],
					"uv_size": [4, 1]
				}
			},
			"minecraft:particle_motion_collision": {
				"coefficient_of_restitution": 1,
				"collision_radius": 0.25
			},
			"minecraft:particle_appearance_tinting": {
				"color": {
					"interpolant": "variable.particle_random_3*variable.height",
					"gradient": {
						"0.96": "#C7C97911",
						"3.76": "#C9FFFFFF",
						"8.0": "#1C484848"
					}
				}
			}
		}
	}
}