{
	"format_version": "1.10.0",
	"particle_effect": {
		"description": {
			"identifier": "pb_scraft:tornado_core",
			"basic_render_parameters": {
				"material": "particles_blend",
				"texture": "textures/pb/scraft/particle/smoke_64"
			}
		},
		"curves": {
			"variable.size_curve": {
				"type": "linear",
				"input": "v.particle_age",
				"horizontal_range": "v.particle_lifetime",
				"nodes": [0.12, 0.3, 0.88, 1.92]
			}
		},
		"components": {
			"minecraft:emitter_initialization": {
				"creation_expression": "variable.age_growth = 0.0;variable.lifetime = 2;variable.size_variant = 0.7;variable.spinspeed = 720;variable.radius = 1.5;variable.radius_growth = 0.3;variable.start_time = 1;"
			},
			"minecraft:emitter_rate_steady": {
				"spawn_rate": "math.random(10,30)",
				"max_particles": 80
			},
			"minecraft:emitter_lifetime_once": {
				"active_time": 1
			},
			"minecraft:emitter_shape_point": {
				"offset": [0, "math.random(0,2)", 0],
				"direction": [0, 1, 0]
			},
			"minecraft:particle_lifetime_expression": {
				"max_lifetime": "Math.random(variable.lifetime, variable.lifetime*2)"
			},
			"minecraft:particle_initial_spin": {
				"rotation": "(variable.particle_random_3-0.5)*180"
			},
			"minecraft:particle_initial_speed": 4,
			"minecraft:particle_motion_parametric": {
				"relative_position": ["variable.particle_age*variable.radius_growth*math.sin((variable.particle_random_1+variable.particle_age)*variable.spinspeed)", "variable.particle_age*2", "variable.particle_age*variable.radius_growth*math.cos((variable.particle_random_1+variable.particle_age)*variable.spinspeed)"]
			},
			"minecraft:particle_appearance_billboard": {
				"size": ["variable.size_curve+(variable.particle_random_1*variable.size_variant)", "variable.size_curve+(variable.particle_random_1*variable.size_variant)"],
				"facing_camera_mode": "rotate_xyz"
			},
			"minecraft:particle_appearance_tinting": {
				"color": {
					"interpolant": "v.particle_age / v.particle_lifetime",
					"gradient": {
						"0.43": "#2BFFFFFF",
						"1.0": "#00FFFFFF"
					}
				}
			}
		}
	}
}