{
	"format_version": "1.10.0",
	"particle_effect": {
		"description": {
			"identifier": "pb_scraft:tornado_air_spark",
			"basic_render_parameters": {
				"material": "particles_add",
				"texture": "textures/pb/scraft/particle/freezing_fog"
			}
		},
		"curves": {
			"variable.size_curve": {
				"type": "linear",
				"input": "v.particle_age",
				"horizontal_range": "v.particle_lifetime",
				"nodes": [2.05, 1.16, 0.71]
			}
		},
		"components": {
			"minecraft:emitter_initialization": {
				"creation_expression": "variable.size = 0.4;variable.lifetime = 1.5;variable.size_variant = 0.2;variable.age_growth = 1.0;"
			},
			"minecraft:emitter_local_space": {
				"position": true,
				"rotation": false
			},
			"minecraft:emitter_rate_steady": {
				"spawn_rate": 20,
				"max_particles": 100
			},
			"minecraft:emitter_lifetime_once": {
				"active_time": 1
			},
			"minecraft:emitter_shape_disc": {
				"offset": [0, 0.1, 0],
				"radius": 0.5,
				"surface_only": true,
				"direction": "outwards"
			},
			"minecraft:particle_lifetime_expression": {
				"max_lifetime": "(variable.particle_random_1*variable.lifetime)+0.1"
			},
			"minecraft:particle_initial_speed": "(variable.particle_random_1*6)+8",
			"minecraft:particle_motion_dynamic": {
				"linear_acceleration": [0, -1, 0],
				"linear_drag_coefficient": "6+(variable.particle_age*5)"
			},
			"minecraft:particle_appearance_billboard": {
				"size": ["variable.size_curve+variable.size_variant*variable.particle_random_1", "variable.size_curve+variable.size_variant*variable.particle_random_1"],
				"facing_camera_mode": "rotate_xyz",
				"uv": {
					"texture_width": 1,
					"texture_height": 4,
					"uv": [0, "math.floor(variable.particle_random_4*4)"],
					"uv_size": [1, 1]
				}
			},
			"minecraft:particle_appearance_tinting": {
				"color": {
					"interpolant": "variable.particle_age",
					"gradient": {
						"0.0": "#ABCDCDCD",
						"0.43": "#96A5A5A5",
						"1.0": "#12FFFFFF"
					}
				}
			}
		}
	}
}