{
	"format_version": "1.10.0",
	"particle_effect": {
		"description": {
			"identifier": "pb_scraft:tornado_whirl",
			"basic_render_parameters": {
				"material": "particles_add",
				"texture": "textures/pb/scraft/particle/tornado_ice"
			}
		},
		"curves": {
			"variable.size_curve": {
				"type": "linear",
				"input": "v.particle_age",
				"horizontal_range": "v.particle_lifetime",
				"nodes": [1, 1.42, 2.12, 3.25]
			}
		},
		"components": {
			"minecraft:emitter_initialization": {
				"creation_expression": "variable.age_growth = 0.0;variable.lifetime = 1.8;variable.size_variant = 0.7;variable.spinspeed = 360;variable.radius = 1.5;variable.radius_growth = 0.3;"
			},
			"minecraft:emitter_rate_steady": {
				"spawn_rate": "math.random(10,14)",
				"max_particles": 80
			},
			"minecraft:emitter_lifetime_once": {
				"active_time": 1
			},
			"minecraft:emitter_shape_point": {
				"offset": [0, "variable.particle_random_1*8", 0],
				"direction": [0, 1, 0]
			},
			"minecraft:particle_lifetime_expression": {
				"max_lifetime": "Math.random(variable.lifetime, variable.lifetime*1.3)"
			},
			"minecraft:particle_initial_spin": {
				"rotation": "(variable.particle_random_3-0.5)*180",
				"rotation_rate": "-((variable.particle_random_3*200)+600)"
			},
			"minecraft:particle_initial_speed": 0,
			"minecraft:particle_motion_dynamic": {
				"linear_acceleration": [0, 1, 0],
				"linear_drag_coefficient": 1
			},
			"minecraft:particle_appearance_billboard": {
				"size": ["0.5+variable.particle_random_1*variable.size_curve+(variable.particle_random_1*variable.size_variant)", "0.5+variable.particle_random_1*variable.size_curve+(variable.particle_random_1*variable.size_variant)"],
				"facing_camera_mode": "direction_z"
			},
			"minecraft:particle_appearance_tinting": {
				"color": {
					"interpolant": "v.particle_age / v.particle_lifetime",
					"gradient": {
						"0.0": "#A8FFFFFF",
						"0.57": "#8CFFFFFF",
						"1.0": "#00FFFFFF"
					}
				}
			}
		}
	}
}