{
	"format_version": "1.10.0",
	"particle_effect": {
		"description": {
			"identifier": "pb_scraft:tornado_fire_spark",
			"basic_render_parameters": {
				"material": "particles_add",
				"texture": "textures/pb/scraft/particle/spark_90_2"
			}
		},
		"components": {
			"minecraft:emitter_initialization": {
				"creation_expression": "variable.size = 0.2;variable.lifetime = 0.15;variable.size_variant = 0.2;variable.age_growth = 1.0;"
			},
			"minecraft:emitter_local_space": {
				"position": true,
				"rotation": false
			},
			"minecraft:emitter_rate_steady": {
				"spawn_rate": 40,
				"max_particles": 100
			},
			"minecraft:emitter_lifetime_once": {
				"active_time": 1
			},
			"minecraft:emitter_shape_sphere": {
				"offset": [0, 0.1, 0],
				"radius": 0.5,
				"surface_only": true,
				"direction": "outwards"
			},
			"minecraft:particle_lifetime_expression": {
				"max_lifetime": "(variable.particle_random_1*variable.lifetime)+0.1"
			},
			"minecraft:particle_initial_speed": "(variable.particle_random_1*6)+12",
			"minecraft:particle_motion_dynamic": {
				"linear_drag_coefficient": "3-(variable.particle_age*5)"
			},
			"minecraft:particle_appearance_billboard": {
				"size": ["4*math.clamp(((variable.size+variable.size_variant*variable.particle_random_4)-variable.particle_age*variable.age_growth),0.1,2)", "1*math.clamp(((variable.size+variable.size_variant*variable.particle_random_4)-variable.particle_age*variable.age_growth),0.1,2)"],
				"facing_camera_mode": "lookat_direction",
				"uv": {
					"texture_width": 32,
					"texture_height": 32,
					"uv": [0, 0],
					"uv_size": [32, 32]
				}
			},
			"minecraft:particle_appearance_tinting": {
				"color": {
					"interpolant": "variable.particle_age",
					"gradient": {
						"0.0": "#FF7D2317",
						"0.07": "#FFFFA900",
						"0.2": "#BFFAE350"
					}
				}
			}
		}
	}
}