{
	"format_version": "1.10.0",
	"particle_effect": {
		"description": {
			"identifier": "pb_scraft:tornado_fire_embers",
			"basic_render_parameters": {
				"material": "particles_add",
				"texture": "textures/pb/scraft/particle/flash_2"
			}
		},
		"curves": {
			"variable.size_curve": {
				"type": "linear",
				"input": "v.particle_age",
				"horizontal_range": "v.particle_lifetime",
				"nodes": [0.12, 0.36, 0.69, 1, 0.17]
			},
			"variable.radius_curve": {
				"type": "linear",
				"input": "v.particle_age",
				"horizontal_range": "v.particle_lifetime",
				"nodes": [0, 2.55, 8.34, 21.52]
			}
		},
		"components": {
			"minecraft:emitter_initialization": {
				"creation_expression": "variable.age_growth = 0.0;variable.lifetime = 1;variable.size_variant = 0.7;variable.spinspeed = 720;variable.radius = 1.5;variable.radius_growth = 0.3;variable.start_time = 1;variable.accel_magnitude = 30;variable.spin_speed = 720;"
			},
			"minecraft:emitter_local_space": {
				"position": true,
				"rotation": false
			},
			"minecraft:emitter_rate_steady": {
				"spawn_rate": "math.random(10,30)",
				"max_particles": 80
			},
			"minecraft:emitter_lifetime_once": {
				"active_time": 1
			},
			"minecraft:emitter_shape_sphere": {
				"radius": 0.5,
				"direction": [0, 1, 0]
			},
			"minecraft:particle_lifetime_expression": {
				"max_lifetime": "Math.random(variable.lifetime, variable.lifetime*2)"
			},
			"minecraft:particle_initial_spin": {
				"rotation": "(variable.particle_random_3-0.5)*180"
			},
			"minecraft:particle_initial_speed": "math.random(8,20)",
			"minecraft:particle_motion_dynamic": {
				"linear_acceleration": ["(variable.radius_curve)*-math.sin(variable.particle_age*variable.spin_speed)*variable.accel_magnitude", 4, "(variable.radius_curve)*math.cos(variable.particle_age*variable.spin_speed)*variable.accel_magnitude"],
				"linear_drag_coefficient": 4
			},
			"minecraft:particle_appearance_billboard": {
				"size": ["variable.size_curve+(variable.particle_random_1*variable.size_variant)", "variable.size_curve+(variable.particle_random_1*variable.size_variant)"],
				"facing_camera_mode": "rotate_xyz"
			},
			"minecraft:particle_appearance_tinting": {
				"color": {
					"interpolant": "v.particle_age / v.particle_lifetime",
					"gradient": {
						"0.0": "#FFA51111",
						"0.52": "#B0E38600",
						"1.2": "#7A0E0E0E"
					}
				}
			}
		}
	}
}