{
	"format_version": "1.10.0",
	"particle_effect": {
		"description": {
			"identifier": "pb_scraft:tornado_slash",
			"basic_render_parameters": {
				"material": "particles_add",
				"texture": "textures/pb/scraft/particle/tornado_slash_2"
			}
		},
		"curves": {
			"variable.size_curve": {
				"type": "linear",
				"input": "variable.particle_random_3*variable.height",
				"horizontal_range": "variable.height",
				"nodes": [0.33, 0.44, 0.83, 1.78]
			}
		},
		"components": {
			"minecraft:emitter_initialization": {
				"creation_expression": "variable.age_growth = 0.0;variable.lifetime = 0.5;variable.size_variant = 0.7;variable.spinspeed = 360;variable.radius = 1.5;variable.radius_growth = 0.3;variable.height = 8;"
			},
			"minecraft:emitter_rate_steady": {
				"spawn_rate": "math.random(5,15)",
				"max_particles": 80
			},
			"minecraft:emitter_lifetime_once": {
				"active_time": 4
			},
			"minecraft:emitter_shape_point": {
				"offset": [0, "variable.particle_random_3*variable.height", 0],
				"direction": [0, 1, 0]
			},
			"minecraft:particle_lifetime_expression": {
				"max_lifetime": "Math.random(variable.lifetime, variable.lifetime*1.3)"
			},
			"minecraft:particle_initial_spin": {
				"rotation": "(variable.particle_random_3-0.5)*180",
				"rotation_rate": "-((variable.particle_random_3*200)+300)"
			},
			"minecraft:particle_initial_speed": 0.3,
			"minecraft:particle_motion_dynamic": {
				"linear_acceleration": [0, 0.2, 0],
				"linear_drag_coefficient": 1
			},
			"minecraft:particle_appearance_billboard": {
				"size": ["5*variable.size_curve", "5*variable.size_curve"],
				"facing_camera_mode": "direction_z"
			},
			"minecraft:particle_appearance_tinting": {
				"color": {
					"interpolant": "v.particle_age / v.particle_lifetime",
					"gradient": {
						"0.0": "#1AFFFFFF",
						"0.53": "#8CFFFFFF",
						"1.0": "#00FFFFFF"
					}
				}
			}
		}
	}
}