{
	"format_version": "1.21.0",
	"minecraft:block": {
		"description": {
			"identifier": "pb_scraft:candelabrum",
			"menu_category": {
				"category": "construction"
			},
			"traits": {
				"minecraft:placement_direction": {
					"enabled_states": ["minecraft:cardinal_direction"]
				}
			},
			"states":{
				"pb_scraft:lit":[
				   0,
				   1
				]
			}
		},
		"components": {
			"minecraft:custom_components": [
				"pb_scraft:candelabrum"
			],
			"minecraft:tick": {
				"interval_range": [
					160,
					160
				]
			},
			"minecraft:geometry": {
				"identifier": "geometry.pb_scraft.candelabrum"
			},
			"minecraft:display_name":"Candelabrum\n§6[§u-§6]§f Decorative Block\n§o§uMagic",
			"minecraft:destructible_by_mining": {
				"seconds_to_destroy": 0.5
			},
			"minecraft:material_instances": {
				"*": {
					"face_dimming": true,
					"ambient_occlusion": false,
					"texture": "pb_scraft_candelabrum",
					"render_method": "alpha_test"
				}
			},
			"minecraft:selection_box": {
				"origin": [
					-5,
					0,
					-5
				],
				"size": [
					10,
					16,
					10
				]
			},
			"minecraft:collision_box":{
				"origin": [
					-5,
					0,
					-5
				],
				"size": [
					10,
					16,
					10
				]
			}
		},
		"permutations": [
			{
				"condition": "q.block_state('pb_scraft:lit') == 1",
				"components": {
					"minecraft:light_emission": 10
                }
			},
			{
				"condition": "q.block_state('minecraft:cardinal_direction') == 'north' ",
				"components": {
					"minecraft:transformation": {
						"rotation": [0, 180, 0]
					}
				}
			},
			{
				"condition": "q.block_state('minecraft:cardinal_direction') == 'south' ",
				"components": {
					"minecraft:transformation": {
						"rotation": [0, 0, 0]
					}
				}
			},
			{
				"condition": "q.block_state('minecraft:cardinal_direction') == 'east' ",
				"components": {
					"minecraft:transformation": {
						"rotation": [0, 90, 0]
					}
				}
			},
			{
				"condition": "q.block_state('minecraft:cardinal_direction') == 'west' ",
				"components": {
					"minecraft:transformation": {
						"rotation": [0, 270, 0]
					}
				}
			}
		]
	}
}