{
	"format_version": "1.21.0",
	"minecraft:block": {
		"description": {
			"identifier": "pb_scraft:jar",
			"menu_category": {
				"category": "construction"
			},
			"traits": {
				"minecraft:placement_direction": {
					"enabled_states": ["minecraft:cardinal_direction"]
				}
			}
		},
		"components": {
			"minecraft:geometry": {
				"identifier": "geometry.pb_scraft.jar"
			},
			"minecraft:display_name":"Jar\n§6[§u-§6]§f Decortaive Block\n§o§uMagic",
			"minecraft:destructible_by_mining": {
				"seconds_to_destroy": 0.5
			},
			"minecraft:material_instances": {
				"*": {
					"face_dimming": true,
					"ambient_occlusion": false,
					"texture": "pb_scraft_jar",
					"render_method": "alpha_test"
				}
			},
			"minecraft:selection_box": {
				"origin": [
					-4,
					0,
					-4
				],
				"size": [
					8,
					8,
					8
				]
			},
			"minecraft:collision_box":{
				"origin": [
					-4,
					0,
					-4
				],
				"size": [
					8,
					8,
					8
				]
			}
		},
		"permutations": [
			{
				"condition": "q.block_state('minecraft:cardinal_direction') == 'north' ",
				"components": {
					"minecraft:transformation": {
						"rotation": [0, 180, 0]
					}
				}
			},
			{
				"condition": "q.block_state('minecraft:cardinal_direction') == 'south' ",
				"components": {
					"minecraft:transformation": {
						"rotation": [0, 0, 0]
					}
				}
			},
			{
				"condition": "q.block_state('minecraft:cardinal_direction') == 'east' ",
				"components": {
					"minecraft:transformation": {
						"rotation": [0, 90, 0]
					}
				}
			},
			{
				"condition": "q.block_state('minecraft:cardinal_direction') == 'west' ",
				"components": {
					"minecraft:transformation": {
						"rotation": [0, 270, 0]
					}
				}
			}
		]
	}
}