{
	"format_version": "1.21.0",
	"minecraft:block": {
		"description": {
			"identifier": "pb_scraft:chandelier",
			"menu_category": {
				"category": "construction"
			},
			"states":{
				"pb_scraft:lit":[
				   0,
				   1
				]
			}
		},
		"components": {
			"minecraft:custom_components": [
				"pb_scraft:chandelier"
			],
			"minecraft:tick": {
				"interval_range": [
					160,
					160
				]
			},
			"minecraft:geometry": {
				"identifier": "geometry.pb_scraft.chandelier"
			},
			"minecraft:display_name":"Chandelier\n§6[§u-§6]§f Decorative Block\n§o§uMagic",
			"minecraft:destructible_by_mining": {
				"seconds_to_destroy": 0.5
			},
			"minecraft:material_instances": {
				"*": {
					"face_dimming": true,
					"ambient_occlusion": false,
					"texture": "pb_scraft_chandelier",
					"render_method": "alpha_test"
				}
			}
		},
		"permutations": [
			{
				"condition": "q.block_state('pb_scraft:lit') == 1",
				"components": {
					"minecraft:light_emission": 14
                }
			}
		]
	}
}