{
	"format_version": "1.10.0",
	"particle_effect": {
		"description": {
			"identifier": "pb_scraft:lightning_shockwave_spherical",
			"basic_render_parameters": {
				"material": "particles_add",
				"texture": "textures/pb/scraft/particle/flash_2"
			}
		},
		"curves": {
			"variable.size_curve": {
				"type": "linear",
				"input": "v.particle_age",
				"horizontal_range": "v.particle_lifetime",
				"nodes": [0, 0.48, 1]
			}
		},
		"events": {
			"impact": {
				"particle_effect": {
					"effect": "",
					"type": "emitter"
				}
			}
		},
		"components": {
			"minecraft:emitter_initialization": {
				"creation_expression": "variable.size = 0.5;variable.lifetime = 0.3;variable.size_variant = 1.5;variable.age_growth = -5;"
			},
			"minecraft:emitter_rate_instant": {
				"num_particles": 50
			},
			"minecraft:emitter_lifetime_once": {
				"active_time": 1
			},
			"minecraft:emitter_shape_sphere": {
				"offset": [0, 1, 0],
				"radius": 0.5,
				"surface_only": true,
				"direction": "outwards"
			},
			"minecraft:particle_lifetime_expression": {
				"max_lifetime": "variable.lifetime"
			},
			"minecraft:particle_initial_spin": {
				"rotation": "variable.particle_random_1*360",
				"rotation_rate": "(variable.particle_random_2-0.5)*90"
			},
			"minecraft:particle_initial_speed": "Math.random(15,20)",
			"minecraft:particle_motion_dynamic": {
				"linear_drag_coefficient": 3
			},
			"minecraft:particle_appearance_billboard": {
				"size": ["variable.size_curve+(variable.size_variant*variable.particle_random_4)", "variable.size_curve+(variable.size_variant*variable.particle_random_4)"],
				"facing_camera_mode": "direction_z",
				"uv": {
					"texture_width": 64,
					"texture_height": 64,
					"uv": [0, 0],
					"uv_size": [64, 64]
				}
			},
			"minecraft:particle_motion_collision": {
				"collision_radius": 0.1,
				"expire_on_contact": true
			},
			"minecraft:particle_appearance_tinting": {
				"color": {
					"interpolant": "v.particle_age / v.particle_lifetime",
					"gradient": {
						"0.0": "#FF2CBCF8",
						"0.51": "#D195EDFF",
						"1.0": "#1FFFFFFF"
					}
				}
			}
		}
	}
}