{
	"format_version": "1.10.0",
	"particle_effect": {
		"description": {
			"identifier": "pb_scraft:lightning_y_impact_main",
			"basic_render_parameters": {
				"material": "particles_add",
				"texture": "textures/pb/scraft/particle/flash_16"
			}
		},
		"curves": {
			"variable.size_curve": {
				"type": "linear",
				"input": "v.particle_age",
				"horizontal_range": "v.particle_lifetime",
				"nodes": [0.74, 0.34, 0.24, 0.2]
			},
			"variable.stretch_curve": {
				"type": "linear",
				"input": "v.particle_age",
				"horizontal_range": "v.particle_lifetime",
				"nodes": [15, 1, 1, 1]
			}
		},
		"components": {
			"minecraft:emitter_initialization": {
				"creation_expression": "variable.size = 0.2;variable.lifetime = 1.0;variable.size_variant = 0.3;variable.age_growth = 1.0;"
			},
			"minecraft:emitter_rate_instant": {
				"num_particles": 40
			},
			"minecraft:emitter_lifetime_once": {
				"active_time": 1
			},
			"minecraft:emitter_shape_sphere": {
				"offset": [0, 0.5, 0],
				"radius": 0.3,
				"surface_only": true,
				"direction": "outwards"
			},
			"minecraft:particle_lifetime_expression": {
				"max_lifetime": "(variable.particle_random_1*variable.lifetime)+0.1"
			},
			"minecraft:particle_initial_speed": "(variable.particle_random_1*6)+12",
			"minecraft:particle_motion_dynamic": {
				"linear_acceleration": [0, -8, 0],
				"linear_drag_coefficient": "1+(variable.particle_age*2)"
			},
			"minecraft:particle_appearance_billboard": {
				"size": ["variable.stretch_curve*variable.size_curve+variable.size_variant*variable.particle_random_4", "1*variable.size_curve+variable.size_variant*variable.particle_random_4"],
				"facing_camera_mode": "lookat_direction"
			},
			"minecraft:particle_motion_collision": {
				"collision_drag": 0.2,
				"coefficient_of_restitution": 1.9,
				"collision_radius": 0.25
			},
			"minecraft:particle_appearance_tinting": {
				"color": {
					"interpolant": "v.particle_age / v.particle_lifetime",
					"gradient": {
						"0.0": "#F5F8F62C",
						"0.65": "#A8FFF9DE",
						"1.0": "#36FFFFFF"
					}
				}
			}
		}
	}
}