{
	"format_version": "1.10.0",
	"particle_effect": {
		"description": {
			"identifier": "pb_scraft:lightning_main",
			"basic_render_parameters": {
				"material": "particles_add",
				"texture": "textures/pb/scraft/particle/lightning_animated_32"
			}
		},
		"events": {
			"event": {
				"particle_effect": {
					"effect": "pb_scraft:lightning_impact",
					"type": "emitter"
				}
			}
		},
		"components": {
			"minecraft:emitter_initialization": {
				"creation_expression": "variable.size = 1.5;variable.size_variant = 0.1;variable.lifetime = 0.5;"
			},
			"minecraft:emitter_rate_instant": {
				"num_particles": 2
			},
			"minecraft:emitter_lifetime_once": {
				"active_time": 1
			},
			"minecraft:emitter_lifetime_events": {
				"creation_event": "event"
			},
			"minecraft:emitter_shape_disc": {
				"offset": [0, "variable.size*8-(variable.particle_random_1*variable.size_variant)", 0],
				"radius": 0.25,
				"surface_only": true,
				"direction": "outwards"
			},
			"minecraft:particle_lifetime_expression": {
				"max_lifetime": "variable.lifetime"
			},
			"minecraft:particle_initial_spin": {
				"rotation": "math.random_integer(0,1)*180"
			},
			"minecraft:particle_initial_speed": 0,
			"minecraft:particle_motion_dynamic": {},
			"minecraft:particle_appearance_billboard": {
				"size": ["variable.size+(variable.particle_random_1*variable.size_variant)", "8*variable.size+(variable.particle_random_1*variable.size_variant)"],
				"facing_camera_mode": "rotate_y",
				"uv": {
					"texture_width": 8,
					"texture_height": 8,
					"flipbook": {
						"base_UV": ["math.random_integer(0,2)*1", 0],
						"size_UV": [1, 8],
						"step_UV": [1, 0],
						"frames_per_second": 24,
						"max_frame": 8
					}
				}
			},
			"minecraft:particle_appearance_tinting": {
				"color": {
					"interpolant": "v.particle_age",
					"gradient": {
						"0.0": "#BAFFFFFF",
						"0.18": "#A8FFFFFF",
						"0.5": "#00FFFFFF"
					}
				}
			}
		}
	}
}