{
	"format_version": "1.10.0",
	"animations": {
		"animation.dss_bbs_gb.init_gb": {
			"animation_length": 0.1,
			"loop": false
		},
		"animation.dss_bbs_gb.nextpage_gb": {
			"animation_length": 1.0,
			"loop": false,
			"timeline": {
				"0.9": [
					"@s reset_animation"
				]
			}
		},
		"animation.dss_bbs_gb.prevpage_gb": {
			"animation_length": 1.0,
			"loop": false,
			"timeline": {
				"0.9": [
					"@s reset_animation"
				]
			}
		},
		"animation.dss_bbs_gb.facing_gb": {
			"animation_length": 0.1,
			"loop": true,
			"timeline": {
				"0.0": [
				"/tp ~~~ facing @p[r=12]"
				]
			}
		}
	}
} 