{
	"format_version": "1.16.0",
	"minecraft:geometry": [
		{
			"description": {
				"identifier": "geometry.pb_scraft.ice_staff_2",
				"texture_width": 64,
				"texture_height": 64,
				"visible_bounds_width": 6,
				"visible_bounds_height": 5,
				"visible_bounds_offset": [0, 1.5, 0]
			},
			"bones": [
				{
					"name": "root",
					"pivot": [-1, 9.83333, 0],
					"binding": "q.item_slot_to_bone_name(c.item_slot)",
					"cubes": [
						{"origin": [-1, -16, -1], "size": [2, 30, 2], "inflate": -0.2, "uv": [0, 18]},
						{"origin": [-1, -17, -1], "size": [2, 6, 2], "inflate": 0.1, "uv": [36, 25]},
						{"origin": [-1, -15, -1], "size": [2, 2, 2], "inflate": 0.6, "pivot": [0, -16, 0], "rotation": [0, -45, 0], "uv": [36, 33]}
					]
				},
				{
					"name": "ice_2_spell",
					"parent": "root",
					"pivot": [0, 19, 0],
					"rotation": [0, 180, 0]
				},
				{
					"name": "ice_2_gem",
					"parent": "ice_2_spell",
					"pivot": [0, 19, 0],
					"cubes": [
						{"origin": [-1.5, 20.30711, -2], "size": [3, 3, 4], "inflate": -0.3, "pivot": [0, 21.80711, 0], "rotation": [0, 0, -45], "uv": [34, 10]},
						{"origin": [-2, 16, -2], "size": [4, 6, 4], "inflate": -0.2, "uv": [33, 0]}
					]
				},
				{
					"name": "ice_2_socket",
					"parent": "ice_2_spell",
					"pivot": [0, 0, 0],
					"cubes": [
						{"origin": [-2.5, 10, -2.5], "size": [5, 2, 5], "inflate": -0.2, "uv": [28, 18]},
						{"origin": [-1.5, 7, -1.5], "size": [3, 11, 3], "inflate": -0.2, "uv": [24, 28]},
						{"origin": [-2, 9, -2], "size": [4, 8, 4], "uv": [8, 28]}
					]
				},
				{
					"name": "ice_2_wing_right",
					"parent": "ice_2_spell",
					"pivot": [-2.13491, 11.68405, -0.91268],
					"rotation": [-57.37, -25.771, 106.28],
					"cubes": [
						{"origin": [-8.13491, 11.68405, -1.41268], "size": [8, 0, 9], "uv": [0, 9], "mirror": true}
					]
				},
				{
					"name": "ice_2_wing_right2",
					"parent": "ice_2_spell",
					"pivot": [-2.13491, 11.68405, -0.91268],
					"rotation": [-49.31042, -29.09619, 110.48844],
					"cubes": [
						{"origin": [-8.13491, 11.68405, -1.41268], "size": [8, 0, 9], "uv": [0, 9], "mirror": true}
					]
				},
				{
					"name": "ice_2_wing_left",
					"parent": "ice_2_spell",
					"pivot": [2.08971, 11.83879, -0.44695],
					"rotation": [-57.37, 27.77, -106.28],
					"cubes": [
						{"origin": [0.08971, 11.83879, -0.94695], "size": [8, 0, 9], "uv": [0, 9]}
					]
				},
				{
					"name": "ice_2_wing_left2",
					"parent": "ice_2_spell",
					"pivot": [2.08971, 11.83879, -0.44695],
					"rotation": [-49.48168, 31.08969, -110.57432],
					"cubes": [
						{"origin": [0.08971, 11.83879, -0.94695], "size": [8, 0, 9], "uv": [0, 9]}
					]
				},
				{
					"name": "ice_2_bottom",
					"parent": "root",
					"pivot": [0, 0, 0],
					"cubes": [
						{"origin": [0.7, -20, -0.5], "size": [1, 4, 1], "inflate": 0.2, "pivot": [1.2, -18, 0], "rotation": [0, 0, 7.5], "uv": [36, 37]},
						{"origin": [-1.7, -20, -0.5], "size": [1, 4, 1], "inflate": 0.2, "pivot": [-1.2, -18, 0], "rotation": [0, 0, -7.5], "uv": [8, 40]}
					]
				}
			]
		}
	]
}