{
	"format_version": "1.21.0",
	"minecraft:geometry": [
		{
			"description": {
				"identifier": "geometry.pb_scraft.ice_staff_3",
				"texture_width": 64,
				"texture_height": 64,
				"visible_bounds_width": 3,
				"visible_bounds_height": 4,
				"visible_bounds_offset": [0, 1, 0]
			},
			"bones": [
				{
					"name": "root",
					"pivot": [-0.05455, 11.4, 0],
					"binding": "q.item_slot_to_bone_name(c.item_slot)",
					"cubes": [
						{"origin": [-1.5, 7, -1.5], "size": [3, 11, 3], "inflate": -0.2, "uv": [8, 23]},
						{"origin": [-1, -16, -1], "size": [2, 30, 2], "inflate": -0.2, "uv": [0, 0]},
						{"origin": [-1, -17, -1], "size": [2, 4, 2], "inflate": 0.1, "uv": [0, 32]},
						{"origin": [-1.04645, -21.35355, -1], "size": [2, 4, 2], "pivot": [-0.04645, -19.35355, 0], "rotation": [0, 0, -180], "uv": [34, 15]}
					]
				},
				{
					"name": "ice_3_plaque_front",
					"parent": "root",
					"pivot": [0, 13.36284, -1.82],
					"cubes": [
						{"origin": [-2, 8.4, -2.5], "size": [4, 4, 1], "pivot": [0, 10.4, -2.5], "rotation": [0, 0, 45], "uv": [32, 0]},
						{"origin": [-2, 10, -2], "size": [4, 8, 1], "uv": [11, 3]},
						{"origin": [-2, 16, -2.3], "size": [3, 3, 1], "pivot": [0, 17, -2.3], "rotation": [0, 0, 45], "uv": [34, 21]},
						{"origin": [-2, 7, -2.3], "size": [3, 3, 1], "pivot": [0, 8, -2.3], "rotation": [0, 0, 45], "uv": [34, 25]},
						{"origin": [-2, 14, -2.5], "size": [4, 4, 1], "pivot": [0, 16, -2.5], "rotation": [0, 0, 45], "uv": [24, 16]}
					]
				},
				{
					"name": "ice_3_plaque_back",
					"parent": "root",
					"pivot": [0, 13.36284, 1.82],
					"cubes": [
						{"origin": [-3.97487, 13.18198, 1.7], "size": [4, 4, 1], "pivot": [0, 13.20711, 2.1], "rotation": [180, 0, 135], "uv": [24, 16]},
						{"origin": [-4.68198, 14.88909, 1.1], "size": [3, 3, 1], "pivot": [0, 13.20711, 1.7], "rotation": [180, 0, 135], "uv": [34, 21]},
						{"origin": [1.68198, 8.52513, 1.1], "size": [3, 3, 1], "pivot": [0, 13.20711, 1.7], "rotation": [180, 0, 135], "uv": [34, 25]},
						{"origin": [-2, 10, 4], "size": [4, 8, 1], "pivot": [0, 0, 3], "rotation": [0, 180, 0], "uv": [11, 3]},
						{"origin": [-0.01508, 9.22218, 1.7], "size": [4, 4, 1], "pivot": [0, 13.20711, 2.1], "rotation": [180, 0, 135], "uv": [32, 0]}
					]
				},
				{
					"name": "ice_3_gem",
					"parent": "root",
					"pivot": [-0.24645, 15.55355, 0],
					"cubes": [
						{"origin": [-2, 17, -2], "size": [4, 7, 4], "inflate": -0.2, "uv": [8, 12]},
						{"origin": [-1, 22.1, -2], "size": [3, 3, 4], "inflate": -0.3, "pivot": [0, 23.1, 0], "rotation": [0, 0, -45], "uv": [20, 23]},
						{
							"origin": [-1, 17.1, -2],
							"size": [3, 3, 4],
							"inflate": -0.21,
							"pivot": [0, 18.1, 0],
							"rotation": [0, 0, 135],
							"uv": {
								"north": {"uv": [27, 3], "uv_size": [3, 3], "uv_rotation": 180},
								"east": {"uv": [20, 27], "uv_size": [4, 3]},
								"south": {"uv": [28, 3], "uv_size": [3, 3], "uv_rotation": 90},
								"west": {"uv": [25, 4], "uv_size": [4, 3], "uv_rotation": 180},
								"up": {"uv": [21, 19], "uv_size": [3, 4], "uv_rotation": 180},
								"down": {"uv": [27, 27], "uv_size": [3, -4]}
							}
						}
					]
				},
				{
					"name": "ice_2_gem__top_right",
					"parent": "ice_3_gem",
					"pivot": [1.18763, 14.58762, 0],
					"cubes": [
						{"origin": [1.24645, 14.35355, -1], "size": [2, 6, 2], "inflate": -0.2, "pivot": [2.24645, 18.35355, 0], "rotation": [0, 0, 15], "uv": [24, 0]}
					]
				},
				{
					"name": "ice_2_gem_bot_right",
					"parent": "ice_3_gem",
					"pivot": [0.74645, 15.75355, 0],
					"cubes": [
						{"origin": [1.24645, 8.35355, -1], "size": [2, 6, 2], "inflate": -0.2, "pivot": [2.24645, 12.35355, 0], "rotation": [0, 0, 157.5], "uv": [24, 0]}
					]
				},
				{
					"name": "Ice_2_gem_top_left",
					"parent": "ice_3_gem",
					"pivot": [-1.44645, 14.55355, 0],
					"cubes": [
						{"origin": [-3.24645, 14.35355, -1], "size": [2, 6, 2], "inflate": -0.2, "pivot": [-2.24645, 18.35355, 0], "rotation": [0, 0, -15], "uv": [24, 0], "mirror": true}
					]
				},
				{
					"name": "ice_2_gem_bot_left",
					"parent": "ice_3_gem",
					"pivot": [-0.74645, 15.75355, 0],
					"cubes": [
						{"origin": [-3.24645, 8.35355, -1], "size": [2, 6, 2], "inflate": -0.2, "pivot": [-2.24645, 12.35355, 0], "rotation": [0, 0, -157.5], "uv": [24, 0], "mirror": true}
					]
				},
				{
					"name": "bb_main",
					"parent": "root",
					"pivot": [0, 0, 0],
					"cubes": [
						{"origin": [0.7, -20, -0.5], "size": [1, 4, 1], "inflate": 0.2, "pivot": [1.2, -18, 0], "rotation": [0, 0, 7.5], "uv": [8, 37]},
						{"origin": [-1.7, -20, -0.5], "size": [1, 4, 1], "inflate": 0.2, "pivot": [-1.2, -18, 0], "rotation": [0, 0, -7.5], "uv": [12, 37]}
					]
				},
				{
					"name": "ice_3_spike_left",
					"parent": "root",
					"pivot": [-7.1, 14.8, -0.1],
					"cubes": [
						{"origin": [-6.1, 14.3, -0.5], "size": [5, 1, 1], "uv": [42, 3]},
						{"origin": [-5.1, 14.3, -0.5], "size": [2, 1, 1], "inflate": 0.2, "uv": [50, 0]},
						{"origin": [-8.1, 14.3, -0.1], "size": [2, 1, 0], "pivot": [-7.1, 14.8, -0.1], "rotation": [45, 0, 0], "uv": [42, 2]},
						{"origin": [-8.1, 14.3, -0.1], "size": [2, 1, 0], "pivot": [-7.1, 14.8, -0.1], "rotation": [-45, 0, 0], "uv": [46, 2]}
					]
				},
				{
					"name": "ice_3_spike_right",
					"parent": "root",
					"pivot": [7.1, 14.8, -0.1],
					"cubes": [
						{"origin": [1.1, 14.3, -0.5], "size": [5, 1, 1], "uv": [42, 3], "mirror": true},
						{"origin": [3.1, 14.3, -0.5], "size": [2, 1, 1], "inflate": 0.2, "uv": [50, 0], "mirror": true},
						{"origin": [6.1, 14.3, -0.1], "size": [2, 1, 0], "pivot": [7.1, 14.8, -0.1], "rotation": [45, 0, 0], "uv": [42, 2], "mirror": true},
						{"origin": [6.1, 14.3, -0.1], "size": [2, 1, 0], "pivot": [7.1, 14.8, -0.1], "rotation": [-45, 0, 0], "uv": [46, 2], "mirror": true}
					]
				}
			]
		}
	]
}