{
	"format_version": "1.16.0",
	"minecraft:geometry": [
		{
			"description": {
				"identifier": "geometry.pb_scraft.ice_staff_1",
				"texture_width": 64,
				"texture_height": 64,
				"visible_bounds_width": 4,
				"visible_bounds_height": 4,
				"visible_bounds_offset": [0, 1, 0]
			},
			"bones": [
				{
					"name": "root",
					"pivot": [-0.05455, 11.4, 0],
					"binding": "q.item_slot_to_bone_name(c.item_slot)",
					"cubes": [
						{"origin": [-2, 9, -2], "size": [4, 8, 4], "inflate": -0.2, "uv": [8, 0]},
						{"origin": [-1, -16, -1], "size": [2, 30, 2], "inflate": -0.2, "uv": [0, 0]},
						{"origin": [-1, -19, -1], "size": [2, 8, 2], "inflate": 0.2, "uv": [20, 31]},
						{"origin": [-1, -17, -1], "size": [2, 4, 2], "inflate": 0.4, "pivot": [0, -17, 0], "rotation": [0, -45, 0], "uv": [26, 14]},
						{"origin": [-1.5, 7, -1.5], "size": [3, 11, 3], "inflate": -0.2, "uv": [8, 21]}
					]
				},
				{
					"name": "ice_1_spell",
					"parent": "root",
					"pivot": [0, 27.00474, 0]
				},
				{
					"name": "ice_1_gem",
					"parent": "ice_1_spell",
					"pivot": [0, 27.00474, 0],
					"cubes": [
						{"origin": [-1, 28.1, -2], "size": [3, 3, 4], "inflate": -0.3, "pivot": [0, 29.1, 0], "rotation": [0, 0, -45], "uv": [26, 7]},
						{"origin": [-1, 22.5, -2], "size": [3, 3, 4], "inflate": -0.3, "pivot": [0, 23.5, 0], "rotation": [0, 0, -45], "uv": [24, 0]},
						{"origin": [-2, 24, -2], "size": [4, 6, 4], "inflate": -0.2, "uv": [20, 21]}
					]
				},
				{
					"name": "ice_1_ring",
					"parent": "ice_1_spell",
					"pivot": [0, 22.5, 0],
					"cubes": [
						{"origin": [-4.5, 18, -0.5], "size": [8, 8, 1], "inflate": -0.1, "pivot": [0, 22.5, 0], "rotation": [0, 0, -45], "uv": [8, 12]}
					]
				},
				{
					"name": "ice_1_clamp_left",
					"parent": "ice_1_ring",
					"pivot": [-2.30295, 23.06005, 0],
					"rotation": [0, 0, -45],
					"cubes": [
						{"origin": [-3.30295, 22.91005, -1], "size": [2, 4, 2], "inflate": -0.2, "uv": [0, 32]},
						{"origin": [-3.30295, 26.51005, 0], "size": [2, 2, 0], "pivot": [-2.30295, 27.51005, 0], "rotation": [0, 45, 0], "uv": [16, 35]},
						{"origin": [-3.30295, 26.51005, 0], "size": [2, 2, 0], "pivot": [-2.30295, 23.11005, 0], "rotation": [0, -45, 0], "uv": [36, 22]}
					]
				},
				{
					"name": "ice_1_clamp_right",
					"parent": "ice_1_ring",
					"pivot": [2.37366, 23.13076, 0],
					"rotation": [0, 0, 45],
					"cubes": [
						{"origin": [1.37366, 22.88076, -1], "size": [2, 4, 2], "inflate": -0.2, "uv": [0, 32], "mirror": true},
						{"origin": [1.37366, 26.48076, 0], "size": [2, 2, 0], "pivot": [2.37366, 27.48076, 0], "rotation": [0, -45, 0], "uv": [16, 35], "mirror": true},
						{"origin": [1.37366, 26.48076, 0], "size": [2, 2, 0], "pivot": [2.37366, 27.48076, 0], "rotation": [0, 45, 0], "uv": [36, 22], "mirror": true}
					]
				},
				{
					"name": "ice_1_spike_left",
					"parent": "ice_1_ring",
					"pivot": [-9.1, 21.8, -0.1],
					"cubes": [
						{"origin": [-8.1, 21.3, -0.5], "size": [5, 1, 1], "uv": [28, 31]},
						{"origin": [-7.1, 21.3, -0.5], "size": [2, 1, 1], "inflate": 0.2, "uv": [34, 18]},
						{"origin": [-10.1, 21.3, -0.1], "size": [2, 1, 0], "pivot": [-9.1, 21.8, -0.1], "rotation": [45, 0, 0], "uv": [26, 20]},
						{"origin": [-10.1, 21.3, -0.1], "size": [2, 1, 0], "pivot": [-9.1, 21.8, -0.1], "rotation": [-45, 0, 0], "uv": [30, 20]}
					]
				},
				{
					"name": "ice_1_spike_right",
					"parent": "ice_1_ring",
					"pivot": [9.1, 21.8, -0.1],
					"cubes": [
						{"origin": [3.1, 21.3, -0.5], "size": [5, 1, 1], "uv": [28, 31], "mirror": true},
						{"origin": [5.1, 21.3, -0.5], "size": [2, 1, 1], "inflate": 0.2, "uv": [34, 18], "mirror": true},
						{"origin": [8.1, 21.3, -0.1], "size": [2, 1, 0], "pivot": [9.1, 21.8, -0.1], "rotation": [45, 0, 0], "uv": [26, 20], "mirror": true},
						{"origin": [8.1, 21.3, -0.1], "size": [2, 1, 0], "pivot": [9.1, 21.8, -0.1], "rotation": [-45, 0, 0], "uv": [30, 20], "mirror": true}
					]
				},
				{
					"name": "ice_1_spike_bot_left",
					"parent": "ice_1_ring",
					"pivot": [-4.18211, 17.09289, -0.05],
					"rotation": [0, 0, -45],
					"cubes": [
						{"origin": [-4.80711, 16.59289, -0.5], "size": [5, 1, 1], "uv": [34, 14]},
						{"origin": [-3.80711, 16.59289, -0.5], "size": [2, 1, 1], "inflate": 0.2, "uv": [34, 35]},
						{"origin": [-6.80711, 16.59289, -0.1], "size": [2, 1, 0], "pivot": [-5.80711, 17.09289, -0.1], "rotation": [45, 0, 0], "uv": [36, 30]},
						{"origin": [-6.80711, 16.59289, -0.1], "size": [2, 1, 0], "pivot": [-5.80711, 17.09289, -0.1], "rotation": [-45, 0, 0], "uv": [16, 37]}
					]
				},
				{
					"name": "ice_1_spike_bot_right",
					"parent": "ice_1_ring",
					"pivot": [4.18211, 17.09289, -0.05],
					"rotation": [0, 0, 45],
					"cubes": [
						{"origin": [-0.19289, 16.59289, -0.5], "size": [5, 1, 1], "uv": [34, 14], "mirror": true},
						{"origin": [1.80711, 16.59289, -0.5], "size": [2, 1, 1], "inflate": 0.2, "uv": [34, 35], "mirror": true},
						{"origin": [4.80711, 16.59289, -0.1], "size": [2, 1, 0], "pivot": [5.80711, 17.09289, -0.1], "rotation": [45, 0, 0], "uv": [36, 30], "mirror": true},
						{"origin": [4.80711, 16.59289, -0.1], "size": [2, 1, 0], "pivot": [5.80711, 17.09289, -0.1], "rotation": [-45, 0, 0], "uv": [16, 37], "mirror": true}
					]
				}
			]
		}
	]
}