{
    "format_version": "1.21.60",
    "minecraft:recipe_shaped": {
        "description": {
            "identifier": "block_jesu:dss_cbs_rug_2"
        },
        "tags": [ "dss_block" ],
        "pattern": [
            "H H",
            "EHE",
            "HHH"
        ],
        "unlock": [{ "item": "minecraft:wool"}],
        "key": {
            "H": {
                "item": "minecraft:white_carpet"
            },
            "E": {
                "item": "minecraft:pink_carpet"
            }
        },
        "result": {
            "item": "block_jesu:dss_kbs_rug_2"
        }
    }
}