{
    "format_version": "1.21.60",
    "minecraft:recipe_shaped": {
        "description": {
            "identifier": "block_gem:dss_bn_toilet_2"   
        },
        "tags": [ "dss_block" ],
        "pattern": [
            "EWH"
        ],
        "unlock": [{ "item": "minecraft:wooden_button"}],
        "key": {
            "E": {
                "item": "minecraft:white_dye"
            },
            "W": {
                "item": "minecraft:oak_stairs"
            },
            "H": {
                "item": "minecraft:wooden_button"
            }
        },
        "result": {
            "item": "block_gem:dss_bn_toilet_2_01"
        }
    }
}