{
    "format_version": "1.21.60",
    "minecraft:recipe_shaped": {
        "description": {
            "identifier": "block_jesu:dss_kbs_window"
        },
        "tags": [ "dss_block" ],
        "pattern": [
            "EHE",
            "HHH",
            "EHE"
        ],
        "unlock": [{ "item": "minecraft:glass_pane"}],
        "key": {
            "H": {
                "item": "minecraft:quartz_slab"
            },
            "E": {
                "item": "minecraft:glass_pane"
            }
        },
        "result": {
            "item": "block_jesu:dss_kbs_window"
        }
    }
}