{
    "format_version": "1.21.60",
    "minecraft:recipe_shaped": {
        "description": {
            "identifier": "block_gem:dss_bn_booth_lower"
        },
        "tags": [ "dss_block" ],
        "pattern": [
            "HEH",
            "HHH"
        ],
        "unlock": [{ "item": "minecraft:stick"}],
        "key": {
            "H": {
                "item": "minecraft:stick"
            },
            "E": {
                "item": "minecraft:pink_dye"
            }
        },
        "result": {
            "item": "block_gem:dss_bn_booth_lower"
        }
    }
}