{
    "format_version": "1.21.60",
    "minecraft:recipe_shaped": {
        "description": {
            "identifier": "block_jesu:dss_cbs_bathroom_mirror"
        },
        "tags": [ "dss_block" ],
        "pattern": [
            "###",
            "#E#",
            "###"
        ],
        "unlock": [{ "item": "minecraft:glass"}],
        "key": {
            "#": {
                "item": "minecraft:quartz_slab"
            },
            "E": {
                "item": "minecraft:glass"
            }
        },
        "result": {
            "item": "block_jesu:dss_kbs_bathroom_mirror"
        }
    }
}