{
    "format_version": "1.21.60",
    "minecraft:recipe_shaped": {
        "description": {
            "identifier": "block_gem:dss_bn_floor_lamp_1" 
        },
        "tags": [ "dss_block" ],
        "pattern": [
            "HWH",
            " E ",
            " # "
        ],
        "unlock": [{ "item": "minecraft:stick"}],
        "key": {
            "H": {
                "item": "minecraft:pink_stained_glass_pane"
            },
            "W": {
                "item": "minecraft:torch"
            },
            "E": {
                "item": "minecraft:oak_sign"
            },
            "#": {
                "item": "minecraft:stick"
            }
        },
        "result": {
            "item": "block_gem:dss_bn_floor_lamp_1_20"
        }
    }
}