{
    "format_version": "1.21.60",
    "minecraft:recipe_shaped": {
        "description": {
            "identifier": "block_jesu:dss_kbs_upper_cabinet"
        },
        "tags": [ "dss_block" ],
        "pattern": [
            "EEE",
            "E E"
        ],
        "unlock": [{ "item": "minecraft:planks"}],
        "key": {
            "E": {
                "tag": "minecraft:wooden_slabs"
            }

        },
        "result": {
            "item": "block_jesu:dss_kbs_upper_cabinet"
        }
    }
}