{
    "format_version": "1.21.60",
    "minecraft:recipe_shaped": {
        "description": {
            "identifier": "block_jesu:dss_cbs_painting_1"
        },
        "tags": [ "dss_block" ],
        "pattern": [
            "HHH",
            "HEH",
            "HWH"
        ],
        "unlock": [{ "item": "minecraft:stick"}],
        "key": {
            "H": {
                "item": "minecraft:stick"
            },
            "E": {
                "item": "minecraft:painting"
            },
            "W": {
                "item": "minecraft:pink_dye"
            }
        },
        "result": {
            "item": "block_jesu:dss_kbs_painting_1"
        }
    }
}