{
    "format_version": "1.21.60",
    "minecraft:recipe_shaped": {
        "description": {
            "identifier": "block_jesu:dss_cbs_bigcat"
        },
        "tags": [ "dss_block" ],
        "pattern": [
            " # ",
            "#H#",
            "# #"
        ],
        "unlock": [{ "item": "minecraft:wool"}],
        "key": {
            "#": {
                "item": "minecraft:white_wool"
            },
            "H": {
                "item": "minecraft:pink_wool"
            }
        },
        "result": {
            "item": "block_jesu:dss_kbs_bigcat"
        }
    }
}