{
    "format_version": "1.21.60",
    "minecraft:recipe_shaped": {
        "description": {
            "identifier": "block_gem:dss_bn_chandelier_3"
        },
        "tags": [ "dss_block" ],
        "pattern": [
            "HHH",
            "WWW",
            "EEE"
        ],
        "unlock": [{ "tag": "minecraft:planks"}],
        "key": {
            "H": {
                "tag": "minecraft:wooden_slabs"
            },
            "E": {
                "item": "minecraft:torch"
            },
            "W": {
                "item": "minecraft:stick"
            }
        },
        "result": {
            "item": "block_gem:dss_bn_chandelier_3_24"
        }
    }
}