{
    "format_version": "1.21.60",
    "minecraft:recipe_shaped": {
        "description": {
            "identifier": "block_gem:dss_bn_table_3" 
        },
        "tags": [ "dss_block" ],
        "pattern": [
            " H ",
            "EEE",
            "W W"
        ],
        "unlock": [{ "tag": "minecraft:wooden_slabs"}],
        "key": {
            "H": {
                "item": "minecraft:magenta_carpet"
            },
            "E": {
                "tag": "minecraft:wooden_slabs"
            },
            "W": {
                "item": "minecraft:stick"
            }
        },
        "result": {
            "item": "block_gem:dss_bn_table_3"
        }
    }
}