{
    "format_version": "1.21.60",
    "minecraft:recipe_shaped": {
        "description": {
            "identifier": "block_jesu:dss_kbs_toilet"
        },
        "tags": [ "dss_block" ],
        "pattern": [
            " H",
            "EW"
        ],
        "unlock": [{ "item": "minecraft:planks"}],
        "key": {
            "H": {
                "item": "minecraft:birch_trapdoor"
            },
            "E": {
                "item": "minecraft:water_bucket"
            },
            "W": {
                "item": "minecraft:quartz_stairs"
            }

        },
        "result": {
            "item": "block_jesu:dss_kbs_toilet_01"
        }
    }
}