{
    "format_version": "1.21.60",
    "minecraft:recipe_shaped": {
        "description": {
            "identifier": "block_gem:dss_bn_chair_3"
        },
        "tags": [ "dss_block" ],
        "pattern": [
            "E#E",
            "HHH",
            "W W"
        ],
        "unlock": [{ "item": "minecraft:stick"}],
        "key": {
            "H": {
                "tag": "minecraft:wooden_slabs"
            },
            "E": {
                "item": "minecraft:magenta_carpet"
            },
            "#": {
                "item": "minecraft:pink_carpet"
            },
            "W": {
                "item": "minecraft:stick"
            }
        },
        "result": {
            "item": "block_gem:dss_bn_chair_3_01"
        }
    }
}