{
    "format_version": "1.21.60",
    "minecraft:recipe_shaped": {
        "description": {
            "identifier": "block_gem:dss_bn_painting_2" 
        },
        "tags": [ "dss_block" ],
        "pattern": [
            "HWE"
        ],
        "unlock": [{ "item": "minecraft:painting"}],
        "key": {
            "H": {
                "item": "minecraft:white_dye"
            },
            "W": {
                "item": "minecraft:painting"
            },
            "E": {
                "item": "minecraft:pink_dye"
            }
        },
        "result": {
            "item": "block_gem:dss_bn_painting_2"
        }
    }
}