{
    "format_version": "1.21.60",
    "minecraft:recipe_shaped": {
        "description": {
            "identifier": "block_jesu:dss_kbs_tv"
        },
        "tags": [ "dss_block" ],
        "pattern": [
            " H ",
            "WWW",
            "E E"
        ],
        "unlock": [{ "item": "minecraft:stick"}],
        "key": {
            "H": {
                "item": "minecraft:redstone_torch"
            },
            "E": {
                "item": "minecraft:stick"
            },
            "W": {
                "item": "minecraft:glass_pane"
            }

        },
        "result": {
            "item": "block_jesu:dss_kbs_tv"
        }
    }
}