{
    "format_version": "1.21.60",
    "minecraft:recipe_shaped": {
        "description": {
            "identifier": "block_jesu:dss_cbs_block_5"
        },
        "tags": [ "dss_block" ],
        "pattern": [
            "#HE",
            "HHH",
            "EH#"
        ],
        "unlock": [{ "item": "minecraft:glass"}],
        "key": {
            "#": {
                "item": "minecraft:pink_stained_glass_pane"
            },
            "H": {
                "item": "minecraft:white_stained_glass_pane"
            },
            "E": {
                "item": "minecraft:light_blue_stained_glass_pane"
            }
        },
        "result": {
            "item": "block_jesu:dss_kbs_block_5"
        }
    }
}