{
    "format_version": "1.21.60",
    "minecraft:recipe_shaped": {
      "description": {
        "identifier": "block_jesu:dss_cbs_longcabinet_1"
      },
      "tags": ["dss_block"],
      "pattern": [
        "HHH",
        "WBW",
        "WRW"
      ],
      "unlock": [{ "item": "minecraft:planks"}],
      "key": {
        "W": {
          "item": "minecraft:planks"
        },
        "R": {
          "item": "minecraft:red_wool"
        },
        "B": {
          "item": "minecraft:blue_wool"
        },
        "H": {
          "tag": "minecraft:wooden_slabs"
        }
      },
      "result": {
        "item": "block_jesu:dss_kbs_longcabinet_1"
      }
    }
  } 