{
    "format_version": "1.21.60",
    "minecraft:recipe_shaped": {
        "description": {
            "identifier": "block_jesu:dss_cbs_light"
        },
        "tags": [ "dss_block" ],
        "pattern": [
            "H",
            "E",
            "W"
        ],
        "unlock": [{ "item": "minecraft:planks"}],
        "key": {
            "H": {
                "item": "minecraft:dark_oak_slab"
            },
            "E": {
                "item": "minecraft:chain"
            },
            "W": {
                "item": "minecraft:lantern"
            }
        },
        "result": {
            "item": "block_jesu:dss_kbs_light_20"
        }
    }
}