{
    "format_version": "1.21.60",
    "minecraft:recipe_shaped": {
        "description": {
            "identifier": "block_jesu:dss_kbs_wall_decor"
        },
        "tags": [ "dss_block" ],
        "pattern": [
            "HSH"
        ],
        "unlock": [{ "item": "minecraft:wool"}],
        "key": {
            "H": {
                "item": "minecraft:red_wool"
            },
            "S": {
                "item": "minecraft:string"
            }
        },
        "result": {
            "item": "block_jesu:dss_kbs_wall_decor"
        }
    }
}