{
    "format_version": "1.21.60",
    "minecraft:recipe_shaped": {
        "description": {
            "identifier": "block_jesu:dss_cbs_shelf_2"
        },
        "tags": [ "dss_block" ],
        "pattern": [
            "HHH",
            "HEH",
            "HEH"
        ],
        "unlock": [{ "item": "minecraft:planks"}],
        "key": {
            "H": {
                "item": "minecraft:pale_oak_planks"
            },
            "E": {
                "item": "minecraft:pale_oak_slab"
            }
        },
        "result": {
            "item": "block_jesu:dss_kbs_shelf_2"
        }
    }
}