{
    "format_version": "1.21.60",
    "minecraft:recipe_shaped": {
        "description": {
            "identifier": "block_jesu:dss_cbs_chair_2"
        },
        "tags": [ "dss_block" ],
        "pattern": [
            "PLP",
            "WWW",
            "L L"
        ],
        "unlock": [{ "item": "minecraft:stick"}],
        "key": {
            "P": {
                "item": "minecraft:pink_wool"
            },
            "W": {
                "tag": "minecraft:wooden_slabs"
            },
            "L": {
                "item": "minecraft:stick"
            }
        },
        "result": {
            "item": "block_jesu:dss_kbs_chair_2_01"
        }
    }
}