{
    "format_version": "1.21.60",
    "minecraft:recipe_shaped": {
        "description": {
            "identifier": "block_gem:dss_bn_curtain_rod" 
        },
        "tags": [ "dss_block" ],
        "pattern": [
            "HHH",
            "W  "
        ],
        "unlock": [{ "item": "minecraft:stick"}],
        "key": {
            "H": {
                "item": "minecraft:stick"
            },
            "W": {
                "item": "minecraft:pink_dye"
            }
        },
        "result": {
            "item": "block_gem:dss_bn_curtain_rod"
        }
    }
}