{
    "format_version": "1.21.60",
    "minecraft:recipe_shaped": {
        "description": {
            "identifier": "block_jesu:dss_cbs_floor_design_2"
        },
        "tags": [ "dss_block" ],
        "pattern": [
            "H E",
            "   ",
            "E H"
        ],
        "unlock": [{ "item": "minecraft:wool"}],
        "key": {
            "H": {
                "item": "minecraft:white_carpet"
            },
            "E": {
                "item": "minecraft:pink_carpet"
            }
        },
        "result": {
            "item": "block_jesu:dss_kbs_floor_design_2"
        }
    }
}