{
    "format_version": "1.21.60",
    "minecraft:recipe_shaped": {
        "description": {
            "identifier": "block_jesu:dss_kbs_fan_12"
        },
        "tags": [ "dss_block" ],
        "pattern": [
            "W W",
            " P ",
            "W W"
        ],
        "unlock": [{ "item": "minecraft:planks"}],
        "key": {
            "W": {
                "item": "minecraft:iron_ingot"
            },
            "P": {
                "item": "minecraft:red_wool"
            }
        },
        "result": {
            "item": "block_jesu:dss_kbs_fan_12"
        }
    }
}