{
    "format_version": "1.21.60",
    "minecraft:recipe_shaped": {
        "description": {
            "identifier": "block_jesu:dss_kbs_wallpaper_2"
        },
        "tags": [ "dss_block" ],
        "pattern": [
            "H",
            "E"
        ],
        "unlock": [{ "item": "minecraft:clay"}],
        "key": {
            "H": {
                "item": "minecraft:black_dye"
            },
            "E": {
                "item": "minecraft:clay"
            }

        },
        "result": {
            "item": "block_jesu:dss_kbs_wallpaper_2"
        }
    }
}