{
    "format_version": "1.21.60",
    "minecraft:recipe_shaped": {
        "description": {
            "identifier": "block_jesu:dss_cbs_plant_1"
        },
        "tags": [ "dss_block" ],
        "pattern": [
            "E",
            "H"
        ],
        "unlock": [{ "item": "minecraft:wheat_seeds"}],
        "key": {
            "H": {
                "item": "minecraft:flower_pot"
            },
            "E": {
                "item": "minecraft:wheat_seeds"
            }
        },
        "result": {
            "item": "block_jesu:dss_kbs_plant_1"
        }
    }
}