{
    "format_version": "1.21.60",
    "minecraft:recipe_shaped": {
        "description": {
            "identifier": "block_gem:dss_bn_switch_off" 
        },
        "tags": [ "dss_block" ],
        "pattern": [
            "EW"
        ],
        "unlock": [{ "item": "minecraft:wooden_button"}],
        "key": {
            "E": {
                "item": "minecraft:wooden_button"
            },
            "W": {
                "item": "minecraft:pink_dye"
            }
        },
        "result": {
            "item": "block_gem:dss_bn_switch_22"
        }
    }
}