{
    "format_version": "1.21.60",
    "minecraft:recipe_shaped": {
        "description": {
            "identifier": "block_jesu:dss_cbs_storage_2"
        },
        "tags": [ "dss_block" ],
        "pattern": [
            "HHH",
            "HEH",
            "HHH"
        ],
        "unlock": [{ "item": "minecraft:planks"}],
        "key": {
            "H": {
                "tag": "minecraft:planks"
            },
            "E": {
                "item": "minecraft:pink_wool"
            }
        },
        "result": {
            "item": "block_jesu:dss_kbs_storage_2"
        }
    }
}