{
    "format_version": "1.21.60",
    "minecraft:recipe_shaped": {
        "description": {
            "identifier": "block_gem:dss_bn_tv_1" 
        },
        "tags": [ "dss_block" ],
        "pattern": [
            "HHH",
            "#WE",
            "444"
        ],
        "unlock": [{ "tag": "minecraft:wooden_slabs"}],
        "key": {
            "H": {
                "item": "minecraft:black_stained_glass_pane"
            },
            "#": {
                "item": "minecraft:magenta_dye"
            },
            "E": {
                "item": "minecraft:pink_dye"
            },
            "W": {
                "item": "minecraft:painting"
            },
            "4": {
                "tag": "minecraft:wooden_slabs"
            }
        },
        "result": {
            "item": "block_gem:dss_bn_tv_1_23"
        }
    }
}