{
    "format_version": "1.21.60",
    "minecraft:recipe_shaped": {
        "description": {
            "identifier": "block_gem:dss_bn_barrier_rope"
        },
        "tags": [ "dss_block" ],
        "pattern": [
            "HEH"
        ],
        "unlock": [{ "item": "minecraft:oak_fence"}],
        "key": {
            "H": {
                "item": "minecraft:oak_fence"
            },
            "E": {
                "item": "minecraft:string"
            }
        },
        "result": {
            "item": "block_gem:dss_bn_barrier_rope"
        }
    }
}