{
    "format_version": "1.21.60",
    "minecraft:recipe_shaped": {
        "description": {
            "identifier": "block_jesu:dss_cbs_lamp"
        },
        "tags": [ "dss_block" ],
        "pattern": [
            "EHE",
            " W ",
            " # "
        ],
        "unlock": [{ "item": "minecraft:stick"}],
        "key": {
            "H": {
                "item": "minecraft:torch"
            },
            "E": {
                "item": "minecraft:pink_stained_glass"
            },
            "W": {
                "item": "minecraft:stick"
            },
            "#": {
                "item": "minecraft:quartz_slab"
            }
        },
        "result": {
            "item": "block_jesu:dss_kbs_lamp_20"
        }
    }
}