{
    "format_version": "1.21.60",
    "minecraft:recipe_shaped": {
        "description": {
            "identifier": "block_jesu:dss_kbs_tv_2"
        },
        "tags": [ "dss_block" ],
        "pattern": [
            "WWW",
            " H ",
            " E "
        ],
        "unlock": [{ "item": "minecraft:planks"}],
        "key": {
            "H": {
                "item": "minecraft:redstone_torch"
            },
            "E": {
                "tag": "minecraft:wooden_slabs"
            },
            "W": {
                "item": "minecraft:glass_pane"
            }

        },
        "result": {
            "item": "block_jesu:dss_kbs_tv_2"
        }
    }
}