{
    "format_version": "1.21.60",
    "minecraft:recipe_shaped": {
        "description": {
            "identifier": "block_gem:dss_bn_kitchen_sink" 
        },
        "tags": [ "dss_block" ],
        "pattern": [
            "HHH",
            "HWH"
        ],
        "unlock": [{ "tag": "minecraft:wooden_slabs"}],
        "key": {
            "H": {
                "tag": "minecraft:wooden_slabs"
            },
            "W": {
                "item": "minecraft:water_bucket"
            }
        },
        "result": {
            "item": "block_gem:dss_bn_kitchen_sink"
        }
    }
}