{
    "format_version": "1.21.60",
    "minecraft:recipe_shaped": {
        "description": {
            "identifier": "block_jesu:dss_cbs_longdivider_2"
        },
        "tags": [ "dss_block" ],
        "pattern": [
            "SSS",
            "WPW",
            "WPW"
        ],
        "unlock": [{ "item": "minecraft:planks"}],
        "key": {
            "W": {
                "item": "minecraft:brown_wool"
            },
            "P": {
                "tag": "minecraft:wooden_slabs"
            },
            "S": {
                "item": "minecraft:brown_carpet"
            }
        },
        "result": {
            "item": "block_jesu:dss_kbs_longdivider_2"
        }
    }
}