{
    "format_version": "1.21.60",
    "minecraft:recipe_shaped": {
        "description": {
            "identifier": "block_gem:dss_bn_wall_vase" 
        },
        "tags": [ "dss_block" ],
        "pattern": [
            "EHE",
            "WHW",
            " H "
        ],
        "unlock": [{ "item": "minecraft:stick"}],
        "key": {
            "H": {
                "item": "minecraft:stick"
            },
            "E": {
                "item": "minecraft:flower_pot"
            },
            "W": {
                "tag": "minecraft:wooden_slabs"
            }
        },
        "result": {
            "item": "block_gem:dss_bn_wall_vase"
        }
    }
}