{
    "format_version": "1.21.60",
    "minecraft:recipe_shaped": {
        "description": {
            "identifier": "block_jesu:dss_cbs_block_2"
        },
        "tags": [ "dss_block" ],
        "pattern": [
            "# H",
            " W ",
            "H #"
        ],
        "unlock": [{ "item": "minecraft:planks"}],
        "key": {
            "#": {
                "tag": "minecraft:planks"
            },
            "H": {
                "item": "minecraft:pink_dye"
            },
            "W": {
                "item": "minecraft:painting"
            }
        },
        "result": {
            "item": "block_jesu:dss_kbs_block_2"
        }
    }
}