{
    "format_version": "1.21.60",
    "minecraft:recipe_shaped": {
        "description": {
            "identifier": "block_jesu:dss_cbs_counter"
        },
        "tags": [ "dss_block" ],
        "pattern": [
            "WWW",
            "PLP",
            "PLP"
        ],
        "unlock": [{ "item": "minecraft:planks"}],
        "key": {
            "W": {
                "tag": "minecraft:wooden_slabs"
            },
            "P": {
                "tag": "minecraft:planks"
            },
            "L": {
                "item": "minecraft:pink_wool"
            }
        },
        "result": {
            "item": "block_jesu:dss_kbs_counter"
        }
    }
}