{
    "format_version": "1.21.60",
    "minecraft:recipe_shaped": {
        "description": {
            "identifier": "block_jesu:dss_kbs_tub"
        },
        "tags": [ "dss_block" ],
        "pattern": [
            "H  ",
            "EWE",
            "E#E"
        ],
        "unlock": [{ "item": "minecraft:quartz_block"}],
        "key": {
            "H": {
                "item": "minecraft:tripwire_hook"
            },
            "E": {
                "item": "minecraft:quartz_block"
            },
            "W": {
                "item": "minecraft:water_bucket"
            },
            "#": {
                "item": "minecraft:quartz_slab"
            }

        },
        "result": {
            "item": "block_jesu:dss_kbs_tub_01"
        }
    }
}