{
    "format_version": "1.21.60",
    "minecraft:recipe_shaped": {
        "description": {
            "identifier": "block_jesu:dss_cbs_side_table"
        },
        "tags": [ "dss_block" ],
        "pattern": [
            " H ",
            " E ",
            "W W"
        ],
        "unlock": [{ "item": "minecraft:stick"}],
        "key": {
            "H": {
                "item": "minecraft:pink_carpet"
            },
            "E": {
                "tag": "minecraft:wooden_slabs"
            },
            "W": {
                "item": "minecraft:stick"
            }
        },
        "result": {
            "item": "block_jesu:dss_kbs_side_table"
        }
    }
}