{
    "format_version": "1.21.60",
    "minecraft:recipe_shaped": {
        "description": {
            "identifier": "block_jesu:dss_cbs_pillar_4"
        },
        "tags": [ "dss_block" ],
        "pattern": [
            "E",
            "H",
            "H"
        ],
        "unlock": [{ "item": "minecraft:quartz_block"}],
        "key": {
            "H": {
                "item": "minecraft:quartz_block"
            },
            "E": {
                "item": "minecraft:quartz_slab"
            }
        },
        "result": {
            "item": "block_jesu:dss_kbs_pillar_4"
        }
    }
}