{
    "format_version": "1.12",
    "minecraft:recipe_shaped": {
      "description": {
        "identifier": "dss_additions:dss_crafting_table"
      },
      "tags": [ "crafting_table", "dss_block" ],
      "pattern": [
        "WW",
        "XX"
      ],
      "key": {
        "W": {
          "item": "minecraft:cobblestone"
        },
        "X": {
          "item": "minecraft:planks"
        }
      },
      "result":{
        "item": "dss_additions:dss_crafting_table"
      }
    }
}