{
    "format_version": "1.21.60",
    "minecraft:recipe_shaped": {
        "description": {
            "identifier": "block_gem:dss_bn_poodle_statue" 
        },
        "tags": [ "dss_block" ],
        "pattern": [
            "H  ",
            "HHH",
            "H H"
        ],
        "unlock": [{ "item": "minecraft:quartz_block"}],
        "key": {
            "H": {
                "item": "minecraft:quartz_block"
            }
        },
        "result": {
            "item": "block_gem:dss_bn_poodle_statue"
        }
    }
}