{
    "format_version": "1.21.60",
    "minecraft:recipe_shaped": {
        "description": {
            "identifier": "block_gem:dss_bn_table_lamp_3"   
        },
        "tags": [ "dss_block" ],
        "pattern": [
            "EWE",
            " H "
        ],
        "unlock": [{ "tag": "minecraft:planks"}],
        "key": {
            "E": {
                "item": "minecraft:pink_stained_glass_pane"
            },
            "W": {
                "item": "minecraft:torch"
            },
            "H": {
                "tag": "minecraft:planks"
            }
        },
        "result": {
            "item": "block_gem:dss_bn_table_lamp_3_20"
        }
    }
}