{
    "format_version": "1.21.60",
    "minecraft:recipe_shaped": {
        "description": {
            "identifier": "block_jesu:dss_cbs_longcouch_3"
        },
        "tags": [ "dss_block" ],
        "pattern": [
            "WPW",
            "WPW",
            "WWW"
        ],
        "unlock": [{ "item": "minecraft:wool"}],
        "key": {
            "W": {
                "item": "minecraft:brown_wool"
            },
            "P": {
                "item": "minecraft:wool"
            }
        },
        "result": {
            "item": "block_jesu:dss_kbs_longcouch_3_01"
        }
    }
}