{
    "format_version": "1.21.60",
    "minecraft:recipe_shaped": {
        "description": {
            "identifier": "block_jesu:dss_cbs_shoe_cabinet_2"
        },
        "tags": [ "dss_block" ],
        "pattern": [
            "HHH",
            "EEW",
            "EEH"
        ],
        "unlock": [{ "item": "minecraft:planks"}],
        "key": {
            "H": {
                "tag": "minecraft:planks"
            },
            "E": {
                "tag": "minecraft:wooden_slabs"
            },
            "W": {
                "item": "minecraft:purple_wool"
            }
        },
        "result": {
            "item": "block_jesu:dss_kbs_shoe_cabinet_2"
        }
    }
}