{
    "format_version": "1.21.60",
    "minecraft:recipe_shaped": {
        "description": {
            "identifier": "block_gem:dss_bn_curtain_l" 
        },
        "tags": [ "dss_block" ],
        "pattern": [
            "H ",
            "WE",
            "WE"
        ],
        "unlock": [{ "item": "minecraft:stick"}],
        "key": {
            "H": {
                "item": "block_gem:dss_bn_curtain_rod"
            },
            "E": {
                "item": "minecraft:magenta_carpet"
            },
            "W": {
                "item": "minecraft:pink_carpet"
            }
        },
        "result": {
            "item": "block_gem:dss_bn_curtain_l"
        }
    }
}