{
    "format_version": "1.21.60",
    "minecraft:recipe_shaped": {
        "description": {
            "identifier": "block_jesu:dss_cbs_table_2"
        },
        "tags": [ "dss_block" ],
        "pattern": [
            "WWW",
            "# #"
        ],
        "unlock": [{ "item": "minecraft:cherry_slab"}],
        "key": {
            "W": {
                "item": "minecraft:cherry_slab"
            },
            "#": {
                "item": "minecraft:cherry_fence"
            }

        },
        "result": {
            "item": "block_jesu:dss_kbs_table_2"
        }
    }
}