{
    "format_version": "1.21.60",
    "minecraft:recipe_shaped": {
        "description": {
            "identifier": "block_jesu:dss_kbs_wallpaper_6"
        },
        "tags": [ "dss_block" ],
        "pattern": [
            "EWH"
        ],
        "unlock": [{ "item": "minecraft:clay"}],
        "key": {
            "H": {
                "item": "minecraft:white_dye"
            },
            "E": {
                "item": "minecraft:light_gray_dye"
            },
            "W": {
                "item": "minecraft:clay"
            }

        },
        "result": {
            "item": "block_jesu:dss_kbs_wallpaper_6"
        }
    }
}