{
    "format_version": "1.21.60",
    "minecraft:recipe_shaped": {
        "description": {
            "identifier": "block_jesu:dss_cbs_table_4"
        },
        "tags": [ "dss_block" ],
        "pattern": [
            "WWH",
            "# #"
        ],
        "unlock": [{ "item": "minecraft:stick"}],
        "key": {
            "H": {
                "item": "minecraft:red_carpet"
            },
            "W": {
                "item": "minecraft:white_carpet"
            },
            "#": {
                "item": "minecraft:stick"
            }

        },
        "result": {
            "item": "block_jesu:dss_kbs_table_4"
        }
    }
}