{
    "format_version": "1.21.60",
    "minecraft:recipe_shaped": {
        "description": {
            "identifier": "block_gem:dss_bn_towels" 
        },
        "tags": [ "dss_block" ],
        "pattern": [
            "HHH",
            "EWE",
            "EWE"
        ],
        "unlock": [{ "item": "minecraft:stick"}],
        "key": {
            "H": {
                "item": "minecraft:stick"
            },
            "E": {
                "item": "minecraft:pink_carpet"
            },
            "W": {
                "item": "minecraft:magenta_carpet"
            }
        },
        "result": {
            "item": "block_gem:dss_bn_towels"
        }
    }
}