{
    "format_version": "1.21.60",
    "minecraft:recipe_shaped": {
        "description": {
            "identifier": "block_jesu:dss_cbs_baby_stroller"
        },
        "tags": [ "dss_block" ],
        "pattern": [
            "###",
            "HEH",
            " W "
        ],
        "unlock": [{ "item": "minecraft:planks"}],
        "key": {
            "#": {
                "tag": "minecraft:wooden_slabs"
            },
            "E": {
                "item": "minecraft:pink_carpet"
            },
            "H": {
                "tag": "minecraft:planks"
            },
            "W": {
                "item": "minecraft:minecart"
            }
        },
        "result": {
            "item": "block_jesu:dss_kbs_baby_stroller"
        }
    }
}