{
    "format_version": "1.21.60",
    "minecraft:recipe_shaped": {
        "description": {
            "identifier": "block_jesu:dss_cbs_floorblanket"
        },
        "tags": [ "dss_block" ],
        "pattern": [
            "EEE",
            "EHE",
            "EEE"
        ],
        "unlock": [{ "item": "minecraft:wool"}],
        "key": {
            "H": {
                "item": "minecraft:white_carpet"
            },
            "E": {
                "item": "minecraft:pink_carpet"
            }
        },
        "result": {
            "item": "block_jesu:dss_kbs_floorblanket"
        }
    }
}