{
    "format_version": "1.21.60",
    "minecraft:recipe_shaped": {
        "description": {
            "identifier": "block_jesu:dss_cbs_table_5"
        },
        "tags": [ "dss_block" ],
        "pattern": [
            "WWW",
            "#H#"
        ],
        "unlock": [{ "item": "minecraft:stick"}],
        "key": {
            "H": {
                "item": "minecraft:white_dye"
            },
            "W": {
                "tag": "minecraft:wooden_slabs"
            },
            "#": {
                "item": "minecraft:stick"
            }

        },
        "result": {
            "item": "block_jesu:dss_kbs_table_5"
        }
    }
}