{
    "format_version": "1.21.60",
    "minecraft:recipe_shaped": {
        "description": {
            "identifier": "block_jesu:dss_cbs_rug"
        },
        "tags": [ "dss_block" ],
        "pattern": [
            "H H",
            "HHH",
            "HHH"
        ],
        "unlock": [{ "item": "minecraft:wool"}],
        "key": {
            "H": {
                "item": "minecraft:brown_carpet"
            }
        },
        "result": {
            "item": "block_jesu:dss_kbs_rug"
        }
    }
}