{
    "format_version": "1.21.60",
    "minecraft:recipe_shaped": {
        "description": {
            "identifier": "block_gem:dss_bn_divider_screen" 
        },
        "tags": [ "dss_block" ],
        "pattern": [
            "WHW",
            "WHW",
            "EHE"
        ],
        "unlock": [{ "tag": "minecraft:wooden_slabs"}],
        "key": {
            "H": {
                "tag": "minecraft:wooden_slabs"
            },
            "W": {
                "item": "minecraft:pink_carpet"
            },
            "E": {
                "item": "minecraft:magenta_carpet"
            }
        },
        "result": {
            "item": "block_gem:dss_bn_divider_screen"
        }
    }
}