{
    "format_version": "1.21.60",
    "minecraft:recipe_shaped": {
        "description": {
            "identifier": "block_jesu:dss_kbs_vanity"
        },
        "tags": [ "dss_block" ],
        "pattern": [
            "EHE",
            "EHE",
            "WWW"
        ],
        "unlock": [{ "item": "minecraft:planks"}],
        "key": {
            "E": {
                "item": "minecraft:cherry_fence"
            },
            "H": {
                "item": "minecraft:glass_pane"
            },
            "W": {
                "item": "minecraft:cherry_slab"
            }

        },
        "result": {
            "item": "block_jesu:dss_kbs_vanity"
        }
    }
}