{
    "format_version": "1.21.60",
    "minecraft:recipe_shaped": {
        "description": {
            "identifier": "block_jesu:dss_cbs_block_3"
        },
        "tags": [ "dss_block" ],
        "pattern": [
            "#",
            "H"
        ],
        "unlock": [{ "item": "minecraft:clay"}],
        "key": {
            "#": {
                "item": "minecraft:pink_dye"
            },
            "H": {
                "item": "minecraft:clay"
            }
        },
        "result": {
            "item": "block_jesu:dss_kbs_block_3"
        }
    }
}