{
    "format_version": "1.21.60",
    "minecraft:recipe_shaped": {
        "description": {
            "identifier": "block_jesu:dss_cbs_table_3"
        },
        "tags": [ "dss_block" ],
        "pattern": [
            " H ",
            "WWW",
            "# #"
        ],
        "unlock": [{ "item": "minecraft:pale_oak_slab"}],
        "key": {
            "H": {
                "item": "minecraft:pink_carpet"
            },
            "W": {
                "item": "minecraft:pale_oak_slab"
            },
            "#": {
                "item": "minecraft:pale_oak_fence"
            }

        },
        "result": {
            "item": "block_jesu:dss_kbs_table_3"
        }
    }
}