{
    "format_version": "1.21.60",
    "minecraft:recipe_shaped": {
        "description": {
            "identifier": "block_jesu:dss_kbs_wallpaper_3"
        },
        "tags": [ "dss_block" ],
        "pattern": [
            "H",
            "E",
            "W"
        ],
        "unlock": [{ "item": "minecraft:clay"}],
        "key": {
            "H": {
                "item": "minecraft:yellow_dye"
            },
            "E": {
                "item": "minecraft:clay"
            },
            "W": {
                "item": "minecraft:white_dye"
            }

        },
        "result": {
            "item": "block_jesu:dss_kbs_wallpaper_3"
        }
    }
}