{
    "format_version": "1.21.60",
    "minecraft:recipe_shaped": {
        "description": {
            "identifier": "block_gem:dss_bn_slab_1" 
        },
        "tags": [ "dss_block" ],
        "pattern": [
            "EHW"
        ],
        "unlock": [{ "tag": "minecraft:wooden_slabs"}],
        "key": {
            "H": {
                "tag": "minecraft:wooden_slabs"
            },
            "E": {
                "item": "minecraft:gray_dye"
            },
            "W": {
                "item": "minecraft:pink_dye"
            }
        },
        "result": {
            "item": "block_gem:dss_bn_slab_1_07"
        }
    }
}