{
    "format_version": "1.21.60",
    "minecraft:recipe_shaped": {
        "description": {
            "identifier": "block_gem:dss_bn_carpet_3"
        },
        "tags": [ "dss_block" ],
        "pattern": [
            "HE"
        ],
        "unlock": [{ "item": "minecraft:wool"}],
        "key": {
            "H": {
                "item": "minecraft:pink_dye"
            },
            "E": {
                "item": "minecraft:pink_carpet"
            }
        },
        "result": {
            "item": "block_gem:dss_bn_carpet_3"
        }
    }
}