{
    "format_version": "1.21.60",
    "minecraft:recipe_shaped": {
        "description": {
            "identifier": "block_jesu:dss_cbs_block_1"
        },
        "tags": [ "dss_block" ],
        "pattern": [
            "#H",
            "H#"
        ],
        "unlock": [{ "item": "minecraft:planks"}],
        "key": {
            "#": {
                "tag": "minecraft:planks"
            },
            "H": {
                "item": "minecraft:pink_dye"
            }
        },
        "result": {
            "item": "block_jesu:dss_kbs_block_1"
        }
    }
}