{
    "format_version": "1.21.60",
    "minecraft:recipe_shaped": {
        "description": {
            "identifier": "block_gem:dss_bn_big_plant_3"
        },
        "tags": [ "dss_block" ],
        "pattern": [
            " H ",
            " E ",
            "W W"
        ],
        "unlock": [{ "item": "minecraft:stick"}],
        "key": {
            "H": {
                "item": "minecraft:wheat_seeds"
            },
            "E": {
                "item": "minecraft:flower_pot"
            },
            "W": {
                "item": "minecraft:stick"
            }
        },
        "result": {
            "item": "block_gem:dss_bn_big_plant_3"
        }
    }
}