{
    "format_version": "1.21.60",
    "minecraft:recipe_shaped": {
        "description": {
            "identifier": "block_gem:dss_bn_coffee_table_3" 
        },
        "tags": [ "dss_block" ],
        "pattern": [
            "WHW",
            "E E"
        ],
        "unlock": [{ "item": "minecraft:stick"}],
        "key": {
            "E": {
                "item": "minecraft:stick"
            },
            "W": {
                "tag": "minecraft:wooden_slabs"
            },
            "H": {
                "item": "minecraft:glass_pane"
            }
        },
        "result": {
            "item": "block_gem:dss_bn_coffee_table_3"
        }
    }
}