{
    "format_version": "1.21.60",
    "minecraft:recipe_shaped": {
        "description": {
            "identifier": "block_gem:dss_bn_stove" 
        },
        "tags": [ "dss_block" ],
        "pattern": [
            "E",
            "W"
        ],
        "unlock": [{ "item": "minecraft:furnace"}],
        "key": {
            "E": {
                "item": "minecraft:pink_carpet"
            },
            "W": {
                "item": "minecraft:furnace"
            }
        },
        "result": {
            "item": "block_gem:dss_bn_stove"
        }
    }
}