{
    "format_version": "1.21.60",
    "minecraft:recipe_shaped": {
        "description": {
            "identifier": "block_jesu:dss_cbs_floor_2"
        },
        "tags": [ "dss_block" ],
        "pattern": [
            "HEE",
            "#WE",
            "##H"
        ],
        "unlock": [{ "item": "minecraft:sand"}],
        "key": {
            "H": {
                "item": "minecraft:pink_dye"
            },
            "E": {
                "item": "minecraft:sand"
            },
            "W": {
                "item": "minecraft:white_dye"
            },
            "#": {
                "item": "minecraft:gravel"
            }
        },
        "result": {
            "item": "block_jesu:dss_kbs_floor_2"
        }
    }
}