{
    "format_version": "1.21.60",
    "minecraft:recipe_shaped": {
        "description": {
            "identifier": "block_jesu:dss_kbs_wall_light"
        },
        "tags": [ "dss_block" ],
        "pattern": [
            "H ",
            "WE"
        ],
        "unlock": [{ "item": "minecraft:pale_oak_planks"}],
        "key": {
            "H": {
                "item": "minecraft:lantern"
            },
            "E": {
                "item": "minecraft:pale_oak_slab"
            },
            "W": {
                "item": "minecraft:pale_oak_fence"
            }

        },
        "result": {
            "item": "block_jesu:dss_kbs_wall_light_20"
        }
    }
}