{
    "format_version": "1.21.60",
    "minecraft:recipe_shaped": {
        "description": {
            "identifier": "block_gem:dss_bn_bathtub"
        },
        "tags": [ "dss_block" ],
        "pattern": [
            "HEH",
            "HHH"
        ],
        "unlock": [{ "tag": "minecraft:planks"}],
        "key": {
            "H": {
                "tag": "minecraft:planks"
            },
            "E": {
                "item": "minecraft:water_bucket"
            }
        },
        "result": {
            "item": "block_gem:dss_bn_bathtub_01"
        }
    }
}