{
    "format_version": "1.21.60",
    "minecraft:recipe_shaped": {
        "description": {
            "identifier": "block_jesu:dss_cbs_mannequin"
        },
        "tags": [ "dss_block" ],
        "pattern": [
            " H ",
            " E ",
            "HEH"
        ],
        "unlock": [{ "item": "minecraft:stick"}],
        "key": {
            "H": {
                "item": "minecraft:stick"
            },
            "E": {
                "item": "minecraft:pink_wool"
            }
        },
        "result": {
            "item": "block_jesu:dss_kbs_mannequin"
        }
    }
}