{
    "format_version": "1.21.60",
    "minecraft:recipe_shaped": {
        "description": {
            "identifier": "block_jesu:dss_kbs_wall_divider"
        },
        "tags": [ "dss_block" ],
        "pattern": [
            "HEH",
            "WEW",
            "HEH"
        ],
        "unlock": [{ "item": "minecraft:planks"}],
        "key": {
            "H": {
                "item": "minecraft:red_carpet"
            },
            "E": {
                "tag": "minecraft:wooden_slabs"
            },
            "W": {
                "item": "minecraft:white_carpet"
            }

        },
        "result": {
            "item": "block_jesu:dss_kbs_wall_divider"
        }
    }
}