{
    "format_version": "1.21.60",
    "minecraft:recipe_shaped": {
        "description": {
            "identifier": "block_gem:dss_bn_sofa_l_1" 
        },
        "tags": [ "dss_block" ],
        "pattern": [
            "HEE",
            "WWW"
        ],
        "unlock": [{ "tag": "minecraft:wooden_slabs"}],
        "key": {
            "H": {
                "item": "minecraft:pink_wool"
            },
            "E": {
                "item": "minecraft:pink_carpet"
            },
            "W": {
                "tag": "minecraft:wooden_slabs"
            }
        },
        "result": {
            "item": "block_gem:dss_bn_sofa_l_1_01"
        }
    }
}