{
    "format_version": "1.21.60",
    "minecraft:recipe_shaped": {
        "description": {
            "identifier": "block_gem:dss_bn_fridge" 
        },
        "tags": [ "dss_block" ],
        "pattern": [
            "HHW",
            "HEH",
            "HHH"
        ],
        "unlock": [{ "item": "minecraft:quartz_slab"}],
        "key": {
            "H": {
                "item": "minecraft:quartz_slab"
            },
            "W": {
                "item": "minecraft:pink_dye"
            },
            "E": {
                "item": "minecraft:ice"
            }
        },
        "result": {
            "item": "block_gem:dss_bn_fridge"
        }
    }
}