{
    "format_version": "1.21.60",
    "minecraft:recipe_shaped": {
        "description": {
            "identifier": "block_jesu:dss_cbs_kitchen_sink"
        },
        "tags": [ "dss_block" ],
        "pattern": [
            "   ",
            "EHE",
            "EEE"
        ],
        "unlock": [{ "item": "minecraft:quartz"}],
        "key": {
            "H": {
                "item": "minecraft:water_bucket"
            },
            "E": {
                "item": "minecraft:quartz_block"
            }
        },
        "result": {
            "item": "block_jesu:dss_kbs_kitchen_sink"
        }
    }
}