{
    "format_version": "1.21.60",
    "minecraft:recipe_shaped": {
        "description": {
            "identifier": "block_jesu:dss_cbs_bigbear"
        },
        "tags": [ "dss_block" ],
        "pattern": [
            " # ",
            "###",
            "# #"
        ],
        "unlock": [{ "item": "minecraft:wool"}],
        "key": {
            "#": {
                "item": "minecraft:black_wool"
            }
        },
        "result": {
            "item": "block_jesu:dss_kbs_bigbear"
        }
    }
}