{
    "format_version": "1.21.60",
    "minecraft:recipe_shaped": {
        "description": {
            "identifier": "block_jesu:dss_cbs_cabinet_2"
        },
        "tags": [ "dss_block" ],
        "pattern": [
        "WWW",
        "WBW",
        "WBW"
        ],
        "unlock": [{ "item": "minecraft:planks"}],
        "key": {
            "W": {
            "item": "minecraft:planks"
            },
            "B": {
            "item": "minecraft:white_wool"
            }
        },
        "result": {
            "item": "block_jesu:dss_kbs_cabinet_2"
        }
    }
}