{
    "format_version": "1.21.60",
    "minecraft:recipe_shaped": {
        "description": {
            "identifier": "block_jesu:dss_cbs_bed_1"
        },
        "tags": [ "dss_block" ],
        "pattern": [
            "##",
            "EE",
            "WH"
        ],
        "unlock": [{ "item": "minecraft:wool"}],
        "key": {
            "#": {
                "item": "minecraft:pale_oak_fence"
            },
            "E": {
                "item": "minecraft:red_wool"
            },
            "W": {
                "item": "minecraft:bed"
            },
            "H": {
                "item": "minecraft:blue_dye"
            }
        },
        "result": {
            "item": "block_jesu:dss_kbs_bed_1_01"
        }
    }
}