{
    "format_version": "1.21.60",
    "minecraft:recipe_shaped": {
        "description": {
            "identifier": "block_gem:dss_bn_sprinkle" 
        },
        "tags": [ "dss_block" ],
        "pattern": [
            "EE",
            "WE",
            " E"
        ],
        "unlock": [{ "item": "minecraft:stick"}],
        "key": {
            "E": {
                "item": "minecraft:stick"
            },
            "W": {
                "item": "minecraft:water_bucket"
            }
        },
        "result": {
            "item": "block_gem:dss_bn_sprinkle"
        }
    }
}