{
    "format_version": "1.21.60",
    "minecraft:recipe_shaped": {
        "description": {
            "identifier": "block_jesu:dss_cbs_table_7"
        },
        "tags": [ "dss_block" ],
        "pattern": [
            "HE",
            "#W",
            "HE"
        ],
        "unlock": [{ "item": "minecraft:planks"}],
        "key": {
            "H": {
                "tag": "minecraft:wooden_slabs"
            },
            "E": {
                "item": "minecraft:brown_dye"
            },
            "W": {
                "item": "minecraft:white_dye"
            },
            "#": {
                "tag": "minecraft:planks"
            }

        },
        "result": {
            "item": "block_jesu:dss_kbs_table_7"
        }
    }
}