{
    "format_version": "1.21.60",
    "minecraft:recipe_shaped": {
        "description": {
            "identifier": "dss_bn:dss_bn_tv_switch" 
        },
        "tags": [ "dss_item" ],
        "pattern": [
            " H ",
            " W ",
            " E "
        ],
        "unlock": [{ "tag": "minecraft:wooden_slabs"}],
        "key": {
            "H": {
                "item": "minecraft:iron_ingot"
            },
            "E": {
                "item": "minecraft:redstone"
            },
            "W": {
                "item": "minecraft:brick"
            }
        },
        "result": {
            "item": "dss_bn:dss_bn_tv_remote_21"
        }
    }
}