{
    "format_version": "1.21.60",
    "minecraft:recipe_shaped": {
        "description": {
            "identifier": "block_jesu:dss_cbs_curtain_1"
        },
        "tags": [ "dss_block" ],
        "pattern": [
            "WWW",
            "P P",
            "P P"
        ],
        "unlock": [{ "item": "minecraft:stick"}],
        "key": {
            "W": {
                "item": "minecraft:stick"
            },
            "P": {
                "item": "minecraft:pink_carpet"
            }
        },
        "result": {
            "item": "block_jesu:dss_kbs_curtain_1_12"
        }
    }
}