{
    "format_version": "1.21.60",
    "minecraft:recipe_shaped": {
        "description": {
            "identifier": "block_gem:dss_bn_lounge_chair" 
        },
        "tags": [ "dss_block" ],
        "pattern": [
            "  H",
            "HHH",
            "W W"
        ],
        "unlock": [{ "item": "minecraft:stick"}],
        "key": {
            "H": {
                "item": "minecraft:pink_carpet"
            },
            "W": {
                "item": "minecraft:stick"
            }
        },
        "result": {
            "item": "block_gem:dss_bn_lounge_chair_01"
        }
    }
}