{
    "format_version": "1.21.60",
    "minecraft:recipe_shaped": {
        "description": {
            "identifier": "block_gem:dss_bn_cupboard_2" 
        },
        "tags": [ "dss_block" ],
        "pattern": [
            "W",
            "E",
            "W"
        ],
        "unlock": [{ "tag": "minecraft:wooden_slabs"}],
        "key": {
            "E": {
                "item": "minecraft:cherry_trapdoor"
            },
            "W": {
                "tag": "minecraft:wooden_slabs"
            }
        },
        "result": {
            "item": "block_gem:dss_bn_cupboard_2"
        }
    }
}