{
	"format_version": "1.14.0",
	"sound_definitions": {
		"mob.ljw_ww.werewolf.idle": {
			"category": "neutral",
			"sounds": [
				"sounds/ljw/ww/mob/werewolf/idle1",
				"sounds/ljw/ww/mob/werewolf/idle2",
				"sounds/ljw/ww/mob/werewolf/idle3"
			]
		},
		"mob.ljw_ww.werewolf.attack": {
			"category": "neutral",
			"sounds": [
				"sounds/ljw/ww/mob/werewolf/attack1",
				"sounds/ljw/ww/mob/werewolf/attack2",
				"sounds/ljw/ww/mob/werewolf/attack3"
			]
		},
		"mob.ljw_ww.werewolf.transform_to_wolf": {
			"category": "neutral",
			"sounds": [
				"sounds/ljw/ww/mob/werewolf/transformation2"
			]
		},
		"mob.ljw_ww.werewolf.transform_to_normal": {
			"category": "neutral",
			"sounds": [
				"sounds/ljw/ww/mob/werewolf/transformation1"
			]
		},
		"mob.ljw_ww.werewolf.leap": {
			"category": "neutral",
			"sounds": [
				"sounds/ljw/ww/mob/werewolf/leap1",
				"sounds/ljw/ww/mob/werewolf/leap2"
			]
		},
		"mob.ljw_ww.werewolf.rest": {
			"category": "neutral",
			"sounds": [
				"sounds/ljw/ww/mob/werewolf/rest1",
				"sounds/ljw/ww/mob/werewolf/rest2",
				"sounds/ljw/ww/mob/werewolf/rest3"
			]
		},
		"mob.ljw_ww.werewolf.run": {
			"__use_legacy_max_distance" : "true",
			"category" : "neutral",
			"max_distance" : null,
			"min_distance" : null,
			"sounds": [
				{
				   "name": "sounds/ljw/ww/mob/werewolf/run1",
				   "volume": 0.05
				},
				{
				   "name": "sounds/ljw/ww/mob/werewolf/run2",
				   "volume": 0.05
				},
				{
				   "name": "sounds/ljw/ww/mob/werewolf/run3",
				   "volume": 0.05
				},
				{
				   "name": "sounds/ljw/ww/mob/werewolf/run4",
				   "volume": 0.05
				},
				{
				   "name": "sounds/ljw/ww/mob/werewolf/run5",
				   "volume": 0.05
				}
			]
		},
		"mob.ljw_ww.werewolf.step": {
			"category": "neutral",
			"sounds": [
				"sounds/ljw/ww/mob/werewolf/step1",
				"sounds/ljw/ww/mob/werewolf/step2",
				"sounds/ljw/ww/mob/werewolf/step3",
				"sounds/ljw/ww/mob/werewolf/step4",
				"sounds/ljw/ww/mob/werewolf/step5"
			]
		},
		
		"mob.ljw_ww.werewolf.bark": {
			"category": "neutral",
			"sounds": [
				"sounds/ljw/ww/mob/werewolf/hurt1"
			]
		},
		"mob.ljw_ww.werewolf.hurt": {
			"category": "neutral",
			"sounds": [
				"sounds/ljw/ww/mob/werewolf/hurt1",
				"sounds/ljw/ww/mob/werewolf/hurt2",
				"sounds/ljw/ww/mob/werewolf/hurt3"
			]
		},
		"mob.ljw_ww.werewolf.angry": {
			"category": "neutral",
			"sounds": [
				"sounds/ljw/ww/mob/werewolf/angry1",
				"sounds/ljw/ww/mob/werewolf/angry2"
			]
		},
		"mob.ljw_ww.werewolf.death": {
			"category": "neutral",
			"sounds": [
				"sounds/ljw/ww/mob/werewolf/death1",
				"sounds/ljw/ww/mob/werewolf/death2"
			]
		},
		"mob.ljw_ww.werewolf.howl": {
			"category": "neutral",
			"max_distance": 64.0,
			"sounds": [
				"sounds/ljw/ww/mob/werewolf/howl1"
			]
		},
		"mob.ljw_ww.werewolf.growlhowl": {
			"category": "neutral",
			"max_distance": 32.0,
			"sounds": [
				"sounds/ljw/ww/mob/werewolf/howl2"
			]
		},
		
		"mob.ljw_ww.werewolf.feral.bark": {
			"category": "neutral",
			"sounds": [
				"sounds/ljw/ww/mob/werewolf/feral/hurt1"
			]
		},
		"mob.ljw_ww.werewolf.feral.hurt": {
			"category": "neutral",
			"sounds": [
				"sounds/ljw/ww/mob/werewolf/feral/hurt1",
				"sounds/ljw/ww/mob/werewolf/feral/hurt2"
			]
		},
		"mob.ljw_ww.werewolf.feral.angry": {
			"category": "neutral",
			"sounds": [
				"sounds/ljw/ww/mob/werewolf/feral/angry1",
				"sounds/ljw/ww/mob/werewolf/feral/angry2"
			]
		},
		"mob.ljw_ww.werewolf.feral.death": {
			"category": "neutral",
			"sounds": [
				"sounds/ljw/ww/mob/werewolf/death"
			]
		},
		"mob.ljw_ww.werewolf.feral.howl": {
			"category": "neutral",
			"max_distance": 64.0,
			"sounds": [
				"sounds/ljw/ww/mob/werewolf/feral/howl"
			]
		},
		"mob.ljw_ww.werewolf.feral.growlhowl": {
			"category": "neutral",
			"max_distance": 32.0,
			"sounds": [
				"sounds/ljw/ww/mob/werewolf/feral/howl"
			]
		},
		
		"mob.ljw_ww.werewolf.wolf_vanilla.bark": {
			"category": "neutral",
			"sounds": [
				"sounds/mob/wolf/bark1",
				"sounds/mob/wolf/bark2",
				"sounds/mob/wolf/bark3"
			]
		},
		"mob.ljw_ww.werewolf.wolf_vanilla.hurt": {
			"category": "neutral",
			"sounds": [
				"sounds/mob/wolf/hurt1",
				"sounds/mob/wolf/hurt2",
				"sounds/mob/wolf/hurt3"
			]
		},
		"mob.ljw_ww.werewolf.wolf_vanilla.angry": {
			"category": "neutral",
			"sounds": [
				"sounds/mob/wolf/growl1",
				"sounds/mob/wolf/growl2",
				"sounds/mob/wolf/growl3"
			]
		},
		"mob.ljw_ww.werewolf.wolf_vanilla.death": {
			"category": "neutral",
			"sounds": [
				"sounds/mob/wolf/death"
			]
		},
		
		"mob.ljw_ww.werewolf.wolf_big.bark": {
			"category": "neutral",
			"sounds": [
				"sounds/mob/wolf/big/bark1",
				"sounds/mob/wolf/big/bark2",
				"sounds/mob/wolf/big/bark3"
			]
		},
		"mob.ljw_ww.werewolf.wolf_big.hurt": {
			"category": "neutral",
			"sounds": [
				"sounds/mob/wolf/big/hurt1",
				"sounds/mob/wolf/big/hurt2",
				"sounds/mob/wolf/big/hurt3"
			]
		},
		"mob.ljw_ww.werewolf.wolf_big.angry": {
			"category": "neutral",
			"sounds": [
				"sounds/mob/wolf/big/growl1",
				"sounds/mob/wolf/big/growl2",
				"sounds/mob/wolf/big/growl3"
			]
		},
		"mob.ljw_ww.werewolf.wolf_big.death": {
			"category": "neutral",
			"sounds": [
				"sounds/mob/wolf/big/death"
			]
		},
		
		"mob.ljw_ww.werewolf.wolf_cute.bark": {
			"category": "neutral",
			"sounds": [
				"sounds/mob/wolf/cute/bark1",
				"sounds/mob/wolf/cute/bark2",
				"sounds/mob/wolf/cute/bark3"
			]
		},
		"mob.ljw_ww.werewolf.wolf_cute.hurt": {
			"category": "neutral",
			"sounds": [
				"sounds/mob/wolf/cute/hurt1",
				"sounds/mob/wolf/cute/hurt2",
				"sounds/mob/wolf/cute/hurt3"
			]
		},
		"mob.ljw_ww.werewolf.wolf_cute.angry": {
			"category": "neutral",
			"sounds": [
				"sounds/mob/wolf/cute/growl1",
				"sounds/mob/wolf/cute/growl2",
				"sounds/mob/wolf/cute/growl3"
			]
		},
		"mob.ljw_ww.werewolf.wolf_cute.death": {
			"category": "neutral",
			"sounds": [
				"sounds/mob/wolf/cute/death"
			]
		},
		
		"mob.ljw_ww.werewolf.wolf_grumpy.bark": {
			"category": "neutral",
			"sounds": [
				"sounds/mob/wolf/grumpy/bark1",
				"sounds/mob/wolf/grumpy/bark2",
				"sounds/mob/wolf/grumpy/bark3"
			]
		},
		"mob.ljw_ww.werewolf.wolf_grumpy.hurt": {
			"category": "neutral",
			"sounds": [
				"sounds/mob/wolf/grumpy/hurt1",
				"sounds/mob/wolf/grumpy/hurt2",
				"sounds/mob/wolf/grumpy/hurt3"
			]
		},
		"mob.ljw_ww.werewolf.wolf_grumpy.angry": {
			"category": "neutral",
			"sounds": [
				"sounds/mob/wolf/grumpy/growl1",
				"sounds/mob/wolf/grumpy/growl2",
				"sounds/mob/wolf/grumpy/growl3"
			]
		},
		"mob.ljw_ww.werewolf.wolf_grumpy.death": {
			"category": "neutral",
			"sounds": [
				"sounds/mob/wolf/grumpy/death"
			]
		},
		
		"mob.ljw_ww.werewolf.wolf_mad.bark": {
			"category": "neutral",
			"sounds": [
				"sounds/mob/wolf/mad/bark1",
				"sounds/mob/wolf/mad/bark2",
				"sounds/mob/wolf/mad/bark3"
			]
		},
		"mob.ljw_ww.werewolf.wolf_mad.hurt": {
			"category": "neutral",
			"sounds": [
				"sounds/mob/wolf/mad/hurt1",
				"sounds/mob/wolf/mad/hurt2",
				"sounds/mob/wolf/mad/hurt3"
			]
		},
		"mob.ljw_ww.werewolf.wolf_mad.angry": {
			"category": "neutral",
			"sounds": [
				"sounds/mob/wolf/mad/growl1",
				"sounds/mob/wolf/mad/growl2",
				"sounds/mob/wolf/mad/growl3"
			]
		},
		"mob.ljw_ww.werewolf.wolf_mad.death": {
			"category": "neutral",
			"sounds": [
				"sounds/mob/wolf/mad/death"
			]
		},
		
		"mob.ljw_ww.werewolf.wolf_puglin.bark": {
			"category": "neutral",
			"sounds": [
				"sounds/mob/wolf/puglin/bark1",
				"sounds/mob/wolf/puglin/bark2",
				"sounds/mob/wolf/puglin/bark3"
			]
		},
		"mob.ljw_ww.werewolf.wolf_puglin.hurt": {
			"category": "neutral",
			"sounds": [
				"sounds/mob/wolf/puglin/hurt1",
				"sounds/mob/wolf/puglin/hurt2",
				"sounds/mob/wolf/puglin/hurt3"
			]
		},
		"mob.ljw_ww.werewolf.wolf_puglin.angry": {
			"category": "neutral",
			"sounds": [
				"sounds/mob/wolf/puglin/growl1",
				"sounds/mob/wolf/puglin/growl2",
				"sounds/mob/wolf/puglin/growl3"
			]
		},
		"mob.ljw_ww.werewolf.wolf_puglin.death": {
			"category": "neutral",
			"sounds": [
				"sounds/mob/wolf/puglin/death"
			]
		},
		
		"mob.ljw_ww.werewolf.wolf_sad.bark": {
			"category": "neutral",
			"sounds": [
				"sounds/mob/wolf/sad/bark1",
				"sounds/mob/wolf/sad/bark2",
				"sounds/mob/wolf/sad/bark3"
			]
		},
		"mob.ljw_ww.werewolf.wolf_sad.hurt": {
			"category": "neutral",
			"sounds": [
				"sounds/mob/wolf/sad/hurt1",
				"sounds/mob/wolf/sad/hurt2",
				"sounds/mob/wolf/sad/hurt3"
			]
		},
		"mob.ljw_ww.werewolf.wolf_sad.angry": {
			"category": "neutral",
			"sounds": [
				"sounds/mob/wolf/sad/growl1",
				"sounds/mob/wolf/sad/growl2",
				"sounds/mob/wolf/sad/growl3"
			]
		},
		"mob.ljw_ww.werewolf.wolf_sad.death": {
			"category": "neutral",
			"sounds": [
				"sounds/mob/wolf/sad/death"
			]
		}
	}
}
