{"format_version":"1.10.0","particle_effect":{"description":{"identifier":"oreville_hp:styeaqa_kizdymp","basic_render_parameters":{"material":"particles_alpha","texture":"textures/oreville/hp/kpradpi/aksrzmt"}},"components":{"minecraft:emitter_initialization":{"creation_expression":"v.oreville_health_change=v.oreville_health_change??0; v.oreville_index=0; v.oreville_size=0.1; v.oreville_total_symbols=0; v.oreville_default_vec=0; v.oreville_default_vec.x=0; v.oreville_default_vec.y=0; v.oreville_default_vec.z=0; v.oreville_damage_direction=v.oreville_damage_direction??v.oreville_default_vec;"},"minecraft:emitter_rate_instant":{"num_particles":"v.oreville_total_symbols=math.floor(0.00001+math.ln(math.clamp(math.abs(v.oreville_health_change), 1, 999))/math.ln(10))+2; return v.oreville_total_symbols;"},"minecraft:emitter_lifetime_once":{"active_time":0},"minecraft:particle_lifetime_expression":{"max_lifetime":0},"minecraft:particle_appearance_billboard":{"size":[0,0]},"minecraft:particle_lifetime_events":{"expiration_event":"e:wjnuznt"}},"events":{"e:wjnuznt":{"sequence":[{"expression":"t.eqmzwun=v.oreville_damage_direction.x+0.4*math.lerp(-1, 1, v.emitter_random_1); t.vckgolb=v.oreville_damage_direction.y+0.4*math.lerp(-1, 1, v.emitter_random_2)+0.5; t.nzqqpaa=v.oreville_damage_direction.z+0.4*math.lerp(-1, 1, v.emitter_random_3); t.qegcozv=5+6*(v.oreville_total_symbols-1); t.dbxiejw=(v.oreville_size/7)*t.qegcozv; v.oreville_index ? { t.cazpiqo=math.mod(math.floor(math.abs(math.clamp(v.oreville_health_change, -999, 999))/math.pow(10, v.oreville_index-1)), 10); t.xlrwdsf=(18-t.qegcozv+5)+6*(v.oreville_index-1); t.mefxqyg=7*t.cazpiqo; t.uxqyfln=v.oreville_size; t.lttnmue=7; } : { t.uxqyfln=5*v.oreville_size/7; t.mefxqyg=70; t.xlrwdsf=18; t.lttnmue=5; v.oreville_health_change<0 ? {t.uxqyfln=t.uxqyfln/5; t.mefxqyg=72; t.lttnmue=1;}; }; t.mefxqyg=t.mefxqyg+0.01; t.lttnmue=t.lttnmue*0.98; v.oreville_index=v.oreville_index+1; v.oreville_health_change<0 ? {t.ldejiqf=(239/255); t.bnahjsa=(3/255); t.juyulkg=(3/255);} : {t.ldejiqf=(2/255); t.bnahjsa=(219/255); t.juyulkg=(34/255);};"},{"particle_effect":{"effect":"oreville_hp:kizdymp_qswdxyy","type":"emitter_bound","pre_effect_expression":"v.oreville_size_x=t.dbxiejw; v.oreville_size_y=t.uxqyfln; v.oreville_uv_x=t.xlrwdsf; v.oreville_uv_y=t.mefxqyg; v.oreville_uv_sx=t.qegcozv; v.oreville_uv_sy=t.lttnmue; v.oreville_r=t.ldejiqf; v.oreville_g=t.bnahjsa; v.oreville_b=t.juyulkg; v.oreville_dir_x=t.eqmzwun; v.oreville_dir_y=t.vckgolb; v.oreville_dir_z=t.nzqqpaa;"}}]}}}}