{"format_version":"1.10.0","particle_effect":{"description":{"identifier":"oreville_hp:kizdymp_qswdxyy","basic_render_parameters":{"material":"particles_alpha","texture":"textures/oreville/hp/kpradpi/aksrzmt"}},"components":{"minecraft:emitter_initialization":{"creation_expression":"v.oreville_size_x=1; v.oreville_size_y=1; v.oreville_uv_x=0; v.oreville_uv_y=0; v.oreville_uv_sx=39; v.oreville_uv_sy=73; v.oreville_r=1; v.oreville_g=1; v.oreville_b=1; v.oreville_dir_x=0; v.oreville_dir_y=0; v.oreville_dir_z=0;"},"minecraft:emitter_rate_instant":{"num_particles":1},"minecraft:emitter_lifetime_once":{"active_time":0},"minecraft:particle_lifetime_expression":{"max_lifetime":1.2},"minecraft:particle_motion_dynamic":{"linear_acceleration":[0,0.5,0],"linear_drag_coefficient":5},"minecraft:particle_initial_speed":5,"minecraft:emitter_shape_point":{"direction":["v.oreville_dir_x","v.oreville_dir_y","v.oreville_dir_z"]},"minecraft:particle_appearance_billboard":{"size":["v.oreville_size_x*math.hermite_blend(math.clamp((v.particle_lifetime-v.particle_age)/0.03, 0, 1))","v.oreville_size_y*math.hermite_blend(math.clamp((v.particle_lifetime-v.particle_age)/0.1, 0, 1))"],"facing_camera_mode":"rotate_xyz","uv":{"texture_width":41,"texture_height":75,"uv":["v.oreville_uv_x","v.oreville_uv_y"],"uv_size":["v.oreville_uv_sx","v.oreville_uv_sy"]}},"minecraft:particle_appearance_tinting":{"color":["v.oreville_r","v.oreville_g","v.oreville_b"]}}}}