{
	"format_version": "1.12.0",
	"minecraft:geometry": [
		{
			"description": {
				"identifier": "geometry.pb_scraft.arcane_altar",
				"texture_width": 128,
				"texture_height": 128,
				"visible_bounds_width": 2,
				"visible_bounds_height": 2.5,
				"visible_bounds_offset": [0, 0.75, 0]
			},
			"bones": [
				{
					"name": "base",
					"pivot": [0, 0, 0],
					"cubes": [
						{"origin": [-8, 0, -8], "size": [16, 2, 16], "inflate": -0.02, "uv": [0, 21]},
						{"origin": [-8, 11, -8], "size": [16, 5, 16], "uv": [0, 0]},
						{"origin": [-6, 2, -6], "size": [12, 8, 12], "uv": [0, 55]},
						{"origin": [-7, 10, -7], "size": [14, 2, 14], "inflate": 0.3, "uv": [0, 39]}
					]
				},
				{
					"name": "pipe_in_west",
					"pivot": [-1, -4, 0],
					"cubes": [
						{"origin": [6, 0, -1], "size": [2, 8, 2], "uv": [56, 39]},
						{"origin": [5, 6, -1], "size": [1, 2, 2], "uv": [64, 0]}
					]
				},
				{
					"name": "pipe_in_north",
					"pivot": [0, 2, 1],
					"rotation": [0, 90, 0],
					"cubes": [
						{"origin": [7, 0, 0], "size": [2, 8, 2], "uv": [56, 39]},
						{"origin": [6, 6, 0], "size": [1, 2, 2], "uv": [64, 4]}
					]
				},
				{
					"name": "pipe_in_south",
					"pivot": [0, 2, -1],
					"rotation": [0, 90, 0],
					"cubes": [
						{"origin": [-9, 0, -2], "size": [2, 8, 2], "uv": [56, 39]},
						{"origin": [-7, 6, -2], "size": [1, 2, 2], "uv": [64, 8]}
					]
				},
				{
					"name": "pipe_in_east",
					"pivot": [1, 2, 0],
					"cubes": [
						{"origin": [-8, 0, -1], "size": [2, 8, 2], "uv": [56, 39]},
						{"origin": [-6, 6, -1], "size": [1, 2, 2], "uv": [64, 12]}
					]
				}
			]
		}
	]
}