{
	"format_version": "1.12.0",
	"minecraft:geometry": [
		{
			"description": {
				"identifier": "geometry.pb_scraft.arcane_tablet",
				"texture_width": 64,
				"texture_height": 64,
				"visible_bounds_width": 2,
				"visible_bounds_height": 1.5,
				"visible_bounds_offset": [0, 0.25, 0]
			},
			"bones": [
				{
					"name": "root",
					"pivot": [-2, 0.75, 0],
					"cubes": [
						{"origin": [-9.7, 0, -2.8], "size": [9, 2, 2], "pivot": [-4.2, 0.75, -1], "rotation": [0, 90, 0], "uv": [0, 11]},
						{"origin": [-9.7, 0, -0.8], "size": [9, 1, 10], "pivot": [-4.2, 0.75, -1], "rotation": [0, 90, 0], "uv": [0, 0]}
					]
				}
			]
		}
	]
}