{
	"format_version": "1.12.0",
	"minecraft:geometry": [
		{
			"description": {
				"identifier": "geometry.pb_scraft.elemental_accumulator",
				"texture_width": 128,
				"texture_height": 128,
				"visible_bounds_width": 3,
				"visible_bounds_height": 3.5,
				"visible_bounds_offset": [0, 1.25, 0]
			},
			"bones": [
				{
					"name": "base",
					"pivot": [0, 0, 0],
					"cubes": [
						{"origin": [-7, 0, -7], "size": [14, 2, 14], "uv": [0, 18]},
						{"origin": [-6, 2, -6], "size": [12, 7, 12], "uv": [45, 32]},
						{"origin": [-7, 8, -7], "size": [14, 4, 14], "uv": [0, 0]}
					]
				},
				{
					"name": "root2",
					"pivot": [0, -3, 0]
				},
				{
					"name": "bone2",
					"parent": "root2",
					"pivot": [0, -3, 0],
					"cubes": [
						{"origin": [-4, 12, -4], "size": [8, 2, 8], "uv": [40, 51]},
						{"origin": [-1, 15, -1], "size": [2, 12, 2], "uv": [16, 69]},
						{"origin": [-2, 13, -2], "size": [4, 2, 4], "uv": [0, 69]},
						{"origin": [-1, 23.5, -1], "size": [2, 1, 2], "inflate": 0.3, "uv": [8, 75]},
						{"origin": [-5, 27, -5], "size": [10, 2, 10], "inflate": 0.1, "uv": [0, 49]},
						{"origin": [-3, 27, -3], "size": [6, 2, 6], "inflate": 0.1, "uv": [24, 61]},
						{"origin": [-3, 32, -3], "size": [6, 6, 6], "pivot": [0, 35, 0], "rotation": [-45, -45, 45], "uv": [56, 8]},
						{"origin": [-6.23483, 34.98483, -7.59822], "size": [13, 0, 13], "pivot": [0.01517, 34.73483, -1.09822], "rotation": [-45, -45, 45], "uv": [89, 0]},
						{"origin": [-5, 24, -5], "size": [10, 0, 10], "uv": [71, 0]},
						{"origin": [-7, 12.1, -7], "size": [14, 0, 14], "uv": [-14, 88]}
					]
				},
				{
					"name": "bone",
					"parent": "root2",
					"pivot": [0, 19.5, 0],
					"rotation": [0, -90, 0],
					"cubes": [
						{"origin": [-2, 17, -2], "size": [4, 5, 4], "uv": [48, 64]},
						{"origin": [-9, 19, -1], "size": [8, 1, 2], "pivot": [0, 19.5, 5], "rotation": [0, -90, 0], "uv": [64, 67]},
						{"origin": [-2, 18, -2.5], "size": [7, 2, 2], "inflate": 0.01, "pivot": [0, 19.5, -5], "rotation": [0, 45, 0], "uv": [64, 70]},
						{"origin": [-6, 19, -6], "size": [12, 1, 2], "uv": [56, 29]},
						{"origin": [-5, 18, -2.5], "size": [7, 2, 2], "inflate": 0.01, "pivot": [0, 19.5, -5], "rotation": [0, -45, 0], "uv": [24, 69]},
						{"origin": [-2, 18, 0.5], "size": [7, 2, 2], "inflate": 0.01, "pivot": [0, 19.5, 5], "rotation": [0, -45, 0], "uv": [72, 51]},
						{"origin": [-6, 19, 4], "size": [12, 1, 2], "uv": [48, 61]},
						{"origin": [-5, 18, 0.5], "size": [7, 2, 2], "inflate": 0.01, "pivot": [0, 19.5, 5], "rotation": [0, 45, 0], "uv": [72, 55]},
						{"origin": [-9, 19, 9], "size": [8, 1, 2], "pivot": [0, 19.5, 5], "rotation": [0, -90, 0], "uv": [64, 64]},
						{"origin": [-2, 20, -7], "size": [4, 1, 4], "uv": [40, 73]},
						{"origin": [-2, 20, 3], "size": [4, 1, 4], "uv": [40, 73]},
						{"origin": [-2, 20, 3], "size": [4, 1, 4], "pivot": [0, 20.5, 0], "rotation": [0, -90, 0], "uv": [40, 73]},
						{"origin": [-2, 20, -7], "size": [4, 1, 4], "pivot": [0, 20.5, 0], "rotation": [0, -90, 0], "uv": [40, 73]}
					]
				},
				{
					"name": "lupe",
					"parent": "root2",
					"pivot": [-0.31924, 21.79149, -9.49084],
					"rotation": [-20, 0, 0],
					"cubes": [
						{"origin": [2.68076, 22.98542, -9.32676], "size": [2, 7, 2], "inflate": -0.3, "pivot": [3.43076, 24.78542, -8.32676], "rotation": [-20, 0, 0], "uv": [0, 75]},
						{"origin": [1.68076, 21.58542, -9.32676], "size": [3, 2, 2], "inflate": -0.3, "pivot": [3.43076, 24.78542, -8.32676], "rotation": [-20, 0, 0], "uv": [76, 59]},
						{"origin": [-3.31924, 20.34149, -11.49084], "size": [6, 3, 6], "inflate": -0.4, "pivot": [-0.31924, 21.79149, -9.49084], "rotation": [70, 0, 0], "uv": [56, 20]},
						{"origin": [-3.31924, 20.74149, -11.49084], "size": [6, 2, 6], "inflate": -0.2, "pivot": [-0.31924, 21.79149, -9.49084], "rotation": [70, 0, 0], "uv": [0, 61]}
					]
				}
			]
		}
	]
}