{
	"format_version": "1.12.0",
	"minecraft:geometry": [
		{
			"description": {
				"identifier": "geometry.pb_scraft.magic_workbench",
				"texture_width": 128,
				"texture_height": 128,
				"visible_bounds_width": 3,
				"visible_bounds_height": 3.5,
				"visible_bounds_offset": [0, 1.25, 0]
			},
			"bones": [
				{
					"name": "bone",
					"pivot": [0, 1, -4],
					"cubes": [
						{
							"origin": [-8, 13, -8],
							"size": [16, 3, 16],
							"uv": {
								"north": {"uv": [24, 14], "uv_size": [16, 3]},
								"east": {"uv": [30, 34], "uv_size": [16, 3]},
								"south": {"uv": [30, 37], "uv_size": [16, 3]},
								"west": {"uv": [38, 17], "uv_size": [16, 3]},
								"up": {"uv": [22, 18], "uv_size": [16, 16]},
								"down": {"uv": [0, 40], "uv_size": [16, -16]}
							}
						},
						{
							"origin": [-5, 11, 5],
							"size": [10, 2, 2],
							"uv": {
								"north": {"uv": [40, 14], "uv_size": [10, 2]},
								"east": {"uv": [24, 6], "uv_size": [2, 2]},
								"south": {"uv": [36, 40], "uv_size": [10, 2]},
								"west": {"uv": [24, 12], "uv_size": [2, 2]},
								"down": {"uv": [0, 44], "uv_size": [10, -2]}
							}
						},
						{
							"origin": [-5, 11, -7],
							"size": [10, 2, 2],
							"uv": {
								"north": {"uv": [36, 42], "uv_size": [10, 2]},
								"east": {"uv": [26, 6], "uv_size": [2, 2]},
								"south": {"uv": [0, 44], "uv_size": [10, 2]},
								"west": {"uv": [26, 12], "uv_size": [2, 2]},
								"down": {"uv": [44, 2], "uv_size": [10, -2]}
							}
						},
						{
							"origin": [-7, 1, -7],
							"size": [14, 2, 14],
							"uv": {
								"north": {"uv": [38, 32], "uv_size": [14, 2]},
								"south": {"uv": [0, 40], "uv_size": [14, 2]},
								"up": {"uv": [30, 0], "uv_size": [14, 14]},
								"down": {"uv": [16, 48], "uv_size": [14, -14]}
							}
						},
						{
							"origin": [5, 3, 5],
							"size": [2, 10, 2],
							"uv": {
								"north": {"uv": [16, 24], "uv_size": [2, 10]},
								"east": {"uv": [18, 24], "uv_size": [2, 10]},
								"south": {"uv": [20, 24], "uv_size": [2, 10]},
								"west": {"uv": [10, 42], "uv_size": [2, 10]}
							}
						},
						{
							"origin": [5, 0, -7],
							"size": [2, 3, 14],
							"inflate": 0.25,
							"uv": {
								"north": {"uv": [24, 0], "uv_size": [2, 3]},
								"east": {"uv": [38, 20], "uv_size": [14, 3]},
								"south": {"uv": [24, 3], "uv_size": [2, 3]},
								"west": {"uv": [38, 23], "uv_size": [14, 3]},
								"up": {"uv": [14, 40], "uv_size": [2, 14]},
								"down": {"uv": [30, 54], "uv_size": [2, -14]}
							}
						},
						{
							"origin": [5, 3, -7],
							"size": [2, 10, 2],
							"uv": {
								"north": {"uv": [12, 42], "uv_size": [2, 10]},
								"east": {"uv": [44, 2], "uv_size": [2, 10]},
								"south": {"uv": [36, 44], "uv_size": [2, 10]},
								"west": {"uv": [38, 44], "uv_size": [2, 10]}
							}
						},
						{
							"origin": [-7, 3, -7],
							"size": [2, 10, 2],
							"uv": {
								"north": {"uv": [40, 44], "uv_size": [2, 10]},
								"east": {"uv": [42, 44], "uv_size": [2, 10]},
								"south": {"uv": [44, 44], "uv_size": [2, 10]},
								"west": {"uv": [0, 46], "uv_size": [2, 10]}
							}
						},
						{
							"origin": [-7, 3, 5],
							"size": [2, 10, 2],
							"uv": {
								"north": {"uv": [2, 46], "uv_size": [2, 10]},
								"east": {"uv": [46, 2], "uv_size": [2, 10]},
								"south": {"uv": [4, 46], "uv_size": [2, 10]},
								"west": {"uv": [6, 46], "uv_size": [2, 10]}
							}
						},
						{
							"origin": [-7, 0, -7],
							"size": [2, 3, 14],
							"inflate": 0.25,
							"uv": {
								"north": {"uv": [26, 0], "uv_size": [2, 3]},
								"east": {"uv": [38, 26], "uv_size": [14, 3]},
								"south": {"uv": [26, 3], "uv_size": [2, 3]},
								"west": {"uv": [38, 29], "uv_size": [14, 3]},
								"up": {"uv": [32, 40], "uv_size": [2, 14]},
								"down": {"uv": [34, 54], "uv_size": [2, -14]}
							}
						}
					]
				},
				{
					"name": "top",
					"pivot": [3.02721, 5.6, 2.96985]
				},
				{
					"name": "plane",
					"parent": "top",
					"pivot": [0, -16, 0],
					"cubes": [
						{"origin": [-8.7, 0, -5], "size": [9, 2, 2], "pivot": [-2.5, 1, 0], "rotation": [0, 135, 0], "uv": [52, 0]},
						{"origin": [-8.7, 0, -3], "size": [9, 1, 10], "pivot": [-2.5, 1, 0], "rotation": [0, 135, 0], "uv": [52, 13]}
					]
				},
				{
					"name": "bone2",
					"parent": "top",
					"pivot": [3.38076, 5.6, 3.3234],
					"rotation": [0, -45, 0],
					"cubes": [
						{"origin": [-4.91924, 9, 0.3234], "size": [6, 2, 6], "inflate": -0.2, "pivot": [-1.91924, 10, 3.3234], "rotation": [20, 0, 0], "uv": [0, 0]},
						{"origin": [-4.91924, 8.6, 0.3234], "size": [6, 3, 6], "inflate": -0.4, "pivot": [-1.91924, 10, 3.3234], "rotation": [20, 0, 0], "uv": [71, 4]},
						{"origin": [0.58076, 9, 2.3234], "size": [7, 2, 2], "inflate": -0.3, "uv": [12, 8]},
						{"origin": [4.08076, 0, 1.3234], "size": [2, 12, 4], "uv": [0, 8]},
						{"origin": [3.08076, 0, 1.3234], "size": [1, 2, 4], "uv": [13, 12]},
						{"origin": [6.08076, 0, 1.3234], "size": [1, 2, 4], "uv": [12, 18]}
					]
				}
			]
		}
	]
}