{
	"format_version": "1.12.0",
	"minecraft:geometry": [
		{
			"description": {
				"identifier": "geometry.pb_scraft.mana_condenser",
				"texture_width": 64,
				"texture_height": 64,
				"visible_bounds_width": 2,
				"visible_bounds_height": 3.5,
				"visible_bounds_offset": [0, 1.25, 0]
			},
			"bones": [
				{
					"name": "root",
					"pivot": [3, 2, 0],
					"cubes": [
						{
							"origin": [-5, 2, -5],
							"size": [12, 8, 10],
							"uv": {
								"north": {"uv": [12, 0], "uv_size": [12, 8]},
								"east": {"uv": [20, 16], "uv_size": [10, 8]},
								"south": {"uv": [12, 8], "uv_size": [12, 8]},
								"west": {"uv": [24, 0], "uv_size": [10, 8]},
								"up": {"uv": [0, 0], "uv_size": [12, 10]},
								"down": {"uv": [0, 20], "uv_size": [12, -10]}
							}
						},
						{
							"origin": [-1, 10, -4.1],
							"size": [8, 5, 8],
							"uv": {
								"north": {"uv": [28, 31], "uv_size": [8, 5]},
								"east": {"uv": [34, 0], "uv_size": [8, 5]},
								"south": {"uv": [35, 5], "uv_size": [8, 5]},
								"west": {"uv": [35, 10], "uv_size": [8, 5]},
								"up": {"uv": [30, 15], "uv_size": [8, 8]},
								"down": {"uv": [0, 39], "uv_size": [8, -8]}
							}
						},
						{
							"origin": [0, 15, -3.1],
							"size": [6, 1, 6],
							"uv": {
								"north": {"uv": [24, 15], "uv_size": [6, 1]},
								"east": {"uv": [41, 19], "uv_size": [6, 1]},
								"south": {"uv": [42, 4], "uv_size": [6, 1]},
								"west": {"uv": [42, 32], "uv_size": [6, 1]},
								"up": {"uv": [28, 36], "uv_size": [6, 6]},
								"down": {"uv": [36, 36], "uv_size": [6, -6]}
							}
						},
						{
							"origin": [-7, 5, -1.6],
							"size": [3, 22, 3],
							"uv": {
								"north": {"uv": [8, 20], "uv_size": [3, 22]},
								"east": {"uv": [11, 27], "uv_size": [3, 22]},
								"south": {"uv": [14, 27], "uv_size": [3, 22]},
								"west": {"uv": [17, 27], "uv_size": [3, 22]},
								"up": {"uv": [23, 38], "uv_size": [3, 3]},
								"down": {"uv": [39, 29], "uv_size": [3, -3]}
							}
						},
						{
							"origin": [-7, 13, -1.6],
							"size": [3, 5, 3],
							"inflate": 0.2,
							"uv": {
								"north": {"uv": [34, 36], "uv_size": [3, 5]},
								"east": {"uv": [37, 36], "uv_size": [3, 5]},
								"south": {"uv": [38, 15], "uv_size": [3, 5]},
								"west": {"uv": [20, 38], "uv_size": [3, 5]},
								"up": {"uv": [40, 36], "uv_size": [3, 3]},
								"down": {"uv": [40, 42], "uv_size": [3, -3]}
							}
						},
						{
							"origin": [-7, 25, -1.6],
							"size": [3, 2, 3],
							"inflate": 0.2,
							"uv": {
								"north": {"uv": [27, 42], "uv_size": [3, 2]},
								"east": {"uv": [42, 28], "uv_size": [3, 2]},
								"south": {"uv": [30, 42], "uv_size": [3, 2]},
								"west": {"uv": [42, 30], "uv_size": [3, 2]},
								"up": {"uv": [0, 41], "uv_size": [3, 3]},
								"down": {"uv": [3, 44], "uv_size": [3, -3]}
							}
						},
						{
							"origin": [-8, 4, -3.6],
							"size": [4, 2, 2],
							"uv": {
								"north": {"uv": [41, 15], "uv_size": [4, 2]},
								"east": {"uv": [26, 38], "uv_size": [2, 2]},
								"south": {"uv": [41, 17], "uv_size": [4, 2]},
								"west": {"uv": [38, 41], "uv_size": [2, 2]},
								"up": {"uv": [23, 41], "uv_size": [4, 2]},
								"down": {"uv": [34, 43], "uv_size": [4, -2]}
							}
						},
						{
							"origin": [-8, 4, 1.4],
							"size": [4, 2, 2],
							"uv": {
								"north": {"uv": [42, 0], "uv_size": [4, 2]},
								"east": {"uv": [42, 33], "uv_size": [2, 2]},
								"south": {"uv": [42, 2], "uv_size": [4, 2]},
								"west": {"uv": [40, 42], "uv_size": [2, 2]},
								"up": {"uv": [6, 42], "uv_size": [4, 2]},
								"down": {"uv": [42, 28], "uv_size": [4, -2]}
							}
						},
						{
							"origin": [-3, 2, -5.5],
							"size": [8, 7, 11],
							"inflate": 0.1,
							"uv": {
								"north": {"uv": [20, 31], "uv_size": [8, 7]},
								"east": {"uv": [24, 8], "uv_size": [11, 7]},
								"south": {"uv": [31, 23], "uv_size": [8, 7]},
								"west": {"uv": [20, 24], "uv_size": [11, 7]},
								"up": {"uv": [12, 16], "uv_size": [8, 11]},
								"down": {"uv": [0, 31], "uv_size": [8, -11]}
							}
						},
						{
							"origin": [-5, 0, -5.9],
							"size": [2, 2, 2],
							"pivot": [-4, 1, -4],
							"rotation": [0, 45, 0],
							"uv": {
								"north": {"uv": [42, 42], "uv_size": [2, 2]},
								"east": {"uv": [43, 5], "uv_size": [2, 2]},
								"south": {"uv": [43, 7], "uv_size": [2, 2]},
								"west": {"uv": [43, 9], "uv_size": [2, 2]},
								"up": {"uv": [43, 11], "uv_size": [2, 2]},
								"down": {"uv": [43, 15], "uv_size": [2, -2]}
							}
						},
						{
							"origin": [4.4, 0, -7.2],
							"size": [2, 2, 2],
							"pivot": [4, 1, -4],
							"rotation": [0, -45, 0],
							"uv": {
								"north": {"uv": [20, 43], "uv_size": [2, 2]},
								"east": {"uv": [22, 43], "uv_size": [2, 2]},
								"south": {"uv": [24, 43], "uv_size": [2, 2]},
								"west": {"uv": [33, 43], "uv_size": [2, 2]},
								"up": {"uv": [35, 43], "uv_size": [2, 2]},
								"down": {"uv": [43, 37], "uv_size": [2, -2]}
							}
						},
						{
							"origin": [4.4, 0, 5.2],
							"size": [2, 2, 2],
							"pivot": [4, 1, 4],
							"rotation": [0, 45, 0],
							"uv": {
								"north": {"uv": [26, 43], "uv_size": [-2, 2]},
								"east": {"uv": [24, 43], "uv_size": [-2, 2]},
								"south": {"uv": [22, 43], "uv_size": [-2, 2]},
								"west": {"uv": [35, 43], "uv_size": [-2, 2]},
								"up": {"uv": [35, 45], "uv_size": [2, -2]},
								"down": {"uv": [43, 35], "uv_size": [2, 2]}
							}
						},
						{
							"origin": [-5, 0, 3.9],
							"size": [2, 2, 2],
							"pivot": [-4, 1, 4],
							"rotation": [0, -45, 0],
							"uv": {
								"north": {"uv": [45, 7], "uv_size": [-2, 2]},
								"east": {"uv": [45, 5], "uv_size": [-2, 2]},
								"south": {"uv": [44, 42], "uv_size": [-2, 2]},
								"west": {"uv": [45, 9], "uv_size": [-2, 2]},
								"up": {"uv": [43, 13], "uv_size": [2, -2]},
								"down": {"uv": [43, 13], "uv_size": [2, 2]}
							}
						},
						{
							"origin": [-0.5, 8.2, -6],
							"size": [3, 1, 1],
							"uv": {
								"north": {"uv": [31, 30], "uv_size": [3, 1]},
								"east": {"uv": [11, 20], "uv_size": [1, 1]},
								"south": {"uv": [39, 29], "uv_size": [3, 1]},
								"west": {"uv": [11, 21], "uv_size": [1, 1]},
								"up": {"uv": [43, 39], "uv_size": [3, 1]},
								"down": {"uv": [43, 41], "uv_size": [3, -1]}
							}
						},
						{
							"origin": [-0.5, 8.2, 5],
							"size": [3, 1, 1],
							"uv": {
								"north": {"uv": [43, 41], "uv_size": [3, 1]},
								"east": {"uv": [11, 22], "uv_size": [1, 1]},
								"south": {"uv": [0, 44], "uv_size": [3, 1]},
								"west": {"uv": [11, 23], "uv_size": [1, 1]},
								"up": {"uv": [3, 44], "uv_size": [3, 1]},
								"down": {"uv": [6, 45], "uv_size": [3, -1]}
							}
						},
						{
							"origin": [-1, 11, -1.1],
							"size": [7, 2, 2],
							"pivot": [2.5, 19, 0.4],
							"rotation": [0, 0, 45],
							"uv": {
								"north": {"uv": [38, 20], "uv_size": [7, 2]},
								"east": {"uv": [37, 43], "uv_size": [2, 2]},
								"south": {"uv": [0, 39], "uv_size": [7, 2]},
								"west": {"uv": [43, 37], "uv_size": [2, 2]},
								"up": {"uv": [39, 22], "uv_size": [7, 2]},
								"down": {"uv": [39, 26], "uv_size": [7, -2]}
							}
						}
					]
				},
				{
					"name": "pipe_in_west",
					"pivot": [-1, -4, 0],
					"cubes": [
						{"origin": [6, 0, -1], "size": [2, 4, 2], "uv": [0, 58]}
					]
				},
				{
					"name": "pipe_in_north",
					"pivot": [0, 2, 1],
					"rotation": [0, 90, 0],
					"cubes": [
						{"origin": [6, 0, 0], "size": [2, 4, 2], "uv": [0, 58]},
						{"origin": [8, 0, 0], "size": [1, 2, 2], "uv": [16, 60]}
					]
				},
				{
					"name": "pipe_in_south",
					"pivot": [0, 0, -1],
					"rotation": [0, 90, 0],
					"cubes": [
						{"origin": [-8, 0, -2], "size": [2, 4, 2], "uv": [0, 58]},
						{"origin": [-9, 0, -2], "size": [1, 2, 2], "uv": [16, 60]}
					]
				},
				{
					"name": "pipe_in_east",
					"pivot": [1, -1, 0],
					"cubes": [
						{"origin": [-7, 0, -1], "size": [2, 5, 2], "uv": [8, 57]},
						{"origin": [-8, 0, -1], "size": [1, 2, 2], "uv": [16, 60]}
					]
				}
			]
		}
	]
}