{
	"format_version": "1.12.0",
	"minecraft:geometry": [
		{
			"description": {
				"identifier": "geometry.pb_scraft.mana_harvester",
				"texture_width": 128,
				"texture_height": 128,
				"visible_bounds_width": 3,
				"visible_bounds_height": 4.5,
				"visible_bounds_offset": [0, 1.75, 0]
			},
			"bones": [
				{
					"name": "base",
					"pivot": [0, 0, 0],
					"cubes": [
						{"origin": [-5, 3, -5], "size": [10, 10, 10], "uv": [56, 0]},
						{"origin": [-6, 12, -6], "size": [12, 2, 12], "uv": [48, 46]},
						{"origin": [-7, 14, -7], "size": [14, 2, 14], "uv": [0, 16]},
						{"origin": [-2.4, 3, -2.3], "size": [0, 10, 16], "pivot": [-8, 0.5, 0], "rotation": [0, 45, 0], "uv": [0, 60]},
						{"origin": [2.4, 3, -2.3], "size": [0, 10, 16], "pivot": [8, 0.5, 0], "rotation": [0, -45, 0], "uv": [56, 20]},
						{"origin": [-6, 2, -6], "size": [12, 2, 12], "uv": [0, 46]},
						{"origin": [-7, 0, -7], "size": [14, 2, 14], "uv": [0, 0]},
						{"origin": [-2, 4, -2], "size": [4, 8, 4], "inflate": -0.4, "uv": [16, 116]},
						{"origin": [-2, 4, -2], "size": [4, 8, 4], "inflate": 0.4, "uv": [0, 116]}
					]
				},
				{
					"name": "pipe_in_west",
					"pivot": [-1, -4, 0],
					"cubes": [
						{"origin": [6, 0, -1], "size": [2, 8, 2], "uv": [120, 0]},
						{"origin": [5, 6, -1], "size": [1, 2, 2], "uv": [120, 0]}
					]
				},
				{
					"name": "pipe_in_east",
					"pivot": [1, 2, 0],
					"cubes": [
						{"origin": [-8, 0, -1], "size": [2, 8, 2], "uv": [120, 0], "mirror": true},
						{"origin": [-6, 6, -1], "size": [1, 2, 2], "uv": [120, 0], "mirror": true}
					]
				},
				{
					"name": "scope_moonlight",
					"pivot": [0, -16, 0],
					"rotation": [0, -90, 0],
					"cubes": [
						{"origin": [-4, 0, -4], "size": [8, 2, 8], "uv": [0, 86]},
						{"origin": [-1, 3, -1], "size": [2, 5, 2], "inflate": -0.1, "uv": [40, 94]},
						{"origin": [-1, 7, -6], "size": [2, 2, 12], "uv": [52, 83]},
						{"origin": [-0.97958, 6.17, -5], "size": [2, 5, 1], "inflate": 0.15, "uv": [6, 96]},
						{"origin": [1.08921, 11.10416, -5], "size": [2, 7, 1], "inflate": 0.03, "pivot": [0.21421, 13.60416, -4.5], "rotation": [0, 0, 45], "uv": [0, 96]},
						{"origin": [1.08921, 11.10416, 4], "size": [2, 7, 1], "inflate": 0.03, "pivot": [0.21421, 13.60416, 4.5], "rotation": [0, 0, 45], "uv": [0, 96]},
						{"origin": [-0.97958, 6.17, 4], "size": [2, 5, 1], "inflate": 0.15, "uv": [6, 96]},
						{"origin": [2, 13, -6], "size": [2, 2, 12], "uv": [80, 86]},
						{"origin": [-2, 1, -2], "size": [4, 2, 4], "uv": [88, 40]},
						{"origin": [-7, 0.1, -7], "size": [14, 0, 14], "uv": [0, 32]},
						{"origin": [3.6, 12.16405, 0.15196], "size": [2, 7, 2], "pivot": [2, 10.16405, -1.84804], "rotation": [41.30425, -31.16686, 30.49835], "uv": [32, 94]},
						{"origin": [3.6, 19.16405, 0.15196], "size": [2, 1, 2], "inflate": 0.3, "pivot": [2, 10.16405, -1.84804], "rotation": [41.30425, -31.16686, 30.49835], "uv": [96, 14]},
						{"origin": [3.6, 19.06405, 0.15196], "size": [2, 2, 2], "inflate": 0.1, "pivot": [2, 10.16405, -1.84804], "rotation": [41.30425, -31.16686, 30.49835], "uv": [12, 96]}
					]
				},
				{
					"name": "scope_moonlight_2",
					"parent": "scope_moonlight",
					"pivot": [2, 15.5, 0.5],
					"cubes": [
						{"origin": [-1, 4, -2.5], "size": [5, 29, 5], "inflate": -0.2, "pivot": [2, 15.5, 0.5], "rotation": [0, 0, -60], "uv": [32, 60]},
						{"origin": [-1, 24, -2.5], "size": [5, 8, 5], "inflate": 0.2, "pivot": [2, 15.5, 0.5], "rotation": [0, 0, -60], "uv": [88, 20]},
						{"origin": [-1, 19, -2.5], "size": [5, 2, 5], "inflate": 0.4, "pivot": [2, 15.5, 0.5], "rotation": [0, 0, -60], "uv": [88, 33]},
						{"origin": [-1, 5, -2.5], "size": [5, 21, 5], "pivot": [2, 15.5, 0.5], "rotation": [0, 0, -60], "uv": [80, 60]},
						{"origin": [-12, 3.6, -0.1], "size": [14, 23, 0], "pivot": [2, 15.5, 0.5], "rotation": [0, 0, -60], "uv": [52, 60]}
					]
				},
				{
					"name": "pipe_in_north",
					"pivot": [0, 2, 1],
					"rotation": [0, 90, 0],
					"cubes": [
						{"origin": [7, 0, 0], "size": [2, 8, 2], "uv": [120, 0]},
						{"origin": [6, 6, 0], "size": [1, 2, 2], "uv": [120, 0]}
					]
				},
				{
					"name": "pipe_in_south",
					"pivot": [0, 2, -1],
					"rotation": [0, 90, 0],
					"cubes": [
						{"origin": [-9, 0, -2], "size": [2, 8, 2], "uv": [120, 0], "mirror": true},
						{"origin": [-7, 6, -2], "size": [1, 2, 2], "uv": [120, 0], "mirror": true}
					]
				},
				{
					"name": "scope_flora",
					"pivot": [0, -16, 0],
					"cubes": [
						{"origin": [-1, 0, -1], "size": [2, 2, 2], "uv": [0, 0]},
						{"origin": [-4, 0, -4], "size": [8, 2, 8], "uv": [0, 86]},
						{"origin": [-7, 0.1, -7], "size": [14, 0, 14], "uv": [0, 32]},
						{"origin": [-4, 11, -4], "size": [8, 2, 8], "inflate": 0.2, "uv": [96, 88]},
						{"origin": [1.50459, 10, 0.54541], "size": [3, 3, 3], "inflate": -0.2, "pivot": [0.2, 11.5, 4.11777], "rotation": [-180, 45, 180], "uv": [104, 105]},
						{"origin": [-1.2, 10, 2.1], "size": [3, 3, 3], "inflate": -0.2, "pivot": [0.2, 11.5, 4.11777], "rotation": [-180, 0, 180], "uv": [104, 105]},
						{"origin": [-4.10459, 10, 0.54541], "size": [3, 3, 3], "inflate": -0.2, "pivot": [0.2, 11.5, 4.11777], "rotation": [-180, -45, 180], "uv": [104, 105], "mirror": true},
						{"origin": [-1.4, 10, -6.1], "size": [3, 3, 3], "inflate": -0.2, "uv": [104, 105]},
						{"origin": [-1.4, 10, -6.1], "size": [3, 3, 3], "inflate": -0.2, "pivot": [0.1, 11.5, 0.01777], "rotation": [0, 90, 0], "uv": [104, 105]},
						{"origin": [-1.4, 10, -6.1], "size": [3, 3, 3], "inflate": -0.2, "pivot": [0.1, 11.5, 0.01777], "rotation": [0, -90, 0], "uv": [104, 105]},
						{"origin": [4.2, 10, -6.7], "size": [3, 3, 3], "inflate": -0.2, "pivot": [2.6, 1, -7.1], "rotation": [0, -45, 0], "uv": [104, 105]},
						{"origin": [-7.2, 10, -6.7], "size": [3, 3, 3], "inflate": -0.2, "pivot": [-2.6, 1, -7.1], "rotation": [0, 45, 0], "uv": [104, 105], "mirror": true},
						{"origin": [-3, 13, -3], "size": [6, 1, 6], "inflate": 0.2, "uv": [104, 81]},
						{"origin": [-4, 2, -4], "size": [8, 9, 8], "uv": [96, 111]},
						{"origin": [-3, 0.3, -3], "size": [6, 2, 6], "uv": [62, 97]},
						{"origin": [-3, 2.3, 0], "size": [6, 6, 0], "pivot": [0, 3.3, 0], "rotation": [0, 45, 0], "uv": [116, 75]},
						{"origin": [-4, 2.3, 0], "size": [8, 8, 0], "pivot": [0, 3.3, 0], "rotation": [0, -45, 0], "uv": [112, 73]},
						{"origin": [-4, 2.3, 0], "size": [8, 8, 0], "pivot": [0, 3.3, 0], "rotation": [0, -130, 0], "uv": [112, 73]}
					]
				}
			]
		}
	]
}