{
	"format_version": "1.12.0",
	"minecraft:geometry": [
		{
			"description": {
				"identifier": "geometry.pb_scraft.pedestal",
				"texture_width": 128,
				"texture_height": 128,
				"visible_bounds_width": 2,
				"visible_bounds_height": 2.5,
				"visible_bounds_offset": [0, 0.75, 0]
			},
			"bones": [
				{
					"name": "root",
					"pivot": [0, 0, 0],
					"cubes": [
						{"origin": [-7, 0, -7], "size": [14, 2, 14], "uv": [0, 19]},
						{"origin": [-5, 2, -5], "size": [10, 7, 10], "uv": [48, 35]},
						{"origin": [-6, 9, -6], "size": [12, 3, 12], "uv": [0, 35]},
						{"origin": [-7, 11, -7], "size": [14, 4, 14], "uv": [56, 1]},
						{"origin": [-7, 15, -6], "size": [14, 1, 12], "uv": [2, 1]},
						{"origin": [-6, 15, -7], "size": [12, 1, 1], "uv": [0, 59]},
						{"origin": [-6, 15, 6], "size": [12, 1, 1], "uv": [0, 60]}
					]
				}
			]
		}
	]
}