{
	"format_version": "1.21.20",
	"minecraft:geometry": [
		{
			"description": {
				"identifier": "geometry.pb_scraft.pipe",
				"texture_width": 64,
				"texture_height": 64,
				"visible_bounds_width": 3,
				"visible_bounds_height": 3,
				"visible_bounds_offset": [0, 0.5, 0]
			},
			"bones": [
				{
					"name": "root",
					"pivot": [0, 0, 0]
				},
				{
					"name": "west",
					"parent": "root",
					"pivot": [0, 0, 0],
					"cubes": [
						{"origin": [1, 0, -1], "size": [7, 2, 2], "uv": [0, 4]}
					]
				},
				{
					"name": "middle",
					"parent": "root",
					"pivot": [-3, 0, 0],
					"cubes": [
						{"origin": [-1, 0, -1], "size": [2, 2, 2], "uv": [18, 8]}
					]
				},
				{
					"name": "top",
					"parent": "root",
					"pivot": [0.5, 6, 0.5],
					"cubes": [
						{"origin": [-3.5, 5.5, -1], "size": [8, 2, 2], "pivot": [0.5, 6, 0.5], "rotation": [0, 0, -90], "uv": [0, 0]},
						{"origin": [3.5, 5.4, -1], "size": [1, 2, 2], "inflate": 0.1, "pivot": [0.5, 5.9, 0.5], "rotation": [0, 0, -90], "uv": [0, 23]}
					]
				},
				{
					"name": "bottom",
					"parent": "root",
					"pivot": [0.5, -3, 0.5],
					"cubes": [
						{"origin": [-2.5, -3.5, -1], "size": [6, 2, 2], "pivot": [0.5, -3, 0.5], "rotation": [0, 0, -90], "uv": [18, 4]}
					]
				},
				{
					"name": "east",
					"parent": "root",
					"pivot": [-9, 0, 0],
					"cubes": [
						{"origin": [-8, 0, -1], "size": [7, 2, 2], "uv": [0, 8]},
						{"origin": [-7.9, 0, -1], "size": [1, 2, 2], "inflate": 0.1, "uv": [0, 23]}
					]
				},
				{
					"name": "north",
					"parent": "root",
					"pivot": [0.5, 1.5, -4.5],
					"cubes": [
						{"origin": [-3, 0, -4.9], "size": [1, 2, 2], "inflate": 0.1, "pivot": [0.5, 1.5, -4.4], "rotation": [0, -90, 0], "uv": [0, 23]},
						{"origin": [-3, 0, -5], "size": [7, 2, 2], "pivot": [0.5, 1.5, -4.5], "rotation": [0, -90, 0], "uv": [0, 12]}
					]
				},
				{
					"name": "south",
					"parent": "root",
					"pivot": [0.5, 1.5, 5.5],
					"cubes": [
						{"origin": [-4, 0, 5], "size": [7, 2, 2], "pivot": [0.5, 1.5, 5.5], "rotation": [0, -90, 0], "uv": [0, 16]}
					]
				},
				{
					"name": "inventory",
					"parent": "root",
					"pivot": [0, 0, 0],
					"cubes": [
						{"origin": [-3, 0, -4.9], "size": [1, 2, 2], "inflate": 0.1, "pivot": [0.5, 1.5, -4.4], "rotation": [0, -90, 0], "uv": [0, 23]},
						{"origin": [-3, 0, -5], "size": [7, 2, 2], "pivot": [0.5, 1.5, -4.5], "rotation": [0, -90, 0], "uv": [0, 12]},
						{"origin": [-4, 0, 5], "size": [7, 2, 2], "pivot": [0.5, 1.5, 5.5], "rotation": [0, -90, 0], "uv": [0, 16]},
						{"origin": [-1, 0, -1], "size": [2, 2, 2], "uv": [18, 8]}
					]
				}
			],
			"item_display_transforms": {
				"thirdperson_righthand": {
					"rotation": [0, 0, 0],
					"translation": [0, 0, 0],
					"scale": [1, 1, 1],
					"rotation_pivot": [0, 0, 0],
					"scale_pivot": [0, 0, 0]
				}
			}
		}
	]
}