{
	"format_version": "1.12.0",
	"minecraft:geometry": [
		{
			"description": {
				"identifier": "geometry.pb_scraft.tank",
				"texture_width": 128,
				"texture_height": 128,
				"visible_bounds_width": 3,
				"visible_bounds_height": 5,
				"visible_bounds_offset": [0, 1.5, 0]
			},
			"bones": [
				{
					"name": "root",
					"pivot": [0, 0, 0]
				},
				{
					"name": "down",
					"parent": "root",
					"pivot": [0, 0, 0],
					"cubes": [
						{"origin": [-7, 0, -7], "size": [3, 3, 3], "pivot": [-5.5, 1.5, -5.5], "rotation": [0, 45, 0], "uv": [72, 96]},
						{"origin": [-7, 0, 4], "size": [3, 3, 3], "pivot": [-5.5, 1.5, 5.5], "rotation": [0, 45, 0], "uv": [88, 47]},
						{"origin": [4, 0, -7], "size": [3, 3, 3], "pivot": [5.5, 1.5, -5.5], "rotation": [0, -45, 0], "uv": [72, 96], "mirror": true},
						{"origin": [4, 0, 4], "size": [3, 3, 3], "pivot": [5.5, 1.5, 5.5], "rotation": [0, -45, 0], "uv": [88, 47], "mirror": true},
						{"origin": [-6, 3, -6], "size": [12, 7, 12], "inflate": 0.1, "uv": [0, 19]},
						{"origin": [-6, 3, -6], "size": [12, 7, 12], "inflate": -0.2, "uv": [0, 0]},
						{"origin": [2.4, 10, -2.3], "size": [0, 6, 16], "pivot": [8, 8.5, 0], "rotation": [0, -45, 0], "uv": [88, 25]},
						{"origin": [-5, 9.9, -5], "size": [10, 6, 10], "inflate": 0.1, "uv": [72, 80]},
						{"origin": [-2.4, 10, -2.3], "size": [0, 6, 16], "pivot": [-8, 8.5, 0], "rotation": [0, 45, 0], "uv": [40, 87]}
					]
				},
				{
					"name": "fuel_down",
					"parent": "down",
					"pivot": [0, -10, 0]
				},
				{
					"name": "fuel_down_1",
					"parent": "fuel_down",
					"pivot": [0, -10, 0],
					"cubes": [
						{"origin": [-5, 3, -5], "size": [10, 4, 10], "uv": [7, 114]}
					]
				},
				{
					"name": "fuel_down_2",
					"parent": "fuel_down",
					"pivot": [0, -10, 0],
					"cubes": [
						{"origin": [-5, 7, -5], "size": [10, 3, 10], "uv": [7, 114]}
					]
				},
				{
					"name": "fuel_down_3",
					"parent": "fuel_down",
					"pivot": [0, -10, 0],
					"cubes": [
						{"origin": [-5, 10, -5], "size": [10, 3, 10], "uv": [88, 115]}
					]
				},
				{
					"name": "fuel_down_4",
					"parent": "fuel_down",
					"pivot": [0, -10, 0],
					"cubes": [
						{"origin": [-5, 13, -5], "size": [10, 3, 10], "uv": [47, 115]}
					]
				},
				{
					"name": "middle",
					"parent": "root",
					"pivot": [0, -16, 0],
					"cubes": [
						{"origin": [-5, 0.1, -5], "size": [10, 15.8, 10], "inflate": 0.1, "uv": [0, 38]},
						{"origin": [2.4, 0, -2.3], "size": [0, 16, 16], "pivot": [8, -1.5, 0], "rotation": [0, -45, 0], "uv": [48, 0]},
						{"origin": [-2.4, 0, -2.3], "size": [0, 16, 16], "pivot": [-8, -17.5, 0], "rotation": [0, 45, 0], "uv": [40, 55]}
					]
				},
				{
					"name": "fuel_middle",
					"parent": "middle",
					"pivot": [0, -16, 0]
				},
				{
					"name": "fuel_middle_1",
					"parent": "fuel_middle",
					"pivot": [0, -26, 0],
					"cubes": [
						{"origin": [-5, 0, -5], "size": [10, 4, 10], "uv": [7, 114]}
					]
				},
				{
					"name": "fuel_middle_3",
					"parent": "fuel_middle",
					"pivot": [0, -26, 0],
					"cubes": [
						{"origin": [-5, 8, -5], "size": [10, 4, 10], "uv": [47, 114]}
					]
				},
				{
					"name": "fuel_middle_2",
					"parent": "fuel_middle",
					"pivot": [0, -26, 0],
					"cubes": [
						{"origin": [-5, 4, -5], "size": [10, 4, 10], "uv": [88, 114]}
					]
				},
				{
					"name": "fuel_middle_4",
					"parent": "fuel_middle",
					"pivot": [0, -26, 0],
					"cubes": [
						{"origin": [-5, 12, -5], "size": [10, 4, 10], "uv": [7, 114]}
					]
				},
				{
					"name": "top",
					"parent": "root",
					"pivot": [0, -27, 0],
					"cubes": [
						{"origin": [-6, 8, -6], "size": [12, 5, 12], "uv": [40, 38]},
						{"origin": [-10.5, 9, -8], "size": [3, 3, 3], "inflate": 0.1, "pivot": [-6.5, 10.5, -10], "rotation": [0, 45, 0], "uv": [48, 32]},
						{"origin": [-1.5, 9, 5], "size": [3, 3, 3], "inflate": 0.1, "pivot": [0, 10.5, 0], "rotation": [0, -90, 0], "uv": [60, 32]},
						{"origin": [-10.5, 9, 5], "size": [3, 3, 3], "inflate": 0.1, "pivot": [-6.5, 10.5, 10], "rotation": [0, -45, 0], "uv": [72, 32]},
						{"origin": [7.5, 9, 5], "size": [3, 3, 3], "inflate": 0.1, "pivot": [6.5, 10.5, 10], "rotation": [0, 45, 0], "uv": [72, 32], "mirror": true},
						{"origin": [-1.5, 9, 5], "size": [3, 3, 3], "inflate": 0.1, "pivot": [0, 10.5, 0], "rotation": [0, 90, 0], "uv": [60, 32], "mirror": true},
						{"origin": [-1.5, 9, 5], "size": [3, 3, 3], "inflate": 0.1, "uv": [60, 32], "mirror": true},
						{"origin": [-1.5, 9, 5], "size": [3, 3, 3], "inflate": 0.1, "pivot": [0, 10.5, 0], "rotation": [-180, 0, 180], "uv": [60, 32]},
						{"origin": [7.5, 9, -8], "size": [3, 3, 3], "inflate": 0.1, "pivot": [6.5, 10.5, -10], "rotation": [0, -45, 0], "uv": [48, 32], "mirror": true},
						{"origin": [-5, 10, -5], "size": [10, 5, 10], "uv": [0, 82]},
						{"origin": [2.4, 0, -2.3], "size": [0, 9, 16], "pivot": [8, -1.5, 0], "rotation": [0, -45, 0], "uv": [80, 0]},
						{"origin": [-5, 0.1, -5], "size": [10, 8, 10], "inflate": 0.1, "uv": [0, 64]},
						{"origin": [-2.4, 0, -2.3], "size": [0, 9, 16], "pivot": [-8, -1.5, 0], "rotation": [0, 45, 0], "uv": [72, 55]}
					]
				},
				{
					"name": "fuel_top",
					"parent": "top",
					"pivot": [0, -32, 0]
				},
				{
					"name": "fuel_top_1",
					"parent": "fuel_top",
					"pivot": [0, -42, 0],
					"cubes": [
						{"origin": [-5, 0, -5], "size": [10, 2, 10], "uv": [88, 116]}
					]
				},
				{
					"name": "fuel_top_2",
					"parent": "fuel_top",
					"pivot": [0, -42, 0],
					"cubes": [
						{"origin": [-5, 2, -5], "size": [10, 2, 10], "uv": [47, 116]}
					]
				},
				{
					"name": "fuel_top_3",
					"parent": "fuel_top",
					"pivot": [0, -42, 0],
					"cubes": [
						{"origin": [-5, 4, -5], "size": [10, 1, 10], "uv": [88, 117]}
					]
				},
				{
					"name": "fuel_top_4",
					"parent": "fuel_top",
					"pivot": [0, -32, 0],
					"cubes": [
						{"origin": [-5, 5, -5], "size": [10, 1, 10], "uv": [7, 117]}
					]
				},
				{
					"name": "pipe_in_west",
					"pivot": [-1, -4, 0],
					"cubes": [
						{"origin": [6, 0, -1], "size": [2, 8, 2], "uv": [120, 0]},
						{"origin": [5, 6, -1], "size": [1, 2, 2], "uv": [120, 0]}
					]
				},
				{
					"name": "pipe_in_east",
					"pivot": [1, 2, 0],
					"cubes": [
						{"origin": [-8, 0, -1], "size": [2, 8, 2], "uv": [120, 0], "mirror": true},
						{"origin": [-6, 6, -1], "size": [1, 2, 2], "uv": [120, 0], "mirror": true}
					]
				},
				{
					"name": "pipe_in_north",
					"pivot": [0, 2, 1],
					"rotation": [0, 90, 0],
					"cubes": [
						{"origin": [7, 0, 0], "size": [2, 8, 2], "uv": [120, 0]},
						{"origin": [6, 6, 0], "size": [1, 2, 2], "uv": [120, 0]}
					]
				},
				{
					"name": "pipe_in_south",
					"pivot": [0, 2, -1],
					"rotation": [0, 90, 0],
					"cubes": [
						{"origin": [-9, 0, -2], "size": [2, 8, 2], "uv": [120, 0], "mirror": true},
						{"origin": [-7, 6, -2], "size": [1, 2, 2], "uv": [120, 0], "mirror": true}
					]
				}
			]
		}
	]
}