{
	"format_version": "1.12.0",
	"minecraft:geometry": [
		{
			"description": {
				"identifier": "geometry.pb_scraft.workbench_press",
				"texture_width": 128,
				"texture_height": 128,
				"visible_bounds_width": 3,
				"visible_bounds_height": 3.5,
				"visible_bounds_offset": [0, 1.25, 0]
			},
			"bones": [
				{
					"name": "base",
					"pivot": [0, 1, -4],
					"cubes": [
						{
							"origin": [-8, 13, -8],
							"size": [16, 3, 16],
							"uv": {
								"north": {"uv": [24, 14], "uv_size": [16, 3]},
								"east": {"uv": [30, 34], "uv_size": [16, 3]},
								"south": {"uv": [30, 37], "uv_size": [16, 3]},
								"west": {"uv": [38, 17], "uv_size": [16, 3]},
								"up": {"uv": [22, 18], "uv_size": [16, 16]},
								"down": {"uv": [0, 40], "uv_size": [16, -16]}
							}
						},
						{
							"origin": [-5, 11, 5],
							"size": [10, 2, 2],
							"uv": {
								"north": {"uv": [40, 14], "uv_size": [10, 2]},
								"east": {"uv": [24, 6], "uv_size": [2, 2]},
								"south": {"uv": [36, 40], "uv_size": [10, 2]},
								"west": {"uv": [24, 12], "uv_size": [2, 2]},
								"down": {"uv": [0, 44], "uv_size": [10, -2]}
							}
						},
						{
							"origin": [-5, 11, -7],
							"size": [10, 2, 2],
							"uv": {
								"north": {"uv": [36, 42], "uv_size": [10, 2]},
								"east": {"uv": [26, 6], "uv_size": [2, 2]},
								"south": {"uv": [0, 44], "uv_size": [10, 2]},
								"west": {"uv": [26, 12], "uv_size": [2, 2]},
								"down": {"uv": [44, 2], "uv_size": [10, -2]}
							}
						},
						{
							"origin": [-7, 1, -7],
							"size": [14, 2, 14],
							"uv": {
								"north": {"uv": [38, 32], "uv_size": [14, 2]},
								"south": {"uv": [0, 40], "uv_size": [14, 2]},
								"up": {"uv": [30, 0], "uv_size": [14, 14]},
								"down": {"uv": [16, 48], "uv_size": [14, -14]}
							}
						},
						{
							"origin": [5, 3, 5],
							"size": [2, 10, 2],
							"uv": {
								"north": {"uv": [16, 24], "uv_size": [2, 10]},
								"east": {"uv": [18, 24], "uv_size": [2, 10]},
								"south": {"uv": [20, 24], "uv_size": [2, 10]},
								"west": {"uv": [10, 42], "uv_size": [2, 10]}
							}
						},
						{
							"origin": [5, 0, -7],
							"size": [2, 3, 14],
							"inflate": 0.25,
							"uv": {
								"north": {"uv": [24, 0], "uv_size": [2, 3]},
								"east": {"uv": [38, 20], "uv_size": [14, 3]},
								"south": {"uv": [24, 3], "uv_size": [2, 3]},
								"west": {"uv": [38, 23], "uv_size": [14, 3]},
								"up": {"uv": [14, 40], "uv_size": [2, 14]},
								"down": {"uv": [30, 54], "uv_size": [2, -14]}
							}
						},
						{
							"origin": [5, 3, -7],
							"size": [2, 10, 2],
							"uv": {
								"north": {"uv": [12, 42], "uv_size": [2, 10]},
								"east": {"uv": [44, 2], "uv_size": [2, 10]},
								"south": {"uv": [36, 44], "uv_size": [2, 10]},
								"west": {"uv": [38, 44], "uv_size": [2, 10]}
							}
						},
						{
							"origin": [-7, 3, -7],
							"size": [2, 10, 2],
							"uv": {
								"north": {"uv": [40, 44], "uv_size": [2, 10]},
								"east": {"uv": [42, 44], "uv_size": [2, 10]},
								"south": {"uv": [44, 44], "uv_size": [2, 10]},
								"west": {"uv": [0, 46], "uv_size": [2, 10]}
							}
						},
						{
							"origin": [-7, 3, 5],
							"size": [2, 10, 2],
							"uv": {
								"north": {"uv": [2, 46], "uv_size": [2, 10]},
								"east": {"uv": [46, 2], "uv_size": [2, 10]},
								"south": {"uv": [4, 46], "uv_size": [2, 10]},
								"west": {"uv": [6, 46], "uv_size": [2, 10]}
							}
						},
						{
							"origin": [-7, 0, -7],
							"size": [2, 3, 14],
							"inflate": 0.25,
							"uv": {
								"north": {"uv": [26, 0], "uv_size": [2, 3]},
								"east": {"uv": [38, 26], "uv_size": [14, 3]},
								"south": {"uv": [26, 3], "uv_size": [2, 3]},
								"west": {"uv": [38, 29], "uv_size": [14, 3]},
								"up": {"uv": [32, 40], "uv_size": [2, 14]},
								"down": {"uv": [34, 54], "uv_size": [2, -14]}
							}
						}
					]
				},
				{
					"name": "tank",
					"parent": "base",
					"pivot": [0, 0, 0],
					"cubes": [
						{"origin": [-5, 2.2, -5], "size": [10, 11, 10], "inflate": -0.2, "uv": [66, 34]},
						{"origin": [-2, 4, -2], "size": [4, 8, 4], "inflate": 0.4, "uv": [0, 82]},
						{"origin": [-5, 2, -5], "size": [10, 2, 10], "inflate": -0.3, "uv": [0, 94]},
						{"origin": [-5, -20, -5], "size": [10, 2, 10], "inflate": -0.3, "pivot": [0, -3, 0], "rotation": [180, 0, 0], "uv": [0, 94]},
						{"origin": [-1, 4, -1], "size": [2, 8, 2], "inflate": 0.4, "uv": [16, 84]}
					]
				},
				{
					"name": "workbench",
					"pivot": [20, 1, 0]
				},
				{
					"name": "plane",
					"parent": "workbench",
					"pivot": [0, -16, 0],
					"cubes": [
						{"origin": [-8.7, 0, -5], "size": [9, 2, 2], "pivot": [-2.5, 1, 0], "rotation": [0, 135, 0], "uv": [52, 0]},
						{"origin": [-8.7, 0, -3], "size": [9, 1, 10], "pivot": [-2.5, 1, 0], "rotation": [0, 135, 0], "uv": [52, 13]}
					]
				},
				{
					"name": "bone2",
					"parent": "workbench",
					"pivot": [3.38076, 5.6, 3.3234],
					"rotation": [0, -45, 0],
					"cubes": [
						{"origin": [-4.91924, 9, 0.3234], "size": [6, 2, 6], "inflate": -0.2, "pivot": [-1.91924, 10, 3.3234], "rotation": [20, 0, 0], "uv": [0, 0]},
						{"origin": [-4.91924, 8.6, 0.3234], "size": [6, 3, 6], "inflate": -0.4, "pivot": [-1.91924, 10, 3.3234], "rotation": [20, 0, 0], "uv": [71, 4]},
						{"origin": [0.58076, 9, 2.3234], "size": [7, 2, 2], "inflate": -0.3, "uv": [12, 8]},
						{"origin": [4.08076, 0, 1.3234], "size": [2, 12, 4], "uv": [0, 8]},
						{"origin": [3.08076, 0, 1.3234], "size": [1, 2, 4], "uv": [13, 12]},
						{"origin": [6.08076, 0, 1.3234], "size": [1, 2, 4], "uv": [12, 18]}
					]
				},
				{
					"name": "press",
					"pivot": [0, -16, 0],
					"cubes": [
						{"origin": [16, -21, -4], "size": [2, 10, 8], "pivot": [0, -16, 0], "rotation": [0, 0, -90], "uv": [46, 36]},
						{"origin": [-1, 0, 3], "size": [2, 15, 2], "uv": [0, 56]}
					]
				},
				{
					"name": "state_1",
					"parent": "press",
					"pivot": [0, -15, 0],
					"cubes": [
						{"origin": [22, -19, -3], "size": [2, 8, 6], "pivot": [0, -15, 0], "rotation": [0, 0, -90], "uv": [31, 59]},
						{"origin": [-1, 8.975, -0.9], "size": [2, 11, 3], "uv": [8, 55]},
						{"origin": [24.975, -17, -1], "size": [4, 4, 3], "pivot": [0, -15, 0], "rotation": [0, 0, -90], "uv": [18, 57]},
						{"origin": [24.975, -17, 1], "size": [4, 4, 5], "inflate": -0.2, "pivot": [0, -15, 0], "rotation": [0, 0, -90], "uv": [13, 64]},
						{
							"origin": [2, 12, 0.3],
							"size": [2, 1, 1],
							"inflate": 0.2,
							"pivot": [3.25, 13.5, 0.5],
							"rotation": [-15, 0, 0],
							"uv": {
								"north": {"uv": [9, 73], "uv_size": [2, 1]},
								"east": {"uv": [2, 73], "uv_size": [1, 1]},
								"south": {"uv": [7, 73], "uv_size": [2, 1]},
								"west": {"uv": [1, 73], "uv_size": [1, 1]},
								"up": {"uv": [7, 74], "uv_size": [-2, -1]},
								"down": {"uv": [5, 74], "uv_size": [-2, -1]}
							}
						},
						{
							"origin": [3, 11, 0.3],
							"size": [1, 7, 1],
							"pivot": [3.25, 13.5, 0.5],
							"rotation": [-15, 0, 0],
							"uv": {
								"north": {"uv": [0, 74], "uv_size": [1, 6]},
								"east": {"uv": [3, 74], "uv_size": [1, 6]},
								"south": {"uv": [2, 74], "uv_size": [1, 6]},
								"west": {"uv": [1, 74], "uv_size": [1, 6]},
								"up": {"uv": [5, 79], "uv_size": [-1, -1]},
								"down": {"uv": [5, 80], "uv_size": [-1, -1]}
							}
						}
					]
				},
				{
					"name": "state_2",
					"parent": "press",
					"pivot": [0, -20, 0],
					"cubes": [
						{"origin": [22, -24, -3], "size": [2, 8, 6], "pivot": [0, -20, 0], "rotation": [0, 0, -90], "uv": [31, 59]},
						{"origin": [-1, 3.975, -0.9], "size": [2, 11, 3], "uv": [8, 55]},
						{"origin": [24.975, -22, -1], "size": [4, 4, 3], "pivot": [0, -20, 0], "rotation": [0, 0, -90], "uv": [18, 57]},
						{"origin": [24.975, -22, 1], "size": [4, 4, 5], "inflate": -0.2, "pivot": [0, -20, 0], "rotation": [0, 0, -90], "uv": [13, 64]},
						{
							"origin": [3, 6, 0.3],
							"size": [1, 7, 1],
							"pivot": [3.25, 8.5, 0.5],
							"rotation": [-15, 0, 0],
							"uv": {
								"north": {"uv": [0, 74], "uv_size": [1, 6]},
								"east": {"uv": [3, 74], "uv_size": [1, 6]},
								"south": {"uv": [2, 74], "uv_size": [1, 6]},
								"west": {"uv": [1, 74], "uv_size": [1, 6]},
								"up": {"uv": [5, 79], "uv_size": [-1, -1]},
								"down": {"uv": [5, 80], "uv_size": [-1, -1]}
							}
						},
						{
							"origin": [2, 7, 0.3],
							"size": [2, 1, 1],
							"inflate": 0.2,
							"pivot": [3.25, 8.5, 0.5],
							"rotation": [-15, 0, 0],
							"uv": {
								"north": {"uv": [9, 73], "uv_size": [2, 1]},
								"east": {"uv": [2, 73], "uv_size": [1, 1]},
								"south": {"uv": [7, 73], "uv_size": [2, 1]},
								"west": {"uv": [1, 73], "uv_size": [1, 1]},
								"up": {"uv": [7, 74], "uv_size": [-2, -1]},
								"down": {"uv": [5, 74], "uv_size": [-2, -1]}
							}
						}
					]
				},
				{
					"name": "pipe_in_north",
					"pivot": [0, 2, 1],
					"rotation": [0, 90, 0],
					"cubes": [
						{"origin": [7, 0, 0], "size": [2, 8, 2], "uv": [120, 0]},
						{"origin": [6, 6, 0], "size": [1, 2, 2], "uv": [120, 0]}
					]
				},
				{
					"name": "pipe_in_west",
					"pivot": [-1, -4, 0],
					"cubes": [
						{"origin": [6, 0, -1], "size": [2, 8, 2], "uv": [120, 0]},
						{"origin": [5, 6, -1], "size": [1, 2, 2], "uv": [120, 0]}
					]
				},
				{
					"name": "pipe_in_east",
					"pivot": [1, 2, 0],
					"cubes": [
						{"origin": [-8, 0, -1], "size": [2, 8, 2], "uv": [120, 0], "mirror": true},
						{"origin": [-6, 6, -1], "size": [1, 2, 2], "uv": [120, 0], "mirror": true}
					]
				},
				{
					"name": "pipe_in_south",
					"pivot": [0, 2, -1],
					"rotation": [0, 90, 0],
					"cubes": [
						{"origin": [-9, 0, -2], "size": [2, 8, 2], "uv": [120, 0], "mirror": true},
						{"origin": [-7, 6, -2], "size": [1, 2, 2], "uv": [120, 0], "mirror": true}
					]
				}
			]
		}
	]
}