{
	"format_version": "1.10.0",
	"minecraft:client_entity": {
		"description": {
			"identifier": "dss_kbs:kawaii_build_set_guidebook",
			"materials": {
				"default": "entity_alphatest"
			},
			"textures": {
				"texture0": "textures/dss/kbs/gb/dss_kbs_gb_p1",
				"texture1": "textures/dss/kbs/gb/dss_kbs_gb_p2",
				"texture2": "textures/dss/kbs/gb/dss_kbs_gb_p3",
				"texture3": "textures/dss/kbs/gb/dss_kbs_gb_p4",
				"texture4": "textures/dss/kbs/gb/dss_kbs_gb_p5",
				"texture5": "textures/dss/kbs/gb/dss_kbs_gb_p6",
				"texture6": "textures/dss/kbs/gb/dss_kbs_gb_p7",
				"texture7": "textures/dss/kbs/gb/dss_kbs_gb_p8",
				"texture8": "textures/dss/kbs/gb/dss_kbs_gb_p9",
				"texture9": "textures/dss/kbs/gb/dss_kbs_gb_p10",
				"texture10": "textures/dss/kbs/gb/dss_kbs_gb_p11",
				"texture11": "textures/dss/kbs/gb/dss_kbs_gb_p12",
				"texture12": "textures/dss/kbs/gb/dss_kbs_gb_p13",
				"texture13": "textures/dss/kbs/gb/dss_kbs_gb_p14",
				"texture14": "textures/dss/kbs/gb/dss_kbs_gb_p15",
				"texture15": "textures/dss/kbs/gb/dss_kbs_gb_p16",
				"texture16": "textures/dss/kbs/gb/dss_kbs_gb_p17",
				"texture17": "textures/dss/kbs/gb/dss_kbs_gb_p18",
				"texture18": "textures/dss/kbs/gb/dss_kbs_gb_p19",
				"texture19": "textures/dss/kbs/gb/dss_kbs_gb_p20",
				"texture20": "textures/dss/kbs/gb/dss_kbs_gb_p21",
				"texture21": "textures/dss/kbs/gb/dss_kbs_gb_p22",
				"texture22": "textures/dss/kbs/gb/dss_kbs_gb_p23"
			},
			"geometry": {
				"default": "geometry.dss_kbs_gb"
			},
			"render_controllers": [
				"controller.render.dss_kbs_gb"
			],
			"spawn_egg": {
				"texture": "dss_kbs_gb_spawn_egg"
			},
			"animations": {
				"idle": "animation.dss_kbs_gb.idle",
				"open": "animation.dss_kbs_gb.open",
				"close": "animation.dss_kbs_gb.close",
				"nextpage": "animation.dss_kbs_gb.nextpage",
				"prevpage": "animation.dss_kbs_gb.prevpage",
				"general": "controller.animation.gb_kbs"
			},
			"scripts": {
				"animate": [
					"general"
				]
			}
		}
	}
}