{
	"format_version": "1.21.40",
	"minecraft:item": {
		"description": {
			"identifier": "ljw_ww:werewolf_emblem_disable",
			"menu_category": {
				"category": "equipment"
			}
		},
		
		"components": {
			"minecraft:glint": true,
			"minecraft:icon": {
				"textures": { "default": "ljw_ww.emblem_disable" }
			},
			"minecraft:hand_equipped": false,
			"minecraft:custom_components": [
				"ljw_ww:werewolf_emblem"
			],
			"minecraft:tags": {
				"tags": [
					"ljw_ww:werewolf_disable"
				]
			}
		}
	}
}