{
	"format_version": "1.21.40",
	"minecraft:item": {
		"description": {
			"identifier": "ljw_ww:werewolf_emblem_lv3",
			"menu_category": {
				"category": "equipment"
			}
		},
		
		"components": {
			"minecraft:glint": true,
			"minecraft:icon": {
				"textures": { "default": "ljw_ww.emblem_lv3" }
			},
			"minecraft:hand_equipped": false,
			"minecraft:durability": {
				"max_durability": 1561
			},
			"minecraft:custom_components": [
				"ljw_ww:werewolf_emblem"
			],
			"minecraft:tags": {
				"tags": [
					"ljw_ww:werewolf_enable",
					
					"minecraft:transformable_items",
					"minecraft:is_tool",
					"minecraft:diamond_tier"
				]
			}
		}
	}
}