{
   "format_version":"1.20.60",
   "minecraft:entity":{
      "description":{
         "identifier":"pb_scraft:effect_tornado_air",
         "is_summonable":true,
         "is_spawnable":false,
         "animations":{
            "loop": "animation.pb_scraft.damage_tick_10"
         },
         "scripts":{
            "animate":[
               "loop"
            ]
         }
      },
      "component_groups":{
         "pb_scraft:despawn":{
            "minecraft:instant_despawn":{
               
            }
         },
         "pb_scraft:attack":{
            "minecraft:behavior.nearest_attackable_target":{
               "priority":2,
               "entity_types":[
                  {
                     "filters":{
                        "any_of":[
                           {
                              "test":"is_family",
                              "subject":"other",
                              "value":"mob"
                           },
                           {
                              "test":"is_family",
                              "subject":"other",
                              "value":"monster"
                           }
                        ]
                     },
                     "max_dist":24
                  }
               ],
               "within_radius":25,
               "reselect_targets":true,
               "must_see":true,
               "must_see_forget_duration":17
            },
            "minecraft:attack":{
               "damage":0
            },
            "minecraft:behavior.melee_attack":{
               "priority":3,
               "speed_multiplier":1,
               "track_target":true
            }
         },
         "pb_scraft:target_pvp":{
            "minecraft:behavior.nearest_attackable_target":{
               "priority":2,
               "entity_types":[
                  {
                     "filters":{
                        "all_of":[
                           {
                              "test":"is_owner",
                              "subject":"other",
                              "value":false
                           },
                           {
                              "any_of":[
                                 {
                                    "test":"is_family",
                                    "subject":"other",
                                    "value":"mob"
                                 },
                                 {
                                    "test":"is_family",
                                    "subject":"other",
                                    "value":"monster"
                                 },
                                 {
                                    "test":"is_family",
                                    "subject":"other",
                                    "value":"player"
                                 }
                              ]
                           }
                        ]
                     },
                     "max_dist":24
                  }
               ],
               "within_radius":25,
               "reselect_targets":true,
               "must_see":true,
               "must_see_forget_duration":17
            }
         },
         "pb_scraft:target_pve":{
            "minecraft:behavior.nearest_attackable_target":{
               "priority":2,
               "entity_types":[
                  {
                     "filters":{
                        "any_of":[
                           {
                              "test":"is_family",
                              "subject":"other",
                              "value":"mob"
                           },
                           {
                              "test":"is_family",
                              "subject":"other",
                              "value":"monster"
                           }
                        ]
                     },
                     "max_dist":24
                  }
               ],
               "within_radius":25,
               "reselect_targets":true,
               "must_see":true,
               "must_see_forget_duration":17
            }
         }
      },
      "components":{
         "minecraft:physics":{
            
         },
         "minecraft:damage_sensor":{
            "triggers":[
               {
                  "deals_damage":false
               }
            ]
         },
         "minecraft:type_family":{
            "family":[
               "spell",
               "prop",
			   "inanimate"
            ]
         },
         "minecraft:collision_box":{
            "width":0.3,
            "height":4.0
         },
         "minecraft:navigation.walk":{
            "can_path_over_water":false,
            "can_sink":false,
            "can_path_from_air":true,
            "avoid_water":true,
            "avoid_damage_blocks":false,
            "avoid_sun":false
         },
         "minecraft:movement.basic":{
            
         },
         "minecraft:movement":{
            "value":0.4
         },
         "minecraft:knockback_resistance":{
            "value":1
         },
         "minecraft:timer":{
            "time":12,
            "looping":false,
            "time_down_event":{
               "event":"evt:despawn"
            }
         },
         "minecraft:can_climb":{
            
         },
         "minecraft:jump.static":{
            
         },
         "minecraft:behavior.random_stroll":{
            "priority":4,
            "interval":1,
            "xz_dist":12,
            "y_dist":3
         },
         "minecraft:scale":{
            "value":2.5
         },
         "minecraft:tameable":{
            
         },
         "minecraft:is_tamed":{
            
         }
      },
      "events":{
         "minecraft:entity_spawned":{
            "add":{
               "component_groups":[
                  "pb_scraft:target_pve"
               ]
            }
         },
		 "evt:despawn":{
            "add":{
               "component_groups":[
                  "pb_scraft:despawn"
               ]
            }
         },
         "evt:attack":{
            "add":{
               "component_groups":[
                  "pb_scraft:attack"
               ]
            }
         },
         "evt:target_pve":{
            "add":{
               "component_groups":[
                  "pb_scraft:target_pve"
               ]
            }
         },
         "evt:target_pvp":{
            "add":{
               "component_groups":[
                  "pb_scraft:target_pvp"
               ]
            }
         }
      }
   }
}