{
   "format_version":"1.21.30",
   "minecraft:entity":{
      "description":{
         "identifier":"pb_scraft:effect_ice_spike",
         "is_spawnable":false,
         "is_summonable":true,
         "is_experimental":false,
         "animations":{
            "start":"animation.pb_scraft.effect_ice_spike_start"
         },
         "scripts":{
            "animate":[
               "start"
            ]
         },
         "properties":{
            "pb_scraft:active":{
               "type":"bool",
               "client_sync":true,
               "default":true
            }
         }
      },
      "component_groups":{
         "pb_scraft:despawn":{
            "minecraft:instant_despawn":{
               
            }
         },
         "pb_scraft:timedown":{
            "minecraft:timer":{
               "time":3,
               "looping":false,
               "time_down_event":{
                  "event":"evt:despawn",
                  "target":"self"
               }
            }
         }
      },
      "components":{
         "minecraft:collision_box":{
            "width":0.0,
            "height":0.0
         },
         "minecraft:physics":{
            "has_gravity":false
         },
         "minecraft:pushable":{
            "is_pushable":false,
            "is_pushable_by_piston":false
         },
         "minecraft:type_family":{
            "family":[
               "inanimate",
               "spell"
            ]
         },
         "minecraft:health":{
            "value":1,
            "max":1
         },
         "minecraft:scale":{
            "value":1.0
         },
         "minecraft:nameable":{
            "always_show":false,
            "allow_name_tag_renaming":false
         },
         "minecraft:movement":{
            "value":0
         },
         "minecraft:navigation.generic":{
            "can_sink":false,
            "can_float":true,
            "avoid_water":true,
            "avoid_damage_blocks":true
         },
         "minecraft:movement.basic":{
            
         },
         "minecraft:jump.static":{
            
         },
         "minecraft:can_climb":{
            
         },
         "minecraft:damage_sensor":{
            "triggers":{
               "cause":"all",
               "deals_damage":false
            }
         },
         "minecraft:fire_immune":true,
         "minecraft:tameable":{
            
         },
         "minecraft:is_tamed":{
            
         }
      },
      "events":{
         "minecraft:entity_spawned":{
            "add":{
               "component_groups":[
                  "pb_scraft:timedown"
               ]
            }
         },
         "minecraft:entity_born":{
            "add":{
               "component_groups":[
                  "pb_scraft:timedown"
               ]
            }
         },
         "minecraft:entity_transformed":{
            "add":{
               "component_groups":[
                  "pb_scraft:timedown"
               ]
            }
         },
         "evt:despawn":{
            "add":{
               "component_groups":[
                  "pb_scraft:despawn"
               ]
            }
         }
      }
   }
}