{
   "format_version":"1.21.10",
   "minecraft:entity":{
      "description":{
         "identifier":"pb_scraft:projectile_beam",
         "is_spawnable":false,
         "is_summonable":true,
         "is_experimental":false,
         "animations":{
            "expire":"animation.pb_scraft.projectile.expire"
         },
         "scripts":{
            "animate":[
               {"expire":"query.is_sheared"}
            ]
         }
      },
      "component_groups":{
         "pb_scraft:despawn": {
			"minecraft:instant_despawn": {}
		 },
		 "pb_scraft:explode":{
            "minecraft:is_sheared":{}
         },
         "pb_scraft:timedown":{
            "minecraft:timer":{
               "time":2,
               "looping":false,
               "time_down_event":{
                  "event":"evt:expire",
                  "target":"self"
               }
            }
         },
		 "pb_scraft:projectile":{
			"minecraft:projectile":{
				"on_hit": {
				  "remove_on_hit": {}
				},
				"is_dangerous": false,
				"power":1.5,
				"gravity":0.0,
				"uncertainty_base":0,
				"uncertainty_multiplier":0,
				"anchor":1,
				"should_bounce":false,
				"offset":[0,0,0]
			}
		 }
      },
      "components":{
         "minecraft:type_family": {
            "family": [
               "projectile",
               "pb_scraft_beam"
            ]
         },
		 "minecraft:collision_box":{
            "width":0.3,
            "height":0.3
         },
         "minecraft:physics":{
		  "has_collision": true
		 },
         "minecraft:pushable":{
            "is_pushable":false,
            "is_pushable_by_piston":false
         },
		 "minecraft:fire_immune": {}
      },
      "events":{
         "minecraft:entity_spawned":{
            "add":{
               "component_groups":["pb_scraft:timedown","pb_scraft:projectile"]
            }
         },
         "minecraft:entity_born":{
            "add":{
               "component_groups":["pb_scraft:timedown","pb_scraft:projectile"]
            }
         },
         "evt:expire":{
            "add":{
               "component_groups":[
                  "pb_scraft:explode"
               ]
            }
         },
		 "evt:despawn":{
            "add":{
               "component_groups":[
                  "pb_scraft:despawn"
               ]
            }
         }
      }
   }
}