{
   "format_version":"1.21.40",
   "minecraft:entity":{
      "description":{
         "identifier":"pb_scraft:projectile_gnaw",
         "is_spawnable":false,
         "is_summonable":true,
         "is_experimental":false,
         "animations":{
            "expire":"animation.pb_scraft.projectile.expire"
         },
         "scripts":{
            "animate":[
               {"expire":"query.is_sheared"}
            ]
         }
      },
      "component_groups":{
         "pb_scraft:despawn":{
            "minecraft:instant_despawn":{
               
            }
         },
         "pb_scraft:explode":{
            "minecraft:is_sheared":{
               
            }
         },
         "pb_scraft:target":{
            "minecraft:attack":{
               "damage":1
            },
            "minecraft:behavior.melee_attack":{
               "priority":3,
               "speed_multiplier":1,
               "track_target":true
            }
         },
         "pb_scraft:timedown":{
            "minecraft:timer":{
               "time":7,
               "looping":false,
               "time_down_event":{
                  "event":"evt:expire",
                  "target":"self"
               }
            }
         },
         "pb_scraft:target_pvp":{
            "minecraft:behavior.nearest_attackable_target":{
               "priority":2,
               "entity_types":[
                  {
                     "filters":{
                        "all_of":[
                           {
                              "test":"is_owner",
                              "subject":"other",
                              "value":false
                           },
                           {
                              "test":"has_component",
                              "subject":"other",
                              "operator":"not",
                              "value":"minecraft:is_tamed"
                           },
                           {
                              "any_of":[
                                 {
                                    "test":"is_family",
                                    "subject":"other",
                                    "value":"monster"
                                 },
                                 {
                                    "test":"is_family",
                                    "subject":"other",
                                    "value":"mob"
                                 },
                                 {
                                    "test":"is_family",
                                    "subject":"other",
                                    "value":"player"
                                 }
                              ]
                           }
                        ]
                     },
                     "max_dist":24
                  }
               ],
               "within_radius":25,
               "reselect_targets":true,
               "must_see":true,
               "must_see_forget_duration":17
            }
         },
         "pb_scraft:target_pve":{
            "minecraft:behavior.nearest_attackable_target":{
               "priority":2,
               "entity_types":[
                  {
                     "filters":{
                        "all_of":[
                           {
                              "test":"has_component",
                              "subject":"other",
                              "operator":"not",
                              "value":"minecraft:is_tamed"
                           },
                           {
                              "any_of":[
                                 {
                                    "test":"is_family",
                                    "subject":"other",
                                    "value":"monster"
                                 },
                                 {
                                    "test":"is_family",
                                    "subject":"other",
                                    "value":"mob"
                                 }
                              ]
                           }
                        ]
                     },
                     "max_dist":24
                  }
               ],
               "within_radius":25,
               "reselect_targets":true,
               "must_see":true,
               "must_see_forget_duration":17
            }
         }
      },
      "components":{
         "minecraft:type_family":{
            "family":[
               "projectile",
               "pb_scraft_gnaw"
            ]
         },
		 "minecraft:health": {
			"value": 5
		 },
         "minecraft:collision_box":{
            "width":0.5,
            "height":0.5
         },
         "minecraft:physics":{
            "has_collision":true
         },
         "minecraft:pushable":{
            "is_pushable":false,
            "is_pushable_by_piston":false
         },
         "minecraft:fire_immune":{
            
         },
         "minecraft:movement":{
            "value":0.4
         },
         "minecraft:flying_speed":{
            "value":0.4
         },
         "minecraft:behavior.random_hover":{
            "priority":12,
            "xz_dist":8,
            "y_dist":8,
            "y_offset":-1,
            "interval":10,
            "hover_height":[
               0,
               4
            ]
         },
         "minecraft:navigation.hover":{
            "can_path_over_water":true,
            "can_sink":false,
            "can_pass_doors":false,
            "can_path_from_air":true,
            "avoid_water":true,
            "avoid_damage_blocks":true,
            "avoid_sun":false
         },
         "minecraft:movement.hover":{
            "max_turn":20.0
         },
         "minecraft:jump.static":{
            
         },
         "minecraft:can_fly":{
            
         },
         "minecraft:follow_range":{
            "value":32,
            "max":32
         },
         "minecraft:target_nearby_sensor":{
            "inside_range":1.0,
            "outside_range":3.0,
            "must_see":true,
            "on_inside_range":{
               "event":"evt:expire",
               "target":"self"
            }
         },
         "minecraft:tameable":{
            
         },
         "minecraft:is_tamed":{
            
         }
      },
      "events":{
         "minecraft:entity_spawned":{
            "add":{
               "component_groups":[
                  "pb_scraft:timedown",
				  "pb_scraft:target_pve"
               ]
            }
         },
         "minecraft:entity_born":{
            "add":{
               "component_groups":[
                  "pb_scraft:timedown",
				  "pb_scraft:target_pve"
               ]
            }
         },
         "evt:target":{
            "add":{
               "component_groups":[
                  "pb_scraft:target"
               ]
            }
         },
         "evt:expire":{
            "add":{
               "component_groups":[
                  "pb_scraft:explode"
               ]
            }
         },
         "evt:despawn":{
            "add":{
               "component_groups":[
                  "pb_scraft:despawn"
               ]
            }
         },
		 "evt:target_pve":{
            "add":{
               "component_groups":[
                  "pb_scraft:target_pve"
               ]
            }
         },
         "evt:target_pvp":{
            "add":{
               "component_groups":[
                  "pb_scraft:target_pvp"
               ]
            }
         }
      }
   }
}