{
	"format_version": "1.10.0",
	"particle_effect": {
		"description": {
			"identifier": "pb_scraft:windsickle_ex",
			"basic_render_parameters": {
				"material": "particles_add",
				"texture": "textures/pb/scraft/particle/wind_sickle"
			}
		},
		"curves": {
			"variable.size_curve": {
				"type": "linear",
				"input": "v.particle_age",
				"horizontal_range": "v.particle_lifetime",
				"nodes": [2.08, 3.08, 5.32, 8.63]
			}
		},
		"components": {
			"minecraft:emitter_initialization": {
				"creation_expression": "variable.size = 0.2;variable.lifetime = 0.3;variable.size_variant = 1.5;variable.age_growth = -5;"
			},
			"minecraft:emitter_rate_instant": {
				"num_particles": 4
			},
			"minecraft:emitter_lifetime_once": {
				"active_time": 0.05
			},
			"minecraft:emitter_shape_sphere": {
				"radius": 0.2,
				"surface_only": true,
				"direction": "outwards"
			},
			"minecraft:particle_lifetime_expression": {
				"max_lifetime": "variable.lifetime"
			},
			"minecraft:particle_initial_spin": {
				"rotation": "variable.particle_random_1*360",
				"rotation_rate": 900
			},
			"minecraft:particle_initial_speed": 2,
			"minecraft:particle_motion_dynamic": {
				"linear_drag_coefficient": 5
			},
			"minecraft:particle_appearance_billboard": {
				"size": ["variable.size_curve+(variable.size_variant*variable.particle_random_4)", "variable.size_curve+(variable.size_variant*variable.particle_random_4)"],
				"facing_camera_mode": "direction_y",
				"uv": {
					"texture_width": 1,
					"texture_height": 1,
					"uv": [0, 0],
					"uv_size": [1, 1]
				}
			},
			"minecraft:particle_appearance_tinting": {
				"color": {
					"interpolant": "v.particle_age / v.particle_lifetime",
					"gradient": {
						"0.2": "#FFDBDBDB",
						"1.0": "#26A6A6A6"
					}
				}
			}
		}
	}
}