{
	"format_version": "1.10.0",
	"particle_effect": {
		"description": {
			"identifier": "pb_scraft:aura_frost_crystals",
			"basic_render_parameters": {
				"material": "particles_add",
				"texture": "textures/pb/scraft/particle/rocks"
			}
		},
		"curves": {
			"variable.size_curve": {
				"type": "linear",
				"input": "variable.particle_random_3",
				"horizontal_range": 1,
				"nodes": [0.13, 0.17, 0.3, 0.47]
			},
			"variable.radius_curve": {
				"type": "linear",
				"input": "variable.particle_random_3",
				"horizontal_range": 1,
				"nodes": [1, 1.2, 1.75, 2.15, 2.74, 3]
			},
			"variable.height_curve": {
				"type": "linear",
				"input": "variable.particle_random_3",
				"horizontal_range": 1,
				"nodes": [0.14, 0.32, 0.34, 0.29, 0.23]
			}
		},
		"components": {
			"minecraft:emitter_initialization": {
				"creation_expression": "variable.size = 0.1;variable.lifetime = 0.25;variable.size_variant = 1.0;variable.radius = 2.0;variable.radius_variant = 1;variable.spin_speed = 1;variable.height = 4;variable.spin_speed = 360;variable.angle = 0;variable.rotation = math.random(0,1);"
			},
			"minecraft:emitter_rate_instant": {
				"num_particles": 5
			},
			"minecraft:emitter_lifetime_once": {
				"active_time": 0.05
			},
			"minecraft:emitter_shape_disc": {
				"radius": 1,
				"surface_only": true,
				"direction": "outwards"
			},
			"minecraft:particle_lifetime_expression": {
				"max_lifetime": "math.random(variable.lifetime, variable.lifetime*1.6)"
			},
			"minecraft:particle_initial_speed": "(variable.particle_random_1*3)+4",
			"minecraft:particle_motion_dynamic": {
				"linear_drag_coefficient": 4
			},
			"minecraft:particle_appearance_billboard": {
				"size": ["variable.size_curve", "variable.size_curve*2.5"],
				"facing_camera_mode": "direction_y",
				"uv": {
					"texture_width": 1,
					"texture_height": 5,
					"uv": [0, "math.floor(variable.particle_random_4*5)"],
					"uv_size": [1, 1]
				}
			},
			"minecraft:particle_appearance_tinting": {
				"color": {
					"interpolant": "variable.particle_random_3",
					"gradient": {
						"0.3": "#E682B5F8",
						"1.0": "#733695DE"
					}
				}
			}
		}
	}
}