{
	"format_version": "1.10.0",
	"particle_effect": {
		"description": {
			"identifier": "pb_scraft:aura_bubbles_impact",
			"basic_render_parameters": {
				"material": "particles_add",
				"texture": "textures/pb/scraft/particle/bubble_animated_24_bloom"
			}
		},
		"curves": {
			"variable.size_curve": {
				"type": "linear",
				"input": "v.particle_age",
				"horizontal_range": "v.particle_lifetime",
				"nodes": [0.17, 0.38, 0.44, 0.36, 0.12]
			}
		},
		"components": {
			"minecraft:emitter_initialization": {
				"creation_expression": "variable.size = 0.1;variable.lifetime = 0.7;variable.size_variant = 1.0;variable.radius = 2.0;variable.radius_variant = 1;variable.spin_speed = 1;variable.height = 4;variable.spin_speed = 360;"
			},
			"minecraft:emitter_rate_instant": {
				"num_particles": 5
			},
			"minecraft:emitter_lifetime_once": {
				"active_time": 1
			},
			"minecraft:emitter_shape_point": {
				"offset": [0, "math.random(0,2)", 0],
				"direction": [0, 1, 0]
			},
			"minecraft:particle_lifetime_expression": {
				"max_lifetime": "math.random(variable.lifetime, variable.lifetime*1.6)"
			},
			"minecraft:particle_initial_speed": "math.random(0,6)",
			"minecraft:particle_motion_dynamic": {
				"linear_acceleration": ["-math.sin((variable.particle_age+variable.particle_random_1)*180)*10", 10, "math.cos((variable.particle_age+variable.particle_random_1)*180)*10"],
				"linear_drag_coefficient": "3+variable.particle_random_4*8"
			},
			"minecraft:particle_motion_parametric": {
				"rotation": 180
			},
			"minecraft:particle_appearance_billboard": {
				"size": ["variable.size_curve*1.5", "variable.size_curve*1.5"],
				"facing_camera_mode": "rotate_xyz",
				"uv": {
					"texture_width": 1,
					"texture_height": 8,
					"flipbook": {
						"base_UV": [0, 0],
						"size_UV": [1, 1],
						"step_UV": [0, 1],
						"frames_per_second": 14,
						"max_frame": 8,
						"stretch_to_lifetime": true
					}
				}
			},
			"minecraft:particle_appearance_tinting": {
				"color": {
					"interpolant": "variable.particle_random_3",
					"gradient": {
						"0.0": "#24FFFFFF",
						"0.24": "#C9FFFFFF",
						"1.0": "#1CFFFFFF"
					}
				}
			}
		}
	}
}