{
	"format_version": "1.10.0",
	"particle_effect": {
		"description": {
			"identifier": "pb_scraft:aura_frost_snowflakes_2",
			"basic_render_parameters": {
				"material": "particles_add",
				"texture": "textures/pb/scraft/particle/freeze_hit_4"
			}
		},
		"curves": {
			"variable.size_curve": {
				"type": "linear",
				"input": "variable.particle_random_3",
				"horizontal_range": 1,
				"nodes": [0.1, 0.2, 0.48]
			},
			"variable.radius_curve": {
				"type": "linear",
				"input": "variable.particle_random_3",
				"horizontal_range": 1,
				"nodes": [1, 1.2, 1.75, 2.15, 2.74, 3]
			}
		},
		"components": {
			"minecraft:emitter_initialization": {
				"creation_expression": "variable.size = 0.1;variable.lifetime = 0.5;variable.size_variant = 1.0;variable.radius = 2.0;variable.radius_variant = 1;variable.spin_speed = 1;variable.height = 4;variable.spin_speed = 360;"
			},
			"minecraft:emitter_rate_instant": {
				"num_particles": 5
			},
			"minecraft:emitter_lifetime_once": {
				"active_time": 0.05
			},
			"minecraft:emitter_shape_point": {},
			"minecraft:particle_lifetime_expression": {
				"max_lifetime": "math.random(variable.lifetime, variable.lifetime*1.6)"
			},
			"minecraft:particle_initial_spin": {
				"rotation": "math.random(-5,5)"
			},
			"minecraft:particle_initial_speed": 1,
			"minecraft:particle_motion_parametric": {
				"relative_position": ["(variable.radius_curve)*-math.sin((variable.particle_age+variable.particle_random_1*10)*variable.spin_speed*variable.particle_random_2)", "variable.particle_random_2*1.5+variable.particle_age", "(variable.radius_curve)*math.cos((variable.particle_age+variable.particle_random_1*10)*variable.spin_speed*variable.particle_random_2)"],
				"rotation": -180
			},
			"minecraft:particle_appearance_billboard": {
				"size": ["variable.size_curve", "variable.size_curve"],
				"facing_camera_mode": "rotate_xyz",
				"uv": {
					"texture_width": 1,
					"texture_height": 4,
					"uv": [0, "math.floor(variable.particle_random_4*4)"],
					"uv_size": [1, 1]
				}
			},
			"minecraft:particle_appearance_tinting": {
				"color": {
					"interpolant": "v.particle_age/v.particle_lifetime",
					"gradient": {
						"0.0": "#402C90FB",
						"0.27": "#ABA7C0F8",
						"0.71": "#96A8DCFF",
						"1.0": "#1AE0F9FF"
					}
				}
			}
		}
	}
}