{
	"format_version": "1.10.0",
	"particle_effect": {
		"description": {
			"identifier": "pb_scraft:ice_impact_crystals",
			"basic_render_parameters": {
				"material": "particles_add",
				"texture": "textures/pb/scraft/particle/rocks"
			}
		},
		"curves": {
			"variable.stretch_curve": {
				"type": "linear",
				"input": "v.particle_age",
				"horizontal_range": "v.particle_lifetime",
				"nodes": [1, 4, 4, 4]
			}
		},
		"components": {
			"minecraft:emitter_initialization": {
				"creation_expression": "variable.size = 0.25;variable.size_variant = 0.15;variable.spawn_radius = 0.3;variable.particle_growth = 3.2;variable.lifetime = 0.8;"
			},
			"minecraft:emitter_rate_instant": {
				"num_particles": 30
			},
			"minecraft:emitter_lifetime_once": {
				"active_time": 1
			},
			"minecraft:emitter_shape_sphere": {
				"radius": 1,
				"direction": "outwards"
			},
			"minecraft:particle_lifetime_expression": {
				"max_lifetime": "Math.random(variable.lifetime, variable.lifetime*1.5)"
			},
			"minecraft:particle_initial_spin": {
				"rotation": "(variable.particle_random_3-0.5)*60"
			},
			"minecraft:particle_initial_speed": "Math.random(4,8)",
			"minecraft:particle_motion_dynamic": {
				"linear_drag_coefficient": 10
			},
			"minecraft:particle_appearance_billboard": {
				"size": ["variable.stretch_curve*variable.size+(variable.particle_random_1*variable.size_variant)", "variable.size+(variable.particle_random_1*variable.size_variant)"],
				"facing_camera_mode": "direction_x",
				"uv": {
					"texture_width": 32,
					"texture_height": 160,
					"uv": [0, "math.floor(variable.particle_random_4*6)*32"],
					"uv_size": [32, 32]
				}
			},
			"minecraft:particle_appearance_tinting": {
				"color": {
					"interpolant": "v.particle_age/v.particle_lifetime",
					"gradient": {
						"0.0": "#FF41BDC7",
						"0.39": "#FF468CDF",
						"0.85": "#C4468CDF",
						"1.0": "#24468CDF"
					}
				}
			}
		}
	}
}