{
	"format_version": "1.10.0",
	"particle_effect": {
		"description": {
			"identifier": "pb_scraft:ice_spike_impact",
			"basic_render_parameters": {
				"material": "particles_add",
				"texture": "textures/pb/scraft/particle/ice_spikes_particle"
			}
		},
		"curves": {
			"variable.size_curve": {
				"type": "linear",
				"input": "v.particle_age",
				"horizontal_range": "v.particle_lifetime",
				"nodes": [0.08, 0.13, 0]
			}
		},
		"components": {
			"minecraft:emitter_initialization": {
				"creation_expression": "variable.lifetime = 0.4;variable.size_variant = 0.1;"
			},
			"minecraft:emitter_rate_instant": {
				"num_particles": 20
			},
			"minecraft:emitter_lifetime_once": {
				"active_time": 1
			},
			"minecraft:emitter_shape_sphere": {
				"offset": [0, 0.2, 0],
				"radius": 0.3,
				"surface_only": true,
				"direction": "outwards"
			},
			"minecraft:particle_lifetime_expression": {
				"max_lifetime": "(variable.particle_random_1*variable.lifetime)+0.1"
			},
			"minecraft:particle_initial_speed": "(variable.particle_random_1*6)+10",
			"minecraft:particle_motion_dynamic": {
				"linear_acceleration": [0, -4, 0],
				"linear_drag_coefficient": "3-(variable.particle_age*5)"
			},
			"minecraft:particle_appearance_billboard": {
				"size": ["6*variable.size_curve+variable.size_variant*variable.particle_random_4", "1*variable.size_curve+variable.size_variant*variable.particle_random_4"],
				"facing_camera_mode": "lookat_direction",
				"uv": {
					"texture_width": 3,
					"texture_height": 1,
					"uv": ["math.floor(variable.particle_random_4*3)", 0],
					"uv_size": [1, 1]
				}
			},
			"minecraft:particle_motion_collision": {
				"coefficient_of_restitution": 2,
				"collision_radius": 0.25,
				"expire_on_contact": true
			},
			"minecraft:particle_appearance_tinting": {
				"color": {
					"interpolant": "v.particle_age / v.particle_lifetime",
					"gradient": {
						"0.0": "#F5FFFFFF",
						"0.43": "#A8FFFFFF",
						"1.0": "#36D9F9FF"
					}
				}
			}
		}
	}
}