{
	"format_version": "1.10.0",
	"particle_effect": {
		"description": {
			"identifier": "pb_scraft:ice_spike_dust_small",
			"basic_render_parameters": {
				"material": "particles_add",
				"texture": "textures/pb/scraft/particle/freezing_fog"
			}
		},
		"components": {
			"minecraft:emitter_initialization": {
				"creation_expression": "variable.lifetime = 0.75;variable.acc_deviation = 3;variable.acceleration = 1;"
			},
			"minecraft:emitter_rate_instant": {
				"num_particles": 10
			},
			"minecraft:emitter_lifetime_once": {
				"active_time": 1
			},
			"minecraft:emitter_shape_sphere": {
				"offset": [0, 0.2, 0],
				"radius": 0.2,
				"direction": "outwards"
			},
			"minecraft:particle_lifetime_expression": {
				"max_lifetime": "Math.random(variable.lifetime, variable.lifetime*1.5)"
			},
			"minecraft:particle_expire_if_not_in_blocks": ["minecraft:air", "minecraft:tallgrass"],
			"minecraft:particle_initial_spin": {
				"rotation": "math.random(-90, 90)",
				"rotation_rate": "math.random(-5, 5)"
			},
			"minecraft:particle_initial_speed": 12,
			"minecraft:particle_motion_dynamic": {
				"linear_acceleration": ["math.sin(variable.particle_age) * variable.acceleration + math.random(-1, 1) * variable.acc_deviation", -1, "math.cos(variable.particle_age) * variable.acceleration + math.random(-1, 1) * variable.acc_deviation"],
				"linear_drag_coefficient": "8+variable.particle_random_3*4"
			},
			"minecraft:particle_appearance_billboard": {
				"size": ["v.particle_random_1*2", "v.particle_random_1*2"],
				"facing_camera_mode": "lookat_xyz",
				"uv": {
					"texture_width": 1,
					"texture_height": 4,
					"uv": [0, "math.floor(variable.particle_random_1*4)"],
					"uv_size": [1, 1]
				}
			},
			"minecraft:particle_motion_collision": {
				"collision_radius": 0.01
			},
			"minecraft:particle_appearance_tinting": {
				"color": {
					"interpolant": "v.particle_age / v.particle_lifetime",
					"gradient": {
						"0.0": "#A3EEFEFF",
						"0.56": "#7ADAFAFF",
						"1.0": "#008CE1FF"
					}
				}
			}
		}
	}
}