{
	"format_version": "1.10.0",
	"particle_effect": {
		"description": {
			"identifier": "pb_scraft:ice_spike_fog",
			"basic_render_parameters": {
				"material": "particles_add",
				"texture": "textures/pb/scraft/particle/fog_64"
			}
		},
		"curves": {
			"variable.opacity": {
				"type": "catmull_rom",
				"input": "v.particle_age",
				"horizontal_range": "v.particle_lifetime",
				"nodes": [0, 0.41, 0, -2.42]
			}
		},
		"components": {
			"minecraft:emitter_initialization": {
				"creation_expression": "variable.spawn_rate = 10;variable.radius = 8;variable.lifetime = 2.5;variable.offset = -0;variable.acc_deviation = 3;variable.acceleration = 1;"
			},
			"minecraft:emitter_rate_instant": {
				"num_particles": 5
			},
			"minecraft:emitter_lifetime_once": {
				"active_time": 1
			},
			"minecraft:emitter_shape_sphere": {
				"radius": "variable.radius",
				"direction": [0, 1, 0]
			},
			"minecraft:particle_lifetime_expression": {
				"max_lifetime": "Math.random(variable.lifetime, variable.lifetime*1.5)"
			},
			"minecraft:particle_expire_if_not_in_blocks": ["minecraft:air", "minecraft:tallgrass"],
			"minecraft:particle_initial_spin": {
				"rotation": "math.random(-90, 90)",
				"rotation_rate": "math.random(-5, 5)"
			},
			"minecraft:particle_initial_speed": 4,
			"minecraft:particle_motion_dynamic": {
				"linear_acceleration": ["math.sin(variable.particle_age) * variable.acceleration + math.random(-1, 1) * variable.acc_deviation", -1, "math.cos(variable.particle_age) * variable.acceleration + math.random(-1, 1) * variable.acc_deviation"],
				"linear_drag_coefficient": 0.7
			},
			"minecraft:particle_appearance_billboard": {
				"size": ["3 + v.particle_random_1*2", "3 + v.particle_random_1*2 + (v.particle_random_2-0.5) * 0.2"],
				"facing_camera_mode": "lookat_xyz"
			},
			"minecraft:particle_motion_collision": {
				"collision_radius": 0.01
			},
			"minecraft:particle_appearance_tinting": {
				"color": {
					"interpolant": "v.particle_age / v.particle_lifetime",
					"gradient": {
						"0.0": "#00FFFFFF",
						"0.5": "#24FFFFFF",
						"1.0": "#00FFFFFF"
					}
				}
			}
		}
	}
}