{
	"format_version": "1.10.0",
	"particle_effect": {
		"description": {
			"identifier": "pb_scraft:twirl_bubbles",
			"basic_render_parameters": {
				"material": "particles_add",
				"texture": "textures/pb/scraft/particle/bubble_animated_24_bloom"
			}
		},
		"curves": {
			"variable.size_curve": {
				"type": "linear",
				"input": "variable.particle_random_4",
				"horizontal_range": 1,
				"nodes": [0.29, 0.2, 0.45, 0.45, 0.92]
			},
			"variable.radius_curve": {
				"type": "linear",
				"input": "variable.particle_random_3",
				"horizontal_range": 1,
				"nodes": [1.25, 1.53, 2.55, 3.61]
			},
			"variable.height_curve": {
				"type": "linear",
				"input": "variable.particle_random_3",
				"horizontal_range": 1,
				"nodes": [0.14, 1.17, 0.64, 0.35, 0.23]
			}
		},
		"components": {
			"minecraft:emitter_initialization": {
				"creation_expression": "variable.size = 0.1;variable.lifetime = 0.5;variable.size_variant = 1.0;variable.radius = 2.0;variable.radius_variant = 1;variable.spin_speed = 1;variable.height = 3;variable.spin_speed = 360;variable.angle = 0;variable.rotation = math.random(0,1);"
			},
			"minecraft:emitter_rate_instant": {
				"num_particles": 30
			},
			"minecraft:emitter_lifetime_once": {
				"active_time": 1
			},
			"minecraft:emitter_shape_point": {},
			"minecraft:particle_lifetime_expression": {
				"max_lifetime": "math.random(variable.lifetime, variable.lifetime*1.8)"
			},
			"minecraft:particle_initial_speed": "(variable.particle_random_1*6)+14",
			"minecraft:particle_motion_parametric": {
				"relative_position": ["(variable.radius_curve)*-math.sin((variable.particle_age+variable.particle_random_1)*variable.spin_speed)", "variable.particle_random_2*variable.height", "(variable.radius_curve)*math.cos((variable.particle_age+variable.particle_random_1)*variable.spin_speed)"],
				"direction": ["-math.sin((variable.particle_age+variable.particle_random_1)*variable.spin_speed)", 0, "math.cos((variable.particle_age+variable.particle_random_1)*variable.spin_speed)"]
			},
			"minecraft:particle_appearance_billboard": {
				"size": ["variable.size_curve", "variable.size_curve"],
				"facing_camera_mode": "rotate_xyz",
				"uv": {
					"texture_width": 1,
					"texture_height": 8,
					"flipbook": {
						"base_UV": [0, 0],
						"size_UV": [1, 1],
						"step_UV": [0, 1],
						"frames_per_second": 8,
						"max_frame": 8,
						"stretch_to_lifetime": true
					}
				}
			},
			"minecraft:particle_appearance_tinting": {
				"color": {
					"interpolant": "v.particle_age/v.particle_lifetime",
					"gradient": {
						"0.0": "#FFFFFFFF",
						"0.76": "#ffffffff",
						"1.0": "#00FFFFFF"
					}
				}
			}
		}
	}
}