{
  "format_version": "1.19.0",
  "minecraft:entity": {
    "description": {
      "identifier": "wacky_animals:butterfly",
      "is_spawnable": true,
      "is_summonable": true,
      "is_experimental": false
    },
    "components": {
      "minecraft:type_family": {
        "family": [
          "butterfly",
          "mob",
          "arthropod"
        ]
      },
      "minecraft:health": {
        "value": 3,
        "max": 3
      },
      "minecraft:breathable": {
        "total_supply": 15,
        "suffocate_time": 0
      },
      "minecraft:behavior.panic": {
        "priority": 0,
        "speed_multiplier": 1.25
      },
      "minecraft:collision_box": {
        "width": 0.5,
        "height": 0.8
      },
      // "minecraft:behavior.run_around_like_crazy": {},
      "minecraft:can_fly": {},
      "minecraft:jump.static": {},
      "minecraft:flying_speed": {
        "value": 0.15
      },
      "minecraft:home": {
        "restriction_radius": 20,
        "home_block_list": [
          "minecraft:poppy",
          "minecraft:sunflower",
          "minecraft:grass",
          "minecraft:grass_block",
          "minecraft:leaves"
        ]
      },
      "minecraft:behavior.move_towards_home_restriction": {
        "priority": 9
      },
      "minecraft:movement.hover": {},
      "minecraft:navigation.hover": {
        "can_path_over_water": true,
        "can_sink": false,
        "can_pass_doors": false,
        "can_path_from_air": true,
        "avoid_water": true,
        "avoid_damage_blocks": true,
        "avoid_sun": false
      },
      "minecraft:behavior.random_hover": {
        "priority": 1,
        "xz_dist": 10,
        "y_dist": 8,
        "y_offset": -1,
        "interval": 1,
        "hover_height": [
          1,
          4
        ]
      },
      "minecraft:behavior.float": {
        "priority": 8
      },
      "minecraft:hurt_on_condition": {
        "damage_conditions": [
          {
            "filters": {
              "test": "in_lava", "subject": "self", "operator": "==", "value": true
            },
            "cause": "lava",
            "damage_per_tick": 4
          }
        ]
      },
      "minecraft:damage_sensor": {
        "triggers": [
          {
            "cause": "fall",
            "deals_damage": false
          }
        ]
      },
      "minecraft:physics": {},
      "minecraft:game_event_movement_tracking": {
        "emit_flap": true
      },
      "minecraft:conditional_bandwidth_optimization": {}
    },
    "events": {}
  }
}