{
  "format_version": "1.21.0",
  "minecraft:entity": {
    "description": {
      "identifier": "wacky_animals:duck",
      "is_spawnable": true,
      "is_summonable": true
    },
    "components": {
      "minecraft:is_hidden_when_invisible": {},
      "minecraft:type_family": {
        "family": [
          "duck",
          "mob"
        ]
      },
      "minecraft:breathable": {
        "total_supply": 15,
        "suffocate_time": 0
      },
      "minecraft:collision_box": {
        "width": 1,
        "height": 1.3
      },
      "minecraft:nameable": {},
      "minecraft:health": {
        "value": 10,
        "max": 10
      },
      "minecraft:hurt_on_condition": {
        "damage_conditions": [
          {
            "filters": {
              "test": "in_lava",
              "subject": "self",
              "operator": "==",
              "value": true
            },
            "cause": "lava",
            "damage_per_tick": 4
          }
        ]
      },
      "minecraft:movement": {
        "value": 0.2
      },
      "minecraft:damage_sensor": {
        "triggers": {
          "cause": "fall",
          "deals_damage": false
        }
      },
      "minecraft:leashable": {
        "soft_distance": 4.0,
        "hard_distance": 6.0,
        "max_distance": 10.0
      },
      "minecraft:balloonable": {
        "mass": 0.5
      },
      "minecraft:navigation.walk": {
        "can_path_over_water": true,
        "avoid_damage_blocks": true
      },
      "minecraft:movement.basic": {},
      "minecraft:jump.static": {},
      "minecraft:can_climb": {},
      "minecraft:despawn": {
        "despawn_from_distance": {}
      },
      "minecraft:behavior.float": {
        "priority": 0
      },
      "minecraft:behavior.panic": {
        "priority": 1,
        "speed_multiplier": 1.5
      },
      "minecraft:behavior.mount_pathing": {
        "priority": 2,
        "speed_multiplier": 1.5,
        "target_dist": 0.0,
        "track_target": true
      },
      "minecraft:behavior.tempt": {
        "priority": 4,
        "speed_multiplier": 1.0,
        "items": [
          "wheat_seeds",
          "beetroot_seeds",
          "melon_seeds",
          "pumpkin_seeds",
          "pitcher_pod",
          "torchflower_seeds"
        ]
      },
      "minecraft:behavior.random_stroll": {
        "priority": 6,
        "speed_multiplier": 1.0
      },
      "minecraft:behavior.look_at_player": {
        "priority": 7,
        "look_distance": 6.0,
        "probability": 0.02
      },
      "minecraft:behavior.random_look_around": {
        "priority": 8
      },
      "minecraft:physics": {},
      "minecraft:pushable": {
        "is_pushable": true,
        "is_pushable_by_piston": true
      },
      "minecraft:conditional_bandwidth_optimization": {},
      "minecraft:game_event_movement_tracking": {
        "emit_flap": true
      }
    },
    "events": {}
  }
}