{
  "format_version": "1.19.0",
  "minecraft:entity": {
    "description": {
      "identifier": "wacky_animals:hawk",
      "is_spawnable": true,
      "is_summonable": true,
      "is_experimental": false
    },
    "components": {
      "minecraft:type_family": {
        "family": [
          "hawk",
          "mob"
        ]
      },
      "minecraft:health": {
        "value": 20,
        "max": 20
      },
      "minecraft:breathable": {
        "total_supply": 15,
        "suffocate_time": 0
      },
      "minecraft:behavior.panic": {
        "priority": 0,
        "speed_multiplier": 1.25
      },
      "minecraft:collision_box": {
        "width": 2.3,
        "height": 1.2
      },
      "minecraft:can_fly": {},
      "minecraft:jump.static": {},
      "minecraft:flying_speed": {
        "value": 0.28
      },
      "minecraft:movement.hover": {},
      "minecraft:navigation.hover": {
        "can_path_over_water": true,
        "can_sink": false,
        "can_pass_doors": false,
        "can_path_from_air": true,
        "avoid_water": true,
        "avoid_damage_blocks": true,
        "avoid_sun": false
      },
      "minecraft:behavior.random_hover": {
        "priority": 1,
        "xz_dist": 30,
        "y_dist": 15,
        "y_offset": -1,
        "interval": 1,
        "hover_height": [
          15,
          25
        ]
      },
      "minecraft:behavior.float": {
        "priority": 8
      },
      "minecraft:hurt_on_condition": {
        "damage_conditions": [
          {
            "filters": {
              "test": "in_lava",
              "subject": "self",
              "operator": "==",
              "value": true
            },
            "cause": "lava",
            "damage_per_tick": 4
          }
        ]
      },
      "minecraft:damage_sensor": {
        "triggers": [
          {
            "cause": "fall",
            "deals_damage": false
          }
        ]
      },
      "minecraft:physics": {},
      "minecraft:game_event_movement_tracking": {
        "emit_flap": true
      },
      "minecraft:conditional_bandwidth_optimization": {}
    },
    "events": {}
  }
}