{
  "format_version": "1.20.0",
  "minecraft:entity": {
    "description": {
      "identifier": "wacky_animals:kangaroo",
      "is_spawnable": true,
      "is_summonable": true,
      "is_experimental": false
    },
    "components": {
      "minecraft:is_hidden_when_invisible": {},
      "minecraft:type_family": {
        "family": [
          "kangaroo",
          "mob"
        ]
      },
      "minecraft:breathable": {
        "total_supply": 15,
        "suffocate_time": 0
      },
      "minecraft:health": {
        "value": 30,
        "max": 30
      },
      "minecraft:collision_box": {
        "width": 1.3,
        "height": 2.5
      },
      "minecraft:movement": {
        "value": 0.28
      },
      "minecraft:navigation.walk": {
        "can_path_over_water": true,
        "avoid_damage_blocks": true,
        "avoid_water": true,
        "can_jump": true
      },
      "minecraft:behavior.jump_to_block": {
        "priority": 1,
        "search_width": 8,
        "scale_factor": 0.8,
        "search_height": 10,
        "minimum_distance": 4,
        "minimum_path_length": 4,
        "cooldown_range": [ 1, 2 ]
      },
      "minecraft:behavior.random_stroll": {
        "priority": 5,
        "speed_multiplier": 1.0
      },
      "minecraft:behavior.float": {
        "priority": 0
      },
      "minecraft:behavior.look_at_player": {
        "priority": 6,
        "target_distance": 6.0,
        "probability": 0.02
      },
      "minecraft:behavior.hurt_by_target": {
        "alert_same_type": false,
        "entity_types": [
          {
            "filters": {
              "all_of": [
                {
                  "test": "is_family",
                  "subject": "other",
                  "value": "lion",
                  "operator": "!="
                },
                {
                  "test": "is_family",
                  "subject": "other",
                  "value": "t-rex",
                  "operator": "!="
                }
              ]
            }
          }
        ]
      },
      "minecraft:behavior.panic": {
        "priority": 1,
        "speed_multiplier": 1.3
      },
      "minecraft:behavior.avoid_mob_type": {
        "probability_per_strength": 1,
        "walk_speed_multiplier": 1.3,
        "max_dist": 8,
        "entity_types": [
          {
            "filters": {
              "test": "is_family", "subject": "other", "value": "lion"
            }
          }
        ]
      },
      "minecraft:hurt_on_condition": {
        "damage_conditions": [
          {
            "filters": {
              "test": "in_lava",
              "subject": "self",
              "operator": "==",
              "value": true
            },
            "cause": "lava",
            "damage_per_tick": 4
          }
        ]
      },
      "minecraft:leashable": {
        "soft_distance": 4.0,
        "hard_distance": 6.0,
        "max_distance": 10.0
      },
      "minecraft:pushable": {
        "is_pushable": true,
        "is_pushable_by_piston": true
      },
      "minecraft:movement.skip": {
        "max_turn": 30
      },
      "minecraft:jump.static": {
        "jump_power": 2
      },
      "minecraft:can_climb": {},
      "minecraft:nameable": {},
      "minecraft:physics": {},
      "minecraft:conditional_bandwidth_optimization": {}
    },
    "events": {}
  }
}