{
  "format_version": "1.20.0",
  "minecraft:entity": {
    "description": {
      "identifier": "wacky_animals:lion",
      "is_spawnable": true,
      "is_summonable": true,
      "is_experimental": false
    },
    "components": {
      "minecraft:is_hidden_when_invisible": {},
      "minecraft:type_family": {
        "family": [
          "lion",
          "mob"
        ]
      },
      "minecraft:breathable": {
        "total_supply": 15,
        "suffocate_time": 0
      },
      "minecraft:health": {
        "value": 30,
        "max": 30
      },
      "minecraft:collision_box": {
        "width": 1.9,
        "height": 1.9
      },
      "minecraft:movement": {
        "value": 0.27
      },
      "minecraft:attack": {
        "damage": 8
      },
      // "minecraft:behavior.melee_attack": {
      //   "require_complete_path": false,
      //   "reach_multiplier": 2.2,
      //   "speed_multiplier": 1.5
      // },
      "minecraft:behavior.delayed_attack": {
        "require_complete_path": false,
        "reach_multiplier": 2,
        "attack_duration": 1,
        "speed_multiplier": 1.35,
        "cooldown_time": 1.5
      },
      "minecraft:navigation.walk": {
        "can_path_over_water": true,
        "avoid_damage_blocks": true,
        "avoid_water": true
      },
      "minecraft:behavior.random_stroll": {
        "priority": 5,
        "interval": 10,
        "speed_multiplier": 1.0
      },
      "minecraft:behavior.float": {
        "priority": 0
      },
      "minecraft:behavior.look_at_player": {
        "priority": 6,
        "target_distance": 6.0,
        "probability": 0.02
      },
      "minecraft:hurt_on_condition": {
        "damage_conditions": [
          {
            "filters": {
              "test": "in_lava",
              "subject": "self",
              "operator": "==",
              "value": true
            },
            "cause": "lava",
            "damage_per_tick": 4
          }
        ]
      },
      "minecraft:leashable": {
        "soft_distance": 4.0,
        "hard_distance": 6.0,
        "max_distance": 10.0
      },
      "minecraft:behavior.hurt_by_target": {
        "alert_same_type": true,
        "priority": 2
      },
      "minecraft:behavior.avoid_mob_type": {
        "probability_per_strength": 1,
        "max_dist": 16,
        "entity_types": [
          {
            "filters": {
              "test": "is_family", "subject": "other", "value": "elephant"
            }
          }
        ]
      },
      "minecraft:behavior.nearest_attackable_target": {
        "priority": 2,
        "must_see": true,
        "must_see_forget_duration": 15,
        "reselect_targets": true,
        "within_radius": 24,
        "entity_types": [
          {
            "max_dist": 24,
            "walk_speed_multiplier": 1.2,
            "filters": {
              "any_of": [
                { "test": "is_family", "subject": "other", "value": "player" },
                { "test": "is_family", "subject": "other", "value": "deer" },
                { "test": "is_family", "subject": "other", "value": "zebra" },
                { "test": "is_family", "subject": "other", "value": "kiwi" },
                { "test": "is_family", "subject": "other", "value": "duck" },
                { "test": "is_family", "subject": "other", "value": "mouse" },
                { "test": "is_family", "subject": "other", "value": "hamster" },
                { "test": "is_family", "subject": "other", "value": "rabbit" },
                { "test": "is_family", "subject": "other", "value": "guinea_pig" },
                { "test": "is_family", "subject": "other", "value": "chicken" },
                { "test": "is_family", "subject": "other", "value": "kangaroo" }
              ]
            }
          }
        ]
      },
      "minecraft:pushable": {
        "is_pushable": true,
        "is_pushable_by_piston": true
      },
      "minecraft:movement.basic": {},
      "minecraft:block_climber": {},
      "minecraft:jump.static": {},
      "minecraft:can_climb": {},
      "minecraft:nameable": {},
      "minecraft:physics": {},
      "minecraft:conditional_bandwidth_optimization": {}
    },
    "events": {}
  }
}