{
  "format_version": "1.20.0",
  "minecraft:entity": {
    "description": {
      "identifier": "wacky_animals:seal",
      "is_spawnable": true,
      "is_summonable": true,
      "is_experimental": false
    },
    "component_groups": {
      "in_water": {}
    },
    "components": {
      "minecraft:is_hidden_when_invisible": {},
      "minecraft:type_family": {
        "family": [
          "seal",
          "mob"
        ]
      },
      "minecraft:breathable": {
        "breathes_water": true,
        "breathes_air": true
      },
      "minecraft:health": {
        "value": 20,
        "max": 20
      },
      "minecraft:collision_box": {
        "width": 2.2,
        "height": 1
      },
      "minecraft:movement": {
        "value": 0.1
      },
      "minecraft:underwater_movement": {
        "value": 0.22
      },
      "minecraft:behavior.panic": {
        "priority": 1,
        "speed_multiplier": 1.3
      },
      "minecraft:behavior.avoid_mob_type": {
        "probability_per_strength": 1,
        "walk_speed_multiplier": 1.3,
        "max_dist": 8,
        "entity_types": [
          {
            "filters": {
              "test": "is_family",
              "subject": "other",
              "value": "shark"
            }
          }
        ]
      },
      "minecraft:behavior.look_at_player": {
        "priority": 6,
        "target_distance": 6.0,
        "probability": 0.02
      },
      "minecraft:behavior.random_swim": {
        "avoid_surface": false,
        "interval": 20,
        "xz_dist": 10,
        "y_dist": 7
      },
      "minecraft:behavior.random_stroll": {
        "interval": 20,
        "xz_dist": 10,
        "y_dist": 7
      },
      "minecraft:movement.amphibious": {},
      "minecraft:navigation.generic": {
        "is_amphibious": false,
        "avoid_water": false,
        "avoid_damage_blocks": true,
        "can_path_over_water": true,
        "can_jump": true,
        "can_walk": true,
        "can_swim": true,
        "can_sink": false
      },
      "minecraft:hurt_on_condition": {
        "damage_conditions": [
          {
            "filters": {
              "test": "in_lava",
              "subject": "self",
              "operator": "==",
              "value": true
            },
            "cause": "lava",
            "damage_per_tick": 4
          }
        ]
      },
      "minecraft:leashable": {
        "soft_distance": 4.0,
        "hard_distance": 6.0,
        "max_distance": 10.0
      },
      "minecraft:jump.static": {
        "jump_power": 0.5
      },
      "minecraft:pushable": {
        "is_pushable": true,
        "is_pushable_by_piston": true
      },
      "minecraft:can_climb": {},
      "minecraft:nameable": {},
      "minecraft:physics": {},
      "minecraft:conditional_bandwidth_optimization": {}
    },
    "events": {}
  }
}