{
  "format_version": "1.16.0",
  "minecraft:entity": {
    "description": {
      "identifier": "wacky_animals:shark",
      "is_spawnable": true,
      "is_summonable": true,
      "is_experimental": false
    },
    "component_groups": {
      "land": {
        "minecraft:mark_variant": {
          "value": 0
        },
        "minecraft:movement.basic": {},
        "minecraft:behavior.move_to_water": {
          "priority": 0,
          "search_range": 8,
          "search_height": 6,
          "search_count": 1,
          "goal_radius": 0.1
        }
      },
      "water": {
        "minecraft:mark_variant": {
          "value": 1
        },
        "minecraft:movement.sway": {
          "sway_amplitude": 0.0
        }
      }
    },
    "components": {
      "minecraft:is_hidden_when_invisible": {},
      "minecraft:type_family": {
        "family": [
          "shark",
          "mob"
        ]
      },
      "minecraft:collision_box": {
        "width": 2.7,
        "height": 1
      },
      "minecraft:breathable": {
        "total_supply": 15,
        "suffocate_time": 1,
        "breathes_air": false,
        "breathes_water": true
      },
      "minecraft:health": {
        "value": 20,
        "max": 20
      },
      "minecraft:hurt_on_condition": {
        "damage_conditions": [
          {
            "filters": {
              "test": "in_lava",
              "subject": "self",
              "operator": "==",
              "value": true
            },
            "cause": "lava",
            "damage_per_tick": 4
          }
        ]
      },
      "minecraft:movement": {
        "value": 0.12
      },
      "minecraft:underwater_movement": {
        "value": 0.12
      },
      "minecraft:navigation.generic": { // Allows the mob to go through water
        "is_amphibious": false,
        "can_path_over_water": false,
        "can_swim": true,
        "can_walk": true,
        "can_breach": false,
        "can_sink": false
      },
      "minecraft:attack": {
        "damage": 4
      },
      "minecraft:behavior.melee_attack": {
        "priority": 0,
        "require_complete_path": false,
        "reach_multiplier": 1.2
      },
      "minecraft:behavior.hurt_by_target": {
        "priority": 3
      },
      "minecraft:behavior.nearest_attackable_target": {
        "priority": 2,
        "must_reach": true,
        "must_see": false,
        "set_persistent": false,
        "within_radius": 16,
        "entity_types": [
          {
            "filters": {
              "all_of": [
                {
                  "test": "in_water",
                  "subject": "other",
                  "operator": "=="
                },
                {
                  "test": "is_family",
                  "subject": "other",
                  "value": "shark",
                  "operator": "!="
                }
              ]
            }
          }
        ]
      },
      "minecraft:physics": {
        "has_gravity": true
      },
      "minecraft:pushable": {
        "is_pushable": true,
        "is_pushable_by_piston": true
      },
      "minecraft:despawn": {
        "despawn_from_distance": {
          "min_distance": 32,
          "max_distance": 40
        }
      },
      "minecraft:behavior.avoid_mob_type": {
        "priority": 1,
        "entity_types": [
          {
            "filters": {
              "any_of": [
                {
                  "test": "is_family",
                  "subject": "other",
                  "value": "player"
                },
                {
                  "test": "is_family",
                  "subject": "other",
                  "value": "axolotl"
                }
              ]
            },
            "max_dist": 3,
            "max_flee": 10,
            "walk_speed_multiplier": 1.5,
            "sprint_speed_multiplier": 2.0
          }
        ]
      },
      "minecraft:behavior.swim_idle": {
        "priority": 5,
        "idle_time": 5.0,
        "success_rate": 0.1
      },
      "minecraft:behavior.random_swim": { // Randomly selects points to go to, even in water
        "speed_multiplier": 1.0,
        "avoid_surface": true,
        "priority": 3,
        "xz_dist": 16,
        "y_dist": 4,
        "interval": 0
      },
      "minecraft:behavior.swim_wander": {
        "priority": 4,
        "interval": 0.0166,
        "look_ahead": 5.0,
        "speed_multiplier": 0.014,
        "wander_time": 5.0
      },
      "minecraft:flocking": {
        "in_water": true,
        "match_variants": false,
        "use_center_of_mass": false,
        "low_flock_limit": 4,
        "high_flock_limit": 8,
        "goal_weight": 2.0,
        "loner_chance": 0.1,
        "influence_radius": 3.0,
        "breach_influence": 7.0,
        "separation_weight": 0.65,
        "separation_threshold": 0.15,
        "cohesion_weight": 2.25,
        "cohesion_threshold": 1.5,
        "innner_cohesion_threshold": 1.5,
        "min_height": 4.0,
        "max_height": 4.0,
        "block_distance": 1.0,
        "block_weight": 0.75
      },
      "minecraft:nameable": {},
      "minecraft:conditional_bandwidth_optimization": {},
      "minecraft:environment_sensor": {
        "triggers": [
          {
            "filters": {
              "all_of": [
                {
                  "test": "is_mark_variant",
                  "value": 0
                },
                {
                  "test": "in_water",
                  "operator": "=="
                }
              ]
            },
            "event": "in_water",
            "target": "self"
          },
          {
            "filters": {
              "all_of": [
                {
                  "test": "is_mark_variant",
                  "value": 1
                },
                {
                  "test": "in_water",
                  "operator": "!="
                }
              ]
            },
            "event": "on_land",
            "target": "self"
          }
        ]
      }
    },
    "events": {
      "minecraft:entity_spawned": {
        "add": {
          "component_groups": [
            "water"
          ]
        }
      },
      "in_water": {
        "remove": {
          "component_groups": [
            "land"
          ]
        },
        "add": {
          "component_groups": [
            "water"
          ]
        }
      },
      "on_land": {
        "remove": {
          "component_groups": [
            "water"
          ]
        },
        "add": {
          "component_groups": [
            "land"
          ]
        }
      }
    }
  }
}