{
  "format_version": "1.20.0",
  "minecraft:entity": {
    "description": {
      "identifier": "wacky_animals:t-rex",
      "is_spawnable": true,
      "is_summonable": true,
      "is_experimental": false
    },
    "components": {
      "minecraft:is_hidden_when_invisible": {},
      "minecraft:type_family": {
        "family": [
          "t-rex",
          "mob"
        ]
      },
      "minecraft:breathable": {
        "total_supply": 15,
        "suffocate_time": 0
      },
      "minecraft:health": {
        "value": 60,
        "max": 60
      },
      "minecraft:collision_box": {
        "width": 1.9,
        "height": 2
      },
      "minecraft:movement": {
        "value": 0.27
      },
      "minecraft:attack": {
        "damage": 8
      },
      "minecraft:behavior.delayed_attack": {
        "require_complete_path": false,
        "reach_multiplier": 2,
        "attack_duration": 1,
        "speed_multiplier": 1.35,
        "cooldown_time": 1.5
      },
      "minecraft:navigation.walk": {
        "can_path_over_water": true,
        "avoid_damage_blocks": true,
        "avoid_water": true
      },
      "minecraft:behavior.random_stroll": {
        "priority": 5,
        "interval": 10,
        "speed_multiplier": 1.0
      },
      "minecraft:behavior.float": {
        "priority": 0
      },
      "minecraft:behavior.look_at_player": {
        "priority": 6,
        "target_distance": 6.0,
        "probability": 0.02
      },
      "minecraft:hurt_on_condition": {
        "damage_conditions": [
          {
            "filters": {
              "test": "in_lava",
              "subject": "self",
              "operator": "==",
              "value": true
            },
            "cause": "lava",
            "damage_per_tick": 4
          }
        ]
      },
      "minecraft:leashable": {
        "soft_distance": 4.0,
        "hard_distance": 6.0,
        "max_distance": 10.0
      },
      "minecraft:behavior.hurt_by_target": {
        "alert_same_type": true,
        "priority": 2
      },
      "minecraft:behavior.nearest_attackable_target": {
        "priority": 2,
        "must_see": true,
        "must_see_forget_duration": 15,
        "reselect_targets": true,
        "within_radius": 24,
        "entity_types": [
          {
            "max_dist": 24,
            "walk_speed_multiplier": 1.2,
            "filters": {
              "any_of": [
                {
                  "test": "is_family",
                  "subject": "other",
                  "value": "player"
                },
                {
                  "test": "is_family",
                  "subject": "other",
                  "value": "deer"
                },
                {
                  "test": "is_family",
                  "subject": "other",
                  "value": "zebra"
                },
                {
                  "test": "is_family",
                  "subject": "other",
                  "value": "kiwi"
                },
                {
                  "test": "is_family",
                  "subject": "other",
                  "value": "duck"
                },
                {
                  "test": "is_family",
                  "subject": "other",
                  "value": "mouse"
                },
                {
                  "test": "is_family",
                  "subject": "other",
                  "value": "hamster"
                },
                {
                  "test": "is_family",
                  "subject": "other",
                  "value": "rabbit"
                },
                {
                  "test": "is_family",
                  "subject": "other",
                  "value": "guinea_pig"
                },
                {
                  "test": "is_family",
                  "subject": "other",
                  "value": "chicken"
                },
                {
                  "test": "is_family",
                  "subject": "other",
                  "value": "kangaroo"
                },
                {
                  "test": "is_family",
                  "subject": "other",
                  "value": "elephant"
                }
              ]
            }
          }
        ]
      },
      "minecraft:knockback_resistance": {
        "value": 100,
        "max": 100
      },
      "minecraft:pushable": {
        "is_pushable": true,
        "is_pushable_by_piston": true
      },
      "minecraft:movement.basic": {},
      "minecraft:block_climber": {},
      "minecraft:jump.static": {},
      "minecraft:can_climb": {},
      "minecraft:nameable": {},
      "minecraft:physics": {},
      "minecraft:conditional_bandwidth_optimization": {}
    },
    "events": {}
  }
}