{
  "format_version": "1.20.0",
  "minecraft:entity": {
    "description": {
      "identifier": "wacky_animals:wacky_parrot",
      "is_spawnable": true,
      "is_summonable": true,
      "is_experimental": false,
      "animations": {
        "fly": "controller.animation.wacky_animals.fly"
      },
      "scripts": {
        "animate": [ "fly" ]
      }
    },
    "component_groups": {
      "walk": {
        "minecraft:mark_variant": {
          "value": 0
        },
        "minecraft:navigation.walk": {
          "avoid_damage_blocks": true,
          "can_path_over_water": true,
          "can_swim": true
        },
        "minecraft:behavior.random_stroll": {
          "priority": 5,
          "speed_multiplier": 1.0
        },
        "minecraft:movement.basic": {},
        "minecraft:block_climber": {},
        "minecraft:jump.static": {},
        "minecraft:can_climb": {},
        "minecraft:movement": {
          "value": 0.12
        },
        "minecraft:physics": {},

        "minecraft:timer": {
          "time": [ 10, 25 ],
          "looping": false,
          "randomInterval": true,
          "time_down_event": {
            "event": "fly",
            "target": "self"
          }
        }
      },

      "fly": {
        "minecraft:mark_variant": {
          "value": 1
        },
        "minecraft:behavior.random_hover": {
          "priority": 2,
          "xz_dist": 10,
          "y_dist": 7,
          "y_offset": 1,
          "interval": 1,
          "hover_height": [ 4, 6 ]
        },
        "minecraft:flying_speed": {
          "value": 0.15
        },
        "minecraft:navigation.hover": {
          "can_path_over_water": true,
          "can_path_from_air": true,
          "can_sink": true,
          "avoid_water": false,
          "avoid_damage_blocks": true
        },
        "minecraft:movement.hover": {},
        "minecraft:can_fly": {},
        "minecraft:physics": {},

        "minecraft:timer": {
          "time": [ 10, 20 ],
          "looping": true,
          "randomInterval": true,
          "time_down_event": {
            "filters": {
              "test": "is_altitude",
              "operator": "<=",
              "value": 4
            },
            "event": "walk",
            "target": "self"
          }
        },

        "minecraft:environment_sensor": {
          "triggers": [
            {
              "filters": {
                "test": "on_ground",
                "subject": "self"
              },
              "event": "walk",
              "target": "self"
            }
          ]
        }
      }
    },
    "components": {
      "minecraft:is_hidden_when_invisible": {},
      // "minecraft:behavior.stay_while_sitting": {},
      "minecraft:type_family": {
        "family": [
          "wacky_parrot",
          "parrot",
          "mob"
        ]
      },
      "minecraft:breathable": {
        "total_supply": 15,
        "suffocate_time": 0
      },
      "minecraft:health": {
        "value": 20,
        "max": 20
      },
      "minecraft:collision_box": {
        "width": 0.3,
        "height": 0.7
      },
      "minecraft:behavior.random_look_around_and_sit": {
        "priority": 4,
        "min_look_count": 2,
        "max_look_count": 5,
        "min_look_time": 80,
        "max_look_time": 150,
        "probability": 0.002
      },
      "minecraft:behavior.float": {
        "priority": 0
      },
      "minecraft:behavior.leap_at_target": {
        "priority": 2,
        "yd": 0.3
      },
      "minecraft:behavior.look_at_player": {
        "priority": 6,
        "target_distance": 6.0,
        "probability": 0.02
      },
      "minecraft:behavior.panic": {
        "priority": 1,
        "speed_multiplier": 1.25
      },
      "minecraft:hurt_on_condition": {
        "damage_conditions": [
          {
            "filters": {
              "test": "in_lava", "subject": "self", "operator": "==", "value": true
            },
            "cause": "lava",
            "damage_per_tick": 4
          }
        ]
      },
      "minecraft:damage_sensor": {
        "triggers": {
          "cause": "fall",
          "deals_damage": false
        }
      },
      "minecraft:leashable": {
        "soft_distance": 4.0,
        "hard_distance": 6.0,
        "max_distance": 10.0
      },
      "minecraft:pushable": {
        "is_pushable": true,
        "is_pushable_by_piston": true
      },
      // "minecraft:sittable": {},
      "minecraft:nameable": {},
      "minecraft:physics": {},
      "minecraft:conditional_bandwidth_optimization": {}
    },

    "events": {
      "minecraft:entity_spawned": {
        "add": {
          "component_groups": [
            "walk"
          ]
        }
      },
      "fly": {
        "remove": {
          "component_groups": [
            "walk"
          ]
        },
        "add": {
          "component_groups": [
            "fly"
          ]
        }
      },
      "walk": {
        "remove": {
          "component_groups": [
            "fly"
          ]
        },
        "add": {
          "component_groups": [
            "walk"
          ]
        }
      }
    }
  }
}