{
  "format_version": "1.20.0",
  "minecraft:entity": {
    "description": {
      "identifier": "wacky_animals:wacky_cat",
      "is_spawnable": true,
      "is_summonable": true,
      "is_experimental": false
    },
    "component_groups": {
      "wild": {
        "minecraft:tameable": {
          "probability": 0.33,
          "tame_items": [
            "fish",
            "salmon"
          ],
          "tame_event": {
            "event": "minecraft:on_tame",
            "target": "self"
          }
        },
        "minecraft:behavior.tempt": {
          "priority": 5,
          "speed_multiplier": 0.5,
          "within_radius": 16,
          "can_get_scared": true,
          "tempt_sound": "tempt",
          "sound_interval": [
            0,
            100
          ],
          "items": [
            "fish",
            "salmon"
          ]
        },
        "minecraft:behavior.panic": {
          "priority": 1,
          "speed_multiplier": 1.25
        },
        "minecraft:behavior.random_look_around_and_sit": {
          "priority": 4,
          "min_look_count": 2,
          "max_look_count": 5,
          "min_look_time": 80,
          "max_look_time": 150,
          "probability": 0.002
        },
        "minecraft:behavior.nearest_attackable_target": {
          "priority": 1,
          "reselect_targets": true,
          "within_radius": 16.0,
          "entity_types": [
            {
              "filters": {
                "any_of": [
                  {
                    "test": "is_family",
                    "subject": "other",
                    "value": "rabbit"
                  },
                  {
                    "test": "is_family",
                    "subject": "other",
                    "value": "mouse"
                  }
                ]
              },
              "max_dist": 8
            }
          ]
        }
      },
      "tamed": {
        "minecraft:is_tamed": {},
        "minecraft:sittable": {},
        "minecraft:behavior.stay_while_sitting": {
          "priority": 3
        },
        "minecraft:behavior.tempt": {
          "priority": 5,
          "speed_multiplier": 0.5,
          "within_radius": 16,
          "items": [
            "fish",
            "salmon"
          ]
        },
        "minecraft:behavior.follow_owner": {
          "priority": 4,
          "speed_multiplier": 1.0,
          "start_distance": 10,
          "stop_distance": 2
        },
        "minecraft:behavior.ocelot_sit_on_block": {
          "priority": 7,
          "speed_multiplier": 1.0
        },
        "minecraft:behavior.pet_sleep_with_owner": {
          "priority": 2,
          "speed_multiplier": 1.2,
          "search_radius": 10,
          "search_height": 10,
          "goal_radius": 1.0
        },
        "minecraft:on_wake_with_owner": {
          "event": "minecraft:pet_slept_with_owner",
          "target": "self"
        }
      },
      "minecraft:cat_gift_for_owner": {
        "minecraft:behavior.drop_item_for": {
          "priority": 1,
          "seconds_before_pickup": 0.0,
          "cooldown": 0.25,
          "drop_item_chance": 0.7,
          "offering_distance": 5.0,
          "minimum_teleport_distance": 2.0,
          "max_head_look_at_height": 10.0,
          "target_range": [
            5.0,
            5.0,
            5.0
          ],
          "teleport_offset": [
            0.0,
            1.0,
            0.0
          ],
          "time_of_day_range": [
            0.74999,
            0.80
          ],
          "speed_multiplier": 1.0,
          "search_range": 5,
          "search_height": 2,
          "search_count": 0,
          "goal_radius": 1.0,
          "entity_types": [
            {
              "filters": {
                "test": "is_family",
                "subject": "other",
                "value": "player"
              },
              "max_dist": 6
            }
          ],
          "loot_table": "loot_tables/entities/cat_gift.json",
          "on_drop_attempt": {
            "event": "minecraft:cat_gifted_owner",
            "target": "self"
          }
        }
      }
    },
    "components": {
      "minecraft:is_hidden_when_invisible": {},
      "minecraft:type_family": {
        "family": [
          "wacky_cat",
          "cat",
          "mob"
        ]
      },
      "minecraft:breathable": {
        "total_supply": 15,
        "suffocate_time": 0
      },
      "minecraft:health": {
        "value": 20,
        "max": 20
      },
      "minecraft:attack_damage": {
        "value": 4
      },
      "minecraft:collision_box": {
        "width": 0.5,
        "height": 0.5
      },
      "minecraft:movement": {
        "value": 0.3
      },
      "minecraft:navigation.walk": {
        "can_path_over_water": true,
        "avoid_damage_blocks": true,
        "avoid_water": true
      },
      "minecraft:behavior.random_stroll": {
        "priority": 5,
        "speed_multiplier": 1.0
      },
      "minecraft:behavior.float": {
        "priority": 0
      },
      "minecraft:healable": {
        "items": [
          {
            "item": "fish",
            "heal_amount": 2
          },
          {
            "item": "salmon",
            "heal_amount": 2
          }
        ]
      },
      "minecraft:behavior.look_at_player": {
        "priority": 6,
        "target_distance": 6.0,
        "probability": 0.02
      },
      "minecraft:behavior.leap_at_target": {
        "priority": 2,
        "yd": 0.3
      },
      "minecraft:behavior.ocelotattack": {
        "priority": 4,
        "cooldown_time": 1.0,
        "x_max_rotation": 30.0,
        "y_max_head_rotation": 30.0,
        "max_distance": 15.0,
        "max_sneak_range": 15.0,
        "max_sprint_range": 4.0,
        "reach_multiplier": 2.0,
        "sneak_speed_multiplier": 0.6,
        "sprint_speed_multiplier": 1.33,
        "walk_speed_multiplier": 0.8
      },
      "minecraft:hurt_on_condition": {
        "damage_conditions": [
          {
            "filters": {
              "test": "in_lava",
              "subject": "self",
              "operator": "==",
              "value": true
            },
            "cause": "lava",
            "damage_per_tick": 4
          }
        ]
      },
      "minecraft:damage_sensor": {
        "triggers": {
          "cause": "fall",
          "deals_damage": false
        }
      },
      "minecraft:leashable": {
        "soft_distance": 4.0,
        "hard_distance": 6.0,
        "max_distance": 10.0
      },
      "minecraft:pushable": {
        "is_pushable": true,
        "is_pushable_by_piston": true
      },
      "minecraft:movement.basic": {},
      "minecraft:block_climber": {},
      "minecraft:jump.dynamic": {},
      "minecraft:can_climb": {},
      // "minecraft:sittable": {},
      "minecraft:nameable": {},
      "minecraft:physics": {},
      "minecraft:conditional_bandwidth_optimization": {}
    },
    "events": {
      "minecraft:spawn_from_village": {},
      "minecraft:entity_spawned": {
        "add": {
          "component_groups": [
            "wild"
          ]
        }
      },
      "minecraft:on_tame": {
        "remove": {
          "component_groups": [
            "wild"
          ]
        },
        "add": {
          "component_groups": [
            "tamed"
          ]
        }
      },
      "minecraft:pet_slept_with_owner": {
        "add": {
          "component_groups": [
            "minecraft:cat_gift_for_owner"
          ]
        }
      },
      "minecraft:cat_gifted_owner": {
        "remove": {
          "component_groups": [
            "minecraft:cat_gift_for_owner"
          ]
        }
      }
    }
  }
}