{
  "format_version": "1.20.0",
  "minecraft:entity": {
    "description": {
      "identifier": "wacky_animals:wacky_snake",
      "is_spawnable": true,
      "is_summonable": true,
      "is_experimental": false
    },
    "component_groups": {},
    "components": {
      "minecraft:is_hidden_when_invisible": {},
      "minecraft:type_family": {
        "family": [
          "wacky_snake",
          "snake",
          "mob"
        ]
      },
      "minecraft:breathable": {
        "total_supply": 30,
        "suffocate_time": 1
      },
      "minecraft:health": {
        "value": 20,
        "max": 20
      },
      "minecraft:collision_box": {
        "width": 1,
        "height": 0.3
      },
      "minecraft:movement": {
        "value": 0.28
      },
      "minecraft:navigation.walk": {
        "can_path_over_water": true,
        "avoid_damage_blocks": true,
        "avoid_water": true
      },
      "minecraft:behavior.random_stroll": {
        "priority": 5,
        "speed_multiplier": 1.0
      },
      "minecraft:behavior.float": {
        "priority": 0
      },
      "minecraft:behavior.melee_attack": {
        "require_complete_path": false,
        "reach_multiplier": 1.1,
        "speed_multiplier": 1.2
      },
      "minecraft:behavior.hurt_by_target": {
        "priority": 1,
        "alert_same_type": true,
        "entity_types": {
          "filters": {
            "test": "is_family",
            "subject": "other",
            "value": "elephant",
            "operator": "!="
          }
        }
      },
      "minecraft:hurt_on_condition": {
        "damage_conditions": [
          {
            "filters": {
              "test": "in_lava",
              "subject": "self",
              "operator": "==",
              "value": true
            },
            "cause": "lava",
            "damage_per_tick": 4
          }
        ]
      },
      "minecraft:leashable": {
        "soft_distance": 4.0,
        "hard_distance": 6.0,
        "max_distance": 10.0
      },
      "minecraft:pushable": {
        "is_pushable": true,
        "is_pushable_by_piston": true
      },
      "minecraft:movement.basic": {},
      "minecraft:block_climber": {},
      "minecraft:jump.static": {},
      "minecraft:can_climb": {},
      "minecraft:nameable": {},
      "minecraft:physics": {},
      "minecraft:conditional_bandwidth_optimization": {}
    },
    "events": {}
  }
}