{
  "format_version": "1.20.0",
  "minecraft:entity": {
    "description": {
      "identifier": "wacky_animals:wacky_dog",
      "is_spawnable": true,
      "is_summonable": true,
      "is_experimental": false
    },
    "component_groups": {
      "wild": {
        "minecraft:tameable": {
          "probability": 0.33,
          "tame_items": "bone",
          "tame_event": {
            "event": "minecraft:on_tame",
            "target": "self"
          }
        },
        "minecraft:behavior.avoid_mob_type": {
          "priority": 3,
          "entity_types": [
            {
              "filters": { "test": "is_family", "subject": "other", "value": "llama" },
              "max_dist": 24,
              "walk_speed_multiplier": 1.5,
              "sprint_speed_multiplier": 1.5
            }
          ],
          "probability_per_strength": 0.14
        },
        "minecraft:behavior.panic": {
          "priority": 1,
          "speed_multiplier": 1.25
        },
        "minecraft:behavior.random_look_around_and_sit": {
          "priority": 4,
          "min_look_count": 2,
          "max_look_count": 5,
          "min_look_time": 80,
          "max_look_time": 150,
          "probability": 0.002
        },
        "minecraft:behavior.nearest_attackable_target": {
          "priority": 4,
          "reselect_targets": true,
          "must_see": true,
          "entity_types": [
            {
              "filters": {
                "any_of": [
                  { "test": "is_family", "subject": "other", "value": "skeleton" },
                  { "test": "is_family", "subject": "other", "value": "sheep" },
                  { "test": "is_family", "subject": "other", "value": "rabbit" },
                  { "test": "is_family", "subject": "other", "value": "fox" }
                ]
              },
              "max_dist": 16
            },
            {
              "filters": {
                "all_of": [
                  { "test": "is_family", "subject": "other", "value": "skeleton" },
                  { "test": "is_underwater", "subject": "other", "operator": "!=", "value": true }
                ]
              },
              "max_dist": 16
            }
          ]
        }
      },
      "tamed": {
        "minecraft:is_tamed": {},

        "minecraft:health": {
          "value": 40,
          "max": 40
        },

        "minecraft:sittable": {},
        "minecraft:behavior.stay_while_sitting": {
          "priority": 3
        },
        "minecraft:behavior.follow_owner": {
          "priority": 4,
          "speed_multiplier": 1.0,
          "start_distance": 10,
          "stop_distance": 2
        },
        "minecraft:behavior.owner_hurt_by_target": {
          "priority": 1
        },
        "minecraft:behavior.owner_hurt_target": {
          "priority": 2
        },
        "minecraft:behavior.nearest_attackable_target": {
          "priority": 5,
          "must_see": true,
          "entity_types": [
            {
              "filters": { "test": "is_family", "subject": "other", "value": "skeleton" },
              "max_dist": 16
            }
          ]
        }
      }
    },
    "components": {
      "minecraft:is_hidden_when_invisible": {},
      // "minecraft:behavior.stay_while_sitting": {},
      "minecraft:type_family": {
        "family": [
          "wacky_dog",
          "dog",
          "mob"
        ]
      },
      "minecraft:breathable": {
        "total_supply": 15,
        "suffocate_time": 0
      },
      "minecraft:health": {
        "value": 20,
        "max": 20
      },
      "minecraft:collision_box": {
        "width": 0.5,
        "height": 0.5
      },
      "minecraft:movement": {
        "value": 0.2
      },
      "minecraft:healable": {
        "items": [
          {
            "item": "porkchop",
            "heal_amount": 6
          },
          {
            "item": "cooked_porkchop",
            "heal_amount": 16
          },
          {
            "item": "fish",
            "heal_amount": 4
          },
          {
            "item": "salmon",
            "heal_amount": 4
          },
          {
            "item": "clownfish",
            "heal_amount": 2
          },
          {
            "item": "pufferfish",
            "heal_amount": 2
          },
          {
            "item": "cooked_fish",
            "heal_amount": 10
          },
          {
            "item": "cooked_salmon",
            "heal_amount": 12
          },
          {
            "item": "beef",
            "heal_amount": 6
          },
          {
            "item": "cooked_beef",
            "heal_amount": 16
          },
          {
            "item": "chicken",
            "heal_amount": 4
          },
          {
            "item": "cooked_chicken",
            "heal_amount": 12
          },
          {
            "item": "muttonRaw",
            "heal_amount": 4
          },
          {
            "item": "muttonCooked",
            "heal_amount": 12
          },
          {
            "item": "rotten_flesh",
            "heal_amount": 8
          },
          {
            "item": "rabbit",
            "heal_amount": 6
          },
          {
            "item": "cooked_rabbit",
            "heal_amount": 10
          },
          {
            "item": "rabbit_stew",
            "heal_amount": 20
          }
        ]
      },
      "minecraft:behavior.beg": {
        "priority": 9,
        "look_distance": 8,
        "look_time": [ 2, 4 ],
        "items": [
          "bone",
          "porkchop",
          "cooked_porkchop",
          "chicken",
          "cooked_chicken",
          "beef",
          "cooked_beef",
          "rotten_flesh",
          "muttonraw",
          "muttoncooked",
          "rabbit",
          "cooked_rabbit"
        ]
      },
      "minecraft:behavior.hurt_by_target": {
        "priority": 3
      },
      "minecraft:navigation.walk": {
        "can_path_over_water": true,
        "avoid_damage_blocks": true,
        "avoid_water": true
      },
      "minecraft:behavior.random_stroll": {
        "priority": 5,
        "speed_multiplier": 1.0
      },
      "minecraft:behavior.random_look_around_and_sit": {
        "priority": 4,
        "min_look_count": 2,
        "max_look_count": 5,
        "min_look_time": 80,
        "max_look_time": 150,
        "probability": 0.002
      },
      "minecraft:behavior.float": {
        "priority": 0
      },
      "minecraft:behavior.look_at_player": {
        "priority": 6,
        "target_distance": 6.0,
        "probability": 0.02
      },
      "minecraft:behavior.panic": {
        "priority": 1,
        "speed_multiplier": 1.25
      },
      "minecraft:hurt_on_condition": {
        "damage_conditions": [
          {
            "filters": {
              "test": "in_lava", "subject": "self", "operator": "==", "value": true
            },
            "cause": "lava",
            "damage_per_tick": 4
          }
        ]
      },
      "minecraft:leashable": {
        "soft_distance": 4.0,
        "hard_distance": 6.0,
        "max_distance": 10.0
      },
      "minecraft:pushable": {
        "is_pushable": true,
        "is_pushable_by_piston": true
      },
      "minecraft:movement.basic": {},
      "minecraft:block_climber": {},
      "minecraft:jump.dynamic": {},
      "minecraft:can_climb": {},
      // "minecraft:sittable": {},
      "minecraft:nameable": {},
      "minecraft:physics": {},
      "minecraft:conditional_bandwidth_optimization": {}
    },
    "events": {
      "minecraft:entity_spawned": {
        "add": {
          "component_groups": [
            "wild"
          ]
        }
      },

      "minecraft:on_tame": {
        "remove": {
          "component_groups": [
            "wild"
          ]
        },
        "add": {
          "component_groups": [
            "tamed"
          ]
        }
      }
    }
  }
}