{
  "format_version": "1.20.0",
  "minecraft:entity": {
    "description": {
      "identifier": "wacky_animals:wacky_sloth",
      "is_spawnable": true,
      "is_summonable": true,
      "is_experimental": false
    },
    "component_groups": {},
    "components": {
      "minecraft:is_hidden_when_invisible": {},
      "minecraft:type_family": {
        "family": [
          "wacky_sloth",
          "sloth",
          "mob"
        ]
      },
      "minecraft:breathable": {
        "total_supply": 15,
        "suffocate_time": 0
      },
      "minecraft:health": {
        "value": 20,
        "max": 20
      },
      "minecraft:collision_box": {
        "width": 1.5,
        "height": 0.7
      },
      "minecraft:movement": {
        "value": 0.16
      },
      "minecraft:navigation.walk": {
        "can_path_over_water": true,
        "avoid_damage_blocks": true,
        "avoid_water": true
      },
      "minecraft:behavior.random_stroll": {
        "priority": 5,
        "speed_multiplier": 1.0
      },
      "minecraft:behavior.float": {
        "priority": 0
      },
      "minecraft:behavior.look_at_player": {
        "priority": 6,
        "target_distance": 6.0,
        "probability": 0.02
      },
      "minecraft:behavior.panic": {
        "priority": 1,
        "speed_multiplier": 1.25
      },
      "minecraft:hurt_on_condition": {
        "damage_conditions": [
          {
            "filters": {
              "test": "in_lava",
              "subject": "self",
              "operator": "==",
              "value": true
            },
            "cause": "lava",
            "damage_per_tick": 4
          }
        ]
      },
      "minecraft:leashable": {
        "soft_distance": 4.0,
        "hard_distance": 6.0,
        "max_distance": 10.0
      },
      "minecraft:pushable": {
        "is_pushable": true,
        "is_pushable_by_piston": true
      },
      "minecraft:movement.basic": {},
      "minecraft:block_climber": {},
      "minecraft:jump.static": {},
      "minecraft:can_climb": {},
      "minecraft:nameable": {},
      "minecraft:physics": {},
      "minecraft:conditional_bandwidth_optimization": {}
    },
    "events": {}
  }
}