{
  "format_version": "1.20.0",
  "minecraft:entity": {
    "description": {
      "identifier": "wacky_animals:wacky_guinea_pig",
      "is_spawnable": true,
      "is_summonable": true,
      "is_experimental": false
    },
    "component_groups": {
      "wild": {
        "minecraft:tameable": {
          "probability": 0.33,
          "tame_items": [ "carrot", "sweet_berries" ],
          "tame_event": {
            "event": "minecraft:on_tame",
            "target": "self"
          }
        },
        "minecraft:behavior.tempt": {
          "priority": 5,
          "speed_multiplier": 0.5,
          "within_radius": 16,
          "can_get_scared": true,
          "tempt_sound": "tempt",
          "sound_interval": [0, 100],
          "items": [ "carrot", "sweet_berries" ]
        },
        "minecraft:behavior.panic": {
          "priority": 1,
          "speed_multiplier": 1.25
        },
        "minecraft:behavior.random_look_around_and_sit": {
          "priority": 4,
          "min_look_count": 2,
          "max_look_count": 5,
          "min_look_time": 80,
          "max_look_time": 150,
          "probability": 0.002
        }
      },
      "tamed": {
        "minecraft:is_tamed": {},

        "minecraft:sittable": {},
        "minecraft:behavior.stay_while_sitting": {
          "priority": 3
        },
        "minecraft:behavior.follow_owner": {
          "priority": 4,
          "speed_multiplier": 1.0,
          "start_distance": 7,
          "stop_distance": 1
        }
      }
    },
    "components": {
      "minecraft:is_hidden_when_invisible": {},
      // "minecraft:behavior.stay_while_sitting": {},
      "minecraft:type_family": {
        "family": [
          "wacky_guinea_pig",
          "guinea_pig",
          "mob"
        ]
      },
      "minecraft:breathable": {
        "total_supply": 15,
        "suffocate_time": 0
      },
      "minecraft:health": {
        "value": 10,
        "max": 10
      },
      "minecraft:collision_box": {
        "width": 0.3,
        "height": 0.35
      },
      "minecraft:movement": {
        "value": 0.2
      },
      "minecraft:healable": {
        "items": [
          {
            "item": "sweet_berries",
            "heal_amount": 2
          },
          {
            "item": "carrot",
            "heal_amount": 5
          }
        ]
      },
      "minecraft:behavior.beg": {
        "priority": 9,
        "look_distance": 8,
        "look_time": [ 2, 4 ],
        "items": [
          "sweet_berries",
          "carrot"
        ]
      },
      "minecraft:navigation.walk": {
        "can_path_over_water": true,
        "avoid_damage_blocks": true,
        "avoid_water": true
      },
      "minecraft:behavior.random_stroll": {
        "priority": 5,
        "speed_multiplier": 1.0
      },
      "minecraft:behavior.random_look_around_and_sit": {
        "priority": 4,
        "min_look_count": 2,
        "max_look_count": 5,
        "min_look_time": 80,
        "max_look_time": 150,
        "probability": 0.002
      },
      "minecraft:behavior.float": {
        "priority": 0
      },
      "minecraft:behavior.look_at_player": {
        "priority": 6,
        "target_distance": 6.0,
        "probability": 0.02
      },
      "minecraft:behavior.panic": {
        "priority": 1,
        "speed_multiplier": 1.25
      },
      "minecraft:hurt_on_condition": {
        "damage_conditions": [
          {
            "filters": {
              "test": "in_lava", "subject": "self", "operator": "==", "value": true
            },
            "cause": "lava",
            "damage_per_tick": 4
          }
        ]
      },
      "minecraft:leashable": {
        "soft_distance": 4.0,
        "hard_distance": 6.0,
        "max_distance": 10.0
      },
      "minecraft:pushable": {
        "is_pushable": true,
        "is_pushable_by_piston": true
      },
      "minecraft:movement.basic": {},
      "minecraft:block_climber": {},
      "minecraft:jump.static": {},
      "minecraft:can_climb": {},
      // "minecraft:sittable": {},
      "minecraft:nameable": {},
      "minecraft:physics": {},
      "minecraft:conditional_bandwidth_optimization": {}
    },
    "events": {}
  }
}