{
	"format_version": "1.21.50",
	"minecraft:entity": {
		"description": {
			"identifier": "nv_me:mining_mech",
			"is_spawnable": false,
			"is_summonable": true,
			"is_experimental": false,
			"properties": {
				"nv_me:yaw": {
					"client_sync": true,
					"type": "float",
					"range": [ -180.0, 180.0 ],
					"default": "(0.0)"
				},
				"nv_me:torso": {
					"client_sync": true,
					"type": "float",
					"range": [ -100.0, 100.0 ],
					"default": "(0.0)"
				},
				"nv_me:fuel": {
					"client_sync": true,
					"type": "float",
					"range": [ -100.0, 100.0 ],
					"default": "(0.0)"
				},
				"nv_me:protection_level": {
					"client_sync": true,
					"type": "int",
					"range": [ 1, 5 ],
					"default": 1
				},
				"nv_me:skill_level": {
					"client_sync": true,
					"type": "int",
					"range": [ 1, 5 ],
					"default": 1
				},
				"nv_me:mining": {
					"client_sync": true,
					"type": "bool",
					"default": false
				},
				"nv_me:has_block": {
					"client_sync": true,
					"type": "bool",
					"default": false
				},
				"nv_me:display_warn": {
					"type": "bool",
					"default": false
				},
				"nv_me:headlight": {
					"client_sync": true,
					"type": "bool",
					"default": false	
				}
			},
			"animations": {
				"display_warn": "controller.animation.nv_me.mech.display_warn",
				"mine_controller": "controller.animation.nv_me.mining_mech.mine",
				"mining_lv1": "animation.nv_me.mining_mech.mining_lv1",
				"mining_lv2": "animation.nv_me.mining_mech.mining_lv2",
				"mining_lv3": "animation.nv_me.mining_mech.mining_lv3",
				"mining_lv4": "animation.nv_me.mining_mech.mining_lv4",
				"mining_lv5": "animation.nv_me.mining_mech.mining_lv5"
			},
			"scripts": {"animate": ["display_warn", "mine_controller"]}
		},
		"component_groups": {
			"nv_me:ticking": {
				"minecraft:type_family": { "family": [ "mech", "irongolem" ] },
				"minecraft:timer": {
					"time": 0.0,
					"looping": true,
					"time_down_event": {
						"event": "nv_me:ticking",
						"target": "self"
					}
				}
			},
			"nv_me:mech_active": {
				"minecraft:movement": { "value": 0.15 },
				"minecraft:dash": {
					"cooldown_time": 3,
					"horizontal_momentum": 10,
					"vertical_momentum": 1.3
				}
			}
		},
		"components": {
			"minecraft:type_family": { "family": [ "mech" ] },
			"minecraft:body_rotation_blocked": {},
			"minecraft:input_ground_controlled": {},
			"minecraft:rideable": {
				"seat_count": 1,
				"crouching_skip_interact": true,
				"rider_can_interact": true,
				"family_types": [ "player" ],
				"interact_text": "action.interact.ride.mech",
				"seats": [
					{
						"position": [ 0.0, 3.1, 0.0 ],
						"max_rider_count": 1
					}
				]
			},
			"minecraft:custom_hit_test": {
				"hitboxes": [
					{
						"width": 4,
						"height": 1.5,
						"pivot": [0, 4.15, 0]
					},
					{
						"width": 2.3,
						"height": 3.5,
						"pivot": [0, 1.75, 0]
					}
				]
			},
			"minecraft:collision_box": {
				"width": 2.5,
				"height": 5
			},
			"minecraft:movement": { "value": 0.0 },
			"minecraft:underwater_movement": { "value": 0.05 },
			"minecraft:physics": {},
			"minecraft:pushable": { "is_pushable": false },
			"minecraft:is_stackable": {},
			"minecraft:persistent": {},
			"minecraft:fire_immune": {},
			"minecraft:jump.static": {},
			"minecraft:variable_max_auto_step": {
				"base_value": 1.2,
				"controlled_value": 1.2,
   				"jump_prevented_value": 1.3
			},
			"minecraft:health": {
				"value": 40,
				"max": 40,
				"min": 0
			},
			"minecraft:knockback_resistance": {
				"value": 5,
				"max": 10
			},
			"minecraft:interact": {
				"interactions": [
					{
						"on_interact": {
							"filters": {
								"any_of": [
									{
										"test": "has_equipment",
										"domain": "hand",
										"subject": "other",
										"value": "nv_me:skill_upgrade_lv2"
									},
									{
										"test": "has_equipment",
										"domain": "hand",
										"subject": "other",
										"value": "nv_me:skill_upgrade_lv3"
									},
									{
										"test": "has_equipment",
										"domain": "hand",
										"subject": "other",
										"value": "nv_me:skill_upgrade_lv4"
									},
									{
										"test": "has_equipment",
										"domain": "hand",
										"subject": "other",
										"value": "nv_me:skill_upgrade_lv5"
									}
								]
							}
						},
						"interact_text": "action.interact.mech.upgrade_skill"
					},
					{
						"on_interact": {
							"filters": {
								"any_of": [
									{
										"test": "has_equipment",
										"domain": "hand",
										"subject": "other",
										"value": "nv_me:protection_upgrade_lv2"
									},
									{
										"test": "has_equipment",
										"domain": "hand",
										"subject": "other",
										"value": "nv_me:protection_upgrade_lv3"
									},
									{
										"test": "has_equipment",
										"domain": "hand",
										"subject": "other",
										"value": "nv_me:protection_upgrade_lv4"
									},
									{
										"test": "has_equipment",
										"domain": "hand",
										"subject": "other",
										"value": "nv_me:protection_upgrade_lv5"
									}
								]
							}
						},
						"interact_text": "action.interact.mech.upgrade_protection"
					},
					{
						"on_interact": {
							"event": "nv_me:repair_mech",
							"filters": {
								"all_of": [
									{
										"test": "rider_count",
										"subject": "self",
										"operator": "==",
										"value": 0
									},
									{
										"test": "is_missing_health",
										"subject": "self",
										"value": true
									},
									{
										"test": "has_equipment",
										"domain": "hand",
										"subject": "other",
										"value": "nv_me:mech_repair_kit"
									}
								]
							}
						},
						"use_item": true,
						"interact_text": "action.interact.mech.repair"
					},
					{
						"on_interact": {
							"event": "nv_me:max_refuel",
							"filters": {
								"all_of": [
									{
										"test": "float_property",
										"domain": "nv_me:fuel",
										"subject": "self",
										"operator": ">",
										"value": 99
									},
									{
										"test": "is_moving",
										"subject": "self",
										"operator": "==",
										"value": false
									},
									{
										"any_of": [
											{
												"test": "has_equipment",
												"domain": "hand",
												"subject": "other",
												"value": "coal"
											},
											{
												"test": "has_equipment",
												"domain": "hand",
												"subject": "other",
												"value": "bucket:10"
											}
										]
									}
								]
							}
						},
						"interact_text": "action.interact.mech.refuel"
					},
					{
						"on_interact": {
							"event": "nv_me:refuel_coal",
							"filters": {
								"all_of": [
									{
										"test": "float_property",
										"domain": "nv_me:fuel",
										"subject": "self",
										"operator": "<",
										"value": 100
									},
									{
										"test": "is_moving",
										"subject": "self",
										"operator": "==",
										"value": false
									},
									{
										"test": "has_equipment",
										"domain": "hand",
										"subject": "other",
										"value": "coal"
									}
								]
							}
						},
						"use_item": true,
						"interact_text": "action.interact.mech.refuel"
					},
					{
						"on_interact": {
							"event": "nv_me:refuel_lava",
							"filters": {
								"all_of": [
									{
										"test": "float_property",
										"domain": "nv_me:fuel",
										"subject": "self",
										"operator": "<",
										"value": 100
									},
									{
										"test": "is_moving",
										"subject": "self",
										"operator": "==",
										"value": false
									},
									{
										"test": "has_equipment",
										"domain": "hand",
										"subject": "other",
										"value": "bucket:10"
									}
								]
							}
						},
						"transform_to_item": "minecraft:bucket",
						"play_sounds": "bucket.empty.lava",
						"interact_text": "action.interact.mech.refuel"
					},
					{
						"on_interact": {
							"event": "nv_me:headlight",
							"filters": {
								"all_of": [
									{
										"test": "rider_count",
										"subject": "self",
										"operator": "==",
										"value": 1
									},
									{
										"none_of": [
											{
												"test": "has_equipment",
												"domain": "hand",
												"subject": "other",
												"value": "coal"
											},
											{
												"test": "has_equipment",
												"domain": "hand",
												"subject": "other",
												"value": "bucket:10"
											}
										]
									},
									{
										"test": "float_property",
										"domain": "nv_me:fuel",
										"subject": "self",
										"operator": ">",
										"value": 0
									},
									{
										"test": "has_tag",
										"value": "nv_me:in_mech",
										"operator": "equals",
										"subject": "other"
									}
								]
							}
						}
					},
					{
						"on_interact": {
							"event": "nv_me:no_fuel",
							"filters": {
								"all_of": [
									{
										"test": "float_property",
										"domain": "nv_me:fuel",
										"subject": "self",
										"operator": "<",
										"value": 1
									},
									{
										"test": "has_tag",
										"value": "nv_me:in_mech",
										"operator": "not",
										"subject": "other"
									}
								]
							}
						},
						"interact_text": "action.interact.ride.mech"
					}
				]
			},
			"minecraft:damage_sensor": {
				"triggers": [
					{
						"cause": "fall",
						"deals_damage": "no"
					},
					{
						"on_damage": {
							"event": "nv_me:hit_action",
							"filters": [
								{
									"test": "is_family",
									"subject": "other",
									"value": "player"
								},
								{
									"test": "has_tag",
									"subject": "other",
									"operator": "==",
									"value": "nv_me:in_mech"
								}
							]
						},
						"deals_damage": "no"
					},
					{
						"on_damage": {
							"event": "nv_me:despawn",
							"filters": [
								{
									"all_of": [
										{
											"test": "has_tag",
											"subject": "self",
											"operator": "!=",
											"value": "nv_me:disassemble"
										},
										{
											"test": "rider_count",
											"subject": "self",
											"operator": "==",
											"value": 0
										},
										{
											"test": "is_family",
											"subject": "other",
											"value": "player"
										},
										{
											"test": "is_sneaking",
											"subject": "other",
											"value": true
										},
										{
											"test": "has_equipment",
											"domain": "hand",
											"subject": "other",
											"value": "nv_me:mech_wrench"
										}
									]
								}
							]
						},
						"deals_damage": "no"
					},
					{
						"on_damage": {
							"filters": [
								{
									"all_of": [
										{
											"test": "is_sneaking",
											"subject": "other",
											"value": false
										},
										{
											"test": "has_equipment",
											"domain": "hand",
											"subject": "other",
											"value": "nv_me:mech_wrench"
										}
									]
								}
							]
						},
						"deals_damage": "no"
					},
					{
						"cause": "all",
						"on_damage": {
							"filters": [
								{
									"test": "int_property",
									"domain": "nv_me:protection_level",
									"subject": "self",
									"operator": "equals",
									"value": 1
								}
							]
						},
						"damage_multiplier": 0.2
					},
					{
						"cause": "all",
						"on_damage": {
							"filters": [
								{
									"test": "int_property",
									"domain": "nv_me:protection_level",
									"subject": "self",
									"operator": "equals",
									"value": 2
								}
							]
						},
						"damage_multiplier": 0.15
					},
					{
						"cause": "all",
						"on_damage": {
							"filters": [
								{
									"test": "int_property",
									"domain": "nv_me:protection_level",
									"subject": "self",
									"operator": "equals",
									"value": 3
								}
							]
						},
						"damage_multiplier": 0.10
					},
					{
						"cause": "all",
						"on_damage": {
							"filters": [
								{
									"test": "int_property",
									"domain": "nv_me:protection_level",
									"subject": "self",
									"operator": "equals",
									"value": 4
								}
							]
						},
						"damage_multiplier": 0.05
					},
					{
						"cause": "all",
						"on_damage": {
							"filters": [
								{
									"test": "int_property",
									"domain": "nv_me:protection_level",
									"subject": "self",
									"operator": "equals",
									"value": 5
								}
							]
						},
						"damage_multiplier": 0.025
					}
				]
		  	},
			"minecraft:environment_sensor": {
				"triggers": [
					{
						"filters": [{
							"all_of": [
								{
									"test": "rider_count",
									"subject": "self",
									"operator": ">=",
									"value": 1
								}
							]
						}],
						"event": "nv_me:start_tick",
						"target": "self"
					},
					{
						"filters": [{
							"all_of": [
								{
									"test": "rider_count",
									"subject": "self",
									"operator": "==",
									"value": 0
								}
							]
						}],
						"event": "nv_me:stop_tick",
						"target": "self"
					},
					{
						"filters": [{
							"all_of": [
								{
									"test": "float_property",
									"domain": "nv_me:fuel",
									"subject": "self",
									"operator": ">",
									"value": 0
								}
							]
						}],
						"event": "nv_me:activate_mech",
						"target": "self"
					},
					{
						"filters": [{
							"all_of": [
								{
									"test": "float_property",
									"domain": "nv_me:fuel",
									"subject": "self",
									"operator": "==",
									"value": 0
								}
							]
						}],
						"event": "nv_me:disable_mech",
						"target": "self"
					}
				]
			},
			"minecraft:conditional_bandwidth_optimization": {}
		},
		"events": {
			"nv_me:ticking": {},
			"nv_me:no_fuel": {},
			"nv_me:max_refuel": {},
			"nv_me:refuel_coal": {},
			"nv_me:refuel_lava": {},
			"nv_me:headlight": {},
			"nv_me:spend_fuel": {},
			"nv_me:repair_mech": {},
			"nv_me:despawn": {},
			"nv_me:sound_warn": {},
			"nv_me:hit_action": {},
			"nv_me:mining1": {},
			"nv_me:mining2": {},
			"nv_me:mining3": {},
			"nv_me:mining4": {},
			"nv_me:mining5": {},
			"nv_me:add_display_warn": {
				"sequence": [
					{
						"set_property": { "nv_me:display_warn": true }
					},
					{
						"filters": [
							{
								"any_of": [
									{
										"test": "actor_health",
										"subject": "self",
										"operator": "<",
										"value": 10
									},
									{
										"test": "float_property",
										"domain": "nv_me:fuel",
										"subject": "self",
										"operator": "==",
										"value": 0
									}
								]
							}
						],
						"trigger": "nv_me:sound_warn"
					}
				]
			},
			"nv_me:remove_display_warn": {
				"sequence": [
					{
						"set_property": { "nv_me:display_warn": false }
					},
					{
						"filters": [
							{
								"any_of": [
									{
										"test": "actor_health",
										"subject": "self",
										"operator": "<",
										"value": 10
									},
									{
										"test": "float_property",
										"domain": "nv_me:fuel",
										"subject": "self",
										"operator": "==",
										"value": 0
									}
								]
							}
						],
						"trigger": "nv_me:sound_warn"
					}
				]
			},
			"nv_me:start_tick": {
				"add": {  "component_groups": [ "nv_me:ticking" ]}
			},
			"nv_me:stop_tick": {
				"remove": {  "component_groups": [ "nv_me:ticking" ]}
			},
			"nv_me:activate_mech": {
				"add": {  "component_groups": [ "nv_me:mech_active" ]}
			},
			"nv_me:disable_mech": {
				"remove": {  "component_groups": [ "nv_me:mech_active" ]}
			}
		}
	}
}