{
    "format_version": "1.10.0",
    "animation_controllers": {
        "controller.animation.nv_me.flamethrower_mech.legs": {
            "initial_state": "idle",
            "states": {
                "idle": {
                    "transitions": [
                        { "walking": "q.ground_speed >= 1.25" },
                        { "jumping": "q.vertical_speed > 6 && !q.is_on_ground" }
                    ],
                    "blend_transition": 0.2
                },
                "walking": {
                    "animations": [ "walking_legs" ],
                    "transitions": [
                        { "idle": "q.ground_speed < 1.25" },
                        { "jumping": "q.vertical_speed > 6 && !q.is_on_ground" }
                    ],
                    "blend_transition": 0.2
                },
                "jumping": {
                    "animations": [ "jumping" ],
                    "sound_effects": [{ "effect": "jump" }],
                    "transitions": [
                        { "landing": "q.is_on_ground" }
                    ],
                    "blend_transition": 0.1
                },
                "landing": {
                    "animations": [ "landing" ],
                    "sound_effects": [{ "effect": "land" }],
                    "transitions": [
                        { "idle": "q.ground_speed < 1.25 && q.is_on_ground && q.any_animation_finished" },
                        { "walking": "q.ground_speed >= 1.25 && q.is_on_ground && q.any_animation_finished" }
                    ],
                    "blend_transition": 0.2
                }
            }
        },
        "controller.animation.nv_me.flamethrower_mech.arms": {
            "initial_state": "default",
            "states": {
                "default": {
                    "animations": [ "power_off" ],
                    "sound_effects": [{ "effect": "power_off" }],
                    "transitions": [
                        { "wake_up": "q.has_rider && q.property('nv_me:fuel') > 0" }
                    ]
                },
                "wake_up": {
                    "animations": [ "power_off" ],
                    "transitions": [{ "idle": "q.state_time" }],
                    "sound_effects": [{ "effect": "wake_up" }],
                    "blend_transition": 0.2
                },
                "idle": {
                    "animations": [ "idle" ],
                    "transitions": [
                        { "default": "!q.has_rider || q.property('nv_me:fuel') == 0" },
                        { "walking": "q.ground_speed >= 1.25" },
                        { "jumping": "q.vertical_speed > 6 && !q.is_on_ground" },
                        { "firing": "q.property('nv_me:flamethrower')" }
                    ],
                    "blend_transition": 0.2
                },
                "walking": {
                    "animations": [ "walking_arms" ],
                    "transitions": [
                        { "default": "!q.has_rider || q.property('nv_me:fuel') == 0" },
                        { "idle": "q.ground_speed < 1.25" },
                        { "jumping": "q.vertical_speed > 6 && !q.is_on_ground" },
                        { "firing": "q.property('nv_me:flamethrower')" }
                    ],
                    "blend_transition": 0.35
                },
                "jumping": {
                    "transitions": [
                        { "landing": "q.is_on_ground" }
                    ],
                    "blend_transition": 0.1
                },
                "landing": {
                    "transitions": [
                        { "firing": "q.property('nv_me:flamethrower') && q.is_on_ground && q.state_time > 0.5" },
                        { "idle": "q.ground_speed < 1.25 && q.is_on_ground && q.state_time > 0.5" },
                        { "walking": "q.ground_speed >= 1.25 && q.is_on_ground && q.state_time > 0.5" }
                    ],
                    "blend_transition": 0.2
                },
                "firing": {
                    "animations": [ "firing", "fire_fx" ],
                    "sound_effects": [{ "effect": "flamethrower_start" }],
                    "transitions": [
                        { "default": "!q.has_rider || q.property('nv_me:fuel') == 0" },
                        { "walking": "q.ground_speed > 1.25 && !q.property('nv_me:flamethrower')" },
                        { "idle": "q.ground_speed < 1.25 && !q.property('nv_me:flamethrower')" },
                        { "jumping": "q.vertical_speed > 6 && !q.is_on_ground" }
                    ],
                    "blend_transition": 0.2
                }
            }
        }
    }
}