{
	"texture_data": {
		"pb_scraft_earth_staff_1": {
			"textures": "textures/pb/scraft/items/pb_scraft_earth_staff_1.png"
		},
		"pb_scraft_earth_staff_2": {
			"textures": "textures/pb/scraft/items/pb_scraft_earth_staff_2.png"
		},
		"pb_scraft_earth_staff_3": {
			"textures": "textures/pb/scraft/items/pb_scraft_earth_staff_3.png"
		},
		"pb_scraft_air_staff_1": {
			"textures": "textures/pb/scraft/items/pb_scraft_air_staff_1.png"
		},
		"pb_scraft_air_staff_2": {
			"textures": "textures/pb/scraft/items/pb_scraft_air_staff_2.png"
		},
		"pb_scraft_air_staff_3": {
			"textures": "textures/pb/scraft/items/pb_scraft_air_staff_3.png"
		},
		"pb_scraft_fire_staff_1": {
			"textures": "textures/pb/scraft/items/pb_scraft_fire_staff_1.png"
		},
		"pb_scraft_fire_staff_2": {
			"textures": "textures/pb/scraft/items/pb_scraft_fire_staff_2.png"
		},
		"pb_scraft_fire_staff_3": {
			"textures": "textures/pb/scraft/items/pb_scraft_fire_staff_3.png"
		},
		"pb_scraft_ice_staff_1": {
			"textures": "textures/pb/scraft/items/pb_scraft_ice_staff_1.png"
		},
		"pb_scraft_ice_staff_2": {
			"textures": "textures/pb/scraft/items/pb_scraft_ice_staff_2.png"
		},
		"pb_scraft_ice_staff_3": {
			"textures": "textures/pb/scraft/items/pb_scraft_ice_staff_3.png"
		},
		"pb_scraft_twilight_staff_1": {
			"textures": "textures/pb/scraft/items/pb_scraft_twilight_staff_1.png"
		},
		"pb_scraft_twilight_staff_2": {
			"textures": "textures/pb/scraft/items/pb_scraft_twilight_staff_2.png"
		},
		"pb_scraft_twilight_staff_3": {
			"textures": "textures/pb/scraft/items/pb_scraft_twilight_staff_3.png"
		},
		"pb_scraft_dark_wizard_hat": {
		"textures": "textures/pb/scraft/items/pb_scraft_dark_wizard_hat.png"
		},
		"pb_scraft_dark_wizard_chestplate": {
		"textures": "textures/pb/scraft/items/pb_scraft_dark_wizard_chestplate.png"
		},
		"pb_scraft_dark_wizard_leggings": {
		"textures": "textures/pb/scraft/items/pb_scraft_dark_wizard_leggings.png"
		},
		"pb_scraft_dark_wizard_boots": {
		"textures": "textures/pb/scraft/items/pb_scraft_dark_wizard_boots.png"
		},
		"pb_scraft_wizard_hat": {
		"textures": "textures/pb/scraft/items/pb_scraft_wizard_hat.png"
		},
		"pb_scraft_wizard_robe": {
		"textures": "textures/pb/scraft/items/pb_scraft_wizard_robe.png"
		},
		"pb_scraft_wizard_leggings": {
		"textures": "textures/pb/scraft/items/pb_scraft_wizard_leggings.png"
		},
		"pb_scraft_wizard_boots": {
		"textures": "textures/pb/scraft/items/pb_scraft_wizard_boots.png"
		},
		"pb_scraft_skull_wizard_hat": {
		"textures": "textures/pb/scraft/items/pb_scraft_skull_wizard_hat.png"
		},
		"pb_scraft_skull_wizard_chestplate": {
		"textures": "textures/pb/scraft/items/pb_scraft_skull_wizard_chestplate.png"
		},
		"pb_scraft_skull_wizard_leggings": {
		"textures": "textures/pb/scraft/items/pb_scraft_skull_wizard_leggings.png"
		},
		"pb_scraft_skull_wizard_boots": {
		"textures": "textures/pb/scraft/items/pb_scraft_skull_wizard_boots.png"
		},
		"pb_scraft_rune_base": {
		"textures": "textures/pb/scraft/items/pb_scraft_rune_base.png"
		},
		"pb_scraft_rune_fire": {
		"textures": "textures/pb/scraft/items/pb_scraft_rune_fire.png"
		},
		"pb_scraft_rune_ice": {
		"textures": "textures/pb/scraft/items/pb_scraft_rune_ice.png"
		},
		"pb_scraft_rune_air": {
		"textures": "textures/pb/scraft/items/pb_scraft_rune_air.png"
		},
		"pb_scraft_rune_earth": {
		"textures": "textures/pb/scraft/items/pb_scraft_rune_earth.png"
		},
		"pb_scraft_rune_twilight": {
		"textures": "textures/pb/scraft/items/pb_scraft_rune_twilight.png"
		},
		"pb_scraft_glyph_base": {
		"textures": "textures/pb/scraft/items/pb_scraft_glyph_base.png"
		},
		"pb_scraft_glyph_accelerate": {
		"textures": "textures/pb/scraft/items/pb_scraft_glyph_accelerate.png"
		},
		"pb_scraft_glyph_alleviate": {
		"textures": "textures/pb/scraft/items/pb_scraft_glyph_alleviate.png"
		},
		"pb_scraft_glyph_arc": {
		"textures": "textures/pb/scraft/items/pb_scraft_glyph_arc.png"
		},
		"pb_scraft_glyph_aura": {
		"textures": "textures/pb/scraft/items/pb_scraft_glyph_aura.png"
		},
		"pb_scraft_glyph_intensify": {
		"textures": "textures/pb/scraft/items/pb_scraft_glyph_intensify.png"
		},
		"pb_scraft_glyph_mirror": {
		"textures": "textures/pb/scraft/items/pb_scraft_glyph_mirror.png"
		},
		"pb_scraft_glyph_self": {
		"textures": "textures/pb/scraft/items/pb_scraft_glyph_self.png"
		},
		"pb_scraft_glyph_touch": {
		"textures": "textures/pb/scraft/items/pb_scraft_glyph_touch.png"
		},
		"pb_scraft_staff_base": {
		"textures": "textures/pb/scraft/items/pb_scraft_staff_base.png"
		},
		"pb_scraft_crystal_air": {
		"textures": "textures/pb/scraft/items/pb_scraft_crystal_air.png"
		},
		"pb_scraft_crystal_earth": {
		"textures": "textures/pb/scraft/items/pb_scraft_crystal_earth.png"
		},
		"pb_scraft_crystal_fire": {
		"textures": "textures/pb/scraft/items/pb_scraft_crystal_fire.png"
		},
		"pb_scraft_crystal_ice": {
		"textures": "textures/pb/scraft/items/pb_scraft_crystal_ice.png"
		},
		"pb_scraft_crystal_twilight": {
		"textures": "textures/pb/scraft/items/pb_scraft_crystal_twilight.png"
		},
		"pb_scraft_spellorb_air": {
		"textures": "textures/pb/scraft/items/pb_scraft_spellorb_air.png"
		},
		"pb_scraft_spellorb_earth": {
		"textures": "textures/pb/scraft/items/pb_scraft_spellorb_earth.png"
		},
		"pb_scraft_spellorb_fire": {
		"textures": "textures/pb/scraft/items/pb_scraft_spellorb_fire.png"
		},
		"pb_scraft_spellorb_ice": {
		"textures": "textures/pb/scraft/items/pb_scraft_spellorb_ice.png"
		},
		"pb_scraft_spellorb_twilight": {
		"textures": "textures/pb/scraft/items/pb_scraft_spellorb_twilight.png"
		},
		"pb_scraft_book": {
			"textures": "textures/pb/scraft/items/pb_scraft_magic_book.png"
		},
		"pb_scraft_mana_meter": {
			"textures": "textures/pb/scraft/items/pb_scraft_mana_meter.png"
		},
		"pb_scraft_magic_cloth": {
			"textures": "textures/pb/scraft/items/pb_scraft_magic_cloth.png"
		},
		"pb_scraft_pentacore_essence": {
			"textures": "textures/pb/scraft/items/pb_scraft_pentacore_essence.png"
		}
	}
}