{
   "texture_name":"atlas.terrain",
   "resource_pack_name":"pb_scraft",
   "num_mip_levels":0,
   "padding":0,
   "texture_data":{
      "pb_scraft_arcane_altar":{
         "textures":"textures/pb/scraft/blocks/arcane_altar.png"
      },
	  "pb_scraft_mana_harvester":{
         "textures":"textures/pb/scraft/blocks/harvester.png"
      },
	  "pb_scraft_arcane_pedestal":{
         "textures":"textures/pb/scraft/blocks/pedestal.png"
      },
	  "pb_scraft_pipe_empty":{
         "textures":"textures/pb/scraft/blocks/pipe_empty.png"
      },
	  "pb_scraft_pipe_full":{
         "textures":"textures/pb/scraft/blocks/pipe_full.png"
      },
	  "pb_scraft_mana_tank":{
         "textures":"textures/pb/scraft/blocks/tank.png"
      },
	  "pb_scraft_machine_block":{
         "textures":"textures/pb/scraft/blocks/machine_block.png"
      },
	  "pb_scraft_tank_block":{
         "textures":"textures/pb/scraft/blocks/tank_block.png"
      },
	  "pb_scraft_arcane_tablet":{
         "textures":"textures/pb/scraft/blocks/arcane_tablet.png"
      },
	  "pb_scraft_candelabrum":{
         "textures":"textures/pb/scraft/blocks/candelabrum.png"
      },
	  "pb_scraft_chandelier":{
         "textures":"textures/pb/scraft/blocks/chandelier.png"
      },
	  "pb_scraft_elemental _accumulator":{
         "textures":"textures/pb/scraft/blocks/elemental _accumulator.png"
      },
	  "pb_scraft_jar":{
         "textures":"textures/pb/scraft/blocks/jar.png"
      },
	  "pb_scraft_magic_cauldron":{
         "textures":"textures/pb/scraft/blocks/magic_cauldron.png"
      },
	  "pb_scraft_magic_workbench":{
         "textures":"textures/pb/scraft/blocks/magic_workbench.png"
      },
	  "pb_scraft_workbench_press":{
         "textures":"textures/pb/scraft/blocks/workbench_press.png"
      },
	  "pb_scraft_creative_mana_harvester":{
         "textures":"textures/pb/scraft/blocks/creative_harvester.png"
      },
	  "pb_scraft_creative_arcane_altar":{
         "textures":"textures/pb/scraft/blocks/creative_arcane_altar.png"
      },
	  "pb_scraft_mana_condenser":{
         "textures":"textures/pb/scraft/blocks/mana_condenser.png"
      }
   }
}