{"format_version":"1.20.50","minecraft:item":{"description":{"identifier":"ftb_bees:bee_helmet","menu_category":{"category":"equipment","group":"itemGroup.name.helmet"}},"components":{"minecraft:display_name":{"value":"Bee Helmet\n§7Armour\n§9Feed the Bees"},"minecraft:max_stack_size":1,"minecraft:enchantable":{"slot":"armor_head","value":2},"minecraft:tags":{"tags":["minecraft:trimmable_armors","minecraft:is_armor"]},"minecraft:icon":"bee_helmet","minecraft:wearable":{"slot":"slot.armor.head","protection":3,"dispensable":true},"minecraft:durability":{"max_durability":600},"minecraft:repairable":{"repair_items":[{"items":["minecraft:leather"],"repair_amount":125}]}}}}