{"format_version":"1.20.50","minecraft:item":{"description":{"identifier":"ftb_bees:keeper_leggings","menu_category":{"category":"equipment","group":"itemGroup.name.leggings"}},"components":{"minecraft:display_name":{"value":"Bee Keeper Leggings\n§7Armour\n§9Feed the Bees"},"minecraft:max_stack_size":1,"minecraft:enchantable":{"slot":"armor_legs","value":10},"minecraft:tags":{"tags":["minecraft:trimmable_armors","minecraft:is_armor"]},"minecraft:icon":"keeper_leggings","minecraft:wearable":{"slot":"slot.armor.legs","protection":2,"dispensable":true},"minecraft:durability":{"max_durability":450},"minecraft:repairable":{"repair_items":[{"items":["minecraft:wool"],"repair_amount":125}]}}}}