{"format_version":"1.20.50","minecraft:item":{"description":{"identifier":"ftb_bees:keeper_chestplate","menu_category":{"category":"equipment","group":"itemGroup.name.chestplate"}},"components":{"minecraft:display_name":{"value":"Bee Keeper Chestplate\n§7Armour\n§9Feed the Bees"},"minecraft:max_stack_size":1,"minecraft:enchantable":{"slot":"armor_torso","value":10},"minecraft:tags":{"tags":["minecraft:trimmable_armors","minecraft:is_armor"]},"minecraft:icon":"keeper_chestplate","minecraft:wearable":{"slot":"slot.armor.chest","protection":3,"dispensable":true},"minecraft:durability":{"max_durability":480},"minecraft:repairable":{"repair_items":[{"items":["minecraft:wool"],"repair_amount":125}]}}}}