{"format_version":"1.20.50","minecraft:item":{"description":{"identifier":"ftb_bees:keeper_helmet","menu_category":{"category":"equipment","group":"itemGroup.name.helmet"}},"components":{"minecraft:display_name":{"value":"Bee Keeper Helmet\n§7Armour\n§9Feed the Bees"},"minecraft:max_stack_size":1,"minecraft:enchantable":{"slot":"armor_head","value":10},"minecraft:tags":{"tags":["minecraft:trimmable_armors","minecraft:is_armor"]},"minecraft:icon":"keeper_helmet","minecraft:wearable":{"slot":"slot.armor.head","protection":1,"dispensable":true},"minecraft:durability":{"max_durability":330},"minecraft:repairable":{"repair_items":[{"items":["minecraft:wool"],"repair_amount":125}]}}}}