{
  "format_version": "1.10.0",
  "animation_controllers": {
    "controller.animation.wacky_animals.fly": {
      "initial_state": "default",
      "states": {
        "default": {
          "transitions": [
            {
              "fly": "!q.is_on_ground || q.mark_variant == 1"
            }
          ],
          "on_entry": [
            "/effect @s slow_falling 0 0 true"
          ]
        },
  
        "fly": {
          "transitions": [
            {
              "default": "q.is_on_ground && q.mark_variant == 0"
            }
          ],
          "on_entry": [
            "/effect @s slow_falling 99999 1 true"
          ]
        }
      }
    }
  }
}