{
	"format_version": "1.12.0",
	"minecraft:geometry": [
		{
			"description": {
				"identifier": "geometry.wacky_animals.butterfly",
				"texture_width": 64,
				"texture_height": 64,
				"visible_bounds_width": 3,
				"visible_bounds_height": 2.5,
				"visible_bounds_offset": [0, 0.75, 0]
			},
			"bones": [
				{
					"name": "root",
					"pivot": [0, 0, 0]
				},
				{
					"name": "body",
					"parent": "root",
					"pivot": [0, 5.75, -1.28033],
					"cubes": [
						{
							"origin": [-1, 0, -1],
							"size": [2, 11, 2],
							"uv": {
								"north": {"uv": [35, 9], "uv_size": [2, 11]},
								"east": {"uv": [13, 35], "uv_size": [2, 11]},
								"south": {"uv": [16, 35], "uv_size": [2, 11]},
								"west": {"uv": [19, 35], "uv_size": [2, 11]},
								"up": {"uv": [38, 12], "uv_size": [2, 2]},
								"down": {"uv": [38, 17], "uv_size": [2, -2]}
							}
						},
						{
							"origin": [-1.5, 1.5, -1.5],
							"size": [3, 8, 3],
							"uv": {
								"north": {"uv": [27, 15], "uv_size": [3, 8]},
								"east": {"uv": [27, 24], "uv_size": [3, 8]},
								"south": {"uv": [31, 15], "uv_size": [3, 8]},
								"west": {"uv": [31, 24], "uv_size": [3, 8]},
								"up": {"uv": [35, 37], "uv_size": [3, 3]},
								"down": {"uv": [38, 11], "uv_size": [3, -3]}
							}
						},
						{
							"origin": [1.06066, 2.5, -2.56066],
							"size": [3, 7, 0],
							"pivot": [2.56066, 6, -2.56066],
							"rotation": [0, 45, 0],
							"uv": {
								"north": {"uv": [35, 21], "uv_size": [3, 7]},
								"east": {"uv": [34, 42], "uv_size": [0, 7]},
								"south": {"uv": [22, 35], "uv_size": [3, 7]},
								"west": {"uv": [2, 43], "uv_size": [0, 7]},
								"up": {"uv": [43, 5], "uv_size": [3, 0]},
								"down": {"uv": [43, 6], "uv_size": [3, 0]}
							}
						},
						{
							"origin": [-4.06066, 2.5, -2.56066],
							"size": [3, 7, 0],
							"pivot": [-2.56066, 6, -2.56066],
							"rotation": [0, -45, 0],
							"uv": {
								"north": {"uv": [35, 29], "uv_size": [3, 7]},
								"east": {"uv": [3, 43], "uv_size": [0, 7]},
								"south": {"uv": [37, 0], "uv_size": [3, 7]},
								"west": {"uv": [4, 43], "uv_size": [0, 7]},
								"up": {"uv": [43, 7], "uv_size": [3, 0]},
								"down": {"uv": [43, 12], "uv_size": [3, 0]}
							}
						}
					]
				},
				{
					"name": "head",
					"parent": "body",
					"pivot": [0, 11.06348, 0.04548],
					"cubes": [
						{
							"origin": [-1, 11, -1],
							"size": [2, 2, 2],
							"uv": {
								"north": {"uv": [38, 18], "uv_size": [2, 2]},
								"east": {"uv": [39, 21], "uv_size": [2, 2]},
								"south": {"uv": [39, 24], "uv_size": [2, 2]},
								"west": {"uv": [39, 27], "uv_size": [2, 2]},
								"up": {"uv": [39, 30], "uv_size": [2, 2]},
								"down": {"uv": [39, 35], "uv_size": [2, -2]}
							}
						},
						{
							"origin": [0.504, 12.15, 0.06329],
							"size": [0.5, 0.75, 0.5],
							"pivot": [0.754, 12.525, 0.31329],
							"rotation": [0, -92.5, 0],
							"uv": {
								"north": {"uv": [2, 40], "uv_size": [1, 1]},
								"east": {"uv": [4, 40], "uv_size": [1, 1]},
								"south": {"uv": [6, 40], "uv_size": [1, 1]},
								"west": {"uv": [39, 40], "uv_size": [1, 1]},
								"up": {"uv": [41, 0], "uv_size": [1, 1]},
								"down": {"uv": [41, 3], "uv_size": [1, -1]}
							}
						},
						{
							"origin": [0.504, 12.15, 0.06329],
							"size": [0.5, 0.75, 0.5],
							"inflate": 0.2,
							"pivot": [0.754, 12.525, 0.31329],
							"rotation": [0, -92.5, 0],
							"uv": {
								"north": {"uv": [33, 9], "uv_size": [1, 1]},
								"east": {"uv": [33, 11], "uv_size": [1, 1]},
								"south": {"uv": [33, 13], "uv_size": [1, 1]},
								"west": {"uv": [39, 36], "uv_size": [1, 1]},
								"up": {"uv": [39, 38], "uv_size": [1, 1]},
								"down": {"uv": [0, 41], "uv_size": [1, -1]}
							}
						},
						{
							"origin": [-1.004, 12.15, 0.06329],
							"size": [0.5, 0.75, 0.5],
							"inflate": 0.2,
							"pivot": [-0.754, 12.525, 0.31329],
							"rotation": [0, 92.5, 0],
							"uv": {
								"north": {"uv": [35, 41], "uv_size": [1, 1]},
								"east": {"uv": [41, 36], "uv_size": [1, 1]},
								"south": {"uv": [37, 41], "uv_size": [1, 1]},
								"west": {"uv": [41, 38], "uv_size": [1, 1]},
								"up": {"uv": [41, 40], "uv_size": [1, 1]},
								"down": {"uv": [0, 43], "uv_size": [1, -1]}
							}
						},
						{
							"origin": [-1.004, 12.15, 0.06329],
							"size": [0.5, 0.75, 0.5],
							"pivot": [-0.754, 12.525, 0.31329],
							"rotation": [0, 92.5, 0],
							"uv": {
								"north": {"uv": [41, 4], "uv_size": [1, 1]},
								"east": {"uv": [41, 6], "uv_size": [1, 1]},
								"south": {"uv": [41, 12], "uv_size": [1, 1]},
								"west": {"uv": [41, 14], "uv_size": [1, 1]},
								"up": {"uv": [41, 16], "uv_size": [1, 1]},
								"down": {"uv": [41, 19], "uv_size": [1, -1]}
							}
						},
						{
							"origin": [0.91429, 11.37217, 1.98258],
							"size": [3, 8, 0],
							"pivot": [2.41429, 15.37217, 1.98258],
							"rotation": [-19.25656, 11.86554, 30.48005],
							"uv": {
								"north": {"uv": [33, 0], "uv_size": [3, 8]},
								"east": {"uv": [26, 35], "uv_size": [0, 8]},
								"south": {"uv": [27, 33], "uv_size": [3, 8]},
								"west": {"uv": [8, 40], "uv_size": [0, 8]},
								"up": {"uv": [41, 20], "uv_size": [3, 0]},
								"down": {"uv": [2, 42], "uv_size": [3, 0]}
							}
						},
						{
							"origin": [-3.91429, 11.37217, 1.98258],
							"size": [3, 8, 0],
							"pivot": [-2.41429, 15.37217, 1.98258],
							"rotation": [-19.25656, -11.86554, -30.48005],
							"uv": {
								"north": {"uv": [31, 33], "uv_size": [3, 8]},
								"east": {"uv": [6, 42], "uv_size": [0, 8]},
								"south": {"uv": [9, 35], "uv_size": [3, 8]},
								"west": {"uv": [7, 42], "uv_size": [0, 8]},
								"up": {"uv": [42, 8], "uv_size": [3, 0]},
								"down": {"uv": [42, 9], "uv_size": [3, 0]}
							}
						}
					]
				},
				{
					"name": "leftWing",
					"parent": "body",
					"pivot": [1.5, 4, 1],
					"cubes": [
						{
							"origin": [1.5, -4, 1],
							"size": [5, 14, 0],
							"uv": {
								"north": {"uv": [9, 20], "uv_size": [5, 14]},
								"east": {"uv": [42, 21], "uv_size": [0, 14]},
								"south": {"uv": [15, 20], "uv_size": [5, 14]},
								"west": {"uv": [27, 42], "uv_size": [0, 14]},
								"up": {"uv": [42, 10], "uv_size": [5, 0]},
								"down": {"uv": [42, 11], "uv_size": [5, 0]}
							}
						}
					]
				},
				{
					"name": "leftWingTip",
					"parent": "leftWing",
					"pivot": [6.5, 4, 1],
					"cubes": [
						{
							"origin": [6.5, -6, 1],
							"size": [8, 19, 0],
							"uv": {
								"north": {"uv": [0, 0], "uv_size": [8, 19]},
								"east": {"uv": [28, 42], "uv_size": [0, 19]},
								"south": {"uv": [9, 0], "uv_size": [8, 19]},
								"west": {"uv": [29, 42], "uv_size": [0, 19]},
								"up": {"uv": [39, 42], "uv_size": [8, 0]},
								"down": {"uv": [43, 0], "uv_size": [8, 0]}
							}
						}
					]
				},
				{
					"name": "rightWing",
					"parent": "body",
					"pivot": [-1.5, 4, 1],
					"cubes": [
						{
							"origin": [-6.5, -4, 1],
							"size": [5, 14, 0],
							"uv": {
								"north": {"uv": [21, 20], "uv_size": [5, 14]},
								"east": {"uv": [30, 42], "uv_size": [0, 14]},
								"south": {"uv": [27, 0], "uv_size": [5, 14]},
								"west": {"uv": [31, 42], "uv_size": [0, 14]},
								"up": {"uv": [43, 1], "uv_size": [5, 0]},
								"down": {"uv": [43, 2], "uv_size": [5, 0]}
							}
						}
					]
				},
				{
					"name": "rightWingTip",
					"parent": "rightWing",
					"pivot": [-6.5, 4, 1],
					"cubes": [
						{
							"origin": [-14.5, -6, 1],
							"size": [8, 19, 0],
							"uv": {
								"north": {"uv": [18, 0], "uv_size": [8, 19]},
								"east": {"uv": [32, 42], "uv_size": [0, 19]},
								"south": {"uv": [0, 20], "uv_size": [8, 19]},
								"west": {"uv": [33, 42], "uv_size": [0, 19]},
								"up": {"uv": [43, 3], "uv_size": [8, 0]},
								"down": {"uv": [43, 4], "uv_size": [8, 0]}
							}
						}
					]
				}
			]
		}
	]
}