{
	"format_version": "1.12.0",
	"minecraft:geometry": [
		{
			"description": {
				"identifier": "geometry.wacky_animals.cappybara",
				"texture_width": 64,
				"texture_height": 64,
				"visible_bounds_width": 3,
				"visible_bounds_height": 2.5,
				"visible_bounds_offset": [0, 0.75, 0]
			},
			"bones": [
				{
					"name": "root",
					"pivot": [0, 0, 0]
				},
				{
					"name": "body",
					"parent": "root",
					"pivot": [0, 9.22896, -0.498],
					"cubes": [
						{
							"origin": [-4, 5, -7],
							"size": [8, 7.75, 14],
							"uv": {
								"north": {"uv": [0, 18], "uv_size": [8, 8]},
								"east": {"uv": [0, 0], "uv_size": [14, 8]},
								"south": {"uv": [24, 0], "uv_size": [8, 8]},
								"west": {"uv": [0, 9], "uv_size": [14, 8]},
								"up": {"uv": [15, 0], "uv_size": [8, 14]},
								"down": {"uv": [15, 29], "uv_size": [8, -14]}
							}
						},
						{
							"origin": [-3, 6.11626, 5.58449],
							"size": [6, 5, 2],
							"pivot": [0, 8.61626, 6.58449],
							"rotation": [22.5, 0, 0],
							"uv": {
								"north": {"uv": [24, 9], "uv_size": [6, 5]},
								"east": {"uv": [24, 9], "uv_size": [6, 5]},
								"south": {"uv": [24, 9], "uv_size": [6, 5]},
								"west": {"uv": [24, 9], "uv_size": [6, 5]},
								"up": {"uv": [30, 14], "uv_size": [-6, -5]},
								"down": {"uv": [30, 14], "uv_size": [-6, -5]}
							}
						}
					]
				},
				{
					"name": "neck",
					"parent": "body",
					"pivot": [0, 8.91228, -5.98824],
					"cubes": [
						{
							"origin": [-2.5, 8.19465, -10.28879],
							"size": [5, 4, 2.25],
							"pivot": [0, 10.19465, -9.16379],
							"rotation": [-45, 0, 0],
							"uv": {
								"north": {"uv": [38, 5], "uv_size": [5, 4]},
								"east": {"uv": [47, 45], "uv_size": [2, 4]},
								"south": {"uv": [38, 10], "uv_size": [5, 4]},
								"west": {"uv": [13, 48], "uv_size": [2, 4]},
								"up": {"uv": [44, 12], "uv_size": [5, 2]},
								"down": {"uv": [44, 29], "uv_size": [5, -2]}
							}
						},
						{
							"origin": [-3, 6.47992, -9.4127],
							"size": [6, 5.5, 4],
							"pivot": [0, 9.22992, -7.4127],
							"rotation": [-22.5, 0, 0],
							"uv": {
								"north": {"uv": [24, 9], "uv_size": [6, 6]},
								"east": {"uv": [31, 15], "uv_size": [4, 6]},
								"south": {"uv": [24, 16], "uv_size": [6, 6]},
								"west": {"uv": [32, 22], "uv_size": [4, 6]},
								"up": {"uv": [32, 29], "uv_size": [6, 4]},
								"down": {"uv": [0, 37], "uv_size": [6, -4]}
							}
						}
					]
				},
				{
					"name": "head",
					"parent": "neck",
					"pivot": [0, 10.98095, -9.95025],
					"cubes": [
						{
							"origin": [-3.25, 9, -12],
							"size": [6.5, 5, 4.75],
							"uv": {
								"north": {"uv": [24, 23], "uv_size": [7, 5]},
								"east": {"uv": [9, 18], "uv_size": [5, 5]},
								"south": {"uv": [0, 27], "uv_size": [7, 5]},
								"west": {"uv": [9, 24], "uv_size": [5, 5]},
								"up": {"uv": [15, 9], "uv_size": [7, 5]},
								"down": {"uv": [8, 35], "uv_size": [7, -5]}
							}
						},
						{
							"origin": [1.82554, 11.5, -12.7296],
							"size": [2.25, 2, 1.5],
							"pivot": [2.25054, 12.7625, -11.4796],
							"rotation": [0, -80, 0],
							"uv": {
								"north": {"uv": [52, 14], "uv_size": [2, 2]},
								"east": {"uv": [52, 17], "uv_size": [2, 2]},
								"south": {"uv": [53, 6], "uv_size": [2, 2]},
								"west": {"uv": [12, 53], "uv_size": [2, 2]},
								"up": {"uv": [53, 20], "uv_size": [2, 2]},
								"down": {"uv": [28, 55], "uv_size": [2, -2]}
							}
						},
						{
							"origin": [1.82554, 11.5, -12.7296],
							"size": [2.25, 2, 1.5],
							"inflate": 0.2,
							"pivot": [2.25054, 12.5, -11.4796],
							"rotation": [0, -80, 0],
							"uv": {
								"north": {"uv": [40, 51], "uv_size": [2, 2]},
								"east": {"uv": [43, 51], "uv_size": [2, 2]},
								"south": {"uv": [50, 51], "uv_size": [2, 2]},
								"west": {"uv": [3, 52], "uv_size": [2, 2]},
								"up": {"uv": [6, 52], "uv_size": [2, 2]},
								"down": {"uv": [9, 54], "uv_size": [2, -2]}
							}
						},
						{
							"origin": [-4.07554, 11.5, -12.7296],
							"size": [2.25, 2, 1.5],
							"inflate": 0.2,
							"pivot": [-2.25054, 12.5, -11.4796],
							"rotation": [0, 80, 0],
							"uv": {
								"north": {"uv": [53, 51], "uv_size": [2, 2]},
								"east": {"uv": [0, 54], "uv_size": [2, 2]},
								"south": {"uv": [54, 0], "uv_size": [2, 2]},
								"west": {"uv": [54, 3], "uv_size": [2, 2]},
								"up": {"uv": [54, 9], "uv_size": [2, 2]},
								"down": {"uv": [15, 56], "uv_size": [2, -2]}
							}
						},
						{
							"origin": [-4.07554, 11.5, -12.7296],
							"size": [2.25, 2, 1.5],
							"pivot": [-2.25054, 12.7625, -11.4796],
							"rotation": [0, 80, 0],
							"uv": {
								"north": {"uv": [31, 53], "uv_size": [2, 2]},
								"east": {"uv": [34, 53], "uv_size": [2, 2]},
								"south": {"uv": [53, 42], "uv_size": [2, 2]},
								"west": {"uv": [53, 45], "uv_size": [2, 2]},
								"up": {"uv": [46, 53], "uv_size": [2, 2]},
								"down": {"uv": [53, 50], "uv_size": [2, -2]}
							}
						},
						{
							"origin": [2.21201, 13.23927, -7.7595],
							"size": [1.5, 2, 0],
							"pivot": [2.96201, 14.23927, -7.7595],
							"rotation": [-13.51584, -24.1782, 30.40773],
							"uv": {
								"north": {"uv": [16, 51], "uv_size": [2, 2]},
								"east": {"uv": [8, 27], "uv_size": [0, 2]},
								"south": {"uv": [19, 51], "uv_size": [2, 2]},
								"west": {"uv": [23, 30], "uv_size": [0, 2]},
								"up": {"uv": [47, 11], "uv_size": [2, 0]},
								"down": {"uv": [51, 26], "uv_size": [2, 0]}
							}
						},
						{
							"origin": [-3.71201, 13.23927, -7.7595],
							"size": [1.5, 2, 0],
							"pivot": [-2.96201, 14.23927, -7.7595],
							"rotation": [-13.51584, 24.1782, -30.40773],
							"uv": {
								"north": {"uv": [22, 51], "uv_size": [2, 2]},
								"east": {"uv": [7, 33], "uv_size": [0, 2]},
								"south": {"uv": [51, 23], "uv_size": [2, 2]},
								"west": {"uv": [30, 35], "uv_size": [0, 2]},
								"up": {"uv": [54, 41], "uv_size": [2, 0]},
								"down": {"uv": [52, 54], "uv_size": [2, 0]}
							}
						},
						{
							"origin": [-2.75, 9, -15.75],
							"size": [5.5, 4, 3.75],
							"uv": {
								"north": {"uv": [33, 0], "uv_size": [6, 4]},
								"east": {"uv": [39, 27], "uv_size": [4, 4]},
								"south": {"uv": [32, 34], "uv_size": [6, 4]},
								"west": {"uv": [30, 39], "uv_size": [4, 4]},
								"up": {"uv": [16, 15], "uv_size": [6, 4]},
								"down": {"uv": [7, 40], "uv_size": [6, -4]}
							}
						},
						{
							"origin": [-1.75, 11.25, -16],
							"size": [3.5, 2, 1.75],
							"uv": {
								"north": {"uv": [46, 24], "uv_size": [4, 2]},
								"east": {"uv": [25, 51], "uv_size": [2, 2]},
								"south": {"uv": [16, 48], "uv_size": [4, 2]},
								"west": {"uv": [37, 51], "uv_size": [2, 2]},
								"up": {"uv": [37, 48], "uv_size": [4, 2]},
								"down": {"uv": [42, 50], "uv_size": [4, -2]}
							}
						}
					]
				},
				{
					"name": "leg_right_back",
					"parent": "root",
					"pivot": [-3.25, 6.82047, 4.47098],
					"cubes": [
						{
							"origin": [-4.75, 4.58359, 2.55548],
							"size": [3, 5, 3.75],
							"pivot": [-3.25, 7.08359, 5.30548],
							"rotation": [17.5, 0, 0],
							"uv": {
								"north": {"uv": [35, 15], "uv_size": [-4, 5]},
								"east": {"uv": [35, 15], "uv_size": [-4, 5]},
								"south": {"uv": [35, 15], "uv_size": [-4, 5]},
								"west": {"uv": [35, 15], "uv_size": [-4, 5]},
								"up": {"uv": [31, 20], "uv_size": [4, -5]},
								"down": {"uv": [31, 20], "uv_size": [4, -5]}
							}
						}
					]
				},
				{
					"name": "legfore_right_back",
					"parent": "leg_right_back",
					"pivot": [-3.25, 5, 4.6],
					"cubes": [
						{
							"origin": [-4.25, 1, 3.6],
							"size": [2, 4, 2],
							"uv": {
								"north": {"uv": [36, 45], "uv_size": [-2, 4]},
								"east": {"uv": [26, 46], "uv_size": [-2, 4]},
								"south": {"uv": [23, 46], "uv_size": [-2, 4]},
								"west": {"uv": [48, 19], "uv_size": [-2, 4]},
								"up": {"uv": [52, 42], "uv_size": [-2, 2]},
								"down": {"uv": [52, 47], "uv_size": [-2, -2]}
							}
						}
					]
				},
				{
					"name": "sole_right_back",
					"parent": "legfore_right_back",
					"pivot": [-3.25, 0.5, 4.35],
					"cubes": [
						{
							"origin": [-4.5, 0, 3.1],
							"size": [2.5, 1, 2.5],
							"uv": {
								"north": {"uv": [57, 12], "uv_size": [-3, 1]},
								"east": {"uv": [56, 35], "uv_size": [-2, 1]},
								"south": {"uv": [57, 23], "uv_size": [-3, 1]},
								"west": {"uv": [46, 30], "uv_size": [-2, 1]},
								"up": {"uv": [52, 20], "uv_size": [-3, 2]},
								"down": {"uv": [53, 13], "uv_size": [-3, -2]}
							}
						}
					]
				},
				{
					"name": "leg_left_back",
					"parent": "root",
					"pivot": [3.25, 6.82047, 4.47098],
					"cubes": [
						{
							"origin": [1.75, 4.58359, 2.55548],
							"size": [3, 5, 3.75],
							"pivot": [3.25, 7.08359, 5.30548],
							"rotation": [17.5, 0, 0],
							"uv": {
								"north": {"uv": [31, 15], "uv_size": [4, 5]},
								"east": {"uv": [31, 15], "uv_size": [4, 5]},
								"south": {"uv": [31, 15], "uv_size": [4, 5]},
								"west": {"uv": [31, 15], "uv_size": [4, 5]},
								"up": {"uv": [35, 20], "uv_size": [-4, -5]},
								"down": {"uv": [35, 20], "uv_size": [-4, -5]}
							}
						}
					]
				},
				{
					"name": "legfore_left_back",
					"parent": "leg_left_back",
					"pivot": [3.25, 5, 4.6],
					"cubes": [
						{
							"origin": [2.25, 1, 3.6],
							"size": [2, 4, 2],
							"uv": {
								"north": {"uv": [34, 45], "uv_size": [2, 4]},
								"east": {"uv": [46, 19], "uv_size": [2, 4]},
								"south": {"uv": [21, 46], "uv_size": [2, 4]},
								"west": {"uv": [24, 46], "uv_size": [2, 4]},
								"up": {"uv": [50, 42], "uv_size": [2, 2]},
								"down": {"uv": [50, 47], "uv_size": [2, -2]}
							}
						}
					]
				},
				{
					"name": "sole_left_back",
					"parent": "legfore_left_back",
					"pivot": [3.25, 0.5, 4.35],
					"cubes": [
						{
							"origin": [2, 0, 3.1],
							"size": [2.5, 1, 2.5],
							"uv": {
								"north": {"uv": [54, 12], "uv_size": [3, 1]},
								"east": {"uv": [44, 30], "uv_size": [2, 1]},
								"south": {"uv": [54, 23], "uv_size": [3, 1]},
								"west": {"uv": [54, 35], "uv_size": [2, 1]},
								"up": {"uv": [49, 20], "uv_size": [3, 2]},
								"down": {"uv": [50, 13], "uv_size": [3, -2]}
							}
						}
					]
				},
				{
					"name": "leg_left_front",
					"parent": "root",
					"pivot": [3.25, 7.08359, -5.06952],
					"cubes": [
						{
							"origin": [1.75, 4.83359, -6.69452],
							"size": [3, 4.5, 3.25],
							"uv": {
								"north": {"uv": [23, 40], "uv_size": [3, 5]},
								"east": {"uv": [5, 41], "uv_size": [3, 5]},
								"south": {"uv": [9, 41], "uv_size": [3, 5]},
								"west": {"uv": [41, 15], "uv_size": [3, 5]},
								"up": {"uv": [33, 5], "uv_size": [3, 3]},
								"down": {"uv": [30, 47], "uv_size": [3, -3]}
							}
						}
					]
				},
				{
					"name": "legfore_left_front",
					"parent": "leg_left_front",
					"pivot": [3.25, 5, -5.15],
					"cubes": [
						{
							"origin": [2.25, 1, -6.15],
							"size": [2, 4, 2],
							"uv": {
								"north": {"uv": [10, 47], "uv_size": [2, 4]},
								"east": {"uv": [47, 30], "uv_size": [2, 4]},
								"south": {"uv": [47, 35], "uv_size": [2, 4]},
								"west": {"uv": [47, 40], "uv_size": [2, 4]},
								"up": {"uv": [51, 0], "uv_size": [2, 2]},
								"down": {"uv": [51, 5], "uv_size": [2, -2]}
							}
						}
					]
				},
				{
					"name": "sole_left_front",
					"parent": "legfore_left_front",
					"pivot": [3.25, 0.5, -4.5],
					"cubes": [
						{
							"origin": [2, 0, -6.65],
							"size": [2.5, 1, 2.5],
							"uv": {
								"north": {"uv": [54, 27], "uv_size": [3, 1]},
								"east": {"uv": [54, 39], "uv_size": [2, 1]},
								"south": {"uv": [54, 29], "uv_size": [3, 1]},
								"west": {"uv": [40, 54], "uv_size": [2, 1]},
								"up": {"uv": [33, 50], "uv_size": [3, 2]},
								"down": {"uv": [50, 35], "uv_size": [3, -2]}
							}
						}
					]
				},
				{
					"name": "leg_right_front",
					"parent": "root",
					"pivot": [-3.25, 7.08359, -5.06952],
					"cubes": [
						{
							"origin": [-4.75, 4.83359, -6.69452],
							"size": [3, 4.5, 3.25],
							"uv": {
								"north": {"uv": [26, 40], "uv_size": [-3, 5]},
								"east": {"uv": [44, 15], "uv_size": [-3, 5]},
								"south": {"uv": [12, 41], "uv_size": [-3, 5]},
								"west": {"uv": [8, 41], "uv_size": [-3, 5]},
								"up": {"uv": [36, 5], "uv_size": [-3, 3]},
								"down": {"uv": [33, 47], "uv_size": [-3, -3]}
							}
						}
					]
				},
				{
					"name": "legfore_right_front",
					"parent": "leg_right_front",
					"pivot": [-3.25, 5, -5.15],
					"cubes": [
						{
							"origin": [-4.25, 1, -6.15],
							"size": [2, 4, 2],
							"uv": {
								"north": {"uv": [12, 47], "uv_size": [-2, 4]},
								"east": {"uv": [49, 40], "uv_size": [-2, 4]},
								"south": {"uv": [49, 35], "uv_size": [-2, 4]},
								"west": {"uv": [49, 30], "uv_size": [-2, 4]},
								"up": {"uv": [53, 0], "uv_size": [-2, 2]},
								"down": {"uv": [53, 5], "uv_size": [-2, -2]}
							}
						}
					]
				},
				{
					"name": "sole_right_front",
					"parent": "legfore_right_front",
					"pivot": [-3.25, 0.5, -4.5],
					"cubes": [
						{
							"origin": [-4.5, 0, -6.65],
							"size": [2.5, 1, 2.5],
							"uv": {
								"north": {"uv": [57, 27], "uv_size": [-3, 1]},
								"east": {"uv": [42, 54], "uv_size": [-2, 1]},
								"south": {"uv": [57, 29], "uv_size": [-3, 1]},
								"west": {"uv": [56, 39], "uv_size": [-2, 1]},
								"up": {"uv": [36, 50], "uv_size": [-3, 2]},
								"down": {"uv": [53, 35], "uv_size": [-3, -2]}
							}
						}
					]
				}
			]
		}
	]
}