{
	"format_version": "1.12.0",
	"minecraft:geometry": [
		{
			"description": {
				"identifier": "geometry.wacky_animals.deer",
				"texture_width": 256,
				"texture_height": 256,
				"visible_bounds_width": 4,
				"visible_bounds_height": 5.5,
				"visible_bounds_offset": [0, 2.25, 0]
			},
			"bones": [
				{
					"name": "root",
					"pivot": [0, 0, 0]
				},
				{
					"name": "body",
					"parent": "root",
					"pivot": [0, 32.17011, 2.02735],
					"cubes": [
						{
							"origin": [-6.75, 25, -10],
							"size": [13.5, 15, 23],
							"inflate": 0.01,
							"uv": {
								"north": {"uv": [39, 20], "uv_size": [14, 15]},
								"east": {"uv": [0, 0], "uv_size": [23, 15]},
								"south": {"uv": [39, 36], "uv_size": [14, 15]},
								"west": {"uv": [0, 16], "uv_size": [23, 15]},
								"up": {"uv": [24, 0], "uv_size": [14, 23]},
								"down": {"uv": [24, 47], "uv_size": [14, -23]}
							}
						},
						{
							"origin": [-6, 24.25604, -13.31365],
							"size": [12, 6, 18.75],
							"inflate": 0.01,
							"pivot": [0, 27.25604, -3.93865],
							"rotation": [5, 0, 0],
							"uv": {
								"north": {"uv": [86, 73], "uv_size": [12, 6]},
								"east": {"uv": [66, 64], "uv_size": [19, 6]},
								"south": {"uv": [87, 0], "uv_size": [12, 6]},
								"west": {"uv": [67, 0], "uv_size": [19, 6]},
								"up": {"uv": [0, 32], "uv_size": [12, 19]},
								"down": {"uv": [39, 19], "uv_size": [12, -19]}
							}
						},
						{
							"origin": [-5.75, 32.74191, 6.41016],
							"size": [11.5, 8, 9.5],
							"inflate": 0.01,
							"pivot": [0, 36.74191, 11.16016],
							"rotation": [10, 0, 0],
							"uv": {
								"north": {"uv": [69, 7], "uv_size": [12, 8]},
								"east": {"uv": [82, 16], "uv_size": [10, 8]},
								"south": {"uv": [69, 16], "uv_size": [12, 8]},
								"west": {"uv": [71, 83], "uv_size": [10, 8]},
								"up": {"uv": [40, 64], "uv_size": [12, 10]},
								"down": {"uv": [53, 74], "uv_size": [12, -10]}
							}
						},
						{
							"origin": [-5.75, 24.38635, 10.18152],
							"size": [11.5, 12, 9],
							"pivot": [0, 30.38635, 14.68152],
							"rotation": [-25, 0, 0],
							"uv": {
								"north": {"uv": [54, 27], "uv_size": [12, 12]},
								"east": {"uv": [25, 67], "uv_size": [9, 12]},
								"south": {"uv": [55, 40], "uv_size": [12, 12]},
								"west": {"uv": [67, 27], "uv_size": [9, 12]},
								"up": {"uv": [68, 40], "uv_size": [12, 9]},
								"down": {"uv": [68, 59], "uv_size": [12, -9]}
							}
						},
						{
							"origin": [-5.75, 31.03756, 11.60294],
							"size": [11.5, 6, 9.75],
							"inflate": -0.01,
							"pivot": [0, 35.53756, 17.97794],
							"rotation": [-50, 0, 0],
							"uv": {
								"north": {"uv": [82, 83], "uv_size": [12, 6]},
								"east": {"uv": [87, 43], "uv_size": [10, 6]},
								"south": {"uv": [9, 84], "uv_size": [12, 6]},
								"west": {"uv": [5, 91], "uv_size": [10, 6]},
								"up": {"uv": [55, 53], "uv_size": [12, 10]},
								"down": {"uv": [12, 73], "uv_size": [12, -10]}
							}
						}
					]
				},
				{
					"name": "neck",
					"parent": "body",
					"pivot": [0, 33.08692, -11.00688],
					"cubes": [
						{
							"origin": [-6.75, 26.11517, -17.62232],
							"size": [13.5, 14, 11],
							"pivot": [0, 32.86517, -12.12232],
							"rotation": [-27.5, 0, 0],
							"uv": {
								"north": {"uv": [13, 48], "uv_size": [14, 14]},
								"east": {"uv": [0, 52], "uv_size": [11, 14]},
								"south": {"uv": [52, 0], "uv_size": [14, 14]},
								"west": {"uv": [28, 52], "uv_size": [11, 14]},
								"up": {"uv": [40, 52], "uv_size": [14, 11]},
								"down": {"uv": [54, 26], "uv_size": [14, -11]}
							}
						}
					]
				},
				{
					"name": "neck2",
					"parent": "neck",
					"pivot": [0, 37.13361, -15.92103],
					"cubes": [
						{
							"origin": [-4.75, 32.62401, -23.52841],
							"size": [9.5, 10.75, 8],
							"inflate": 0.01,
							"pivot": [0, 37.37401, -19.52841],
							"rotation": [-27.5, 0, 0],
							"uv": {
								"north": {"uv": [13, 32], "uv_size": [10, 11]},
								"east": {"uv": [77, 71], "uv_size": [8, 11]},
								"south": {"uv": [0, 67], "uv_size": [10, 11]},
								"west": {"uv": [0, 79], "uv_size": [8, 11]},
								"up": {"uv": [81, 54], "uv_size": [10, 8]},
								"down": {"uv": [82, 15], "uv_size": [10, -8]}
							}
						},
						{
							"origin": [-4.75, 31.83882, -25.10223],
							"size": [9.5, 3, 9],
							"pivot": [0, 33.33882, -20.60223],
							"rotation": [-37.5, 0, 0],
							"uv": {
								"north": {"uv": [13, 44], "uv_size": [10, 3]},
								"east": {"uv": [68, 60], "uv_size": [9, 3]},
								"south": {"uv": [28, 48], "uv_size": [10, 3]},
								"west": {"uv": [117, 108], "uv_size": [9, 3]},
								"up": {"uv": [66, 71], "uv_size": [10, 9]},
								"down": {"uv": [11, 83], "uv_size": [10, -9]}
							}
						}
					]
				},
				{
					"name": "neck3",
					"parent": "neck2",
					"pivot": [0, 40.90695, -22.46036],
					"cubes": [
						{
							"origin": [-3.5, 39.42676, -29.54731],
							"size": [7, 7, 7.5],
							"inflate": 0.01,
							"pivot": [0, 42.17676, -26.04731],
							"rotation": [-27.5, 0, 0],
							"uv": {
								"north": {"uv": [98, 41], "uv_size": [7, 7]},
								"east": {"uv": [92, 25], "uv_size": [8, 7]},
								"south": {"uv": [98, 99], "uv_size": [7, 7]},
								"west": {"uv": [92, 33], "uv_size": [8, 7]},
								"up": {"uv": [92, 50], "uv_size": [7, 8]},
								"down": {"uv": [71, 100], "uv_size": [7, -8]}
							}
						},
						{
							"origin": [-3.5, 37.80027, -30.51461],
							"size": [7, 2.5, 8.25],
							"pivot": [0, 39.05027, -26.38961],
							"rotation": [-47.5, 0, 0],
							"uv": {
								"north": {"uv": [119, 70], "uv_size": [7, 3]},
								"east": {"uv": [77, 118], "uv_size": [8, 3]},
								"south": {"uv": [119, 112], "uv_size": [7, 3]},
								"west": {"uv": [106, 118], "uv_size": [8, 3]},
								"up": {"uv": [92, 90], "uv_size": [7, 8]},
								"down": {"uv": [93, 15], "uv_size": [7, -8]}
							}
						}
					]
				},
				{
					"name": "head",
					"parent": "neck3",
					"pivot": [0, 45.49408, -27.44308],
					"cubes": [
						{
							"origin": [-3.5, 41.5, -30.5],
							"size": [7, 8, 5],
							"uv": {
								"north": {"uv": [95, 80], "uv_size": [7, 8]},
								"east": {"uv": [111, 85], "uv_size": [5, 8]},
								"south": {"uv": [34, 96], "uv_size": [7, 8]},
								"west": {"uv": [111, 94], "uv_size": [5, 8]},
								"up": {"uv": [111, 112], "uv_size": [7, 5]},
								"down": {"uv": [114, 53], "uv_size": [7, -5]}
							}
						},
						{
							"origin": [-25.24432, 46.7, -4.31749],
							"size": [1.25, 2, 2.25],
							"pivot": [1.83068, 23.7, -3.56749],
							"rotation": [0, -92.5, 0],
							"uv": {
								"north": {"uv": [58, 132], "uv_size": [1, 2]},
								"east": {"uv": [130, 3], "uv_size": [2, 2]},
								"south": {"uv": [60, 132], "uv_size": [1, 2]},
								"west": {"uv": [6, 130], "uv_size": [2, 2]},
								"up": {"uv": [62, 132], "uv_size": [1, 2]},
								"down": {"uv": [67, 134], "uv_size": [1, -2]}
							}
						},
						{
							"origin": [-25.24432, 46.7, -4.31749],
							"size": [1.25, 2, 2.25],
							"inflate": 0.2,
							"pivot": [1.83068, 23.7, -3.56749],
							"rotation": [0, -92.5, 0],
							"uv": {
								"north": {"uv": [50, 132], "uv_size": [1, 2]},
								"east": {"uv": [130, 0], "uv_size": [2, 2]},
								"south": {"uv": [52, 132], "uv_size": [1, 2]},
								"west": {"uv": [3, 130], "uv_size": [2, 2]},
								"up": {"uv": [54, 132], "uv_size": [1, 2]},
								"down": {"uv": [56, 134], "uv_size": [1, -2]}
							}
						},
						{
							"origin": [23.99432, 46.7, -4.31749],
							"size": [1.25, 2, 2.25],
							"inflate": 0.2,
							"pivot": [-1.83068, 23.7, -3.56749],
							"rotation": [0, 92.5, 0],
							"uv": {
								"north": {"uv": [132, 116], "uv_size": [1, 2]},
								"east": {"uv": [130, 9], "uv_size": [2, 2]},
								"south": {"uv": [125, 132], "uv_size": [1, 2]},
								"west": {"uv": [12, 130], "uv_size": [2, 2]},
								"up": {"uv": [127, 132], "uv_size": [1, 2]},
								"down": {"uv": [132, 130], "uv_size": [1, -2]}
							}
						},
						{
							"origin": [23.99432, 46.4, -4.31749],
							"size": [1.25, 2, 2.25],
							"pivot": [-1.83068, 23.4, -3.56749],
							"rotation": [0, 92.5, 0],
							"uv": {
								"north": {"uv": [69, 132], "uv_size": [1, 2]},
								"east": {"uv": [130, 6], "uv_size": [2, 2]},
								"south": {"uv": [93, 132], "uv_size": [1, 2]},
								"west": {"uv": [9, 130], "uv_size": [2, 2]},
								"up": {"uv": [95, 132], "uv_size": [1, 2]},
								"down": {"uv": [132, 111], "uv_size": [1, -2]}
							}
						},
						{
							"origin": [-2.25, 42.58995, -36.49976],
							"size": [4.5, 2.75, 7.9],
							"pivot": [0, 42.71495, -33.44976],
							"rotation": [27.5, 0, 0],
							"uv": {
								"north": {"uv": [121, 89], "uv_size": [5, 3]},
								"east": {"uv": [115, 118], "uv_size": [8, 3]},
								"south": {"uv": [121, 93], "uv_size": [5, 3]},
								"west": {"uv": [119, 66], "uv_size": [8, 3]},
								"up": {"uv": [111, 0], "uv_size": [5, 8]},
								"down": {"uv": [111, 17], "uv_size": [5, -8]}
							}
						},
						{
							"origin": [-3.5, 39.92253, -27.37822],
							"size": [7, 8.25, 3.5],
							"inflate": -0.01,
							"pivot": [0, 44.50965, -26.76911],
							"rotation": [22.5, 0, 0],
							"uv": {
								"north": {"uv": [93, 16], "uv_size": [7, 8]},
								"east": {"uv": [10, 112], "uv_size": [4, 8]},
								"south": {"uv": [95, 59], "uv_size": [7, 8]},
								"west": {"uv": [20, 112], "uv_size": [4, 8]},
								"up": {"uv": [98, 117], "uv_size": [7, 4]},
								"down": {"uv": [32, 122], "uv_size": [7, -4]}
							}
						},
						{
							"origin": [-1.5, 44.61476, -35.61186],
							"size": [3, 0, 7.5],
							"pivot": [0, 44.61476, -31.86186],
							"rotation": [37.5, 0, 0],
							"uv": {
								"north": {"uv": [35, 74], "uv_size": [3, 0]},
								"east": {"uv": [134, 35], "uv_size": [8, 0]},
								"south": {"uv": [81, 63], "uv_size": [3, 0]},
								"west": {"uv": [134, 36], "uv_size": [8, 0]},
								"up": {"uv": [61, 86], "uv_size": [3, 8]},
								"down": {"uv": [15, 126], "uv_size": [3, -8]}
							}
						}
					]
				},
				{
					"name": "bone2",
					"parent": "head",
					"pivot": [13.784, 58.78661, -13.03924],
					"cubes": [
						{
							"origin": [2.42454, 49.95497, -28.55322],
							"size": [2, 3, 2],
							"pivot": [3.42454, 51.45497, -27.55322],
							"rotation": [-13.51394, 5.12305, 23.32855],
							"uv": {
								"north": {"uv": [25, 63], "uv_size": [2, 3]},
								"east": {"uv": [22, 74], "uv_size": [2, 3]},
								"south": {"uv": [78, 60], "uv_size": [2, 3]},
								"west": {"uv": [92, 59], "uv_size": [2, 3]},
								"up": {"uv": [100, 89], "uv_size": [2, 2]},
								"down": {"uv": [108, 91], "uv_size": [2, -2]}
							}
						},
						{
							"origin": [1.76981, 47.43483, -29.01506],
							"size": [2.5, 3.15, 2.4],
							"pivot": [2.96981, 50.45983, -27.81506],
							"rotation": [-11.39176, 8.92555, 40.54391],
							"uv": {
								"north": {"uv": [77, 36], "uv_size": [3, 3]},
								"east": {"uv": [62, 95], "uv_size": [2, 3]},
								"south": {"uv": [87, 50], "uv_size": [3, 3]},
								"west": {"uv": [105, 75], "uv_size": [2, 3]},
								"up": {"uv": [126, 126], "uv_size": [3, 2]},
								"down": {"uv": [12, 129], "uv_size": [3, -2]}
							}
						},
						{
							"origin": [3.42845, 51.6866, -29.97314],
							"size": [1.45, 1.25, 2.75],
							"pivot": [4.15345, 52.3116, -28.59814],
							"rotation": [-45.64326, -21.11639, 38.15356],
							"uv": {
								"north": {"uv": [67, 13], "uv_size": [1, 1]},
								"east": {"uv": [130, 12], "uv_size": [3, 1]},
								"south": {"uv": [75, 25], "uv_size": [1, 1]},
								"west": {"uv": [130, 14], "uv_size": [3, 1]},
								"up": {"uv": [104, 113], "uv_size": [1, 3]},
								"down": {"uv": [30, 122], "uv_size": [1, -3]}
							}
						},
						{
							"origin": [6.71401, 53.40393, -31.09667],
							"size": [0.95, 0.95, 2.75],
							"pivot": [6.63348, 54.70036, -31.26875],
							"rotation": [-38.14326, -21.11639, 38.15356],
							"uv": {
								"north": {"uv": [90, 108], "uv_size": [1, 1]},
								"east": {"uv": [130, 16], "uv_size": [3, 1]},
								"south": {"uv": [40, 118], "uv_size": [1, 1]},
								"west": {"uv": [130, 18], "uv_size": [3, 1]},
								"up": {"uv": [80, 130], "uv_size": [1, 3]},
								"down": {"uv": [82, 133], "uv_size": [1, -3]}
							}
						},
						{
							"origin": [6.41346, 53.79942, -32.34675],
							"size": [0.75, 0.75, 2.25],
							"pivot": [6.63348, 54.70036, -31.26875],
							"rotation": [-64.30261, -12.38722, 16.45908],
							"uv": {
								"north": {"uv": [124, 120], "uv_size": [1, 1]},
								"east": {"uv": [22, 78], "uv_size": [2, 1]},
								"south": {"uv": [43, 126], "uv_size": [1, 1]},
								"west": {"uv": [68, 99], "uv_size": [2, 1]},
								"up": {"uv": [108, 59], "uv_size": [1, 2]},
								"down": {"uv": [38, 125], "uv_size": [1, -2]}
							}
						},
						{
							"origin": [2.08654, 53.09942, -30.84675],
							"size": [0.75, 0.75, 2.25],
							"pivot": [2.61652, 54.00036, -29.76875],
							"rotation": [-57.14384, 3.87741, -3.59989],
							"uv": {
								"north": {"uv": [132, 95], "uv_size": [1, 1]},
								"east": {"uv": [100, 57], "uv_size": [2, 1]},
								"south": {"uv": [129, 132], "uv_size": [1, 1]},
								"west": {"uv": [114, 83], "uv_size": [2, 1]},
								"up": {"uv": [28, 125], "uv_size": [1, 2]},
								"down": {"uv": [71, 133], "uv_size": [1, -2]}
							}
						},
						{
							"origin": [1.58599, 52.70393, -29.59667],
							"size": [0.95, 0.95, 2.75],
							"pivot": [2.61652, 54.00036, -29.76875],
							"rotation": [-27.99856, 15.64149, -23.10131],
							"uv": {
								"north": {"uv": [131, 132], "uv_size": [1, 1]},
								"east": {"uv": [93, 130], "uv_size": [3, 1]},
								"south": {"uv": [133, 0], "uv_size": [1, 1]},
								"west": {"uv": [130, 101], "uv_size": [3, 1]},
								"up": {"uv": [130, 109], "uv_size": [1, 3]},
								"down": {"uv": [15, 134], "uv_size": [1, -3]}
							}
						},
						{
							"origin": [3.43158, 50.62288, -27.87452],
							"size": [1.75, 1.5, 3],
							"pivot": [4.30658, 51.37288, -26.37452],
							"rotation": [26.0335, 38.52601, 33.82513],
							"uv": {
								"north": {"uv": [117, 33], "uv_size": [2, 2]},
								"east": {"uv": [127, 70], "uv_size": [3, 2]},
								"south": {"uv": [23, 129], "uv_size": [2, 2]},
								"west": {"uv": [81, 127], "uv_size": [3, 2]},
								"up": {"uv": [108, 85], "uv_size": [2, 3]},
								"down": {"uv": [16, 130], "uv_size": [2, -3]}
							}
						},
						{
							"origin": [6.31281, 52.15573, -26.76993],
							"size": [1.75, 1.5, 7.25],
							"pivot": [7.18781, 52.90573, -23.14493],
							"rotation": [39.72793, 24.81625, 26.63563],
							"uv": {
								"north": {"uv": [129, 29], "uv_size": [2, 2]},
								"east": {"uv": [121, 30], "uv_size": [7, 2]},
								"south": {"uv": [129, 32], "uv_size": [2, 2]},
								"west": {"uv": [121, 103], "uv_size": [7, 2]},
								"up": {"uv": [79, 92], "uv_size": [2, 7]},
								"down": {"uv": [100, 56], "uv_size": [2, -7]}
							}
						},
						{
							"origin": [9.16655, 54.37036, -24.29751],
							"size": [1.05, 1, 4],
							"pivot": [9.69155, 54.87036, -22.29751],
							"rotation": [107.67392, 9.29627, 44.12018],
							"uv": {
								"north": {"uv": [133, 2], "uv_size": [1, 1]},
								"east": {"uv": [101, 39], "uv_size": [4, 1]},
								"south": {"uv": [3, 133], "uv_size": [1, 1]},
								"west": {"uv": [119, 116], "uv_size": [4, 1]},
								"up": {"uv": [52, 15], "uv_size": [1, 4]},
								"down": {"uv": [9, 83], "uv_size": [1, -4]}
							}
						},
						{
							"origin": [8.65308, 55.25232, -21.80999],
							"size": [1.45, 1.3, 5],
							"pivot": [9.37808, 55.90232, -19.30999],
							"rotation": [48.01025, 2.86336, 9.44857],
							"uv": {
								"north": {"uv": [133, 4], "uv_size": [1, 1]},
								"east": {"uv": [69, 25], "uv_size": [5, 1]},
								"south": {"uv": [5, 133], "uv_size": [1, 1]},
								"west": {"uv": [71, 81], "uv_size": [5, 1]},
								"up": {"uv": [67, 7], "uv_size": [1, 5]},
								"down": {"uv": [32, 103], "uv_size": [1, -5]}
							}
						},
						{
							"origin": [9.76093, 57.42446, -18.32818],
							"size": [1.2, 1.3, 3.75],
							"pivot": [10.36093, 58.07446, -16.45318],
							"rotation": [31.78627, 19.1263, 28.86733],
							"uv": {
								"north": {"uv": [133, 6], "uv_size": [1, 1]},
								"east": {"uv": [125, 101], "uv_size": [4, 1]},
								"south": {"uv": [7, 133], "uv_size": [1, 1]},
								"west": {"uv": [127, 95], "uv_size": [4, 1]},
								"up": {"uv": [36, 128], "uv_size": [1, 4]},
								"down": {"uv": [26, 133], "uv_size": [1, -4]}
							}
						},
						{
							"origin": [8.91398, 59.05172, -18.48886],
							"size": [2.4, 0.8, 0.9],
							"pivot": [8.5124, 59.96961, -18.03886],
							"rotation": [36.38879, -3.95101, 62.07556],
							"uv": {
								"north": {"uv": [131, 71], "uv_size": [2, 1]},
								"east": {"uv": [133, 8], "uv_size": [1, 1]},
								"south": {"uv": [73, 131], "uv_size": [2, 1]},
								"west": {"uv": [9, 133], "uv_size": [1, 1]},
								"up": {"uv": [131, 73], "uv_size": [2, 1]},
								"down": {"uv": [131, 76], "uv_size": [2, -1]}
							}
						},
						{
							"origin": [7.61427, 59.30743, -18.38886],
							"size": [1.65, 0.7, 0.7],
							"pivot": [8.5124, 59.96961, -18.03886],
							"rotation": [32.27874, -18.21448, 83.06268],
							"uv": {
								"north": {"uv": [76, 131], "uv_size": [2, 1]},
								"east": {"uv": [133, 10], "uv_size": [1, 1]},
								"south": {"uv": [131, 77], "uv_size": [2, 1]},
								"west": {"uv": [11, 133], "uv_size": [1, 1]},
								"up": {"uv": [131, 79], "uv_size": [2, 1]},
								"down": {"uv": [131, 82], "uv_size": [2, -1]}
							}
						},
						{
							"origin": [9.26427, 59.43243, -14.68886],
							"size": [1.65, 0.7, 0.7],
							"pivot": [10.1624, 60.09461, -14.33886],
							"rotation": [37.98019, 27.31523, 70.20449],
							"uv": {
								"north": {"uv": [131, 83], "uv_size": [2, 1]},
								"east": {"uv": [13, 133], "uv_size": [1, 1]},
								"south": {"uv": [84, 131], "uv_size": [2, 1]},
								"west": {"uv": [133, 22], "uv_size": [1, 1]},
								"up": {"uv": [131, 85], "uv_size": [2, 1]},
								"down": {"uv": [131, 88], "uv_size": [2, -1]}
							}
						},
						{
							"origin": [10.56398, 59.17672, -14.78886],
							"size": [1.8, 0.8, 0.9],
							"pivot": [10.1624, 60.09461, -14.33886],
							"rotation": [23.29983, 40.3133, 44.30044],
							"uv": {
								"north": {"uv": [131, 89], "uv_size": [2, 1]},
								"east": {"uv": [133, 24], "uv_size": [1, 1]},
								"south": {"uv": [131, 91], "uv_size": [2, 1]},
								"west": {"uv": [28, 133], "uv_size": [1, 1]},
								"up": {"uv": [131, 93], "uv_size": [2, 1]},
								"down": {"uv": [97, 132], "uv_size": [2, -1]}
							}
						},
						{
							"origin": [11.96219, 58.53188, -15.70051],
							"size": [1, 0.9, 3.75],
							"pivot": [12.46219, 58.98188, -13.82551],
							"rotation": [32.48238, 32.64133, 36.12993],
							"uv": {
								"north": {"uv": [30, 133], "uv_size": [1, 1]},
								"east": {"uv": [129, 35], "uv_size": [4, 1]},
								"south": {"uv": [36, 133], "uv_size": [1, 1]},
								"west": {"uv": [129, 37], "uv_size": [4, 1]},
								"up": {"uv": [38, 129], "uv_size": [1, 4]},
								"down": {"uv": [129, 43], "uv_size": [1, -4]}
							}
						},
						{
							"origin": [13.384, 59.43661, -12.91424],
							"size": [0.8, 0.7, 2.75],
							"pivot": [13.784, 59.78661, -11.53924],
							"rotation": [26.88663, -0.25799, 17.04723],
							"uv": {
								"north": {"uv": [133, 51], "uv_size": [1, 1]},
								"east": {"uv": [130, 126], "uv_size": [3, 1]},
								"south": {"uv": [133, 53], "uv_size": [1, 1]},
								"west": {"uv": [131, 20], "uv_size": [3, 1]},
								"up": {"uv": [17, 131], "uv_size": [1, 3]},
								"down": {"uv": [131, 25], "uv_size": [1, -3]}
							}
						}
					]
				},
				{
					"name": "bone3",
					"parent": "head",
					"pivot": [-13.784, 58.78661, -13.03924],
					"cubes": [
						{
							"origin": [-4.42454, 49.95497, -28.55322],
							"size": [2, 3, 2],
							"pivot": [-3.42454, 51.45497, -27.55322],
							"rotation": [-13.51394, -5.12305, -23.32855],
							"uv": {
								"north": {"uv": [127, 109], "uv_size": [2, 3]},
								"east": {"uv": [114, 127], "uv_size": [2, 3]},
								"south": {"uv": [117, 127], "uv_size": [2, 3]},
								"west": {"uv": [120, 127], "uv_size": [2, 3]},
								"up": {"uv": [47, 129], "uv_size": [2, 2]},
								"down": {"uv": [50, 131], "uv_size": [2, -2]}
							}
						},
						{
							"origin": [-4.26981, 47.43483, -29.01506],
							"size": [2.5, 3.15, 2.4],
							"pivot": [-2.96981, 50.45983, -27.81506],
							"rotation": [-11.39176, -8.92555, -40.54391],
							"uv": {
								"north": {"uv": [72, 125], "uv_size": [3, 3]},
								"east": {"uv": [123, 127], "uv_size": [2, 3]},
								"south": {"uv": [89, 125], "uv_size": [3, 3]},
								"west": {"uv": [0, 128], "uv_size": [2, 3]},
								"up": {"uv": [127, 113], "uv_size": [3, 2]},
								"down": {"uv": [28, 130], "uv_size": [3, -2]}
							}
						},
						{
							"origin": [-4.87845, 51.6866, -29.97314],
							"size": [1.45, 1.25, 2.75],
							"pivot": [-4.15345, 52.3116, -28.59814],
							"rotation": [-45.64326, 21.11639, -38.15356],
							"uv": {
								"north": {"uv": [133, 55], "uv_size": [1, 1]},
								"east": {"uv": [131, 26], "uv_size": [3, 1]},
								"south": {"uv": [133, 57], "uv_size": [1, 1]},
								"west": {"uv": [28, 131], "uv_size": [3, 1]},
								"up": {"uv": [32, 131], "uv_size": [1, 3]},
								"down": {"uv": [34, 134], "uv_size": [1, -3]}
							}
						},
						{
							"origin": [-7.66401, 53.40393, -31.09667],
							"size": [0.95, 0.95, 2.75],
							"pivot": [-6.63348, 54.70036, -31.26875],
							"rotation": [-38.14326, 21.11639, -38.15356],
							"uv": {
								"north": {"uv": [133, 63], "uv_size": [1, 1]},
								"east": {"uv": [131, 39], "uv_size": [3, 1]},
								"south": {"uv": [133, 65], "uv_size": [1, 1]},
								"west": {"uv": [131, 41], "uv_size": [3, 1]},
								"up": {"uv": [43, 131], "uv_size": [1, 3]},
								"down": {"uv": [45, 134], "uv_size": [1, -3]}
							}
						},
						{
							"origin": [-7.16346, 53.79942, -32.34675],
							"size": [0.75, 0.75, 2.25],
							"pivot": [-6.63348, 54.70036, -31.26875],
							"rotation": [-64.30261, 12.38722, -16.45908],
							"uv": {
								"north": {"uv": [133, 67], "uv_size": [1, 1]},
								"east": {"uv": [104, 131], "uv_size": [2, 1]},
								"south": {"uv": [133, 69], "uv_size": [1, 1]},
								"west": {"uv": [131, 105], "uv_size": [2, 1]},
								"up": {"uv": [87, 131], "uv_size": [1, 2]},
								"down": {"uv": [100, 133], "uv_size": [1, -2]}
							}
						},
						{
							"origin": [-2.83654, 53.09942, -30.84675],
							"size": [0.75, 0.75, 2.25],
							"pivot": [-2.61652, 54.00036, -29.76875],
							"rotation": [-57.14384, -3.87741, 3.59989],
							"uv": {
								"north": {"uv": [73, 133], "uv_size": [1, 1]},
								"east": {"uv": [131, 107], "uv_size": [2, 1]},
								"south": {"uv": [75, 133], "uv_size": [1, 1]},
								"west": {"uv": [113, 131], "uv_size": [2, 1]},
								"up": {"uv": [107, 131], "uv_size": [1, 2]},
								"down": {"uv": [131, 115], "uv_size": [1, -2]}
							}
						},
						{
							"origin": [-2.53599, 52.70393, -29.59667],
							"size": [0.95, 0.95, 2.75],
							"pivot": [-2.61652, 54.00036, -29.76875],
							"rotation": [-27.99856, -15.64149, 23.10131],
							"uv": {
								"north": {"uv": [77, 133], "uv_size": [1, 1]},
								"east": {"uv": [131, 47], "uv_size": [3, 1]},
								"south": {"uv": [84, 133], "uv_size": [1, 1]},
								"west": {"uv": [131, 49], "uv_size": [3, 1]},
								"up": {"uv": [131, 51], "uv_size": [1, 3]},
								"down": {"uv": [131, 58], "uv_size": [1, -3]}
							}
						},
						{
							"origin": [-5.18158, 50.62288, -27.87452],
							"size": [1.75, 1.5, 3],
							"pivot": [-4.30658, 51.37288, -26.37452],
							"rotation": [26.0335, -38.52601, -33.82513],
							"uv": {
								"north": {"uv": [53, 129], "uv_size": [2, 2]},
								"east": {"uv": [32, 128], "uv_size": [3, 2]},
								"south": {"uv": [56, 129], "uv_size": [2, 2]},
								"west": {"uv": [43, 128], "uv_size": [3, 2]},
								"up": {"uv": [128, 66], "uv_size": [2, 3]},
								"down": {"uv": [68, 131], "uv_size": [2, -3]}
							}
						},
						{
							"origin": [-8.06281, 52.15573, -26.76993],
							"size": [1.75, 1.5, 7.25],
							"pivot": [-7.18781, 52.90573, -23.14493],
							"rotation": [39.72793, -24.81625, -26.63563],
							"uv": {
								"north": {"uv": [59, 129], "uv_size": [2, 2]},
								"east": {"uv": [98, 122], "uv_size": [7, 2]},
								"south": {"uv": [62, 129], "uv_size": [2, 2]},
								"west": {"uv": [106, 122], "uv_size": [7, 2]},
								"up": {"uv": [114, 75], "uv_size": [2, 7]},
								"down": {"uv": [45, 127], "uv_size": [2, -7]}
							}
						},
						{
							"origin": [-10.21655, 54.37036, -24.29751],
							"size": [1.05, 1, 4],
							"pivot": [-9.69155, 54.87036, -22.29751],
							"rotation": [107.67392, -9.29627, -44.12018],
							"uv": {
								"north": {"uv": [97, 133], "uv_size": [1, 1]},
								"east": {"uv": [71, 129], "uv_size": [4, 1]},
								"south": {"uv": [104, 133], "uv_size": [1, 1]},
								"west": {"uv": [97, 129], "uv_size": [4, 1]},
								"up": {"uv": [65, 129], "uv_size": [1, 4]},
								"down": {"uv": [89, 133], "uv_size": [1, -4]}
							}
						},
						{
							"origin": [-10.10308, 55.25232, -21.80999],
							"size": [1.45, 1.3, 5],
							"pivot": [-9.37808, 55.90232, -19.30999],
							"rotation": [48.01025, -2.86336, -9.44857],
							"uv": {
								"north": {"uv": [133, 112], "uv_size": [1, 1]},
								"east": {"uv": [92, 41], "uv_size": [5, 1]},
								"south": {"uv": [113, 133], "uv_size": [1, 1]},
								"west": {"uv": [121, 106], "uv_size": [5, 1]},
								"up": {"uv": [103, 62], "uv_size": [1, 5]},
								"down": {"uv": [104, 112], "uv_size": [1, -5]}
							}
						},
						{
							"origin": [-10.96093, 57.42446, -18.32818],
							"size": [1.2, 1.3, 3.75],
							"pivot": [-10.36093, 58.07446, -16.45318],
							"rotation": [31.78627, -19.1263, -28.86733],
							"uv": {
								"north": {"uv": [133, 114], "uv_size": [1, 1]},
								"east": {"uv": [129, 97], "uv_size": [4, 1]},
								"south": {"uv": [115, 133], "uv_size": [1, 1]},
								"west": {"uv": [129, 99], "uv_size": [4, 1]},
								"up": {"uv": [91, 129], "uv_size": [1, 4]},
								"down": {"uv": [102, 133], "uv_size": [1, -4]}
							}
						},
						{
							"origin": [-11.31398, 59.05172, -18.48886],
							"size": [2.4, 0.8, 0.9],
							"pivot": [-8.5124, 59.96961, -18.03886],
							"rotation": [36.38879, 3.95101, -62.07556],
							"uv": {
								"north": {"uv": [116, 131], "uv_size": [2, 1]},
								"east": {"uv": [117, 133], "uv_size": [1, 1]},
								"south": {"uv": [119, 131], "uv_size": [2, 1]},
								"west": {"uv": [119, 133], "uv_size": [1, 1]},
								"up": {"uv": [131, 119], "uv_size": [2, 1]},
								"down": {"uv": [131, 122], "uv_size": [2, -1]}
							}
						},
						{
							"origin": [-9.26427, 59.30743, -18.38886],
							"size": [1.65, 0.7, 0.7],
							"pivot": [-8.5124, 59.96961, -18.03886],
							"rotation": [32.27874, 18.21448, -83.06268],
							"uv": {
								"north": {"uv": [122, 131], "uv_size": [2, 1]},
								"east": {"uv": [121, 133], "uv_size": [1, 1]},
								"south": {"uv": [131, 123], "uv_size": [2, 1]},
								"west": {"uv": [123, 133], "uv_size": [1, 1]},
								"up": {"uv": [0, 132], "uv_size": [2, 1]},
								"down": {"uv": [19, 133], "uv_size": [2, -1]}
							}
						},
						{
							"origin": [-10.91427, 59.43243, -14.68886],
							"size": [1.65, 0.7, 0.7],
							"pivot": [-10.1624, 60.09461, -14.33886],
							"rotation": [37.98019, -27.31523, -70.20449],
							"uv": {
								"north": {"uv": [22, 132], "uv_size": [2, 1]},
								"east": {"uv": [133, 131], "uv_size": [1, 1]},
								"south": {"uv": [132, 28], "uv_size": [2, 1]},
								"west": {"uv": [133, 133], "uv_size": [1, 1]},
								"up": {"uv": [132, 30], "uv_size": [2, 1]},
								"down": {"uv": [132, 33], "uv_size": [2, -1]}
							}
						},
						{
							"origin": [-12.36398, 59.17672, -14.78886],
							"size": [1.8, 0.8, 0.9],
							"pivot": [-10.1624, 60.09461, -14.33886],
							"rotation": [23.29983, -40.3133, -44.30044],
							"uv": {
								"north": {"uv": [40, 132], "uv_size": [2, 1]},
								"east": {"uv": [0, 134], "uv_size": [1, 1]},
								"south": {"uv": [132, 43], "uv_size": [2, 1]},
								"west": {"uv": [134, 12], "uv_size": [1, 1]},
								"up": {"uv": [132, 45], "uv_size": [2, 1]},
								"down": {"uv": [47, 133], "uv_size": [2, -1]}
							}
						},
						{
							"origin": [-12.96219, 58.53188, -15.70051],
							"size": [1, 0.9, 3.75],
							"pivot": [-12.46219, 58.98188, -13.82551],
							"rotation": [32.48238, -32.64133, -36.12993],
							"uv": {
								"north": {"uv": [134, 14], "uv_size": [1, 1]},
								"east": {"uv": [129, 103], "uv_size": [4, 1]},
								"south": {"uv": [134, 16], "uv_size": [1, 1]},
								"west": {"uv": [104, 129], "uv_size": [4, 1]},
								"up": {"uv": [109, 129], "uv_size": [1, 4]},
								"down": {"uv": [111, 133], "uv_size": [1, -4]}
							}
						},
						{
							"origin": [-14.184, 59.43661, -12.91424],
							"size": [0.8, 0.7, 2.75],
							"pivot": [-13.784, 59.78661, -11.53924],
							"rotation": [26.88663, 0.25799, -17.04723],
							"uv": {
								"north": {"uv": [134, 18], "uv_size": [1, 1]},
								"east": {"uv": [131, 59], "uv_size": [3, 1]},
								"south": {"uv": [19, 134], "uv_size": [1, 1]},
								"west": {"uv": [131, 61], "uv_size": [3, 1]},
								"up": {"uv": [131, 63], "uv_size": [1, 3]},
								"down": {"uv": [131, 70], "uv_size": [1, -3]}
							}
						}
					]
				},
				{
					"name": "left_ear",
					"parent": "head",
					"pivot": [4.04411, 46.59806, -27.64244],
					"cubes": [
						{
							"origin": [2.58447, 45.49944, -27.26229],
							"size": [7, 4.5, 0],
							"pivot": [6.08447, 46.04944, -27.26229],
							"rotation": [0.21865, -4.99523, -15.00954],
							"uv": {
								"north": {"uv": [112, 36], "uv_size": [7, 5]}
							}
						}
					]
				},
				{
					"name": "right_ear",
					"parent": "head",
					"pivot": [-4.04411, 46.59806, -27.64244],
					"cubes": [
						{
							"origin": [-9.58447, 45.49944, -27.26229],
							"size": [7, 4.5, 0],
							"pivot": [-6.08447, 46.04944, -27.26229],
							"rotation": [0.21865, 4.99523, 15.00954],
							"uv": {
								"north": {"uv": [114, 54], "uv_size": [7, 5]}
							}
						}
					]
				},
				{
					"name": "jaw",
					"parent": "head",
					"pivot": [0, 43.81411, -29.99687],
					"cubes": [
						{
							"origin": [-1.9, 40.33995, -36.09976],
							"size": [3.8, 2.25, 7.5],
							"inflate": 0.01,
							"pivot": [0, 42.71495, -33.44976],
							"rotation": [27.5, 0, 0],
							"uv": {
								"north": {"uv": [19, 126], "uv_size": [4, 2]},
								"east": {"uv": [86, 80], "uv_size": [8, 2]},
								"south": {"uv": [126, 20], "uv_size": [4, 2]},
								"west": {"uv": [120, 45], "uv_size": [8, 2]},
								"up": {"uv": [114, 66], "uv_size": [4, 8]},
								"down": {"uv": [68, 122], "uv_size": [4, -8]}
							}
						}
					]
				},
				{
					"name": "tail",
					"parent": "body",
					"pivot": [0, 31.93232, 20.85183],
					"cubes": [
						{
							"origin": [-1.75, 30.93232, 18.85183],
							"size": [3.5, 0, 6],
							"pivot": [0, 30.93232, 21.85183],
							"rotation": [-55, 0, 0],
							"uv": {
								"north": {"uv": [95, 89], "uv_size": [4, 0]},
								"east": {"uv": [21, 134], "uv_size": [6, 0]},
								"south": {"uv": [134, 37], "uv_size": [4, 0]},
								"west": {"uv": [134, 38], "uv_size": [6, 0]},
								"up": {"uv": [35, 67], "uv_size": [4, 6]},
								"down": {"uv": [100, 98], "uv_size": [4, -6]}
							}
						}
					]
				},
				{
					"name": "arm_right",
					"parent": "root",
					"pivot": [-4.7, 30.53404, -13.11899],
					"cubes": [
						{
							"origin": [-7.45, 24.90904, -16.99399],
							"size": [5.5, 9.25, 7.75],
							"inflate": 0.01,
							"uv": {
								"north": {"uv": [111, 39], "uv_size": [-5, 9]},
								"east": {"uv": [51, 86], "uv_size": [-8, 9]},
								"south": {"uv": [103, 107], "uv_size": [-5, 9]},
								"west": {"uv": [42, 86], "uv_size": [-8, 9]},
								"up": {"uv": [116, 18], "uv_size": [-5, 8]},
								"down": {"uv": [116, 35], "uv_size": [-5, -8]}
							}
						}
					]
				},
				{
					"name": "armfore_right",
					"parent": "arm_right",
					"pivot": [-4.7, 25.55303, -13.18208],
					"cubes": [
						{
							"origin": [-6.95, 13.45081, -15.62665],
							"size": [4.5, 12.5, 3.5],
							"inflate": 0.01,
							"pivot": [-4.7, 19.70081, -13.87665],
							"rotation": [5, 0, 0],
							"uv": {
								"north": {"uv": [20, 91], "uv_size": [-4, 13]},
								"east": {"uv": [56, 96], "uv_size": [-4, 13]},
								"south": {"uv": [51, 96], "uv_size": [-4, 13]},
								"west": {"uv": [46, 96], "uv_size": [-4, 13]},
								"up": {"uv": [125, 0], "uv_size": [-4, 4]},
								"down": {"uv": [8, 125], "uv_size": [-4, -4]}
							}
						},
						{
							"origin": [-6.95, 13.59934, -14.12864],
							"size": [4.5, 12, 3.5],
							"pivot": [-4.7, 19.22434, -12.37864],
							"rotation": [-10, 0, 0],
							"uv": {
								"north": {"uv": [105, 0], "uv_size": [-4, 12]},
								"east": {"uv": [72, 101], "uv_size": [-4, 12]},
								"south": {"uv": [105, 26], "uv_size": [-4, 12]},
								"west": {"uv": [105, 13], "uv_size": [-4, 12]},
								"up": {"uv": [125, 5], "uv_size": [-4, 4]},
								"down": {"uv": [13, 125], "uv_size": [-4, -4]}
							}
						},
						{
							"origin": [-6.95, 12.17721, -14.5935],
							"size": [4.5, 2.37487, 2.47487],
							"inflate": -0.01,
							"pivot": [-4.7, 13.36464, -13.35607],
							"rotation": [45, 0, 0],
							"uv": {
								"north": {"uv": [130, 23], "uv_size": [-4, 2]},
								"east": {"uv": [131, 44], "uv_size": [-2, 2]},
								"south": {"uv": [130, 26], "uv_size": [-4, 2]},
								"west": {"uv": [42, 129], "uv_size": [-2, 2]},
								"up": {"uv": [42, 126], "uv_size": [-4, 2]},
								"down": {"uv": [130, 50], "uv_size": [-4, -2]}
							}
						}
					]
				},
				{
					"name": "armfore_right2",
					"parent": "armfore_right",
					"pivot": [-4.7, 12.70081, -13.32665],
					"cubes": [
						{
							"origin": [-6.2, 4.70081, -14.57665],
							"size": [3, 10, 2.9],
							"inflate": 0.01,
							"uv": {
								"north": {"uv": [97, 110], "uv_size": [-3, 10]},
								"east": {"uv": [120, 11], "uv_size": [-3, 10]},
								"south": {"uv": [120, 0], "uv_size": [-3, 10]},
								"west": {"uv": [76, 114], "uv_size": [-3, 10]},
								"up": {"uv": [3, 124], "uv_size": [-3, 3]},
								"down": {"uv": [88, 127], "uv_size": [-3, -3]}
							}
						}
					]
				},
				{
					"name": "hand_right",
					"parent": "armfore_right2",
					"pivot": [-4.7, 5.16622, -13.16636],
					"cubes": [
						{
							"origin": [-6.2, 0.40269, -15.6284],
							"size": [3, 5.25, 2.9],
							"pivot": [-4.7, 3.02769, -14.1784],
							"rotation": [-27.5, 0, 0],
							"uv": {
								"north": {"uv": [81, 101], "uv_size": [-3, 5]},
								"east": {"uv": [124, 97], "uv_size": [-3, 5]},
								"south": {"uv": [97, 121], "uv_size": [-3, 5]},
								"west": {"uv": [89, 118], "uv_size": [-3, 5]},
								"up": {"uv": [127, 116], "uv_size": [-3, 3]},
								"down": {"uv": [27, 128], "uv_size": [-3, -3]}
							}
						},
						{
							"origin": [-6.3, 0.02975, -17.00432],
							"size": [3.2, 1.75, 3.7],
							"inflate": 0.01,
							"uv": {
								"north": {"uv": [130, 89], "uv_size": [-3, 2]},
								"east": {"uv": [130, 54], "uv_size": [-4, 2]},
								"south": {"uv": [130, 92], "uv_size": [-3, 2]},
								"west": {"uv": [130, 51], "uv_size": [-4, 2]},
								"up": {"uv": [98, 68], "uv_size": [-3, 4]},
								"down": {"uv": [84, 126], "uv_size": [-3, -4]}
							}
						}
					]
				},
				{
					"name": "arm_left",
					"parent": "root",
					"pivot": [4.7, 30.53404, -13.11899],
					"cubes": [
						{
							"origin": [1.95, 24.90904, -16.99399],
							"size": [5.5, 9.25, 7.75],
							"inflate": 0.01,
							"uv": {
								"north": {"uv": [106, 39], "uv_size": [5, 9]},
								"east": {"uv": [34, 86], "uv_size": [8, 9]},
								"south": {"uv": [98, 107], "uv_size": [5, 9]},
								"west": {"uv": [43, 86], "uv_size": [8, 9]},
								"up": {"uv": [111, 18], "uv_size": [5, 8]},
								"down": {"uv": [111, 35], "uv_size": [5, -8]}
							}
						}
					]
				},
				{
					"name": "armfore_left",
					"parent": "arm_left",
					"pivot": [4.7, 25.55303, -13.18208],
					"cubes": [
						{
							"origin": [2.45, 13.45081, -15.62665],
							"size": [4.5, 12.5, 3.5],
							"inflate": 0.01,
							"pivot": [4.7, 19.70081, -13.87665],
							"rotation": [5, 0, 0],
							"uv": {
								"north": {"uv": [16, 91], "uv_size": [4, 13]},
								"east": {"uv": [42, 96], "uv_size": [4, 13]},
								"south": {"uv": [47, 96], "uv_size": [4, 13]},
								"west": {"uv": [52, 96], "uv_size": [4, 13]},
								"up": {"uv": [121, 0], "uv_size": [4, 4]},
								"down": {"uv": [4, 125], "uv_size": [4, -4]}
							}
						},
						{
							"origin": [2.45, 13.59934, -14.12864],
							"size": [4.5, 12, 3.5],
							"pivot": [4.7, 19.22434, -12.37864],
							"rotation": [-10, 0, 0],
							"uv": {
								"north": {"uv": [101, 0], "uv_size": [4, 12]},
								"east": {"uv": [101, 13], "uv_size": [4, 12]},
								"south": {"uv": [101, 26], "uv_size": [4, 12]},
								"west": {"uv": [68, 101], "uv_size": [4, 12]},
								"up": {"uv": [121, 5], "uv_size": [4, 4]},
								"down": {"uv": [9, 125], "uv_size": [4, -4]}
							}
						},
						{
							"origin": [2.45, 12.17721, -14.5935],
							"size": [4.5, 2.37487, 2.47487],
							"inflate": -0.01,
							"pivot": [4.7, 13.36464, -13.35607],
							"rotation": [45, 0, 0],
							"uv": {
								"north": {"uv": [126, 23], "uv_size": [4, 2]},
								"east": {"uv": [40, 129], "uv_size": [2, 2]},
								"south": {"uv": [126, 26], "uv_size": [4, 2]},
								"west": {"uv": [129, 44], "uv_size": [2, 2]},
								"up": {"uv": [38, 126], "uv_size": [4, 2]},
								"down": {"uv": [126, 50], "uv_size": [4, -2]}
							}
						}
					]
				},
				{
					"name": "armfore_left2",
					"parent": "armfore_left",
					"pivot": [4.7, 12.70081, -13.32665],
					"cubes": [
						{
							"origin": [3.2, 4.70081, -14.57665],
							"size": [3, 10, 2.9],
							"inflate": 0.01,
							"uv": {
								"north": {"uv": [94, 110], "uv_size": [3, 10]},
								"east": {"uv": [73, 114], "uv_size": [3, 10]},
								"south": {"uv": [117, 0], "uv_size": [3, 10]},
								"west": {"uv": [117, 11], "uv_size": [3, 10]},
								"up": {"uv": [0, 124], "uv_size": [3, 3]},
								"down": {"uv": [85, 127], "uv_size": [3, -3]}
							}
						}
					]
				},
				{
					"name": "hand_left",
					"parent": "armfore_left2",
					"pivot": [4.7, 5.16622, -13.16636],
					"cubes": [
						{
							"origin": [3.2, 0.40269, -15.6284],
							"size": [3, 5.25, 2.9],
							"pivot": [4.7, 3.02769, -14.1784],
							"rotation": [-27.5, 0, 0],
							"uv": {
								"north": {"uv": [78, 101], "uv_size": [3, 5]},
								"east": {"uv": [86, 118], "uv_size": [3, 5]},
								"south": {"uv": [94, 121], "uv_size": [3, 5]},
								"west": {"uv": [121, 97], "uv_size": [3, 5]},
								"up": {"uv": [124, 116], "uv_size": [3, 3]},
								"down": {"uv": [24, 128], "uv_size": [3, -3]}
							}
						},
						{
							"origin": [3.1, 0.02975, -17.00432],
							"size": [3.2, 1.75, 3.7],
							"inflate": 0.01,
							"uv": {
								"north": {"uv": [127, 89], "uv_size": [3, 2]},
								"east": {"uv": [126, 51], "uv_size": [4, 2]},
								"south": {"uv": [127, 92], "uv_size": [3, 2]},
								"west": {"uv": [126, 54], "uv_size": [4, 2]},
								"up": {"uv": [95, 68], "uv_size": [3, 4]},
								"down": {"uv": [81, 126], "uv_size": [3, -4]}
							}
						}
					]
				},
				{
					"name": "leg_right",
					"parent": "root",
					"pivot": [-5, 32.3, 12],
					"cubes": [
						{
							"origin": [-7.5, 26.4, 7.5],
							"size": [5, 10, 9],
							"inflate": 0.01,
							"uv": {
								"north": {"uv": [31, 98], "uv_size": [-5, 10]},
								"east": {"uv": [54, 75], "uv_size": [-9, 10]},
								"south": {"uv": [67, 99], "uv_size": [-5, 10]},
								"west": {"uv": [44, 75], "uv_size": [-9, 10]},
								"up": {"uv": [113, 49], "uv_size": [-5, 9]},
								"down": {"uv": [113, 84], "uv_size": [-5, -9]}
							}
						}
					]
				},
				{
					"name": "legfore_right",
					"parent": "leg_right",
					"pivot": [-5, 27.07594, 12.17456],
					"cubes": [
						{
							"origin": [-7, 15.91187, 14.73836],
							"size": [4, 11.5, 4.25],
							"inflate": -0.01,
							"pivot": [-5, 21.66187, 16.86336],
							"rotation": [27.5, 0, 0],
							"uv": {
								"north": {"uv": [77, 101], "uv_size": [-4, 12]},
								"east": {"uv": [19, 105], "uv_size": [-4, 12]},
								"south": {"uv": [107, 79], "uv_size": [-4, 12]},
								"west": {"uv": [107, 49], "uv_size": [-4, 12]},
								"up": {"uv": [125, 10], "uv_size": [-4, 4]},
								"down": {"uv": [125, 19], "uv_size": [-4, -4]}
							}
						},
						{
							"origin": [-7, 13.07594, 12.34956],
							"size": [4, 17, 5.25],
							"pivot": [-5, 21.57594, 14.97456],
							"rotation": [40, 0, 0],
							"uv": {
								"north": {"uv": [91, 25], "uv_size": [-4, 17]},
								"east": {"uv": [33, 80], "uv_size": [-5, 17]},
								"south": {"uv": [86, 90], "uv_size": [-4, 17]},
								"west": {"uv": [27, 80], "uv_size": [-5, 17]},
								"up": {"uv": [29, 119], "uv_size": [-4, 5]},
								"down": {"uv": [124, 38], "uv_size": [-4, -5]}
							}
						}
					]
				},
				{
					"name": "legfore_right2",
					"parent": "legfore_right",
					"pivot": [-5.00688, 14.91592, 20.0849],
					"cubes": [
						{
							"origin": [-6.5, 2.99013, 18.12482],
							"size": [3, 14, 3.25],
							"pivot": [-5, 9.99013, 19.74982],
							"rotation": [-7.5, 0, 0],
							"uv": {
								"north": {"uv": [3, 109], "uv_size": [-3, 14]},
								"east": {"uv": [59, 110], "uv_size": [-3, 14]},
								"south": {"uv": [55, 110], "uv_size": [-3, 14]},
								"west": {"uv": [51, 110], "uv_size": [-3, 14]},
								"up": {"uv": [128, 33], "uv_size": [-3, 3]},
								"down": {"uv": [128, 40], "uv_size": [-3, -3]}
							}
						}
					]
				},
				{
					"name": "sole_right",
					"parent": "legfore_right2",
					"pivot": [-5, 3.0471, 19.33271],
					"cubes": [
						{
							"origin": [-6.5, 0.81444, 16.79474],
							"size": [3, 2.75, 3.25],
							"inflate": -0.01,
							"pivot": [-5, 2.18944, 18.41974],
							"rotation": [-22.5, 0, 0],
							"uv": {
								"north": {"uv": [128, 41], "uv_size": [-3, 3]},
								"east": {"uv": [59, 125], "uv_size": [-3, 3]},
								"south": {"uv": [55, 125], "uv_size": [-3, 3]},
								"west": {"uv": [51, 125], "uv_size": [-3, 3]},
								"up": {"uv": [63, 125], "uv_size": [-3, 3]},
								"down": {"uv": [67, 128], "uv_size": [-3, -3]}
							}
						},
						{
							"origin": [-6.6, 0.02975, 15.49568],
							"size": [3.2, 1.75, 4.3],
							"inflate": 0.01,
							"uv": {
								"north": {"uv": [96, 127], "uv_size": [-3, 2]},
								"east": {"uv": [130, 60], "uv_size": [-4, 2]},
								"south": {"uv": [130, 106], "uv_size": [-3, 2]},
								"west": {"uv": [130, 57], "uv_size": [-4, 2]},
								"up": {"uv": [117, 122], "uv_size": [-3, 4]},
								"down": {"uv": [121, 126], "uv_size": [-3, -4]}
							}
						}
					]
				},
				{
					"name": "leg_left",
					"parent": "root",
					"pivot": [5, 32.3, 12],
					"cubes": [
						{
							"origin": [2.5, 26.4, 7.5],
							"size": [5, 10, 9],
							"inflate": 0.01,
							"uv": {
								"north": {"uv": [26, 98], "uv_size": [5, 10]},
								"east": {"uv": [35, 75], "uv_size": [9, 10]},
								"south": {"uv": [62, 99], "uv_size": [5, 10]},
								"west": {"uv": [45, 75], "uv_size": [9, 10]},
								"up": {"uv": [108, 49], "uv_size": [5, 9]},
								"down": {"uv": [108, 84], "uv_size": [5, -9]}
							}
						}
					]
				},
				{
					"name": "legfore_left",
					"parent": "leg_left",
					"pivot": [5, 27.07594, 12.17456],
					"cubes": [
						{
							"origin": [3, 15.91187, 14.73836],
							"size": [4, 11.5, 4.25],
							"inflate": -0.01,
							"pivot": [5, 21.66187, 16.86336],
							"rotation": [27.5, 0, 0],
							"uv": {
								"north": {"uv": [73, 101], "uv_size": [4, 12]},
								"east": {"uv": [103, 49], "uv_size": [4, 12]},
								"south": {"uv": [103, 79], "uv_size": [4, 12]},
								"west": {"uv": [15, 105], "uv_size": [4, 12]},
								"up": {"uv": [121, 10], "uv_size": [4, 4]},
								"down": {"uv": [121, 19], "uv_size": [4, -4]}
							}
						},
						{
							"origin": [3, 13.07594, 12.34956],
							"size": [4, 17, 5.25],
							"pivot": [5, 21.57594, 14.97456],
							"rotation": [40, 0, 0],
							"uv": {
								"north": {"uv": [87, 25], "uv_size": [4, 17]},
								"east": {"uv": [22, 80], "uv_size": [5, 17]},
								"south": {"uv": [82, 90], "uv_size": [4, 17]},
								"west": {"uv": [28, 80], "uv_size": [5, 17]},
								"up": {"uv": [25, 119], "uv_size": [4, 5]},
								"down": {"uv": [120, 38], "uv_size": [4, -5]}
							}
						}
					]
				},
				{
					"name": "legfore_left2",
					"parent": "legfore_left",
					"pivot": [5.00688, 14.91592, 20.0849],
					"cubes": [
						{
							"origin": [3.5, 2.99013, 18.12482],
							"size": [3, 14, 3.25],
							"pivot": [5, 9.99013, 19.74982],
							"rotation": [-7.5, 0, 0],
							"uv": {
								"north": {"uv": [0, 109], "uv_size": [3, 14]},
								"east": {"uv": [48, 110], "uv_size": [3, 14]},
								"south": {"uv": [52, 110], "uv_size": [3, 14]},
								"west": {"uv": [56, 110], "uv_size": [3, 14]},
								"up": {"uv": [125, 33], "uv_size": [3, 3]},
								"down": {"uv": [125, 40], "uv_size": [3, -3]}
							}
						}
					]
				},
				{
					"name": "sole_left",
					"parent": "legfore_left2",
					"pivot": [5, 3.0471, 19.33271],
					"cubes": [
						{
							"origin": [3.5, 0.81444, 16.79474],
							"size": [3, 2.75, 3.25],
							"inflate": -0.01,
							"pivot": [5, 2.18944, 18.41974],
							"rotation": [-22.5, 0, 0],
							"uv": {
								"north": {"uv": [125, 41], "uv_size": [3, 3]},
								"east": {"uv": [48, 125], "uv_size": [3, 3]},
								"south": {"uv": [52, 125], "uv_size": [3, 3]},
								"west": {"uv": [56, 125], "uv_size": [3, 3]},
								"up": {"uv": [60, 125], "uv_size": [3, 3]},
								"down": {"uv": [64, 128], "uv_size": [3, -3]}
							}
						},
						{
							"origin": [3.4, 0.02975, 15.49568],
							"size": [3.2, 1.75, 4.3],
							"inflate": 0.01,
							"uv": {
								"north": {"uv": [93, 127], "uv_size": [3, 2]},
								"east": {"uv": [126, 57], "uv_size": [4, 2]},
								"south": {"uv": [127, 106], "uv_size": [3, 2]},
								"west": {"uv": [126, 60], "uv_size": [4, 2]},
								"up": {"uv": [114, 122], "uv_size": [3, 4]},
								"down": {"uv": [118, 126], "uv_size": [3, -4]}
							}
						}
					]
				}
			]
		}
	]
}