{
	"format_version": "1.12.0",
	"minecraft:geometry": [
		{
			"description": {
				"identifier": "geometry.wacky_animals.duck",
				"texture_width": 64,
				"texture_height": 64,
				"visible_bounds_width": 3,
				"visible_bounds_height": 2.5,
				"visible_bounds_offset": [0, 0.75, 0]
			},
			"bones": [
				{
					"name": "root",
					"pivot": [0, 0, 0]
				},
				{
					"name": "body",
					"parent": "root",
					"pivot": [0.00251, 9.18562, -0.29572],
					"cubes": [
						{
							"origin": [-5, 6, -6],
							"size": [10, 6.25, 12],
							"uv": {
								"north": {"uv": [0, 20], "uv_size": [10, 6]},
								"east": {"uv": [0, 13], "uv_size": [12, 6]},
								"south": {"uv": [11, 20], "uv_size": [10, 6]},
								"west": {"uv": [13, 13], "uv_size": [12, 6]},
								"up": {"uv": [0, 0], "uv_size": [10, 12]},
								"down": {"uv": [11, 12], "uv_size": [10, -12]}
							}
						},
						{
							"origin": [-3.25, 7.03553, -8.5],
							"size": [6.5, 5, 5],
							"pivot": [0, 9.53553, -6],
							"rotation": [45, 0, 0],
							"uv": {
								"north": {"uv": [18, 27], "uv_size": [7, 5]},
								"east": {"uv": [18, 33], "uv_size": [5, 5]},
								"south": {"uv": [26, 27], "uv_size": [7, 5]},
								"west": {"uv": [24, 33], "uv_size": [5, 5]},
								"up": {"uv": [31, 0], "uv_size": [7, 5]},
								"down": {"uv": [31, 11], "uv_size": [7, -5]}
							}
						},
						{
							"origin": [-4, 6.59566, 4.73777],
							"size": [8, 5.5, 3],
							"pivot": [0, 9.34566, 6.23777],
							"rotation": [22.5, 0, 0],
							"uv": {
								"north": {"uv": [22, 0], "uv_size": [8, 6]},
								"east": {"uv": [43, 16], "uv_size": [3, 6]},
								"south": {"uv": [22, 20], "uv_size": [8, 6]},
								"west": {"uv": [36, 43], "uv_size": [3, 6]},
								"up": {"uv": [0, 39], "uv_size": [8, 3]},
								"down": {"uv": [39, 3], "uv_size": [8, -3]}
							}
						},
						{
							"origin": [-2.9649, 8.65564, 6.1001],
							"size": [6, 3.25, 3.5],
							"pivot": [0.0351, 10.28064, 7.8501],
							"rotation": [42.39547, -1.84869, 0.62465],
							"uv": {
								"north": {"uv": [44, 4], "uv_size": [6, 3]},
								"east": {"uv": [34, 50], "uv_size": [3, 3]},
								"south": {"uv": [24, 44], "uv_size": [6, 3]},
								"west": {"uv": [50, 43], "uv_size": [3, 3]},
								"up": {"uv": [40, 44], "uv_size": [6, 3]},
								"down": {"uv": [6, 49], "uv_size": [6, -3]}
							}
						},
						{
							"origin": [-3.02256, 12.64127, 8.68354],
							"size": [6, 0, 3.5],
							"pivot": [-0.02256, 12.64127, 10.43354],
							"rotation": [42.39547, -1.84869, 0.62465],
							"uv": {
								"north": {"uv": [53, 26], "uv_size": [6, 0]},
								"east": {"uv": [26, 19], "uv_size": [3, 0]},
								"south": {"uv": [56, 17], "uv_size": [6, 0]},
								"west": {"uv": [31, 12], "uv_size": [3, 0]},
								"up": {"uv": [13, 46], "uv_size": [6, 3]},
								"down": {"uv": [46, 26], "uv_size": [6, -3]}
							}
						}
					]
				},
				{
					"name": "leg2",
					"parent": "body",
					"pivot": [-2.5, 6.5, 1.5],
					"cubes": [
						{
							"origin": [-5, 0, -3],
							"size": [5, 4, 5],
							"uv": {
								"north": {"uv": [29, 39], "uv_size": [-5, 4]},
								"east": {"uv": [46, 11], "uv_size": [-5, 4]},
								"south": {"uv": [45, 24], "uv_size": [-5, 4]},
								"west": {"uv": [35, 39], "uv_size": [-5, 4]},
								"up": {"uv": [36, 19], "uv_size": [-5, 5]},
								"down": {"uv": [5, 38], "uv_size": [-5, -5]}
							}
						},
						{
							"origin": [-4, 4, 0],
							"size": [3, 2, 3],
							"uv": {
								"north": {"uv": [55, 30], "uv_size": [-3, 2]},
								"east": {"uv": [41, 52], "uv_size": [-3, 2]},
								"south": {"uv": [55, 36], "uv_size": [-3, 2]},
								"west": {"uv": [55, 33], "uv_size": [-3, 2]},
								"up": {"uv": [53, 47], "uv_size": [-3, 3]},
								"down": {"uv": [54, 7], "uv_size": [-3, -3]}
							}
						}
					]
				},
				{
					"name": "leg1",
					"parent": "body",
					"pivot": [2.5, 6.5, 1.5],
					"cubes": [
						{
							"origin": [0, 0, -3],
							"size": [5, 4, 5],
							"uv": {
								"north": {"uv": [24, 39], "uv_size": [5, 4]},
								"east": {"uv": [30, 39], "uv_size": [5, 4]},
								"south": {"uv": [40, 24], "uv_size": [5, 4]},
								"west": {"uv": [41, 11], "uv_size": [5, 4]},
								"up": {"uv": [31, 19], "uv_size": [5, 5]},
								"down": {"uv": [0, 38], "uv_size": [5, -5]}
							}
						},
						{
							"origin": [1, 4, 0],
							"size": [3, 2, 3],
							"uv": {
								"north": {"uv": [52, 30], "uv_size": [3, 2]},
								"east": {"uv": [52, 33], "uv_size": [3, 2]},
								"south": {"uv": [52, 36], "uv_size": [3, 2]},
								"west": {"uv": [38, 52], "uv_size": [3, 2]},
								"up": {"uv": [50, 47], "uv_size": [3, 3]},
								"down": {"uv": [51, 7], "uv_size": [3, -3]}
							}
						}
					]
				},
				{
					"name": "wing2",
					"parent": "body",
					"pivot": [-5, 10.25, -4.55],
					"cubes": [
						{
							"origin": [-7, 7, -5],
							"size": [2, 5, 8],
							"uv": {
								"north": {"uv": [52, 8], "uv_size": [-2, 5]},
								"east": {"uv": [34, 13], "uv_size": [-8, 5]},
								"south": {"uv": [12, 50], "uv_size": [-2, 5]},
								"west": {"uv": [30, 7], "uv_size": [-8, 5]},
								"up": {"uv": [33, 44], "uv_size": [-2, 8]},
								"down": {"uv": [22, 54], "uv_size": [-2, -8]}
							}
						},
						{
							"origin": [-6, 7, 3],
							"size": [0, 5, 3],
							"uv": {
								"north": {"uv": [34, 44], "uv_size": [0, 5]},
								"east": {"uv": [30, 48], "uv_size": [-3, 5]},
								"south": {"uv": [35, 44], "uv_size": [0, 5]},
								"west": {"uv": [26, 48], "uv_size": [-3, 5]},
								"up": {"uv": [45, 48], "uv_size": [0, 3]},
								"down": {"uv": [46, 51], "uv_size": [0, -3]}
							}
						}
					]
				},
				{
					"name": "wing1",
					"parent": "body",
					"pivot": [5, 10.25, -4.55],
					"cubes": [
						{
							"origin": [5, 7, -5],
							"size": [2, 5, 8],
							"uv": {
								"north": {"uv": [50, 8], "uv_size": [2, 5]},
								"east": {"uv": [22, 7], "uv_size": [8, 5]},
								"south": {"uv": [10, 50], "uv_size": [2, 5]},
								"west": {"uv": [26, 13], "uv_size": [8, 5]},
								"up": {"uv": [31, 44], "uv_size": [2, 8]},
								"down": {"uv": [20, 54], "uv_size": [2, -8]}
							}
						},
						{
							"origin": [6, 7, 3],
							"size": [0, 5, 3],
							"uv": {
								"north": {"uv": [34, 44], "uv_size": [0, 5]},
								"east": {"uv": [23, 48], "uv_size": [3, 5]},
								"south": {"uv": [35, 44], "uv_size": [0, 5]},
								"west": {"uv": [27, 48], "uv_size": [3, 5]},
								"up": {"uv": [45, 48], "uv_size": [0, 3]},
								"down": {"uv": [46, 51], "uv_size": [0, -3]}
							}
						}
					]
				},
				{
					"name": "neck",
					"parent": "body",
					"pivot": [0, 10, -7],
					"cubes": [
						{
							"origin": [-2, 10, -9],
							"size": [4, 6, 4],
							"uv": {
								"north": {"uv": [39, 4], "uv_size": [4, 6]},
								"east": {"uv": [9, 39], "uv_size": [4, 6]},
								"south": {"uv": [14, 39], "uv_size": [4, 6]},
								"west": {"uv": [19, 39], "uv_size": [4, 6]},
								"up": {"uv": [47, 17], "uv_size": [4, 4]},
								"down": {"uv": [0, 52], "uv_size": [4, -4]}
							}
						}
					]
				},
				{
					"name": "head",
					"parent": "neck",
					"pivot": [0, 16.2, -7.009],
					"cubes": [
						{
							"origin": [-2.25, 16, -9.25],
							"size": [4.5, 5, 4.5],
							"uv": {
								"north": {"uv": [30, 33], "uv_size": [5, 5]},
								"east": {"uv": [34, 25], "uv_size": [5, 5]},
								"south": {"uv": [35, 12], "uv_size": [5, 5]},
								"west": {"uv": [36, 31], "uv_size": [5, 5]},
								"up": {"uv": [37, 18], "uv_size": [5, 5]},
								"down": {"uv": [36, 42], "uv_size": [5, -5]}
							}
						},
						{
							"origin": [0.85864, 18.5, -9.13626],
							"size": [2.25, 2, 1.5],
							"pivot": [1.98364, 19.5, -8.38626],
							"rotation": [0, -80, 0],
							"uv": {
								"north": {"uv": [23, 54], "uv_size": [2, 2]},
								"east": {"uv": [26, 54], "uv_size": [2, 2]},
								"south": {"uv": [34, 54], "uv_size": [2, 2]},
								"west": {"uv": [54, 41], "uv_size": [2, 2]},
								"up": {"uv": [54, 44], "uv_size": [2, 2]},
								"down": {"uv": [54, 49], "uv_size": [2, -2]}
							}
						},
						{
							"origin": [0.85864, 18.5, -9.13626],
							"size": [2.25, 2, 1.5],
							"inflate": 0.2,
							"pivot": [1.98364, 19.5, -8.38626],
							"rotation": [0, -80, 0],
							"uv": {
								"north": {"uv": [6, 43], "uv_size": [2, 2]},
								"east": {"uv": [44, 8], "uv_size": [2, 2]},
								"south": {"uv": [31, 53], "uv_size": [2, 2]},
								"west": {"uv": [46, 53], "uv_size": [2, 2]},
								"up": {"uv": [4, 54], "uv_size": [2, 2]},
								"down": {"uv": [7, 56], "uv_size": [2, -2]}
							}
						},
						{
							"origin": [-3.10864, 18.5, -9.13626],
							"size": [2.25, 2, 1.5],
							"inflate": 0.2,
							"pivot": [-1.98364, 19.5, -8.38626],
							"rotation": [0, 80, 0],
							"uv": {
								"north": {"uv": [43, 55], "uv_size": [2, 2]},
								"east": {"uv": [49, 55], "uv_size": [2, 2]},
								"south": {"uv": [0, 56], "uv_size": [2, 2]},
								"west": {"uv": [10, 56], "uv_size": [2, 2]},
								"up": {"uv": [13, 56], "uv_size": [2, 2]},
								"down": {"uv": [56, 16], "uv_size": [2, -2]}
							}
						},
						{
							"origin": [-3.10864, 18.5, -9.13626],
							"size": [2.25, 2, 1.5],
							"pivot": [-1.98364, 19.5, -8.38626],
							"rotation": [0, 80, 0],
							"uv": {
								"north": {"uv": [54, 50], "uv_size": [2, 2]},
								"east": {"uv": [54, 53], "uv_size": [2, 2]},
								"south": {"uv": [55, 3], "uv_size": [2, 2]},
								"west": {"uv": [19, 55], "uv_size": [2, 2]},
								"up": {"uv": [37, 55], "uv_size": [2, 2]},
								"down": {"uv": [40, 57], "uv_size": [2, -2]}
							}
						}
					]
				},
				{
					"name": "beak",
					"parent": "head",
					"pivot": [0, 18, -9.125],
					"cubes": [
						{
							"origin": [-2, 17.25, -12.25],
							"size": [4, 1.5, 3.25],
							"uv": {
								"north": {"uv": [52, 18], "uv_size": [4, 2]},
								"east": {"uv": [53, 11], "uv_size": [3, 2]},
								"south": {"uv": [52, 27], "uv_size": [4, 2]},
								"west": {"uv": [53, 21], "uv_size": [3, 2]},
								"up": {"uv": [48, 0], "uv_size": [4, 3]},
								"down": {"uv": [48, 42], "uv_size": [4, -3]}
							}
						}
					]
				},
				{
					"name": "jaw",
					"parent": "head",
					"pivot": [0, 16.75, -9.125],
					"cubes": [
						{
							"origin": [-2, 16.25, -12.25],
							"size": [4, 1, 3.25],
							"uv": {
								"north": {"uv": [53, 24], "uv_size": [4, 1]},
								"east": {"uv": [55, 6], "uv_size": [3, 1]},
								"south": {"uv": [53, 39], "uv_size": [4, 1]},
								"west": {"uv": [29, 56], "uv_size": [3, 1]},
								"up": {"uv": [40, 48], "uv_size": [4, 3]},
								"down": {"uv": [5, 53], "uv_size": [4, -3]}
							}
						}
					]
				}
			]
		}
	]
}