{
	"format_version": "1.12.0",
	"minecraft:geometry": [
		{
			"description": {
				"identifier": "geometry.wacky_animals.elephant",
				"texture_width": 256,
				"texture_height": 256,
				"visible_bounds_width": 6,
				"visible_bounds_height": 4.5,
				"visible_bounds_offset": [0, 1.75, 0]
			},
			"bones": [
				{
					"name": "root",
					"pivot": [0, 18, 0]
				},
				{
					"name": "body",
					"parent": "root",
					"pivot": [0, 32.15492, 4.49838],
					"cubes": [
						{
							"origin": [-11, 21, -6],
							"size": [22, 20, 23],
							"uv": {
								"north": {"uv": [0, 45], "uv_size": [22, 20]},
								"east": {"uv": [0, 24], "uv_size": [23, 20]},
								"south": {"uv": [23, 45], "uv_size": [22, 20]},
								"west": {"uv": [24, 24], "uv_size": [23, 20]},
								"up": {"uv": [0, 0], "uv_size": [22, 23]},
								"down": {"uv": [23, 23], "uv_size": [22, -23]}
							}
						},
						{
							"origin": [-9, 21, -23],
							"size": [18, 19, 17],
							"uv": {
								"north": {"uv": [42, 69], "uv_size": [18, 19]},
								"east": {"uv": [84, 44], "uv_size": [17, 19]},
								"south": {"uv": [84, 24], "uv_size": [18, 19]},
								"west": {"uv": [84, 64], "uv_size": [17, 19]},
								"up": {"uv": [84, 84], "uv_size": [18, 17]},
								"down": {"uv": [20, 102], "uv_size": [18, -17]}
							}
						},
						{
							"origin": [-10.5, 37.18842, -4.9163],
							"size": [21, 5, 17.5],
							"pivot": [0, 39.68842, 3.0837],
							"rotation": [10, 0, 0],
							"uv": {
								"north": {"uv": [128, 17], "uv_size": [21, 5]},
								"east": {"uv": [134, 70], "uv_size": [18, 5]},
								"south": {"uv": [128, 23], "uv_size": [21, 5]},
								"west": {"uv": [43, 137], "uv_size": [18, 5]},
								"up": {"uv": [48, 24], "uv_size": [21, 18]},
								"down": {"uv": [20, 84], "uv_size": [21, -18]}
							}
						},
						{
							"origin": [-10, 37.71404, 10.23133],
							"size": [20, 5, 5.5],
							"pivot": [0, 40.21404, 12.98133],
							"rotation": [-32.5, 0, 0],
							"uv": {
								"north": {"uv": [134, 58], "uv_size": [20, 5]},
								"east": {"uv": [142, 154], "uv_size": [6, 5]},
								"south": {"uv": [134, 64], "uv_size": [20, 5]},
								"west": {"uv": [154, 142], "uv_size": [6, 5]},
								"up": {"uv": [124, 44], "uv_size": [20, 6]},
								"down": {"uv": [126, 57], "uv_size": [20, -6]}
							}
						},
						{
							"origin": [-8.5, 16.29629, -8.63659],
							"size": [17, 8, 22],
							"pivot": [0, 20.29629, 2.36341],
							"rotation": [-10, 0, 0],
							"uv": {
								"north": {"uv": [103, 92], "uv_size": [17, 8]},
								"east": {"uv": [86, 15], "uv_size": [22, 8]},
								"south": {"uv": [73, 117], "uv_size": [17, 8]},
								"west": {"uv": [94, 102], "uv_size": [22, 8]},
								"up": {"uv": [66, 43], "uv_size": [17, 22]},
								"down": {"uv": [66, 88], "uv_size": [17, -22]}
							}
						},
						{
							"origin": [-9.25, 23.97551, 9.94822],
							"size": [18.5, 14.25, 13.75],
							"inflate": -0.01,
							"pivot": [0, 31.10051, 16.82322],
							"rotation": [-45, 0, 0],
							"uv": {
								"north": {"uv": [86, 0], "uv_size": [19, 14]},
								"east": {"uv": [102, 63], "uv_size": [14, 14]},
								"south": {"uv": [39, 89], "uv_size": [19, 14]},
								"west": {"uv": [79, 102], "uv_size": [14, 14]},
								"up": {"uv": [59, 89], "uv_size": [19, 14]},
								"down": {"uv": [0, 104], "uv_size": [19, -14]}
							}
						}
					]
				},
				{
					"name": "head",
					"parent": "body",
					"pivot": [0, 35.5, -23],
					"cubes": [
						{
							"origin": [-6, 29, -34],
							"size": [12, 13, 11],
							"uv": {
								"north": {"uv": [20, 103], "uv_size": [12, 13]},
								"east": {"uv": [116, 19], "uv_size": [11, 13]},
								"south": {"uv": [103, 24], "uv_size": [12, 13]},
								"west": {"uv": [116, 78], "uv_size": [11, 13]},
								"up": {"uv": [121, 110], "uv_size": [12, 11]},
								"down": {"uv": [121, 133], "uv_size": [12, -11]}
							}
						},
						{
							"origin": [3.36344, 22, -25.74511],
							"size": [19, 23, 0],
							"pivot": [12.86344, 33.5, -25.74511],
							"rotation": [0, -22.5, 0],
							"uv": {
								"north": {"uv": [46, 0], "uv_size": [19, 23]},
								"east": {"uv": [41, 150], "uv_size": [0, 23]},
								"south": {"uv": [46, 45], "uv_size": [19, 23]},
								"west": {"uv": [42, 150], "uv_size": [0, 23]},
								"up": {"uv": [156, 27], "uv_size": [19, 0]},
								"down": {"uv": [156, 28], "uv_size": [19, 0]}
							}
						},
						{
							"origin": [-22.36344, 22, -25.74511],
							"size": [19, 23, 0],
							"pivot": [-12.86344, 33.5, -25.74511],
							"rotation": [0, 22.5, 0],
							"uv": {
								"north": {"uv": [0, 66], "uv_size": [19, 23]},
								"east": {"uv": [66, 155], "uv_size": [0, 23]},
								"south": {"uv": [66, 0], "uv_size": [19, 23]},
								"west": {"uv": [123, 157], "uv_size": [0, 23]},
								"up": {"uv": [158, 18], "uv_size": [19, 0]},
								"down": {"uv": [159, 68], "uv_size": [19, 0]}
							}
						},
						{
							"origin": [-6, 27.92739, -35.85269],
							"size": [12, 13, 10],
							"inflate": -0.01,
							"pivot": [0, 34.42739, -30.85269],
							"rotation": [-15, 0, 0],
							"uv": {
								"north": {"uv": [103, 78], "uv_size": [12, 13]},
								"east": {"uv": [45, 123], "uv_size": [10, 13]},
								"south": {"uv": [33, 104], "uv_size": [12, 13]},
								"west": {"uv": [56, 123], "uv_size": [10, 13]},
								"up": {"uv": [0, 124], "uv_size": [12, 10]},
								"down": {"uv": [124, 43], "uv_size": [12, -10]}
							}
						},
						{
							"origin": [4.76405, 28.97901, -37.62126],
							"size": [3, 6.5, 3],
							"inflate": -0.01,
							"pivot": [6.26405, 24.68908, -40.24344],
							"rotation": [-19.5623, -4.2453, -11.76782],
							"uv": {
								"north": {"uv": [117, 101], "uv_size": [3, 7]},
								"east": {"uv": [58, 143], "uv_size": [3, 7]},
								"south": {"uv": [58, 151], "uv_size": [3, 7]},
								"west": {"uv": [155, 55], "uv_size": [3, 7]},
								"up": {"uv": [158, 128], "uv_size": [3, 3]},
								"down": {"uv": [135, 161], "uv_size": [3, -3]}
							}
						},
						{
							"origin": [5.01405, 24.31938, -39.44397],
							"size": [2.5, 6.5, 2.5],
							"inflate": -0.01,
							"pivot": [6.26405, 24.68908, -40.24344],
							"rotation": [-42.0623, -4.2453, -11.76782],
							"uv": {
								"north": {"uv": [62, 155], "uv_size": [3, 7]},
								"east": {"uv": [155, 75], "uv_size": [3, 7]},
								"south": {"uv": [82, 155], "uv_size": [3, 7]},
								"west": {"uv": [86, 155], "uv_size": [3, 7]},
								"up": {"uv": [159, 52], "uv_size": [3, 3]},
								"down": {"uv": [159, 59], "uv_size": [3, -3]}
							}
						},
						{
							"origin": [5.26405, 18.41606, -39.18149],
							"size": [2, 6.5, 2],
							"inflate": -0.01,
							"pivot": [6.26405, 24.68908, -40.24344],
							"rotation": [-52.0623, -4.2453, -11.76782],
							"uv": {
								"north": {"uv": [106, 0], "uv_size": [2, 7]},
								"east": {"uv": [91, 117], "uv_size": [2, 7]},
								"south": {"uv": [90, 155], "uv_size": [2, 7]},
								"west": {"uv": [132, 156], "uv_size": [2, 7]},
								"up": {"uv": [150, 55], "uv_size": [2, 2]},
								"down": {"uv": [153, 96], "uv_size": [2, -2]}
							}
						},
						{
							"origin": [5.51405, 14.30112, -36.20886],
							"size": [1.5, 6.5, 1.5],
							"inflate": -0.01,
							"pivot": [6.26405, 24.68908, -40.24344],
							"rotation": [-82.0623, -4.2453, -11.76782],
							"uv": {
								"north": {"uv": [18, 157], "uv_size": [2, 7]},
								"east": {"uv": [93, 157], "uv_size": [2, 7]},
								"south": {"uv": [96, 157], "uv_size": [2, 7]},
								"west": {"uv": [117, 157], "uv_size": [2, 7]},
								"up": {"uv": [156, 52], "uv_size": [2, 2]},
								"down": {"uv": [139, 160], "uv_size": [2, -2]}
							}
						},
						{
							"origin": [-7.01405, 14.30112, -36.20886],
							"size": [1.5, 6.5, 1.5],
							"inflate": -0.01,
							"pivot": [-6.26405, 24.68908, -40.24344],
							"rotation": [-82.0623, 4.2453, 11.76782],
							"uv": {
								"north": {"uv": [105, 158], "uv_size": [2, 7]},
								"east": {"uv": [108, 158], "uv_size": [2, 7]},
								"south": {"uv": [111, 158], "uv_size": [2, 7]},
								"west": {"uv": [114, 158], "uv_size": [2, 7]},
								"up": {"uv": [159, 78], "uv_size": [2, 2]},
								"down": {"uv": [159, 155], "uv_size": [2, -2]}
							}
						},
						{
							"origin": [-7.26405, 18.41606, -39.18149],
							"size": [2, 6.5, 2],
							"inflate": -0.01,
							"pivot": [-6.26405, 24.68908, -40.24344],
							"rotation": [-52.0623, 4.2453, 11.76782],
							"uv": {
								"north": {"uv": [120, 157], "uv_size": [2, 7]},
								"east": {"uv": [158, 10], "uv_size": [2, 7]},
								"south": {"uv": [99, 158], "uv_size": [2, 7]},
								"west": {"uv": [102, 158], "uv_size": [2, 7]},
								"up": {"uv": [159, 75], "uv_size": [2, 2]},
								"down": {"uv": [78, 161], "uv_size": [2, -2]}
							}
						},
						{
							"origin": [-7.51405, 24.31938, -39.44397],
							"size": [2.5, 6.5, 2.5],
							"inflate": -0.01,
							"pivot": [-6.26405, 24.68908, -40.24344],
							"rotation": [-42.0623, 4.2453, 11.76782],
							"uv": {
								"north": {"uv": [124, 156], "uv_size": [3, 7]},
								"east": {"uv": [128, 156], "uv_size": [3, 7]},
								"south": {"uv": [0, 157], "uv_size": [3, 7]},
								"west": {"uv": [4, 157], "uv_size": [3, 7]},
								"up": {"uv": [159, 64], "uv_size": [3, 3]},
								"down": {"uv": [74, 162], "uv_size": [3, -3]}
							}
						},
						{
							"origin": [-7.76405, 28.97901, -37.62126],
							"size": [3, 6.5, 3],
							"inflate": -0.01,
							"pivot": [-6.26405, 24.68908, -40.24344],
							"rotation": [-19.5623, 4.2453, 11.76782],
							"uv": {
								"north": {"uv": [156, 19], "uv_size": [3, 7]},
								"east": {"uv": [156, 44], "uv_size": [3, 7]},
								"south": {"uv": [156, 83], "uv_size": [3, 7]},
								"west": {"uv": [156, 91], "uv_size": [3, 7]},
								"up": {"uv": [58, 159], "uv_size": [3, 3]},
								"down": {"uv": [159, 63], "uv_size": [3, -3]}
							}
						},
						{
							"origin": [-3.75, 26.51232, -36.90173],
							"size": [7.5, 13, 7],
							"inflate": -0.01,
							"pivot": [0, 33.01232, -33.40173],
							"rotation": [-30, 0, 0],
							"uv": {
								"north": {"uv": [99, 130], "uv_size": [8, 13]},
								"east": {"uv": [35, 136], "uv_size": [7, 13]},
								"south": {"uv": [108, 130], "uv_size": [8, 13]},
								"west": {"uv": [137, 29], "uv_size": [7, 13]},
								"up": {"uv": [145, 39], "uv_size": [8, 7]},
								"down": {"uv": [147, 54], "uv_size": [8, -7]}
							}
						},
						{
							"origin": [4.36127, 37.5816, -35.97251],
							"size": [1.25, 2, 2.5],
							"pivot": [4.98627, 38.5816, -34.72251],
							"rotation": [-97.27481, -69.85071, 96.83392],
							"uv": {
								"north": {"uv": [115, 57], "uv_size": [1, 2]},
								"east": {"uv": [106, 8], "uv_size": [2, 2]},
								"south": {"uv": [115, 60], "uv_size": [1, 2]},
								"west": {"uv": [106, 11], "uv_size": [2, 2]},
								"up": {"uv": [124, 51], "uv_size": [1, 2]},
								"down": {"uv": [124, 56], "uv_size": [1, -2]}
							}
						},
						{
							"origin": [4.36127, 37.5816, -35.97251],
							"size": [1.25, 2, 2.5],
							"inflate": 0.2,
							"pivot": [4.98627, 38.5816, -34.72251],
							"rotation": [-97.27481, -69.85071, 96.83392],
							"uv": {
								"north": {"uv": [18, 105], "uv_size": [1, 2]},
								"east": {"uv": [42, 66], "uv_size": [2, 2]},
								"south": {"uv": [18, 108], "uv_size": [1, 2]},
								"west": {"uv": [39, 85], "uv_size": [2, 2]},
								"up": {"uv": [18, 111], "uv_size": [1, 2]},
								"down": {"uv": [18, 116], "uv_size": [1, -2]}
							}
						},
						{
							"origin": [-5.61127, 37.5816, -35.97251],
							"size": [1.25, 2, 2.5],
							"inflate": 0.2,
							"pivot": [-4.98627, 38.5816, -34.72251],
							"rotation": [-97.27481, 69.85071, -96.83392],
							"uv": {
								"north": {"uv": [128, 88], "uv_size": [1, 2]},
								"east": {"uv": [147, 55], "uv_size": [2, 2]},
								"south": {"uv": [89, 143], "uv_size": [1, 2]},
								"west": {"uv": [147, 106], "uv_size": [2, 2]},
								"up": {"uv": [145, 47], "uv_size": [1, 2]},
								"down": {"uv": [124, 149], "uv_size": [1, -2]}
							}
						},
						{
							"origin": [-5.61127, 37.5816, -35.97251],
							"size": [1.25, 2, 2.5],
							"pivot": [-4.98627, 38.5816, -34.72251],
							"rotation": [-97.27481, 69.85071, -96.83392],
							"uv": {
								"north": {"uv": [128, 76], "uv_size": [1, 2]},
								"east": {"uv": [122, 75], "uv_size": [2, 2]},
								"south": {"uv": [128, 79], "uv_size": [1, 2]},
								"west": {"uv": [91, 125], "uv_size": [2, 2]},
								"up": {"uv": [128, 82], "uv_size": [1, 2]},
								"down": {"uv": [128, 87], "uv_size": [1, -2]}
							}
						}
					]
				},
				{
					"name": "nose",
					"parent": "head",
					"pivot": [0, 29.25, -36.375],
					"cubes": [
						{
							"origin": [-3.25, 20.75, -39.25],
							"size": [6.5, 9, 5.75],
							"uv": {
								"north": {"uv": [67, 144], "uv_size": [7, 9]},
								"east": {"uv": [117, 147], "uv_size": [6, 9]},
								"south": {"uv": [145, 29], "uv_size": [7, 9]},
								"west": {"uv": [147, 134], "uv_size": [6, 9]},
								"up": {"uv": [150, 118], "uv_size": [7, 6]},
								"down": {"uv": [150, 131], "uv_size": [7, -6]}
							}
						}
					]
				},
				{
					"name": "nose2",
					"parent": "nose",
					"pivot": [0, 20.25, -36.375],
					"cubes": [
						{
							"origin": [-2.75, 11.75, -38.75],
							"size": [5.5, 9, 4.75],
							"uv": {
								"north": {"uv": [147, 144], "uv_size": [6, 9]},
								"east": {"uv": [73, 104], "uv_size": [5, 9]},
								"south": {"uv": [148, 76], "uv_size": [6, 9]},
								"west": {"uv": [93, 147], "uv_size": [5, 9]},
								"up": {"uv": [142, 11], "uv_size": [6, 5]},
								"down": {"uv": [67, 159], "uv_size": [6, -5]}
							}
						}
					]
				},
				{
					"name": "nose3",
					"parent": "nose2",
					"pivot": [0, 11.25, -36.375],
					"cubes": [
						{
							"origin": [-2.25, 2.75, -38.25],
							"size": [4.5, 9, 3.75],
							"uv": {
								"north": {"uv": [150, 19], "uv_size": [5, 9]},
								"east": {"uv": [79, 89], "uv_size": [4, 9]},
								"south": {"uv": [35, 150], "uv_size": [5, 9]},
								"west": {"uv": [13, 124], "uv_size": [4, 9]},
								"up": {"uv": [109, 19], "uv_size": [5, 4]},
								"down": {"uv": [143, 122], "uv_size": [5, -4]}
							}
						}
					]
				},
				{
					"name": "nose4",
					"parent": "nose3",
					"pivot": [0, 2.75, -36.375],
					"cubes": [
						{
							"origin": [-1.75, -3.25, -37.75],
							"size": [3.5, 6, 2.75],
							"uv": {
								"north": {"uv": [149, 154], "uv_size": [4, 6]},
								"east": {"uv": [155, 63], "uv_size": [3, 6]},
								"south": {"uv": [154, 153], "uv_size": [4, 6]},
								"west": {"uv": [156, 99], "uv_size": [3, 6]},
								"up": {"uv": [128, 29], "uv_size": [4, 3]},
								"down": {"uv": [84, 146], "uv_size": [4, -3]}
							}
						}
					]
				},
				{
					"name": "nose5",
					"parent": "nose4",
					"pivot": [0, -0.25, -36.375],
					"rotation": [45, 0, 0],
					"cubes": [
						{
							"origin": [-1.75, -4.39905, -39.46859],
							"size": [3.5, 3, 2.75],
							"inflate": -0.01,
							"uv": {
								"north": {"uv": [148, 94], "uv_size": [4, 3]},
								"east": {"uv": [117, 130], "uv_size": [3, 3]},
								"south": {"uv": [158, 116], "uv_size": [4, 3]},
								"west": {"uv": [133, 29], "uv_size": [3, 3]},
								"up": {"uv": [158, 120], "uv_size": [4, 3]},
								"down": {"uv": [158, 127], "uv_size": [4, -3]}
							}
						},
						{
							"origin": [-2, -5.26816, -39.48571],
							"size": [4, 1.75, 3.5],
							"inflate": -0.01,
							"pivot": [0, -4.39316, -37.73571],
							"rotation": [30, 0, 0],
							"uv": {
								"north": {"uv": [79, 99], "uv_size": [4, 2]},
								"east": {"uv": [73, 114], "uv_size": [4, 2]},
								"south": {"uv": [117, 75], "uv_size": [4, 2]},
								"west": {"uv": [67, 123], "uv_size": [4, 2]},
								"up": {"uv": [8, 157], "uv_size": [4, 4]},
								"down": {"uv": [13, 161], "uv_size": [4, -4]}
							}
						}
					]
				},
				{
					"name": "tail1",
					"parent": "body",
					"pivot": [0, 32, 26],
					"cubes": [
						{
							"origin": [-1, 31, 25],
							"size": [2, 2, 11],
							"uv": {
								"north": {"uv": [58, 42], "uv_size": [2, 2]},
								"east": {"uv": [47, 42], "uv_size": [11, 2]},
								"south": {"uv": [60, 42], "uv_size": [2, 2]},
								"west": {"uv": [102, 42], "uv_size": [11, 2]},
								"up": {"uv": [82, 23], "uv_size": [2, 11]},
								"down": {"uv": [65, 114], "uv_size": [2, -11]}
							}
						}
					]
				},
				{
					"name": "tail2",
					"parent": "tail1",
					"pivot": [0, 32, 36.5],
					"cubes": [
						{
							"origin": [-1, 31, 36],
							"size": [2, 2, 11],
							"uv": {
								"north": {"uv": [44, 65], "uv_size": [2, 2]},
								"east": {"uv": [108, 2], "uv_size": [11, 2]},
								"south": {"uv": [44, 67], "uv_size": [2, 2]},
								"west": {"uv": [108, 4], "uv_size": [11, 2]},
								"up": {"uv": [71, 103], "uv_size": [2, 11]},
								"down": {"uv": [11, 115], "uv_size": [2, -11]}
							}
						}
					]
				},
				{
					"name": "tail3",
					"parent": "tail2",
					"pivot": [0, 32, 46.9],
					"cubes": [
						{
							"origin": [-1, 31, 47],
							"size": [2, 2, 11],
							"uv": {
								"north": {"uv": [62, 42], "uv_size": [2, 2]},
								"east": {"uv": [102, 100], "uv_size": [11, 2]},
								"south": {"uv": [64, 42], "uv_size": [2, 2]},
								"west": {"uv": [108, 0], "uv_size": [11, 2]},
								"up": {"uv": [67, 103], "uv_size": [2, 11]},
								"down": {"uv": [69, 114], "uv_size": [2, -11]}
							}
						}
					]
				},
				{
					"name": "leg_right",
					"parent": "root",
					"pivot": [-8, 28.3702, -18.1275],
					"cubes": [
						{
							"origin": [-12, 17.59418, -23.20556],
							"size": [8, 18, 7.75],
							"pivot": [-8, 26.59418, -18.83056],
							"rotation": [12.5, 0, 0],
							"uv": {
								"north": {"uv": [94, 111], "uv_size": [8, 18]},
								"east": {"uv": [103, 111], "uv_size": [8, 18]},
								"south": {"uv": [112, 111], "uv_size": [8, 18]},
								"west": {"uv": [115, 38], "uv_size": [8, 18]},
								"up": {"uv": [99, 144], "uv_size": [8, 8]},
								"down": {"uv": [108, 152], "uv_size": [8, -8]}
							}
						},
						{
							"origin": [-12, 18.75443, -17.8613],
							"size": [8, 17, 4.25],
							"inflate": -0.01,
							"uv": {
								"north": {"uv": [36, 118], "uv_size": [8, 17]},
								"east": {"uv": [142, 134], "uv_size": [4, 17]},
								"south": {"uv": [121, 92], "uv_size": [8, 17]},
								"west": {"uv": [43, 143], "uv_size": [4, 17]},
								"up": {"uv": [108, 153], "uv_size": [8, 4]},
								"down": {"uv": [154, 43], "uv_size": [8, -4]}
							}
						}
					]
				},
				{
					"name": "legfore_right",
					"parent": "leg_right",
					"pivot": [-8, 18, -17.5],
					"cubes": [
						{
							"origin": [-11, 3, -20.5],
							"size": [6, 16, 6],
							"uv": {
								"north": {"uv": [7, 135], "uv_size": [6, 16]},
								"east": {"uv": [14, 135], "uv_size": [6, 16]},
								"south": {"uv": [21, 136], "uv_size": [6, 16]},
								"west": {"uv": [28, 136], "uv_size": [6, 16]},
								"up": {"uv": [21, 153], "uv_size": [6, 6]},
								"down": {"uv": [28, 159], "uv_size": [6, -6]}
							}
						}
					]
				},
				{
					"name": "sole_right",
					"parent": "legfore_right",
					"pivot": [-8, 3.575, -17.125],
					"cubes": [
						{
							"origin": [-12, 0, -23.5],
							"size": [8, 3.75, 9.75],
							"uv": {
								"north": {"uv": [154, 132], "uv_size": [8, 4]},
								"east": {"uv": [0, 152], "uv_size": [10, 4]},
								"south": {"uv": [154, 137], "uv_size": [8, 4]},
								"west": {"uv": [152, 106], "uv_size": [10, 4]},
								"up": {"uv": [141, 123], "uv_size": [8, 10]},
								"down": {"uv": [142, 10], "uv_size": [8, -10]}
							}
						}
					]
				},
				{
					"name": "leg_left",
					"parent": "root",
					"pivot": [8, 28.3702, -18.1275],
					"cubes": [
						{
							"origin": [4, 17.59418, -23.20556],
							"size": [8, 18, 7.75],
							"pivot": [8, 26.59418, -18.83056],
							"rotation": [12.5, 0, 0],
							"uv": {
								"north": {"uv": [102, 111], "uv_size": [-8, 18]},
								"east": {"uv": [123, 38], "uv_size": [-8, 18]},
								"south": {"uv": [120, 111], "uv_size": [-8, 18]},
								"west": {"uv": [111, 111], "uv_size": [-8, 18]},
								"up": {"uv": [107, 144], "uv_size": [-8, 8]},
								"down": {"uv": [116, 152], "uv_size": [-8, -8]}
							}
						},
						{
							"origin": [4, 18.75443, -17.8613],
							"size": [8, 17, 4.25],
							"inflate": -0.01,
							"uv": {
								"north": {"uv": [44, 118], "uv_size": [-8, 17]},
								"east": {"uv": [47, 143], "uv_size": [-4, 17]},
								"south": {"uv": [129, 92], "uv_size": [-8, 17]},
								"west": {"uv": [146, 134], "uv_size": [-4, 17]},
								"up": {"uv": [116, 153], "uv_size": [-8, 4]},
								"down": {"uv": [162, 43], "uv_size": [-8, -4]}
							}
						}
					]
				},
				{
					"name": "legfore_left",
					"parent": "leg_left",
					"pivot": [8, 18, -17.5],
					"cubes": [
						{
							"origin": [5, 3, -20.5],
							"size": [6, 16, 6],
							"uv": {
								"north": {"uv": [13, 135], "uv_size": [-6, 16]},
								"east": {"uv": [34, 136], "uv_size": [-6, 16]},
								"south": {"uv": [27, 136], "uv_size": [-6, 16]},
								"west": {"uv": [20, 135], "uv_size": [-6, 16]},
								"up": {"uv": [27, 153], "uv_size": [-6, 6]},
								"down": {"uv": [34, 159], "uv_size": [-6, -6]}
							}
						}
					]
				},
				{
					"name": "sole_left",
					"parent": "legfore_left",
					"pivot": [8, 3.575, -17.125],
					"cubes": [
						{
							"origin": [4, 0, -23.5],
							"size": [8, 3.75, 9.75],
							"uv": {
								"north": {"uv": [162, 132], "uv_size": [-8, 4]},
								"east": {"uv": [162, 106], "uv_size": [-10, 4]},
								"south": {"uv": [162, 137], "uv_size": [-8, 4]},
								"west": {"uv": [10, 152], "uv_size": [-10, 4]},
								"up": {"uv": [149, 123], "uv_size": [-8, 10]},
								"down": {"uv": [150, 10], "uv_size": [-8, -10]}
							}
						}
					]
				},
				{
					"name": "leg_right1",
					"parent": "root",
					"pivot": [-13, 28.19075, 12.00521],
					"cubes": [
						{
							"origin": [-17, 18, 5],
							"size": [8, 18, 12],
							"uv": {
								"north": {"uv": [54, 104], "uv_size": [-8, 18]},
								"east": {"uv": [114, 44], "uv_size": [-12, 18]},
								"south": {"uv": [63, 104], "uv_size": [-8, 18]},
								"west": {"uv": [82, 24], "uv_size": [-12, 18]},
								"up": {"uv": [142, 110], "uv_size": [-8, 12]},
								"down": {"uv": [125, 146], "uv_size": [-8, -12]}
							}
						},
						{
							"origin": [-17, 19.60069, 13.38838],
							"size": [8, 16.75, 6.5],
							"inflate": -0.01,
							"pivot": [-13, 26.99075, 13.90521],
							"rotation": [-20, 0, 0],
							"uv": {
								"north": {"uv": [26, 117], "uv_size": [-8, 17]},
								"east": {"uv": [74, 126], "uv_size": [-7, 17]},
								"south": {"uv": [125, 57], "uv_size": [-8, 17]},
								"west": {"uv": [133, 58], "uv_size": [-7, 17]},
								"up": {"uv": [92, 147], "uv_size": [-8, 7]},
								"down": {"uv": [155, 105], "uv_size": [-8, -7]}
							}
						}
					]
				},
				{
					"name": "legfore_right2",
					"parent": "leg_right1",
					"pivot": [-13, 18.15827, 10.81118],
					"cubes": [
						{
							"origin": [-16.25, 3, 8],
							"size": [6.5, 16, 7],
							"uv": {
								"north": {"uv": [82, 126], "uv_size": [-7, 16]},
								"east": {"uv": [137, 76], "uv_size": [-7, 16]},
								"south": {"uv": [134, 0], "uv_size": [-7, 16]},
								"west": {"uv": [90, 126], "uv_size": [-7, 16]},
								"up": {"uv": [155, 86], "uv_size": [-7, 7]},
								"down": {"uv": [157, 18], "uv_size": [-7, -7]}
							}
						},
						{
							"origin": [-16.25, 3.17871, 6.72658],
							"size": [6.5, 16.25, 4],
							"inflate": -0.01,
							"pivot": [-13, 12.80371, 8.72658],
							"rotation": [7.5, 0, 0],
							"uv": {
								"north": {"uv": [98, 130], "uv_size": [-7, 16]},
								"east": {"uv": [57, 143], "uv_size": [-4, 16]},
								"south": {"uv": [137, 93], "uv_size": [-7, 16]},
								"west": {"uv": [52, 143], "uv_size": [-4, 16]},
								"up": {"uv": [123, 33], "uv_size": [-7, 4]},
								"down": {"uv": [161, 152], "uv_size": [-7, -4]}
							}
						}
					]
				},
				{
					"name": "sole_right2",
					"parent": "legfore_right2",
					"pivot": [-13, 3.275, 11.875],
					"cubes": [
						{
							"origin": [-17.5, 0, 5.5],
							"size": [9, 3.75, 9.75],
							"uv": {
								"north": {"uv": [20, 152], "uv_size": [-9, 4]},
								"east": {"uv": [161, 0], "uv_size": [-10, 4]},
								"south": {"uv": [161, 111], "uv_size": [-9, 4]},
								"west": {"uv": [113, 38], "uv_size": [-10, 4]},
								"up": {"uv": [147, 76], "uv_size": [-9, 10]},
								"down": {"uv": [147, 97], "uv_size": [-9, -10]}
							}
						}
					]
				},
				{
					"name": "leg_left1",
					"parent": "root",
					"pivot": [13, 28.19075, 12.00521],
					"cubes": [
						{
							"origin": [9, 18, 5],
							"size": [8, 18, 12],
							"uv": {
								"north": {"uv": [46, 104], "uv_size": [8, 18]},
								"east": {"uv": [70, 24], "uv_size": [12, 18]},
								"south": {"uv": [55, 104], "uv_size": [8, 18]},
								"west": {"uv": [102, 44], "uv_size": [12, 18]},
								"up": {"uv": [134, 110], "uv_size": [8, 12]},
								"down": {"uv": [117, 146], "uv_size": [8, -12]}
							}
						},
						{
							"origin": [9, 19.60069, 13.38838],
							"size": [8, 16.75, 6.5],
							"inflate": -0.01,
							"pivot": [13, 26.99075, 13.90521],
							"rotation": [-20, 0, 0],
							"uv": {
								"north": {"uv": [18, 117], "uv_size": [8, 17]},
								"east": {"uv": [126, 58], "uv_size": [7, 17]},
								"south": {"uv": [117, 57], "uv_size": [8, 17]},
								"west": {"uv": [67, 126], "uv_size": [7, 17]},
								"up": {"uv": [84, 147], "uv_size": [8, 7]},
								"down": {"uv": [147, 105], "uv_size": [8, -7]}
							}
						}
					]
				},
				{
					"name": "legfore_left2",
					"parent": "leg_left1",
					"pivot": [13, 18.15827, 10.81118],
					"cubes": [
						{
							"origin": [9.75, 3, 8],
							"size": [6.5, 16, 7],
							"uv": {
								"north": {"uv": [75, 126], "uv_size": [7, 16]},
								"east": {"uv": [83, 126], "uv_size": [7, 16]},
								"south": {"uv": [127, 0], "uv_size": [7, 16]},
								"west": {"uv": [130, 76], "uv_size": [7, 16]},
								"up": {"uv": [148, 86], "uv_size": [7, 7]},
								"down": {"uv": [150, 18], "uv_size": [7, -7]}
							}
						},
						{
							"origin": [9.75, 3.17871, 6.72658],
							"size": [6.5, 16.25, 4],
							"inflate": -0.01,
							"pivot": [13, 12.80371, 8.72658],
							"rotation": [7.5, 0, 0],
							"uv": {
								"north": {"uv": [91, 130], "uv_size": [7, 16]},
								"east": {"uv": [48, 143], "uv_size": [4, 16]},
								"south": {"uv": [130, 93], "uv_size": [7, 16]},
								"west": {"uv": [53, 143], "uv_size": [4, 16]},
								"up": {"uv": [116, 33], "uv_size": [7, 4]},
								"down": {"uv": [154, 152], "uv_size": [7, -4]}
							}
						}
					]
				},
				{
					"name": "sole_left2",
					"parent": "legfore_left2",
					"pivot": [13, 3.275, 11.875],
					"cubes": [
						{
							"origin": [8.5, 0, 5.5],
							"size": [9, 3.75, 9.75],
							"uv": {
								"north": {"uv": [11, 152], "uv_size": [9, 4]},
								"east": {"uv": [103, 38], "uv_size": [10, 4]},
								"south": {"uv": [152, 111], "uv_size": [9, 4]},
								"west": {"uv": [151, 0], "uv_size": [10, 4]},
								"up": {"uv": [138, 76], "uv_size": [9, 10]},
								"down": {"uv": [138, 97], "uv_size": [9, -10]}
							}
						}
					]
				}
			]
		}
	]
}