{
	"format_version": "1.12.0",
	"minecraft:geometry": [
		{
			"description": {
				"identifier": "geometry.wacky_animals.giraffe",
				"texture_width": 256,
				"texture_height": 256,
				"visible_bounds_width": 6,
				"visible_bounds_height": 6.5,
				"visible_bounds_offset": [0, 2.75, 0]
			},
			"bones": [
				{
					"name": "root",
					"pivot": [0, 0, 0]
				},
				{
					"name": "body",
					"parent": "root",
					"pivot": [0, 33.88894, 3.99438],
					"cubes": [
						{
							"origin": [-7, 26.7, -11],
							"size": [14, 16, 14],
							"uv": {
								"north": {"uv": [0, 0], "uv_size": [14, 16]},
								"east": {"uv": [15, 0], "uv_size": [14, 16]},
								"south": {"uv": [0, 17], "uv_size": [14, 16]},
								"west": {"uv": [15, 17], "uv_size": [14, 16]},
								"up": {"uv": [0, 34], "uv_size": [14, 14]},
								"down": {"uv": [15, 48], "uv_size": [14, -14]}
							}
						},
						{
							"origin": [-6, 27.46032, -14.03136],
							"size": [12, 14.5, 6.75],
							"pivot": [0, 34.71032, -10.65636],
							"rotation": [-22.5, 0, 0],
							"uv": {
								"north": {"uv": [44, 12], "uv_size": [12, 15]},
								"east": {"uv": [0, 69], "uv_size": [7, 15]},
								"south": {"uv": [48, 28], "uv_size": [12, 15]},
								"west": {"uv": [8, 69], "uv_size": [7, 15]},
								"up": {"uv": [71, 11], "uv_size": [12, 7]},
								"down": {"uv": [71, 49], "uv_size": [12, -7]}
							}
						},
						{
							"origin": [-6.25, 29.65337, 1.54568],
							"size": [12.5, 11, 17],
							"pivot": [0, 36.15337, 10.04568],
							"rotation": [-15, 0, 0],
							"uv": {
								"north": {"uv": [57, 12], "uv_size": [13, 11]},
								"east": {"uv": [30, 36], "uv_size": [17, 11]},
								"south": {"uv": [57, 44], "uv_size": [13, 11]},
								"west": {"uv": [44, 0], "uv_size": [17, 11]},
								"up": {"uv": [30, 0], "uv_size": [13, 17]},
								"down": {"uv": [30, 35], "uv_size": [13, -17]}
							}
						},
						{
							"origin": [-6.25, 29.64528, 15.33946],
							"size": [12.5, 7.75, 6],
							"inflate": -0.01,
							"pivot": [0, 33.52028, 18.33946],
							"rotation": [25, 0, 0],
							"uv": {
								"north": {"uv": [69, 24], "uv_size": [13, 8]},
								"east": {"uv": [101, 95], "uv_size": [6, 8]},
								"south": {"uv": [69, 33], "uv_size": [13, 8]},
								"west": {"uv": [38, 102], "uv_size": [6, 8]},
								"up": {"uv": [83, 19], "uv_size": [13, 6]},
								"down": {"uv": [83, 32], "uv_size": [13, -6]}
							}
						},
						{
							"origin": [-6.25, 30.14455, 0.21161],
							"size": [12.5, 6, 10],
							"inflate": -0.01,
							"pivot": [0, 35.89455, 11.01161],
							"rotation": [20, 0, 0],
							"uv": {
								"north": {"uv": [76, 0], "uv_size": [13, 6]},
								"east": {"uv": [0, 85], "uv_size": [10, 6]},
								"south": {"uv": [82, 76], "uv_size": [13, 6]},
								"west": {"uv": [24, 85], "uv_size": [10, 6]},
								"up": {"uv": [62, 0], "uv_size": [13, 10]},
								"down": {"uv": [65, 66], "uv_size": [13, -10]}
							}
						}
					]
				},
				{
					"name": "tail1",
					"parent": "body",
					"pivot": [0, 35.3, 20],
					"cubes": [
						{
							"origin": [-1, 34.3, 19.5],
							"size": [2, 2, 11],
							"uv": {
								"north": {"uv": [79, 93], "uv_size": [2, 2]},
								"east": {"uv": [84, 16], "uv_size": [11, 2]},
								"south": {"uv": [106, 68], "uv_size": [2, 2]},
								"west": {"uv": [119, 105], "uv_size": [11, 2]},
								"up": {"uv": [24, 69], "uv_size": [2, 11]},
								"down": {"uv": [70, 128], "uv_size": [2, -11]}
							}
						}
					]
				},
				{
					"name": "tail2",
					"parent": "tail1",
					"pivot": [0, 35.3, 30.6],
					"cubes": [
						{
							"origin": [-1, 34.3, 30.5],
							"size": [2, 2, 11],
							"uv": {
								"north": {"uv": [24, 132], "uv_size": [2, 2]},
								"east": {"uv": [120, 96], "uv_size": [11, 2]},
								"south": {"uv": [93, 132], "uv_size": [2, 2]},
								"west": {"uv": [121, 24], "uv_size": [11, 2]},
								"up": {"uv": [104, 119], "uv_size": [2, 11]},
								"down": {"uv": [24, 131], "uv_size": [2, -11]}
							}
						}
					]
				},
				{
					"name": "tail3",
					"parent": "tail2",
					"pivot": [0, 35.3, 41.8],
					"cubes": [
						{
							"origin": [-1, 34.3, 41.5],
							"size": [2, 2, 8],
							"uv": {
								"north": {"uv": [133, 3], "uv_size": [2, 2]},
								"east": {"uv": [122, 31], "uv_size": [8, 2]},
								"south": {"uv": [133, 6], "uv_size": [2, 2]},
								"west": {"uv": [122, 34], "uv_size": [8, 2]},
								"up": {"uv": [61, 120], "uv_size": [2, 8]},
								"down": {"uv": [27, 129], "uv_size": [2, -8]}
							}
						},
						{
							"origin": [-3, 35.3, 42.5],
							"size": [6, 0, 10],
							"uv": {
								"north": {"uv": [62, 11], "uv_size": [6, 0]},
								"east": {"uv": [131, 52], "uv_size": [10, 0]},
								"south": {"uv": [102, 78], "uv_size": [6, 0]},
								"west": {"uv": [132, 75], "uv_size": [10, 0]},
								"up": {"uv": [87, 46], "uv_size": [6, 10]},
								"down": {"uv": [57, 99], "uv_size": [6, -10]}
							}
						}
					]
				},
				{
					"name": "neck",
					"parent": "body",
					"pivot": [0, 36.2656, -10.40717],
					"cubes": [
						{
							"origin": [-4, 32.48395, -21.35292],
							"size": [8, 19, 8],
							"pivot": [0, 43.48395, -17.35292],
							"rotation": [32.5, 0, 0],
							"uv": {
								"north": {"uv": [30, 48], "uv_size": [8, 19]},
								"east": {"uv": [39, 48], "uv_size": [8, 19]},
								"south": {"uv": [48, 44], "uv_size": [8, 19]},
								"west": {"uv": [0, 49], "uv_size": [8, 19]},
								"up": {"uv": [84, 7], "uv_size": [8, 8]},
								"down": {"uv": [65, 92], "uv_size": [8, -8]}
							}
						},
						{
							"origin": [-4, 33.92606, -18.16465],
							"size": [8, 19, 7],
							"inflate": -0.01,
							"pivot": [0, 44.92606, -14.16465],
							"rotation": [45, 0, 0],
							"uv": {
								"north": {"uv": [9, 49], "uv_size": [8, 19]},
								"east": {"uv": [57, 56], "uv_size": [7, 19]},
								"south": {"uv": [18, 49], "uv_size": [8, 19]},
								"west": {"uv": [61, 24], "uv_size": [7, 19]},
								"up": {"uv": [70, 93], "uv_size": [8, 7]},
								"down": {"uv": [41, 101], "uv_size": [8, -7]}
							}
						},
						{
							"origin": [0, 37.09389, -12.49682],
							"size": [0, 19, 2],
							"pivot": [0, 48.09389, -10.99682],
							"rotation": [45, 0, 0],
							"uv": {
								"north": {"uv": [81, 132], "uv_size": [0, 19]},
								"east": {"uv": [32, 106], "uv_size": [2, 19]},
								"south": {"uv": [111, 132], "uv_size": [0, 19]},
								"west": {"uv": [35, 106], "uv_size": [2, 19]},
								"up": {"uv": [47, 74], "uv_size": [0, 2]},
								"down": {"uv": [47, 79], "uv_size": [0, -2]}
							}
						}
					]
				},
				{
					"name": "neck2",
					"parent": "neck",
					"pivot": [0, 49.17426, -20.88651],
					"cubes": [
						{
							"origin": [-3.25, 45.7753, -31.52811],
							"size": [6.5, 16, 7.6],
							"pivot": [0, 56.7753, -27.52811],
							"rotation": [45, 0, 0],
							"uv": {
								"north": {"uv": [27, 68], "uv_size": [7, 16]},
								"east": {"uv": [48, 64], "uv_size": [8, 16]},
								"south": {"uv": [35, 68], "uv_size": [7, 16]},
								"west": {"uv": [65, 67], "uv_size": [8, 16]},
								"up": {"uv": [94, 46], "uv_size": [7, 8]},
								"down": {"uv": [12, 103], "uv_size": [7, -8]}
							}
						},
						{
							"origin": [0, 51.43215, -26.37126],
							"size": [0, 16, 2],
							"pivot": [0, 62.43215, -21.87126],
							"rotation": [45, 0, 0],
							"uv": {
								"north": {"uv": [60, 131], "uv_size": [0, 16]},
								"east": {"uv": [27, 49], "uv_size": [2, 16]},
								"south": {"uv": [69, 132], "uv_size": [0, 16]},
								"west": {"uv": [75, 109], "uv_size": [2, 16]},
								"up": {"uv": [47, 68], "uv_size": [0, 2]},
								"down": {"uv": [47, 73], "uv_size": [0, -2]}
							}
						}
					]
				},
				{
					"name": "neck3",
					"parent": "neck2",
					"pivot": [0, 60.3871, -30.25794],
					"cubes": [
						{
							"origin": [-2.5, 58.29611, -38.34893],
							"size": [5, 12, 6],
							"pivot": [0, 64.29611, -35.34893],
							"rotation": [45, 0, 0],
							"uv": {
								"north": {"uv": [89, 83], "uv_size": [5, 12]},
								"east": {"uv": [82, 83], "uv_size": [6, 12]},
								"south": {"uv": [90, 57], "uv_size": [5, 12]},
								"west": {"uv": [84, 33], "uv_size": [6, 12]},
								"up": {"uv": [115, 76], "uv_size": [5, 6]},
								"down": {"uv": [115, 89], "uv_size": [5, -6]}
							}
						},
						{
							"origin": [0, 60.01363, -37.20248],
							"size": [0, 12, 3],
							"pivot": [0, 71.01363, -35.70248],
							"rotation": [45, 0, 0],
							"uv": {
								"north": {"uv": [41, 133], "uv_size": [0, 12]},
								"east": {"uv": [43, 68], "uv_size": [3, 12]},
								"south": {"uv": [42, 133], "uv_size": [0, 12]},
								"west": {"uv": [106, 38], "uv_size": [3, 12]},
								"up": {"uv": [77, 50], "uv_size": [0, 3]},
								"down": {"uv": [78, 53], "uv_size": [0, -3]}
							}
						}
					]
				},
				{
					"name": "head",
					"parent": "neck3",
					"pivot": [0, 67.93195, -38.77328],
					"cubes": [
						{
							"origin": [-3.5, 65.2, -42.65],
							"size": [7, 7, 7],
							"uv": {
								"north": {"uv": [97, 25], "uv_size": [7, 7]},
								"east": {"uv": [97, 33], "uv_size": [7, 7]},
								"south": {"uv": [30, 98], "uv_size": [7, 7]},
								"west": {"uv": [99, 0], "uv_size": [7, 7]},
								"up": {"uv": [56, 100], "uv_size": [7, 7]},
								"down": {"uv": [70, 108], "uv_size": [7, -7]}
							}
						},
						{
							"origin": [-3.5, 70.79839, -42.4288],
							"size": [7, 2.75, 6.5],
							"inflate": -0.01,
							"pivot": [0, 72.17339, -39.1788],
							"rotation": [-22.5, 0, 0],
							"uv": {
								"north": {"uv": [76, 7], "uv_size": [7, 3]},
								"east": {"uv": [121, 27], "uv_size": [7, 3]},
								"south": {"uv": [121, 62], "uv_size": [7, 3]},
								"west": {"uv": [121, 66], "uv_size": [7, 3]},
								"up": {"uv": [101, 79], "uv_size": [7, 7]},
								"down": {"uv": [101, 94], "uv_size": [7, -7]}
							}
						},
						{
							"origin": [1.3422, 69.82837, -44.62511],
							"size": [2, 2, 2.5],
							"pivot": [2.3422, 70.82837, -43.37511],
							"rotation": [-101.50754, -33.36746, 106.74781],
							"uv": {
								"north": {"uv": [13, 133], "uv_size": [2, 2]},
								"east": {"uv": [131, 49], "uv_size": [3, 2]},
								"south": {"uv": [133, 18], "uv_size": [2, 2]},
								"west": {"uv": [52, 131], "uv_size": [3, 2]},
								"up": {"uv": [84, 46], "uv_size": [2, 3]},
								"down": {"uv": [38, 101], "uv_size": [2, -3]}
							}
						},
						{
							"origin": [1.3422, 69.82837, -44.62511],
							"size": [2, 2, 2.5],
							"inflate": 0.2,
							"pivot": [2.3422, 70.82837, -43.37511],
							"rotation": [-101.50754, -33.36746, 106.74781],
							"uv": {
								"north": {"uv": [133, 9], "uv_size": [2, 2]},
								"east": {"uv": [131, 43], "uv_size": [3, 2]},
								"south": {"uv": [10, 133], "uv_size": [2, 2]},
								"west": {"uv": [131, 46], "uv_size": [3, 2]},
								"up": {"uv": [79, 63], "uv_size": [2, 3]},
								"down": {"uv": [24, 84], "uv_size": [2, -3]}
							}
						},
						{
							"origin": [-3.3422, 69.82837, -44.62511],
							"size": [2, 2, 2.5],
							"inflate": 0.2,
							"pivot": [-2.3422, 70.82837, -43.37511],
							"rotation": [-101.50754, 33.36746, -106.74781],
							"uv": {
								"north": {"uv": [133, 27], "uv_size": [2, 2]},
								"east": {"uv": [131, 76], "uv_size": [3, 2]},
								"south": {"uv": [38, 133], "uv_size": [2, 2]},
								"west": {"uv": [131, 79], "uv_size": [3, 2]},
								"up": {"uv": [21, 131], "uv_size": [2, 3]},
								"down": {"uv": [82, 134], "uv_size": [2, -3]}
							}
						},
						{
							"origin": [-3.3422, 69.82837, -44.62511],
							"size": [2, 2, 2.5],
							"pivot": [-2.3422, 70.82837, -43.37511],
							"rotation": [-101.50754, 33.36746, -106.74781],
							"uv": {
								"north": {"uv": [133, 21], "uv_size": [2, 2]},
								"east": {"uv": [56, 131], "uv_size": [3, 2]},
								"south": {"uv": [133, 24], "uv_size": [2, 2]},
								"west": {"uv": [73, 131], "uv_size": [3, 2]},
								"up": {"uv": [98, 115], "uv_size": [2, 3]},
								"down": {"uv": [101, 133], "uv_size": [2, -3]}
							}
						},
						{
							"origin": [-2.75, 66.19357, -44.25618],
							"size": [5.5, 5.5, 3.5],
							"pivot": [-1.3, 68.94357, -42.50618],
							"rotation": [35, 0, 0],
							"uv": {
								"north": {"uv": [102, 71], "uv_size": [6, 6]},
								"east": {"uv": [11, 85], "uv_size": [4, 6]},
								"south": {"uv": [106, 61], "uv_size": [6, 6]},
								"west": {"uv": [44, 117], "uv_size": [4, 6]},
								"up": {"uv": [71, 19], "uv_size": [6, 4]},
								"down": {"uv": [117, 61], "uv_size": [6, -4]}
							}
						},
						{
							"origin": [-2, 67.01224, -50.79608],
							"size": [4, 2, 9.25],
							"pivot": [0, 68.01224, -47.17108],
							"rotation": [10, 0, 0],
							"uv": {
								"north": {"uv": [86, 129], "uv_size": [4, 2]},
								"east": {"uv": [121, 76], "uv_size": [9, 2]},
								"south": {"uv": [129, 88], "uv_size": [4, 2]},
								"west": {"uv": [121, 79], "uv_size": [9, 2]},
								"up": {"uv": [49, 106], "uv_size": [4, 9]},
								"down": {"uv": [106, 60], "uv_size": [4, -9]}
							}
						},
						{
							"origin": [-2, 68.00803, -50.84391],
							"size": [4, 1.75, 9.25],
							"inflate": -0.01,
							"pivot": [0, 68.75803, -47.21891],
							"rotation": [17.5, 0, 0],
							"uv": {
								"north": {"uv": [96, 130], "uv_size": [4, 2]},
								"east": {"uv": [121, 82], "uv_size": [9, 2]},
								"south": {"uv": [0, 131], "uv_size": [4, 2]},
								"west": {"uv": [121, 85], "uv_size": [9, 2]},
								"up": {"uv": [64, 106], "uv_size": [4, 9]},
								"down": {"uv": [107, 9], "uv_size": [4, -9]}
							}
						},
						{
							"origin": [2.12247, 70.48192, -38.46903],
							"size": [3, 5, 3.25],
							"pivot": [3.62247, 75.48192, -36.84403],
							"rotation": [-23.66235, 8.31087, 18.25612],
							"uv": {
								"north": {"uv": [44, 28], "uv_size": [3, 5]},
								"east": {"uv": [123, 42], "uv_size": [3, 5]},
								"south": {"uv": [123, 48], "uv_size": [3, 5]},
								"west": {"uv": [49, 123], "uv_size": [3, 5]},
								"up": {"uv": [127, 41], "uv_size": [3, 3]},
								"down": {"uv": [127, 48], "uv_size": [3, -3]}
							}
						},
						{
							"origin": [2.37247, 75.48192, -37.71903],
							"size": [2.5, 5, 1.75],
							"pivot": [3.62247, 75.48192, -36.84403],
							"rotation": [-23.66235, 8.31087, 18.25612],
							"uv": {
								"north": {"uv": [64, 123], "uv_size": [3, 5]},
								"east": {"uv": [87, 57], "uv_size": [2, 5]},
								"south": {"uv": [78, 123], "uv_size": [3, 5]},
								"west": {"uv": [90, 0], "uv_size": [2, 5]},
								"up": {"uv": [34, 131], "uv_size": [3, 2]},
								"down": {"uv": [131, 36], "uv_size": [3, -2]}
							}
						},
						{
							"origin": [-4.87247, 75.48192, -37.71903],
							"size": [2.5, 5, 1.75],
							"pivot": [-3.62247, 75.48192, -36.84403],
							"rotation": [-23.66235, -8.31087, -18.25612],
							"uv": {
								"north": {"uv": [123, 114], "uv_size": [3, 5]},
								"east": {"uv": [126, 88], "uv_size": [2, 5]},
								"south": {"uv": [44, 124], "uv_size": [3, 5]},
								"west": {"uv": [93, 126], "uv_size": [2, 5]},
								"up": {"uv": [131, 82], "uv_size": [3, 2]},
								"down": {"uv": [131, 87], "uv_size": [3, -2]}
							}
						},
						{
							"origin": [-5.12247, 70.48192, -38.46903],
							"size": [3, 5, 3.25],
							"pivot": [-3.62247, 75.48192, -36.84403],
							"rotation": [-23.66235, -8.31087, -18.25612],
							"uv": {
								"north": {"uv": [89, 123], "uv_size": [3, 5]},
								"east": {"uv": [107, 123], "uv_size": [3, 5]},
								"south": {"uv": [123, 108], "uv_size": [3, 5]},
								"west": {"uv": [111, 123], "uv_size": [3, 5]},
								"up": {"uv": [127, 49], "uv_size": [3, 3]},
								"down": {"uv": [82, 130], "uv_size": [3, -3]}
							}
						}
					]
				},
				{
					"name": "jaw",
					"parent": "head",
					"pivot": [0, 66.84263, -42.42379],
					"cubes": [
						{
							"origin": [-1.5, 64.96509, -50.442],
							"size": [3, 2.1, 9.5],
							"pivot": [0, 66.01509, -46.692],
							"rotation": [10, 0, 0],
							"uv": {
								"north": {"uv": [131, 37], "uv_size": [3, 2]},
								"east": {"uv": [121, 70], "uv_size": [10, 2]},
								"south": {"uv": [131, 40], "uv_size": [3, 2]},
								"west": {"uv": [121, 73], "uv_size": [10, 2]},
								"up": {"uv": [94, 115], "uv_size": [3, 10]},
								"down": {"uv": [115, 109], "uv_size": [3, -10]}
							}
						}
					]
				},
				{
					"name": "arm_left",
					"parent": "root",
					"pivot": [5.5, 32.58537, -7.23148],
					"cubes": [
						{
							"origin": [3, 25.7, -10],
							"size": [5, 12, 7],
							"uv": {
								"north": {"uv": [6, 92], "uv_size": [5, 12]},
								"east": {"uv": [74, 80], "uv_size": [7, 12]},
								"south": {"uv": [24, 92], "uv_size": [5, 12]},
								"west": {"uv": [43, 81], "uv_size": [7, 12]},
								"up": {"uv": [109, 68], "uv_size": [5, 7]},
								"down": {"uv": [69, 116], "uv_size": [5, -7]}
							}
						},
						{
							"origin": [3, 25.93112, -11.54443],
							"size": [5, 11.5, 3.3],
							"inflate": -0.01,
							"pivot": [5.5, 31.68112, -9.89443],
							"rotation": [15, 0, 0],
							"uv": {
								"north": {"uv": [96, 67], "uv_size": [5, 11]},
								"east": {"uv": [113, 0], "uv_size": [3, 11]},
								"south": {"uv": [79, 96], "uv_size": [5, 11]},
								"west": {"uv": [113, 50], "uv_size": [3, 11]},
								"up": {"uv": [124, 58], "uv_size": [5, 3]},
								"down": {"uv": [12, 128], "uv_size": [5, -3]}
							}
						}
					]
				},
				{
					"name": "armfore_left",
					"parent": "arm_left",
					"pivot": [5.5, 25.775, -6.5],
					"cubes": [
						{
							"origin": [3.25, 18.45, -9],
							"size": [4.5, 7.25, 5],
							"uv": {
								"north": {"uv": [109, 76], "uv_size": [5, 7]},
								"east": {"uv": [109, 84], "uv_size": [5, 7]},
								"south": {"uv": [109, 103], "uv_size": [5, 7]},
								"west": {"uv": [110, 34], "uv_size": [5, 7]},
								"up": {"uv": [12, 119], "uv_size": [5, 5]},
								"down": {"uv": [119, 17], "uv_size": [5, -5]}
							}
						}
					]
				},
				{
					"name": "arm_left_2",
					"parent": "armfore_left",
					"pivot": [5.5, 18.68962, -6.2704],
					"cubes": [
						{
							"origin": [4, 4.7, -7],
							"size": [3, 14, 3],
							"uv": {
								"north": {"uv": [101, 104], "uv_size": [3, 14]},
								"east": {"uv": [0, 105], "uv_size": [3, 14]},
								"south": {"uv": [4, 105], "uv_size": [3, 14]},
								"west": {"uv": [8, 105], "uv_size": [3, 14]},
								"up": {"uv": [123, 127], "uv_size": [3, 3]},
								"down": {"uv": [127, 127], "uv_size": [3, -3]}
							}
						},
						{
							"origin": [4, 16.26575, -8.07558],
							"size": [3, 2.75, 1.75],
							"inflate": -0.01,
							"pivot": [5.5, 17.64075, -7.20058],
							"rotation": [40, 0, 0],
							"uv": {
								"north": {"uv": [127, 128], "uv_size": [3, 3]},
								"east": {"uv": [131, 124], "uv_size": [2, 3]},
								"south": {"uv": [129, 0], "uv_size": [3, 3]},
								"west": {"uv": [131, 128], "uv_size": [2, 3]},
								"up": {"uv": [65, 132], "uv_size": [3, 2]},
								"down": {"uv": [132, 71], "uv_size": [3, -2]}
							}
						}
					]
				},
				{
					"name": "hand_left",
					"parent": "arm_left_2",
					"pivot": [5.5, 4.75015, -5.5315],
					"cubes": [
						{
							"origin": [4.25, 1.09167, -6.97505],
							"size": [2.5, 4, 2.5],
							"pivot": [5.5, 3.09167, -5.72505],
							"rotation": [-15, 0, 0],
							"uv": {
								"north": {"uv": [8, 126], "uv_size": [3, 4]},
								"east": {"uv": [112, 129], "uv_size": [2, 4]},
								"south": {"uv": [30, 126], "uv_size": [3, 4]},
								"west": {"uv": [27, 130], "uv_size": [2, 4]},
								"up": {"uv": [132, 72], "uv_size": [3, 2]},
								"down": {"uv": [77, 134], "uv_size": [3, -2]}
							}
						},
						{
							"origin": [3.75, 0.09167, -7.97505],
							"size": [3.5, 2.25, 3.5],
							"uv": {
								"north": {"uv": [43, 130], "uv_size": [4, 2]},
								"east": {"uv": [130, 53], "uv_size": [4, 2]},
								"south": {"uv": [130, 56], "uv_size": [4, 2]},
								"west": {"uv": [130, 59], "uv_size": [4, 2]},
								"up": {"uv": [122, 37], "uv_size": [4, 4]},
								"down": {"uv": [84, 126], "uv_size": [4, -4]}
							}
						},
						{
							"origin": [4, 3.35015, -6.7315],
							"size": [3, 2, 3],
							"inflate": -0.01,
							"pivot": [5.5, 4.35015, -5.2315],
							"rotation": [22.5, 0, 0],
							"uv": {
								"north": {"uv": [85, 132], "uv_size": [3, 2]},
								"east": {"uv": [89, 132], "uv_size": [3, 2]},
								"south": {"uv": [132, 91], "uv_size": [3, 2]},
								"west": {"uv": [132, 94], "uv_size": [3, 2]},
								"up": {"uv": [129, 4], "uv_size": [3, 3]},
								"down": {"uv": [129, 11], "uv_size": [3, -3]}
							}
						}
					]
				},
				{
					"name": "arm_right",
					"parent": "root",
					"pivot": [-5.5, 32.58537, -7.23148],
					"cubes": [
						{
							"origin": [-8, 25.7, -10],
							"size": [5, 12, 7],
							"uv": {
								"north": {"uv": [11, 92], "uv_size": [-5, 12]},
								"east": {"uv": [50, 81], "uv_size": [-7, 12]},
								"south": {"uv": [29, 92], "uv_size": [-5, 12]},
								"west": {"uv": [81, 80], "uv_size": [-7, 12]},
								"up": {"uv": [114, 68], "uv_size": [-5, 7]},
								"down": {"uv": [74, 116], "uv_size": [-5, -7]}
							}
						},
						{
							"origin": [-8, 25.93112, -11.54443],
							"size": [5, 11.5, 3.3],
							"inflate": -0.01,
							"pivot": [-5.5, 31.68112, -9.89443],
							"rotation": [15, 0, 0],
							"uv": {
								"north": {"uv": [101, 67], "uv_size": [-5, 11]},
								"east": {"uv": [116, 50], "uv_size": [-3, 11]},
								"south": {"uv": [84, 96], "uv_size": [-5, 11]},
								"west": {"uv": [116, 0], "uv_size": [-3, 11]},
								"up": {"uv": [129, 58], "uv_size": [-5, 3]},
								"down": {"uv": [17, 128], "uv_size": [-5, -3]}
							}
						}
					]
				},
				{
					"name": "armfore_right",
					"parent": "arm_right",
					"pivot": [-5.5, 25.775, -6.5],
					"cubes": [
						{
							"origin": [-7.75, 18.45, -9],
							"size": [4.5, 7.25, 5],
							"uv": {
								"north": {"uv": [114, 76], "uv_size": [-5, 7]},
								"east": {"uv": [115, 34], "uv_size": [-5, 7]},
								"south": {"uv": [114, 103], "uv_size": [-5, 7]},
								"west": {"uv": [114, 84], "uv_size": [-5, 7]},
								"up": {"uv": [17, 119], "uv_size": [-5, 5]},
								"down": {"uv": [124, 17], "uv_size": [-5, -5]}
							}
						}
					]
				},
				{
					"name": "arm_right_2",
					"parent": "armfore_right",
					"pivot": [-5.5, 18.68962, -6.2704],
					"cubes": [
						{
							"origin": [-7, 4.7, -7],
							"size": [3, 14, 3],
							"uv": {
								"north": {"uv": [104, 104], "uv_size": [-3, 14]},
								"east": {"uv": [11, 105], "uv_size": [-3, 14]},
								"south": {"uv": [7, 105], "uv_size": [-3, 14]},
								"west": {"uv": [3, 105], "uv_size": [-3, 14]},
								"up": {"uv": [126, 127], "uv_size": [-3, 3]},
								"down": {"uv": [130, 127], "uv_size": [-3, -3]}
							}
						},
						{
							"origin": [-7, 16.26575, -8.07558],
							"size": [3, 2.75, 1.75],
							"inflate": -0.01,
							"pivot": [-5.5, 17.64075, -7.20058],
							"rotation": [40, 0, 0],
							"uv": {
								"north": {"uv": [130, 128], "uv_size": [-3, 3]},
								"east": {"uv": [133, 128], "uv_size": [-2, 3]},
								"south": {"uv": [132, 0], "uv_size": [-3, 3]},
								"west": {"uv": [133, 124], "uv_size": [-2, 3]},
								"up": {"uv": [68, 132], "uv_size": [-3, 2]},
								"down": {"uv": [135, 71], "uv_size": [-3, -2]}
							}
						}
					]
				},
				{
					"name": "hand_right",
					"parent": "arm_right_2",
					"pivot": [-5.5, 4.75015, -5.5315],
					"cubes": [
						{
							"origin": [-6.75, 1.09167, -6.97505],
							"size": [2.5, 4, 2.5],
							"pivot": [-5.5, 3.09167, -5.72505],
							"rotation": [-15, 0, 0],
							"uv": {
								"north": {"uv": [11, 126], "uv_size": [-3, 4]},
								"east": {"uv": [29, 130], "uv_size": [-2, 4]},
								"south": {"uv": [33, 126], "uv_size": [-3, 4]},
								"west": {"uv": [114, 129], "uv_size": [-2, 4]},
								"up": {"uv": [135, 72], "uv_size": [-3, 2]},
								"down": {"uv": [80, 134], "uv_size": [-3, -2]}
							}
						},
						{
							"origin": [-7.25, 0.09167, -7.97505],
							"size": [3.5, 2.25, 3.5],
							"uv": {
								"north": {"uv": [47, 130], "uv_size": [-4, 2]},
								"east": {"uv": [134, 59], "uv_size": [-4, 2]},
								"south": {"uv": [134, 56], "uv_size": [-4, 2]},
								"west": {"uv": [134, 53], "uv_size": [-4, 2]},
								"up": {"uv": [126, 37], "uv_size": [-4, 4]},
								"down": {"uv": [88, 126], "uv_size": [-4, -4]}
							}
						},
						{
							"origin": [-7, 3.35015, -6.7315],
							"size": [3, 2, 3],
							"inflate": -0.01,
							"pivot": [-5.5, 4.35015, -5.2315],
							"rotation": [22.5, 0, 0],
							"uv": {
								"north": {"uv": [88, 132], "uv_size": [-3, 2]},
								"east": {"uv": [135, 94], "uv_size": [-3, 2]},
								"south": {"uv": [135, 91], "uv_size": [-3, 2]},
								"west": {"uv": [92, 132], "uv_size": [-3, 2]},
								"up": {"uv": [132, 4], "uv_size": [-3, 3]},
								"down": {"uv": [132, 11], "uv_size": [-3, -3]}
							}
						}
					]
				},
				{
					"name": "leg_left",
					"parent": "root",
					"pivot": [5.5, 33.17422, 15.17625],
					"cubes": [
						{
							"origin": [3, 25.93112, 10.45557],
							"size": [5, 11.5, 3.3],
							"inflate": -0.01,
							"pivot": [5.5, 31.68112, 12.10557],
							"rotation": [15, 0, 0],
							"uv": {
								"north": {"uv": [96, 67], "uv_size": [5, 11]},
								"east": {"uv": [113, 0], "uv_size": [3, 11]},
								"south": {"uv": [79, 96], "uv_size": [5, 11]},
								"west": {"uv": [113, 50], "uv_size": [3, 11]},
								"up": {"uv": [124, 58], "uv_size": [5, 3]},
								"down": {"uv": [12, 128], "uv_size": [5, -3]}
							}
						},
						{
							"origin": [3, 25.7, 12],
							"size": [5, 12, 7],
							"uv": {
								"north": {"uv": [6, 92], "uv_size": [5, 12]},
								"east": {"uv": [74, 80], "uv_size": [7, 12]},
								"south": {"uv": [24, 92], "uv_size": [5, 12]},
								"west": {"uv": [43, 81], "uv_size": [7, 12]},
								"up": {"uv": [109, 68], "uv_size": [5, 7]},
								"down": {"uv": [69, 116], "uv_size": [5, -7]}
							}
						}
					]
				},
				{
					"name": "legfore_left",
					"parent": "leg_left",
					"pivot": [5.5, 25.7, 15.5],
					"cubes": [
						{
							"origin": [3.25, 18.45, 13],
							"size": [4.5, 7.25, 5],
							"uv": {
								"north": {"uv": [109, 76], "uv_size": [5, 7]},
								"east": {"uv": [109, 84], "uv_size": [5, 7]},
								"south": {"uv": [109, 103], "uv_size": [5, 7]},
								"west": {"uv": [110, 34], "uv_size": [5, 7]},
								"up": {"uv": [12, 119], "uv_size": [5, 5]},
								"down": {"uv": [119, 17], "uv_size": [5, -5]}
							}
						}
					]
				},
				{
					"name": "legfore_left2",
					"parent": "legfore_left",
					"pivot": [5.5, 18.58962, 16.5796],
					"cubes": [
						{
							"origin": [4, 4.7, 15],
							"size": [3, 14, 3],
							"uv": {
								"north": {"uv": [101, 104], "uv_size": [3, 14]},
								"east": {"uv": [0, 105], "uv_size": [3, 14]},
								"south": {"uv": [4, 105], "uv_size": [3, 14]},
								"west": {"uv": [8, 105], "uv_size": [3, 14]},
								"up": {"uv": [123, 127], "uv_size": [3, 3]},
								"down": {"uv": [127, 127], "uv_size": [3, -3]}
							}
						},
						{
							"origin": [4, 16.26575, 13.92442],
							"size": [3, 2.75, 1.75],
							"inflate": -0.01,
							"pivot": [5.5, 17.64075, 14.79942],
							"rotation": [40, 0, 0],
							"uv": {
								"north": {"uv": [127, 128], "uv_size": [3, 3]},
								"east": {"uv": [131, 124], "uv_size": [2, 3]},
								"south": {"uv": [129, 0], "uv_size": [3, 3]},
								"west": {"uv": [131, 128], "uv_size": [2, 3]},
								"up": {"uv": [65, 132], "uv_size": [3, 2]},
								"down": {"uv": [132, 71], "uv_size": [3, -2]}
							}
						}
					]
				},
				{
					"name": "sole_left",
					"parent": "legfore_left2",
					"pivot": [5.5, 4.98616, 16.2728],
					"cubes": [
						{
							"origin": [4, 3.35015, 15.2685],
							"size": [3, 2, 3],
							"inflate": -0.01,
							"pivot": [5.5, 4.35015, 16.7685],
							"rotation": [22.5, 0, 0],
							"uv": {
								"north": {"uv": [85, 132], "uv_size": [3, 2]},
								"east": {"uv": [89, 132], "uv_size": [3, 2]},
								"south": {"uv": [132, 91], "uv_size": [3, 2]},
								"west": {"uv": [132, 94], "uv_size": [3, 2]},
								"up": {"uv": [129, 4], "uv_size": [3, 3]},
								"down": {"uv": [129, 11], "uv_size": [3, -3]}
							}
						},
						{
							"origin": [4.25, 1.09167, 15.02495],
							"size": [2.5, 4, 2.5],
							"pivot": [5.5, 3.09167, 16.27495],
							"rotation": [-15, 0, 0],
							"uv": {
								"north": {"uv": [8, 126], "uv_size": [3, 4]},
								"east": {"uv": [112, 129], "uv_size": [2, 4]},
								"south": {"uv": [30, 126], "uv_size": [3, 4]},
								"west": {"uv": [27, 130], "uv_size": [2, 4]},
								"up": {"uv": [132, 72], "uv_size": [3, 2]},
								"down": {"uv": [77, 134], "uv_size": [3, -2]}
							}
						},
						{
							"origin": [3.75, 0.09167, 14.02495],
							"size": [3.5, 2.25, 3.5],
							"uv": {
								"north": {"uv": [43, 130], "uv_size": [4, 2]},
								"east": {"uv": [130, 53], "uv_size": [4, 2]},
								"south": {"uv": [130, 56], "uv_size": [4, 2]},
								"west": {"uv": [130, 59], "uv_size": [4, 2]},
								"up": {"uv": [122, 37], "uv_size": [4, 4]},
								"down": {"uv": [84, 126], "uv_size": [4, -4]}
							}
						}
					]
				},
				{
					"name": "leg_right",
					"parent": "root",
					"pivot": [-5.5, 33.17422, 15.17625],
					"cubes": [
						{
							"origin": [-8, 25.93112, 10.45557],
							"size": [5, 11.5, 3.3],
							"inflate": -0.01,
							"pivot": [-5.5, 31.68112, 12.10557],
							"rotation": [15, 0, 0],
							"uv": {
								"north": {"uv": [101, 67], "uv_size": [-5, 11]},
								"east": {"uv": [116, 50], "uv_size": [-3, 11]},
								"south": {"uv": [84, 96], "uv_size": [-5, 11]},
								"west": {"uv": [116, 0], "uv_size": [-3, 11]},
								"up": {"uv": [129, 58], "uv_size": [-5, 3]},
								"down": {"uv": [17, 128], "uv_size": [-5, -3]}
							}
						},
						{
							"origin": [-8, 25.7, 12],
							"size": [5, 12, 7],
							"uv": {
								"north": {"uv": [11, 92], "uv_size": [-5, 12]},
								"east": {"uv": [50, 81], "uv_size": [-7, 12]},
								"south": {"uv": [29, 92], "uv_size": [-5, 12]},
								"west": {"uv": [81, 80], "uv_size": [-7, 12]},
								"up": {"uv": [114, 68], "uv_size": [-5, 7]},
								"down": {"uv": [74, 116], "uv_size": [-5, -7]}
							}
						}
					]
				},
				{
					"name": "legfore_right",
					"parent": "leg_right",
					"pivot": [-5.5, 25.7, 15.5],
					"cubes": [
						{
							"origin": [-7.75, 18.45, 13],
							"size": [4.5, 7.25, 5],
							"uv": {
								"north": {"uv": [114, 76], "uv_size": [-5, 7]},
								"east": {"uv": [115, 34], "uv_size": [-5, 7]},
								"south": {"uv": [114, 103], "uv_size": [-5, 7]},
								"west": {"uv": [114, 84], "uv_size": [-5, 7]},
								"up": {"uv": [17, 119], "uv_size": [-5, 5]},
								"down": {"uv": [124, 17], "uv_size": [-5, -5]}
							}
						}
					]
				},
				{
					"name": "legfore_right2",
					"parent": "legfore_right",
					"pivot": [-5.5, 18.58962, 16.5796],
					"cubes": [
						{
							"origin": [-7, 4.7, 15],
							"size": [3, 14, 3],
							"uv": {
								"north": {"uv": [104, 104], "uv_size": [-3, 14]},
								"east": {"uv": [11, 105], "uv_size": [-3, 14]},
								"south": {"uv": [7, 105], "uv_size": [-3, 14]},
								"west": {"uv": [3, 105], "uv_size": [-3, 14]},
								"up": {"uv": [126, 127], "uv_size": [-3, 3]},
								"down": {"uv": [130, 127], "uv_size": [-3, -3]}
							}
						},
						{
							"origin": [-7, 16.26575, 13.92442],
							"size": [3, 2.75, 1.75],
							"inflate": -0.01,
							"pivot": [-5.5, 17.64075, 14.79942],
							"rotation": [40, 0, 0],
							"uv": {
								"north": {"uv": [130, 128], "uv_size": [-3, 3]},
								"east": {"uv": [133, 128], "uv_size": [-2, 3]},
								"south": {"uv": [132, 0], "uv_size": [-3, 3]},
								"west": {"uv": [133, 124], "uv_size": [-2, 3]},
								"up": {"uv": [68, 132], "uv_size": [-3, 2]},
								"down": {"uv": [135, 71], "uv_size": [-3, -2]}
							}
						}
					]
				},
				{
					"name": "sole_right",
					"parent": "legfore_right2",
					"pivot": [-5.5, 4.98616, 16.2728],
					"cubes": [
						{
							"origin": [-7, 3.35015, 15.2685],
							"size": [3, 2, 3],
							"inflate": -0.01,
							"pivot": [-5.5, 4.35015, 16.7685],
							"rotation": [22.5, 0, 0],
							"uv": {
								"north": {"uv": [88, 132], "uv_size": [-3, 2]},
								"east": {"uv": [135, 94], "uv_size": [-3, 2]},
								"south": {"uv": [135, 91], "uv_size": [-3, 2]},
								"west": {"uv": [92, 132], "uv_size": [-3, 2]},
								"up": {"uv": [132, 4], "uv_size": [-3, 3]},
								"down": {"uv": [132, 11], "uv_size": [-3, -3]}
							}
						},
						{
							"origin": [-6.75, 1.09167, 15.02495],
							"size": [2.5, 4, 2.5],
							"pivot": [-5.5, 3.09167, 16.27495],
							"rotation": [-15, 0, 0],
							"uv": {
								"north": {"uv": [11, 126], "uv_size": [-3, 4]},
								"east": {"uv": [29, 130], "uv_size": [-2, 4]},
								"south": {"uv": [33, 126], "uv_size": [-3, 4]},
								"west": {"uv": [114, 129], "uv_size": [-2, 4]},
								"up": {"uv": [135, 72], "uv_size": [-3, 2]},
								"down": {"uv": [80, 134], "uv_size": [-3, -2]}
							}
						},
						{
							"origin": [-7.25, 0.09167, 14.02495],
							"size": [3.5, 2.25, 3.5],
							"uv": {
								"north": {"uv": [47, 130], "uv_size": [-4, 2]},
								"east": {"uv": [134, 59], "uv_size": [-4, 2]},
								"south": {"uv": [134, 56], "uv_size": [-4, 2]},
								"west": {"uv": [134, 53], "uv_size": [-4, 2]},
								"up": {"uv": [126, 37], "uv_size": [-4, 4]},
								"down": {"uv": [88, 126], "uv_size": [-4, -4]}
							}
						}
					]
				}
			]
		}
	]
}