{
	"format_version": "1.12.0",
	"minecraft:geometry": [
		{
			"description": {
				"identifier": "geometry.wacky_animals.hawk",
				"texture_width": 128,
				"texture_height": 128,
				"visible_bounds_width": 8,
				"visible_bounds_height": 2.5,
				"visible_bounds_offset": [0, 0.75, 0]
			},
			"bones": [
				{
					"name": "root",
					"pivot": [0, 0, 0]
				},
				{
					"name": "body",
					"parent": "root",
					"pivot": [0, 7.10364, 6.16923],
					"cubes": [
						{
							"origin": [-4, 3, -3],
							"size": [8, 8, 12],
							"uv": {
								"north": {"uv": [49, 26], "uv_size": [8, 8]},
								"east": {"uv": [0, 46], "uv_size": [12, 8]},
								"south": {"uv": [44, 49], "uv_size": [8, 8]},
								"west": {"uv": [13, 46], "uv_size": [12, 8]},
								"up": {"uv": [49, 0], "uv_size": [8, 12]},
								"down": {"uv": [49, 25], "uv_size": [8, -12]}
							}
						},
						{
							"origin": [-3.25, 3.75, 9],
							"size": [6.5, 6.75, 4],
							"uv": {
								"north": {"uv": [18, 55], "uv_size": [7, 7]},
								"east": {"uv": [6, 63], "uv_size": [4, 7]},
								"south": {"uv": [53, 57], "uv_size": [7, 7]},
								"west": {"uv": [11, 63], "uv_size": [4, 7]},
								"up": {"uv": [16, 63], "uv_size": [7, 4]},
								"down": {"uv": [61, 68], "uv_size": [7, -4]}
							}
						},
						{
							"origin": [-4, 2.2246, -2.83026],
							"size": [8, 2, 11.75],
							"inflate": -0.01,
							"pivot": [0, 3.2246, 3.04474],
							"rotation": [7.5, 0, 0],
							"uv": {
								"north": {"uv": [4, 71], "uv_size": [8, 2]},
								"east": {"uv": [65, 14], "uv_size": [12, 2]},
								"south": {"uv": [42, 71], "uv_size": [8, 2]},
								"west": {"uv": [65, 17], "uv_size": [12, 2]},
								"up": {"uv": [26, 49], "uv_size": [8, 12]},
								"down": {"uv": [35, 61], "uv_size": [8, -12]}
							}
						}
					]
				},
				{
					"name": "tail",
					"parent": "body",
					"pivot": [0, 7.52266, 12.71058],
					"cubes": [
						{
							"origin": [-2.75, 7, 12],
							"size": [5.5, 2.75, 7],
							"uv": {
								"north": {"uv": [60, 69], "uv_size": [6, 3]},
								"east": {"uv": [65, 20], "uv_size": [7, 3]},
								"south": {"uv": [69, 64], "uv_size": [6, 3]},
								"west": {"uv": [65, 24], "uv_size": [7, 3]},
								"up": {"uv": [58, 18], "uv_size": [6, 7]},
								"down": {"uv": [58, 33], "uv_size": [6, -7]}
							}
						},
						{
							"origin": [-2.75, 5.04531, 11.04615],
							"size": [5.5, 3.25, 7.75],
							"inflate": -0.01,
							"pivot": [0, 6.67031, 14.92115],
							"rotation": [22.5, 0, 0],
							"uv": {
								"north": {"uv": [67, 69], "uv_size": [6, 3]},
								"east": {"uv": [65, 6], "uv_size": [8, 3]},
								"south": {"uv": [22, 70], "uv_size": [6, 3]},
								"west": {"uv": [65, 10], "uv_size": [8, 3]},
								"up": {"uv": [58, 0], "uv_size": [6, 8]},
								"down": {"uv": [58, 17], "uv_size": [6, -8]}
							}
						}
					]
				},
				{
					"name": "tail2",
					"parent": "tail",
					"pivot": [0, 9.5, 19],
					"cubes": [
						{
							"origin": [-6, 9.5, 19],
							"size": [12, 0, 10],
							"uv": {
								"north": {"uv": [77, 61], "uv_size": [12, 0]},
								"east": {"uv": [78, 72], "uv_size": [10, 0]},
								"south": {"uv": [79, 8], "uv_size": [12, 0]},
								"west": {"uv": [80, 60], "uv_size": [10, 0]},
								"up": {"uv": [30, 38], "uv_size": [12, 10]},
								"down": {"uv": [43, 48], "uv_size": [12, -10]}
							}
						}
					]
				},
				{
					"name": "leg_left",
					"parent": "body",
					"pivot": [4, 8.17588, 9.89269],
					"cubes": [
						{
							"origin": [3, 4, 8.75],
							"size": [2, 6, 3],
							"uv": {
								"north": {"uv": [23, 74], "uv_size": [-2, 6]},
								"east": {"uv": [32, 70], "uv_size": [-3, 6]},
								"south": {"uv": [26, 74], "uv_size": [-2, 6]},
								"west": {"uv": [73, 28], "uv_size": [-3, 6]},
								"up": {"uv": [71, 78], "uv_size": [-2, 3]},
								"down": {"uv": [79, 81], "uv_size": [-2, -3]}
							}
						},
						{
							"origin": [3, 4.32676, 7.38537],
							"size": [2, 5.25, 2.7],
							"inflate": -0.01,
							"pivot": [4, 6.95176, 8.73537],
							"rotation": [27.5, 0, 0],
							"uv": {
								"north": {"uv": [77, 33], "uv_size": [-2, 5]},
								"east": {"uv": [62, 73], "uv_size": [-3, 5]},
								"south": {"uv": [56, 75], "uv_size": [-2, 5]},
								"west": {"uv": [76, 56], "uv_size": [-3, 5]},
								"up": {"uv": [14, 79], "uv_size": [-2, 3]},
								"down": {"uv": [17, 82], "uv_size": [-2, -3]}
							}
						}
					]
				},
				{
					"name": "legfore_left",
					"parent": "leg_left",
					"pivot": [4, 3.97535, 10.14515],
					"cubes": [
						{
							"origin": [3, 0, 8.75],
							"size": [2, 4, 3],
							"uv": {
								"north": {"uv": [79, 56], "uv_size": [-2, 4]},
								"east": {"uv": [45, 74], "uv_size": [-3, 4]},
								"south": {"uv": [79, 73], "uv_size": [-2, 4]},
								"west": {"uv": [77, 28], "uv_size": [-3, 4]},
								"up": {"uv": [81, 4], "uv_size": [-2, 3]},
								"down": {"uv": [11, 82], "uv_size": [-2, -3]}
							}
						},
						{
							"origin": [0, 0, 4.75],
							"size": [8, 0, 7],
							"uv": {
								"north": {"uv": [88, 77], "uv_size": [-8, 0]},
								"east": {"uv": [87, 80], "uv_size": [-7, 0]},
								"south": {"uv": [88, 79], "uv_size": [-8, 0]},
								"west": {"uv": [87, 78], "uv_size": [-7, 0]},
								"up": {"uv": [17, 55], "uv_size": [-8, 7]},
								"down": {"uv": [64, 42], "uv_size": [-8, -7]}
							}
						},
						{
							"origin": [2.75, -0.57395, 11.63544],
							"size": [2.5, 0, 3],
							"pivot": [4, -0.57395, 13.13544],
							"rotation": [-22.5, 0, 0],
							"uv": {
								"north": {"uv": [3, 81], "uv_size": [-3, 0]},
								"east": {"uv": [84, 12], "uv_size": [-3, 0]},
								"south": {"uv": [84, 11], "uv_size": [-3, 0]},
								"west": {"uv": [7, 81], "uv_size": [-3, 0]},
								"up": {"uv": [79, 62], "uv_size": [-3, 3]},
								"down": {"uv": [3, 80], "uv_size": [-3, -3]}
							}
						}
					]
				},
				{
					"name": "leg_right",
					"parent": "body",
					"pivot": [-4, 8.17588, 9.89269],
					"cubes": [
						{
							"origin": [-5, 4, 8.75],
							"size": [2, 6, 3],
							"uv": {
								"north": {"uv": [21, 74], "uv_size": [2, 6]},
								"east": {"uv": [70, 28], "uv_size": [3, 6]},
								"south": {"uv": [24, 74], "uv_size": [2, 6]},
								"west": {"uv": [29, 70], "uv_size": [3, 6]},
								"up": {"uv": [69, 78], "uv_size": [2, 3]},
								"down": {"uv": [77, 81], "uv_size": [2, -3]}
							}
						},
						{
							"origin": [-5, 4.32676, 7.38537],
							"size": [2, 5.25, 2.7],
							"inflate": -0.01,
							"pivot": [-4, 6.95176, 8.73537],
							"rotation": [27.5, 0, 0],
							"uv": {
								"north": {"uv": [75, 33], "uv_size": [2, 5]},
								"east": {"uv": [73, 56], "uv_size": [3, 5]},
								"south": {"uv": [54, 75], "uv_size": [2, 5]},
								"west": {"uv": [59, 73], "uv_size": [3, 5]},
								"up": {"uv": [12, 79], "uv_size": [2, 3]},
								"down": {"uv": [15, 82], "uv_size": [2, -3]}
							}
						}
					]
				},
				{
					"name": "legfore_right",
					"parent": "leg_right",
					"pivot": [-4, 3.97535, 10.14515],
					"cubes": [
						{
							"origin": [-5, 0, 8.75],
							"size": [2, 4, 3],
							"uv": {
								"north": {"uv": [77, 56], "uv_size": [2, 4]},
								"east": {"uv": [74, 28], "uv_size": [3, 4]},
								"south": {"uv": [77, 73], "uv_size": [2, 4]},
								"west": {"uv": [42, 74], "uv_size": [3, 4]},
								"up": {"uv": [79, 4], "uv_size": [2, 3]},
								"down": {"uv": [9, 82], "uv_size": [2, -3]}
							}
						},
						{
							"origin": [-8, 0, 4.75],
							"size": [8, 0, 7],
							"uv": {
								"north": {"uv": [80, 77], "uv_size": [8, 0]},
								"east": {"uv": [80, 78], "uv_size": [7, 0]},
								"south": {"uv": [80, 79], "uv_size": [8, 0]},
								"west": {"uv": [80, 80], "uv_size": [7, 0]},
								"up": {"uv": [9, 55], "uv_size": [8, 7]},
								"down": {"uv": [56, 42], "uv_size": [8, -7]}
							}
						},
						{
							"origin": [-5.25, -0.57395, 11.63544],
							"size": [2.5, 0, 3],
							"pivot": [-4, -0.57395, 13.13544],
							"rotation": [-22.5, 0, 0],
							"uv": {
								"north": {"uv": [0, 81], "uv_size": [3, 0]},
								"east": {"uv": [4, 81], "uv_size": [3, 0]},
								"south": {"uv": [81, 11], "uv_size": [3, 0]},
								"west": {"uv": [81, 12], "uv_size": [3, 0]},
								"up": {"uv": [76, 62], "uv_size": [3, 3]},
								"down": {"uv": [0, 80], "uv_size": [3, -3]}
							}
						}
					]
				},
				{
					"name": "leftwing",
					"parent": "body",
					"pivot": [3.5, 10, 0],
					"cubes": [
						{
							"origin": [3.5, 10, -3],
							"size": [18, 0, 18],
							"uv": {
								"up": {"uv": [48, 19], "uv_size": [-18, 18]}
							}
						}
					]
				},
				{
					"name": "leftwing2",
					"parent": "leftwing",
					"pivot": [21.5, 10, 1],
					"cubes": [
						{
							"origin": [21.5, 10, -3],
							"size": [18, 0, 22],
							"uv": {
								"up": {"uv": [29, 23], "uv_size": [-18, 22]}
							}
						}
					]
				},
				{
					"name": "rightwing",
					"parent": "body",
					"pivot": [-3.5, 10, 0],
					"cubes": [
						{
							"origin": [-21.5, 10, -3],
							"size": [18, 0, 18],
							"uv": {
								"up": {"uv": [30, 19], "uv_size": [18, 18]}
							}
						}
					]
				},
				{
					"name": "rightwing2",
					"parent": "rightwing",
					"pivot": [-21.5, 10, 1],
					"cubes": [
						{
							"origin": [-39.5, 10, -3],
							"size": [18, 0, 22],
							"uv": {
								"up": {"uv": [11, 23], "uv_size": [18, 22]}
							}
						}
					]
				},
				{
					"name": "neck",
					"parent": "body",
					"pivot": [0, 6.39146, -2.33178],
					"cubes": [
						{
							"origin": [-2.5, 3.87034, -8.57927],
							"size": [5, 1.5, 7.25],
							"inflate": -0.01,
							"pivot": [0, 4.62034, -4.95427],
							"rotation": [-40, 0, 0],
							"uv": {
								"north": {"uv": [79, 22], "uv_size": [5, 1]},
								"east": {"uv": [76, 66], "uv_size": [7, 1]},
								"south": {"uv": [79, 24], "uv_size": [5, 1]},
								"west": {"uv": [78, 9], "uv_size": [7, 1]},
								"up": {"uv": [26, 62], "uv_size": [5, 7]},
								"down": {"uv": [32, 69], "uv_size": [5, -7]}
							}
						},
						{
							"origin": [-2.5, 4.63757, -7.10928],
							"size": [5, 6.25, 6],
							"pivot": [0, 7.76257, -4.10928],
							"rotation": [-27.5, 0, 0],
							"uv": {
								"north": {"uv": [38, 62], "uv_size": [5, 6]},
								"east": {"uv": [44, 58], "uv_size": [6, 6]},
								"south": {"uv": [62, 43], "uv_size": [5, 6]},
								"west": {"uv": [61, 57], "uv_size": [6, 6]},
								"up": {"uv": [62, 50], "uv_size": [5, 6]},
								"down": {"uv": [0, 69], "uv_size": [5, -6]}
							}
						}
					]
				},
				{
					"name": "neck2",
					"parent": "neck",
					"pivot": [0, 8.6549, -6.67931],
					"cubes": [
						{
							"origin": [-2, 7.0299, -9.25431],
							"size": [4, 5.25, 4.75],
							"pivot": [0, 9.6549, -6.87931],
							"rotation": [20, 0, 0],
							"uv": {
								"north": {"uv": [65, 28], "uv_size": [4, 5]},
								"east": {"uv": [56, 43], "uv_size": [5, 5]},
								"south": {"uv": [65, 34], "uv_size": [4, 5]},
								"west": {"uv": [65, 0], "uv_size": [5, 5]},
								"up": {"uv": [44, 65], "uv_size": [4, 5]},
								"down": {"uv": [49, 70], "uv_size": [4, -5]}
							}
						}
					]
				},
				{
					"name": "head",
					"parent": "neck2",
					"pivot": [0, 11.85515, -7.16705],
					"cubes": [
						{
							"origin": [-2.1, 11.25, -10],
							"size": [4.2, 4, 4.75],
							"uv": {
								"north": {"uv": [33, 70], "uv_size": [4, 4]},
								"east": {"uv": [54, 65], "uv_size": [5, 4]},
								"south": {"uv": [70, 35], "uv_size": [4, 4]},
								"west": {"uv": [16, 68], "uv_size": [5, 4]},
								"up": {"uv": [68, 40], "uv_size": [4, 5]},
								"down": {"uv": [68, 51], "uv_size": [4, -5]}
							}
						},
						{
							"origin": [-7.69432, 13.45, -0.94249],
							"size": [1.75, 1.25, 1.25],
							"pivot": [1.83068, 20.15, -0.81749],
							"rotation": [0, -92.5, 0],
							"uv": {
								"north": {"uv": [79, 48], "uv_size": [2, 1]},
								"east": {"uv": [51, 60], "uv_size": [1, 1]},
								"south": {"uv": [79, 50], "uv_size": [2, 1]},
								"west": {"uv": [51, 62], "uv_size": [1, 1]},
								"up": {"uv": [79, 52], "uv_size": [2, 1]},
								"down": {"uv": [79, 55], "uv_size": [2, -1]}
							}
						},
						{
							"origin": [-7.69432, 13.45, -0.94249],
							"size": [1.75, 1.25, 1.25],
							"inflate": 0.2,
							"pivot": [1.83068, 20.15, -0.81749],
							"rotation": [0, -92.5, 0],
							"uv": {
								"north": {"uv": [73, 62], "uv_size": [2, 1]},
								"east": {"uv": [54, 35], "uv_size": [1, 1]},
								"south": {"uv": [18, 79], "uv_size": [2, 1]},
								"west": {"uv": [51, 58], "uv_size": [1, 1]},
								"up": {"uv": [45, 79], "uv_size": [2, 1]},
								"down": {"uv": [79, 47], "uv_size": [2, -1]}
							}
						},
						{
							"origin": [5.94432, 13.45, -0.94249],
							"size": [1.75, 1.25, 1.25],
							"pivot": [-1.83068, 20.15, -0.81749],
							"rotation": [0, 92.5, 0],
							"uv": {
								"north": {"uv": [80, 2], "uv_size": [2, 1]},
								"east": {"uv": [42, 69], "uv_size": [1, 1]},
								"south": {"uv": [36, 80], "uv_size": [2, 1]},
								"west": {"uv": [27, 74], "uv_size": [1, 1]},
								"up": {"uv": [80, 56], "uv_size": [2, 1]},
								"down": {"uv": [80, 59], "uv_size": [2, -1]}
							}
						},
						{
							"origin": [5.94432, 13.45, -0.94249],
							"size": [1.75, 1.25, 1.25],
							"inflate": 0.2,
							"pivot": [-1.83068, 20.15, -0.81749],
							"rotation": [0, 92.5, 0],
							"uv": {
								"north": {"uv": [57, 79], "uv_size": [2, 1]},
								"east": {"uv": [24, 63], "uv_size": [1, 1]},
								"south": {"uv": [60, 79], "uv_size": [2, 1]},
								"west": {"uv": [24, 65], "uv_size": [1, 1]},
								"up": {"uv": [72, 79], "uv_size": [2, 1]},
								"down": {"uv": [80, 1], "uv_size": [2, -1]}
							}
						},
						{
							"origin": [2.30769, 9.25906, -10],
							"size": [0, 3, 4.75],
							"pivot": [0, 11.16597, -7.625],
							"rotation": [0, 0, -10],
							"uv": {
								"north": {"uv": [60, 65], "uv_size": [0, 3]},
								"east": {"uv": [73, 40], "uv_size": [5, 3]},
								"south": {"uv": [50, 74], "uv_size": [0, 3]},
								"west": {"uv": [73, 44], "uv_size": [5, 3]},
								"up": {"uv": [49, 79], "uv_size": [0, 5]},
								"down": {"uv": [75, 84], "uv_size": [0, -5]}
							}
						},
						{
							"origin": [-2.30769, 9.25906, -10],
							"size": [0, 3, 4.75],
							"pivot": [0, 11.16597, -7.625],
							"rotation": [0, 0, 10],
							"uv": {
								"north": {"uv": [57, 75], "uv_size": [0, 3]},
								"east": {"uv": [73, 48], "uv_size": [5, 3]},
								"south": {"uv": [58, 75], "uv_size": [0, 3]},
								"west": {"uv": [73, 52], "uv_size": [5, 3]},
								"up": {"uv": [76, 79], "uv_size": [0, 5]},
								"down": {"uv": [39, 85], "uv_size": [0, -5]}
							}
						},
						{
							"origin": [-2.1, 10.02571, -4.67213],
							"size": [4.2, 4, 0],
							"pivot": [0, 12.02571, -4.67213],
							"rotation": [22.5, 0, 0],
							"uv": {
								"north": {"uv": [54, 70], "uv_size": [4, 4]},
								"east": {"uv": [53, 78], "uv_size": [0, 4]},
								"south": {"uv": [71, 0], "uv_size": [4, 4]},
								"west": {"uv": [48, 79], "uv_size": [0, 4]},
								"up": {"uv": [80, 75], "uv_size": [4, 0]},
								"down": {"uv": [80, 76], "uv_size": [4, 0]}
							}
						},
						{
							"origin": [-1.25, 11.2703, -12.13402],
							"size": [2.5, 1.1, 3.5],
							"inflate": -0.01,
							"pivot": [0, 11.8203, -10.38402],
							"rotation": [7.5, 0, 0],
							"uv": {
								"north": {"uv": [22, 68], "uv_size": [3, 1]},
								"east": {"uv": [79, 26], "uv_size": [4, 1]},
								"south": {"uv": [79, 40], "uv_size": [3, 1]},
								"west": {"uv": [40, 79], "uv_size": [4, 1]},
								"up": {"uv": [9, 74], "uv_size": [3, 4]},
								"down": {"uv": [74, 13], "uv_size": [3, -4]}
							}
						},
						{
							"origin": [-1.25, 11.64587, -12.53445],
							"size": [2.5, 1.85, 3.5],
							"pivot": [0, 12.57087, -10.78445],
							"rotation": [22.5, 0, 0],
							"uv": {
								"north": {"uv": [26, 46], "uv_size": [3, 2]},
								"east": {"uv": [49, 35], "uv_size": [4, 2]},
								"south": {"uv": [79, 19], "uv_size": [3, 2]},
								"west": {"uv": [4, 78], "uv_size": [4, 2]},
								"up": {"uv": [46, 74], "uv_size": [3, 4]},
								"down": {"uv": [74, 72], "uv_size": [3, -4]}
							}
						},
						{
							"origin": [-0.75, 10.73673, -13.90615],
							"size": [1.5, 1.25, 2.5],
							"pivot": [0, 11.36173, -12.65615],
							"rotation": [67.5, 0, 0],
							"uv": {
								"north": {"uv": [65, 40], "uv_size": [2, 1]},
								"east": {"uv": [79, 42], "uv_size": [3, 1]},
								"south": {"uv": [13, 71], "uv_size": [2, 1]},
								"west": {"uv": [79, 44], "uv_size": [3, 1]},
								"up": {"uv": [66, 78], "uv_size": [2, 3]},
								"down": {"uv": [78, 71], "uv_size": [2, -3]}
							}
						},
						{
							"origin": [-1.85, 13.29096, -9.74209],
							"size": [3.7, 2.75, 5.25],
							"pivot": [0, 14.66596, -6.86709],
							"rotation": [15, 0, 0],
							"uv": {
								"north": {"uv": [4, 74], "uv_size": [4, 3]},
								"east": {"uv": [73, 20], "uv_size": [5, 3]},
								"south": {"uv": [74, 5], "uv_size": [4, 3]},
								"west": {"uv": [73, 24], "uv_size": [5, 3]},
								"up": {"uv": [68, 52], "uv_size": [4, 5]},
								"down": {"uv": [68, 63], "uv_size": [4, -5]}
							}
						}
					]
				}
			]
		}
	]
}