{
	"format_version": "1.12.0",
	"minecraft:geometry": [
		{
			"description": {
				"identifier": "geometry.wacky_animals.hedgehog",
				"texture_width": 128,
				"texture_height": 128,
				"visible_bounds_width": 3,
				"visible_bounds_height": 2.5,
				"visible_bounds_offset": [0, 0.75, 0]
			},
			"bones": [
				{
					"name": "root",
					"pivot": [0, 0, 0]
				},
				{
					"name": "body",
					"parent": "root",
					"pivot": [0.00862, 6.06753, -0.52663],
					"cubes": [
						{
							"origin": [-5, 2, -7],
							"size": [10, 9, 8],
							"uv": {
								"north": {"uv": [0, 0], "uv_size": [10, 9]},
								"east": {"uv": [22, 0], "uv_size": [8, 9]},
								"south": {"uv": [0, 10], "uv_size": [10, 9]},
								"west": {"uv": [22, 10], "uv_size": [8, 9]},
								"up": {"uv": [11, 0], "uv_size": [10, 8]},
								"down": {"uv": [11, 17], "uv_size": [10, -8]}
							}
						},
						{
							"origin": [5.51764, 4, -7.06815],
							"size": [0, 7, 4],
							"pivot": [5.51764, 6.5, -5.06815],
							"rotation": [0, 15, 0],
							"uv": {
								"north": {"uv": [12, 71], "uv_size": [0, 7]},
								"east": {"uv": [37, 50], "uv_size": [4, 7]},
								"south": {"uv": [13, 71], "uv_size": [0, 7]},
								"west": {"uv": [42, 50], "uv_size": [4, 7]},
								"up": {"uv": [47, 50], "uv_size": [0, 4]},
								"down": {"uv": [26, 55], "uv_size": [0, -4]}
							}
						},
						{
							"origin": [-5.51764, 4, -4.06815],
							"size": [0, 7, 4],
							"pivot": [-5.51764, 6.5, -2.06815],
							"rotation": [0, -15, 0],
							"uv": {
								"north": {"uv": [19, 71], "uv_size": [0, 7]},
								"east": {"uv": [5, 53], "uv_size": [4, 7]},
								"south": {"uv": [20, 71], "uv_size": [0, 7]},
								"west": {"uv": [10, 53], "uv_size": [4, 7]},
								"up": {"uv": [21, 71], "uv_size": [0, 4]},
								"down": {"uv": [22, 75], "uv_size": [0, -4]}
							}
						},
						{
							"origin": [5.51764, 4, -4.06815],
							"size": [0, 7, 4],
							"pivot": [5.51764, 6.5, -2.06815],
							"rotation": [0, 15, 0],
							"uv": {
								"north": {"uv": [16, 71], "uv_size": [0, 7]},
								"east": {"uv": [0, 53], "uv_size": [4, 7]},
								"south": {"uv": [17, 71], "uv_size": [0, 7]},
								"west": {"uv": [53, 0], "uv_size": [4, 7]},
								"up": {"uv": [60, 54], "uv_size": [0, 4]},
								"down": {"uv": [18, 75], "uv_size": [0, -4]}
							}
						},
						{
							"origin": [-5.51764, 4, -1.06815],
							"size": [0, 7, 4],
							"pivot": [-5.51764, 6.5, 0.93185],
							"rotation": [0, -15, 0],
							"uv": {
								"north": {"uv": [38, 71], "uv_size": [0, 7]},
								"east": {"uv": [55, 24], "uv_size": [4, 7]},
								"south": {"uv": [39, 71], "uv_size": [0, 7]},
								"west": {"uv": [55, 43], "uv_size": [4, 7]},
								"up": {"uv": [40, 71], "uv_size": [0, 4]},
								"down": {"uv": [41, 75], "uv_size": [0, -4]}
							}
						},
						{
							"origin": [5.51764, 4, -1.06815],
							"size": [0, 7, 4],
							"pivot": [5.51764, 6.5, 0.93185],
							"rotation": [0, 15, 0],
							"uv": {
								"north": {"uv": [35, 71], "uv_size": [0, 7]},
								"east": {"uv": [55, 8], "uv_size": [4, 7]},
								"south": {"uv": [36, 71], "uv_size": [0, 7]},
								"west": {"uv": [55, 16], "uv_size": [4, 7]},
								"up": {"uv": [71, 29], "uv_size": [0, 4]},
								"down": {"uv": [37, 75], "uv_size": [0, -4]}
							}
						},
						{
							"origin": [-5.46764, 4.0076, 0.84503],
							"size": [0, 6.5, 4],
							"pivot": [-5.46764, 6.5076, 2.84503],
							"rotation": [0, -15, 0],
							"uv": {
								"north": {"uv": [68, 71], "uv_size": [0, 7]},
								"east": {"uv": [26, 57], "uv_size": [4, 7]},
								"south": {"uv": [69, 71], "uv_size": [0, 7]},
								"west": {"uv": [31, 57], "uv_size": [4, 7]},
								"up": {"uv": [70, 71], "uv_size": [0, 4]},
								"down": {"uv": [71, 75], "uv_size": [0, -4]}
							}
						},
						{
							"origin": [5.46764, 4.0076, 3.84503],
							"size": [0, 5.5, 4],
							"pivot": [5.46764, 6.5076, 5.84503],
							"rotation": [0, 15, 0],
							"uv": {
								"north": {"uv": [4, 72], "uv_size": [0, 6]},
								"east": {"uv": [60, 22], "uv_size": [4, 6]},
								"south": {"uv": [5, 72], "uv_size": [0, 6]},
								"west": {"uv": [60, 40], "uv_size": [4, 6]},
								"up": {"uv": [6, 72], "uv_size": [0, 4]},
								"down": {"uv": [7, 76], "uv_size": [0, -4]}
							}
						},
						{
							"origin": [5.21752, 3.88471, 6.56118],
							"size": [0, 5.5, 4],
							"pivot": [5.21752, 6.38471, 8.56118],
							"rotation": [0, 37.5, 0],
							"uv": {
								"north": {"uv": [8, 72], "uv_size": [0, 6]},
								"east": {"uv": [60, 47], "uv_size": [4, 6]},
								"south": {"uv": [9, 72], "uv_size": [0, 6]},
								"west": {"uv": [0, 61], "uv_size": [4, 6]},
								"up": {"uv": [10, 72], "uv_size": [0, 4]},
								"down": {"uv": [11, 76], "uv_size": [0, -4]}
							}
						},
						{
							"origin": [3.28924, -0.84189, 9.99524],
							"size": [0, 5.5, 4],
							"pivot": [3.28924, 1.90811, 11.99524],
							"rotation": [-40.92651, 6.11891, -1.18703],
							"uv": {
								"north": {"uv": [64, 72], "uv_size": [0, 6]},
								"east": {"uv": [61, 54], "uv_size": [4, 6]},
								"south": {"uv": [72, 71], "uv_size": [0, 6]},
								"west": {"uv": [61, 61], "uv_size": [4, 6]},
								"up": {"uv": [73, 4], "uv_size": [0, 4]},
								"down": {"uv": [73, 23], "uv_size": [0, -4]}
							}
						},
						{
							"origin": [4.03576, 1.2017, 7.50116],
							"size": [0, 6.5, 4],
							"pivot": [4.03576, 3.9517, 9.50116],
							"rotation": [-44.91606, 22.70383, -16.95543],
							"uv": {
								"north": {"uv": [26, 73], "uv_size": [0, 7]},
								"east": {"uv": [57, 32], "uv_size": [4, 7]},
								"south": {"uv": [27, 73], "uv_size": [0, 7]},
								"west": {"uv": [58, 0], "uv_size": [4, 7]},
								"up": {"uv": [28, 73], "uv_size": [0, 4]},
								"down": {"uv": [29, 77], "uv_size": [0, -4]}
							}
						},
						{
							"origin": [-4.03576, 1.2017, 7.50116],
							"size": [0, 6.5, 4],
							"pivot": [-4.03576, 3.9517, 9.50116],
							"rotation": [-44.91606, -22.70383, 16.95543],
							"uv": {
								"north": {"uv": [30, 73], "uv_size": [0, 7]},
								"east": {"uv": [36, 58], "uv_size": [4, 7]},
								"south": {"uv": [31, 73], "uv_size": [0, 7]},
								"west": {"uv": [41, 58], "uv_size": [4, 7]},
								"up": {"uv": [32, 73], "uv_size": [0, 4]},
								"down": {"uv": [33, 77], "uv_size": [0, -4]}
							}
						},
						{
							"origin": [-3.28924, -0.84189, 9.99524],
							"size": [0, 5.5, 4],
							"pivot": [-3.28924, 1.90811, 11.99524],
							"rotation": [-40.92651, -6.11891, 1.18703],
							"uv": {
								"north": {"uv": [23, 73], "uv_size": [0, 6]},
								"east": {"uv": [62, 29], "uv_size": [4, 6]},
								"south": {"uv": [24, 73], "uv_size": [0, 6]},
								"west": {"uv": [63, 0], "uv_size": [4, 6]},
								"up": {"uv": [73, 24], "uv_size": [0, 4]},
								"down": {"uv": [25, 77], "uv_size": [0, -4]}
							}
						},
						{
							"origin": [-5.21752, 3.88471, 6.56118],
							"size": [0, 5.5, 4],
							"pivot": [-5.21752, 6.38471, 8.56118],
							"rotation": [0, -37.5, 0],
							"uv": {
								"north": {"uv": [48, 72], "uv_size": [0, 6]},
								"east": {"uv": [5, 61], "uv_size": [4, 6]},
								"south": {"uv": [49, 72], "uv_size": [0, 6]},
								"west": {"uv": [10, 61], "uv_size": [4, 6]},
								"up": {"uv": [50, 72], "uv_size": [0, 4]},
								"down": {"uv": [63, 76], "uv_size": [0, -4]}
							}
						},
						{
							"origin": [-5.46764, 4.0076, 3.84503],
							"size": [0, 5.5, 4],
							"pivot": [-5.46764, 6.5076, 5.84503],
							"rotation": [0, -15, 0],
							"uv": {
								"north": {"uv": [0, 72], "uv_size": [0, 6]},
								"east": {"uv": [60, 8], "uv_size": [4, 6]},
								"south": {"uv": [1, 72], "uv_size": [0, 6]},
								"west": {"uv": [60, 15], "uv_size": [4, 6]},
								"up": {"uv": [2, 72], "uv_size": [0, 4]},
								"down": {"uv": [3, 76], "uv_size": [0, -4]}
							}
						},
						{
							"origin": [5.46764, 4.0076, 0.84503],
							"size": [0, 6.5, 4],
							"pivot": [5.46764, 6.5076, 2.84503],
							"rotation": [0, 15, 0],
							"uv": {
								"north": {"uv": [42, 71], "uv_size": [0, 7]},
								"east": {"uv": [47, 55], "uv_size": [4, 7]},
								"south": {"uv": [65, 71], "uv_size": [0, 7]},
								"west": {"uv": [55, 51], "uv_size": [4, 7]},
								"up": {"uv": [66, 71], "uv_size": [0, 4]},
								"down": {"uv": [67, 75], "uv_size": [0, -4]}
							}
						},
						{
							"origin": [-5.51764, 4, -7.06815],
							"size": [0, 7, 4],
							"pivot": [-5.51764, 6.5, -5.06815],
							"rotation": [0, -15, 0],
							"uv": {
								"north": {"uv": [14, 71], "uv_size": [0, 7]},
								"east": {"uv": [16, 51], "uv_size": [4, 7]},
								"south": {"uv": [15, 71], "uv_size": [0, 7]},
								"west": {"uv": [21, 51], "uv_size": [4, 7]},
								"up": {"uv": [15, 53], "uv_size": [0, 4]},
								"down": {"uv": [46, 62], "uv_size": [0, -4]}
							}
						},
						{
							"origin": [-5, 13.93136, -3.58808],
							"size": [10, 0, 5],
							"pivot": [0, 11.37908, 2.34984],
							"rotation": [25, 0, 0],
							"uv": {
								"north": {"uv": [69, 12], "uv_size": [10, 0]},
								"east": {"uv": [44, 27], "uv_size": [5, 0]},
								"south": {"uv": [65, 70], "uv_size": [10, 0]},
								"west": {"uv": [70, 67], "uv_size": [5, 0]},
								"up": {"uv": [42, 0], "uv_size": [10, 5]},
								"down": {"uv": [42, 11], "uv_size": [10, -5]}
							}
						},
						{
							"origin": [-5, 12.52925, -0.72692],
							"size": [10, 0, 6],
							"pivot": [0, 10.87908, 2.34984],
							"rotation": [25, 0, 0],
							"uv": {
								"north": {"uv": [72, 2], "uv_size": [10, 0]},
								"east": {"uv": [72, 3], "uv_size": [6, 0]},
								"south": {"uv": [72, 13], "uv_size": [10, 0]},
								"west": {"uv": [72, 14], "uv_size": [6, 0]},
								"up": {"uv": [31, 0], "uv_size": [10, 6]},
								"down": {"uv": [31, 13], "uv_size": [10, -6]}
							}
						},
						{
							"origin": [-5, 10.67341, 1.83352],
							"size": [10, 0, 6],
							"pivot": [0, 10.87908, 2.34984],
							"rotation": [25, 0, 0],
							"uv": {
								"north": {"uv": [72, 15], "uv_size": [10, 0]},
								"east": {"uv": [72, 16], "uv_size": [6, 0]},
								"south": {"uv": [72, 17], "uv_size": [10, 0]},
								"west": {"uv": [72, 18], "uv_size": [6, 0]},
								"up": {"uv": [31, 28], "uv_size": [10, 6]},
								"down": {"uv": [33, 20], "uv_size": [10, -6]}
							}
						},
						{
							"origin": [-5, 8.79444, 4.54432],
							"size": [10, 0, 6],
							"pivot": [0, 10.37908, 2.34984],
							"rotation": [25, 0, 0],
							"uv": {
								"north": {"uv": [72, 29], "uv_size": [10, 0]},
								"east": {"uv": [72, 30], "uv_size": [6, 0]},
								"south": {"uv": [72, 31], "uv_size": [10, 0]},
								"west": {"uv": [72, 32], "uv_size": [6, 0]},
								"up": {"uv": [33, 21], "uv_size": [10, 6]},
								"down": {"uv": [9, 41], "uv_size": [10, -6]}
							}
						},
						{
							"origin": [-5, 6.4386, 7.10476],
							"size": [10, 0, 4],
							"pivot": [0, 9.87908, 2.34984],
							"rotation": [25, 0, 0],
							"uv": {
								"north": {"uv": [72, 33], "uv_size": [10, 0]},
								"east": {"uv": [43, 72], "uv_size": [4, 0]},
								"south": {"uv": [72, 58], "uv_size": [10, 0]},
								"west": {"uv": [58, 72], "uv_size": [4, 0]},
								"up": {"uv": [29, 43], "uv_size": [10, 4]},
								"down": {"uv": [44, 16], "uv_size": [10, -4]}
							}
						},
						{
							"origin": [-3.25, 7.31057, 9.98399],
							"size": [7, 0, 5],
							"pivot": [0.25, 7.31057, 11.98399],
							"rotation": [2.5, 0, 0],
							"uv": {
								"north": {"uv": [72, 63], "uv_size": [7, 0]},
								"east": {"uv": [72, 64], "uv_size": [5, 0]},
								"south": {"uv": [72, 65], "uv_size": [7, 0]},
								"west": {"uv": [72, 66], "uv_size": [5, 0]},
								"up": {"uv": [0, 47], "uv_size": [7, 5]},
								"down": {"uv": [8, 52], "uv_size": [7, -5]}
							}
						},
						{
							"origin": [-5, 6.9386, 6.10476],
							"size": [10, 0, 4],
							"pivot": [0, 10.37908, 1.34984],
							"rotation": [25, 0, 0],
							"uv": {
								"north": {"uv": [72, 59], "uv_size": [10, 0]},
								"east": {"uv": [72, 60], "uv_size": [4, 0]},
								"south": {"uv": [72, 61], "uv_size": [10, 0]},
								"west": {"uv": [72, 62], "uv_size": [4, 0]},
								"up": {"uv": [44, 17], "uv_size": [10, 4]},
								"down": {"uv": [44, 26], "uv_size": [10, -4]}
							}
						},
						{
							"origin": [-5, 15.03278, -6.49551],
							"size": [10, 0, 4],
							"pivot": [0, 11.87908, 2.34984],
							"rotation": [25, 0, 0],
							"uv": {
								"north": {"uv": [70, 68], "uv_size": [10, 0]},
								"east": {"uv": [70, 69], "uv_size": [4, 0]},
								"south": {"uv": [72, 0], "uv_size": [10, 0]},
								"west": {"uv": [72, 1], "uv_size": [4, 0]},
								"up": {"uv": [8, 42], "uv_size": [10, 4]},
								"down": {"uv": [42, 32], "uv_size": [10, -4]}
							}
						},
						{
							"origin": [-4.95, 1.87377, 0.15781],
							"size": [9.9, 8, 7],
							"pivot": [0, 5.87377, 4.15781],
							"rotation": [-10, 0, 0],
							"uv": {
								"north": {"uv": [11, 18], "uv_size": [10, 8]},
								"east": {"uv": [0, 38], "uv_size": [7, 8]},
								"south": {"uv": [0, 20], "uv_size": [10, 8]},
								"west": {"uv": [40, 35], "uv_size": [7, 8]},
								"up": {"uv": [22, 20], "uv_size": [10, 7]},
								"down": {"uv": [11, 34], "uv_size": [10, -7]}
							}
						},
						{
							"origin": [-3.75, 2.99949, -8.25941],
							"size": [7.5, 7, 3],
							"pivot": [0, 6.49949, -6.75941],
							"rotation": [22.5, 0, 0],
							"uv": {
								"north": {"uv": [31, 35], "uv_size": [8, 7]},
								"east": {"uv": [15, 63], "uv_size": [3, 7]},
								"south": {"uv": [20, 37], "uv_size": [8, 7]},
								"west": {"uv": [19, 63], "uv_size": [3, 7]},
								"up": {"uv": [15, 59], "uv_size": [8, 3]},
								"down": {"uv": [52, 62], "uv_size": [8, -3]}
							}
						},
						{
							"origin": [-4, 1.45686, 5.75426],
							"size": [8, 7.5, 4],
							"pivot": [0, 5.20686, 7.75426],
							"rotation": [-17.5, 0, 0],
							"uv": {
								"north": {"uv": [22, 28], "uv_size": [8, 8]},
								"east": {"uv": [27, 48], "uv_size": [4, 8]},
								"south": {"uv": [0, 29], "uv_size": [8, 8]},
								"west": {"uv": [32, 48], "uv_size": [4, 8]},
								"up": {"uv": [48, 33], "uv_size": [8, 4]},
								"down": {"uv": [48, 42], "uv_size": [8, -4]}
							}
						},
						{
							"origin": [-3.25, 1.84504, 8.02795],
							"size": [6.5, 5, 3],
							"pivot": [0, 4.34504, 9.52795],
							"rotation": [-40, 0, 0],
							"uv": {
								"north": {"uv": [40, 44], "uv_size": [7, 5]},
								"east": {"uv": [54, 63], "uv_size": [3, 5]},
								"south": {"uv": [19, 45], "uv_size": [7, 5]},
								"west": {"uv": [65, 7], "uv_size": [3, 5]},
								"up": {"uv": [62, 36], "uv_size": [7, 3]},
								"down": {"uv": [46, 66], "uv_size": [7, -3]}
							}
						}
					]
				},
				{
					"name": "head",
					"parent": "body",
					"pivot": [0, 5.58333, -7.06669],
					"cubes": [
						{
							"origin": [-3, 3, -9],
							"size": [6, 5, 2],
							"uv": {
								"north": {"uv": [48, 43], "uv_size": [6, 5]},
								"east": {"uv": [58, 63], "uv_size": [2, 5]},
								"south": {"uv": [48, 49], "uv_size": [6, 5]},
								"west": {"uv": [51, 67], "uv_size": [2, 5]},
								"up": {"uv": [65, 13], "uv_size": [6, 2]},
								"down": {"uv": [65, 18], "uv_size": [6, -2]}
							}
						},
						{
							"origin": [1.64111, 5.5, -10.06878],
							"size": [1.25, 2, 2.25],
							"pivot": [2.26611, 6.5, -8.94378],
							"rotation": [0, -80, 0],
							"uv": {
								"north": {"uv": [29, 37], "uv_size": [1, 2]},
								"east": {"uv": [57, 40], "uv_size": [2, 2]},
								"south": {"uv": [29, 40], "uv_size": [1, 2]},
								"west": {"uv": [12, 68], "uv_size": [2, 2]},
								"up": {"uv": [27, 45], "uv_size": [1, 2]},
								"down": {"uv": [53, 10], "uv_size": [1, -2]}
							}
						},
						{
							"origin": [1.64111, 5.5, -10.06878],
							"size": [1.25, 2, 2.25],
							"inflate": 0.2,
							"pivot": [2.26611, 6.5, -8.94378],
							"rotation": [0, -80, 0],
							"uv": {
								"north": {"uv": [9, 29], "uv_size": [1, 2]},
								"east": {"uv": [16, 47], "uv_size": [2, 2]},
								"south": {"uv": [31, 14], "uv_size": [1, 2]},
								"west": {"uv": [52, 55], "uv_size": [2, 2]},
								"up": {"uv": [31, 17], "uv_size": [1, 2]},
								"down": {"uv": [9, 34], "uv_size": [1, -2]}
							}
						},
						{
							"origin": [-2.89111, 5.5, -10.06878],
							"size": [1.25, 2, 2.25],
							"inflate": 0.2,
							"pivot": [-2.26611, 6.5, -8.94378],
							"rotation": [0, 80, 0],
							"uv": {
								"north": {"uv": [24, 62], "uv_size": [1, 2]},
								"east": {"uv": [70, 48], "uv_size": [2, 2]},
								"south": {"uv": [70, 58], "uv_size": [1, 2]},
								"west": {"uv": [70, 51], "uv_size": [2, 2]},
								"up": {"uv": [70, 61], "uv_size": [1, 2]},
								"down": {"uv": [70, 66], "uv_size": [1, -2]}
							}
						},
						{
							"origin": [-2.89111, 5.5, -10.06878],
							"size": [1.25, 2, 2.25],
							"pivot": [-2.26611, 6.5, -8.94378],
							"rotation": [0, 80, 0],
							"uv": {
								"north": {"uv": [53, 27], "uv_size": [1, 2]},
								"east": {"uv": [58, 69], "uv_size": [2, 2]},
								"south": {"uv": [53, 30], "uv_size": [1, 2]},
								"west": {"uv": [70, 37], "uv_size": [2, 2]},
								"up": {"uv": [24, 59], "uv_size": [1, 2]},
								"down": {"uv": [60, 31], "uv_size": [1, -2]}
							}
						},
						{
							"origin": [-1.5, 4, -12.25],
							"size": [3, 2, 3.25],
							"uv": {
								"north": {"uv": [23, 70], "uv_size": [3, 2]},
								"east": {"uv": [27, 70], "uv_size": [3, 2]},
								"south": {"uv": [31, 70], "uv_size": [3, 2]},
								"west": {"uv": [70, 34], "uv_size": [3, 2]},
								"up": {"uv": [0, 68], "uv_size": [3, 3]},
								"down": {"uv": [68, 3], "uv_size": [3, -3]}
							}
						}
					]
				},
				{
					"name": "jaw",
					"parent": "head",
					"pivot": [0, 3.625, -9.1],
					"cubes": [
						{
							"origin": [-1.25, 3.25, -12],
							"size": [2.5, 0.75, 3],
							"uv": {
								"north": {"uv": [42, 33], "uv_size": [3, 1]},
								"east": {"uv": [69, 27], "uv_size": [3, 1]},
								"south": {"uv": [70, 54], "uv_size": [3, 1]},
								"west": {"uv": [70, 56], "uv_size": [3, 1]},
								"up": {"uv": [4, 68], "uv_size": [3, 3]},
								"down": {"uv": [8, 71], "uv_size": [3, -3]}
							}
						}
					]
				},
				{
					"name": "leg_left",
					"parent": "root",
					"pivot": [3.25, 2.7, 4],
					"cubes": [
						{
							"origin": [1.75, 0, 2.5],
							"size": [3, 4, 3],
							"uv": {
								"north": {"uv": [65, 19], "uv_size": [3, 4]},
								"east": {"uv": [23, 65], "uv_size": [3, 4]},
								"south": {"uv": [65, 24], "uv_size": [3, 4]},
								"west": {"uv": [27, 65], "uv_size": [3, 4]},
								"up": {"uv": [61, 68], "uv_size": [3, 3]},
								"down": {"uv": [69, 7], "uv_size": [3, -3]}
							}
						}
					]
				},
				{
					"name": "leg_right",
					"parent": "root",
					"pivot": [-3.25, 2.7, 4],
					"cubes": [
						{
							"origin": [-4.75, 0, 2.5],
							"size": [3, 4, 3],
							"uv": {
								"north": {"uv": [68, 19], "uv_size": [-3, 4]},
								"east": {"uv": [30, 65], "uv_size": [-3, 4]},
								"south": {"uv": [68, 24], "uv_size": [-3, 4]},
								"west": {"uv": [26, 65], "uv_size": [-3, 4]},
								"up": {"uv": [64, 68], "uv_size": [-3, 3]},
								"down": {"uv": [72, 7], "uv_size": [-3, -3]}
							}
						}
					]
				},
				{
					"name": "arm_left",
					"parent": "root",
					"pivot": [3.25, 2.4, -5],
					"cubes": [
						{
							"origin": [1.75, 0, -6.5],
							"size": [3, 4, 3],
							"uv": {
								"north": {"uv": [39, 66], "uv_size": [3, 4]},
								"east": {"uv": [66, 50], "uv_size": [3, 4]},
								"south": {"uv": [66, 55], "uv_size": [3, 4]},
								"west": {"uv": [66, 60], "uv_size": [3, 4]},
								"up": {"uv": [69, 23], "uv_size": [3, 3]},
								"down": {"uv": [69, 43], "uv_size": [3, -3]}
							}
						}
					]
				},
				{
					"name": "arm_right",
					"parent": "root",
					"pivot": [-3.25, 2.4, -5],
					"cubes": [
						{
							"origin": [-4.75, 0, -6.5],
							"size": [3, 4, 3],
							"uv": {
								"north": {"uv": [42, 66], "uv_size": [-3, 4]},
								"east": {"uv": [69, 60], "uv_size": [-3, 4]},
								"south": {"uv": [69, 55], "uv_size": [-3, 4]},
								"west": {"uv": [69, 50], "uv_size": [-3, 4]},
								"up": {"uv": [72, 23], "uv_size": [-3, 3]},
								"down": {"uv": [72, 43], "uv_size": [-3, -3]}
							}
						}
					]
				}
			]
		}
	]
}