{
	"format_version": "1.12.0",
	"minecraft:geometry": [
		{
			"description": {
				"identifier": "geometry.wacky_animals.kangaroo",
				"texture_width": 128,
				"texture_height": 128,
				"visible_bounds_width": 6,
				"visible_bounds_height": 4.5,
				"visible_bounds_offset": [0, 1.75, 0]
			},
			"bones": [
				{
					"name": "root",
					"pivot": [0, 0, 0]
				},
				{
					"name": "body",
					"parent": "root",
					"pivot": [0, 17.46391, 0.38477],
					"cubes": [
						{
							"origin": [-5, 11.20929, -5.48686],
							"size": [10, 15, 9],
							"pivot": [0, 18.70929, -0.98686],
							"rotation": [30, 0, 0],
							"uv": {
								"north": {"uv": [0, 0], "uv_size": [10, 15]},
								"east": {"uv": [0, 16], "uv_size": [9, 15]},
								"south": {"uv": [11, 0], "uv_size": [10, 15]},
								"west": {"uv": [10, 16], "uv_size": [9, 15]},
								"up": {"uv": [20, 16], "uv_size": [10, 9]},
								"down": {"uv": [22, 9], "uv_size": [10, -9]}
							}
						},
						{
							"origin": [-5, 19.27757, -1.24182],
							"size": [10, 8, 4],
							"inflate": -0.01,
							"pivot": [0, 23.27757, 0.75818],
							"rotation": [47.5, 0, 0],
							"uv": {
								"north": {"uv": [33, 0], "uv_size": [10, 8]},
								"east": {"uv": [42, 67], "uv_size": [4, 8]},
								"south": {"uv": [27, 36], "uv_size": [10, 8]},
								"west": {"uv": [47, 67], "uv_size": [4, 8]},
								"up": {"uv": [58, 36], "uv_size": [10, 4]},
								"down": {"uv": [61, 64], "uv_size": [10, -4]}
							}
						},
						{
							"origin": [-5, 13.72301, 1.96511],
							"size": [10, 8, 4],
							"inflate": -0.02,
							"pivot": [0, 17.72301, 3.96511],
							"rotation": [12.5, 0, 0],
							"uv": {
								"north": {"uv": [38, 36], "uv_size": [10, 8]},
								"east": {"uv": [0, 68], "uv_size": [4, 8]},
								"south": {"uv": [40, 9], "uv_size": [10, 8]},
								"west": {"uv": [14, 69], "uv_size": [4, 8]},
								"up": {"uv": [62, 41], "uv_size": [10, 4]},
								"down": {"uv": [42, 66], "uv_size": [10, -4]}
							}
						},
						{
							"origin": [-4, 8.31123, 0.68113],
							"size": [8, 6, 6.75],
							"pivot": [0, 11.31123, 3.68113],
							"rotation": [52.5, 0, 0],
							"uv": {
								"north": {"uv": [54, 0], "uv_size": [8, 6]},
								"east": {"uv": [56, 53], "uv_size": [7, 6]},
								"south": {"uv": [14, 55], "uv_size": [8, 6]},
								"west": {"uv": [58, 7], "uv_size": [7, 6]},
								"up": {"uv": [50, 18], "uv_size": [8, 7]},
								"down": {"uv": [50, 33], "uv_size": [8, -7]}
							}
						},
						{
							"origin": [-3.25, 7.95708, 4.08099],
							"size": [6.5, 3.25, 5],
							"pivot": [0, 9.58208, 6.58099],
							"rotation": [75, 0, 0],
							"uv": {
								"north": {"uv": [72, 60], "uv_size": [7, 3]},
								"east": {"uv": [80, 60], "uv_size": [5, 3]},
								"south": {"uv": [60, 74], "uv_size": [7, 3]},
								"west": {"uv": [81, 82], "uv_size": [5, 3]},
								"up": {"uv": [22, 10], "uv_size": [7, 5]},
								"down": {"uv": [64, 26], "uv_size": [7, -5]}
							}
						},
						{
							"origin": [-4.25, 10.78279, -5.71825],
							"size": [8.5, 7, 8],
							"pivot": [0, 14.28279, -1.71825],
							"rotation": [40, 0, 0],
							"uv": {
								"north": {"uv": [0, 43], "uv_size": [9, 7]},
								"east": {"uv": [18, 47], "uv_size": [8, 7]},
								"south": {"uv": [44, 0], "uv_size": [9, 7]},
								"west": {"uv": [49, 36], "uv_size": [8, 7]},
								"up": {"uv": [40, 18], "uv_size": [9, 8]},
								"down": {"uv": [40, 35], "uv_size": [9, -8]}
							}
						}
					]
				},
				{
					"name": "arm_left",
					"parent": "body",
					"pivot": [4.59783, 28.36976, -8.71713],
					"cubes": [
						{
							"origin": [3.5, 22, -10],
							"size": [2.5, 7, 3],
							"uv": {
								"north": {"uv": [75, 0], "uv_size": [3, 7]},
								"east": {"uv": [75, 8], "uv_size": [3, 7]},
								"south": {"uv": [27, 75], "uv_size": [3, 7]},
								"west": {"uv": [75, 64], "uv_size": [3, 7]},
								"up": {"uv": [49, 84], "uv_size": [3, 3]},
								"down": {"uv": [84, 70], "uv_size": [3, -3]}
							}
						}
					]
				},
				{
					"name": "armfore_left",
					"parent": "arm_left",
					"pivot": [4.75, 22.56185, -8.63863],
					"cubes": [
						{
							"origin": [3.75, 15.96185, -10.83863],
							"size": [2, 7, 2],
							"pivot": [4.75, 19.46185, -9.83863],
							"rotation": [-25, 0, 0],
							"uv": {
								"north": {"uv": [56, 80], "uv_size": [2, 7]},
								"east": {"uv": [73, 82], "uv_size": [2, 7]},
								"south": {"uv": [27, 83], "uv_size": [2, 7]},
								"west": {"uv": [59, 83], "uv_size": [2, 7]},
								"up": {"uv": [88, 37], "uv_size": [2, 2]},
								"down": {"uv": [39, 90], "uv_size": [2, -2]}
							}
						}
					]
				},
				{
					"name": "hand_left",
					"parent": "armfore_left",
					"pivot": [4.44567, 16.05859, -11.36495],
					"cubes": [
						{
							"origin": [3.75, 13.43031, -13.45172],
							"size": [2, 3, 3],
							"pivot": [4.75, 14.93031, -11.95172],
							"rotation": [-25, 0, 0],
							"uv": {
								"north": {"uv": [53, 62], "uv_size": [2, 3]},
								"east": {"uv": [22, 85], "uv_size": [3, 3]},
								"south": {"uv": [53, 86], "uv_size": [2, 3]},
								"west": {"uv": [85, 52], "uv_size": [3, 3]},
								"up": {"uv": [85, 86], "uv_size": [2, 3]},
								"down": {"uv": [0, 90], "uv_size": [2, -3]}
							}
						},
						{
							"origin": [2.99133, 12.46187, -14.17817],
							"size": [2.3, 2.25, 3.2],
							"pivot": [4.14133, 13.58687, -12.57817],
							"rotation": [-18.2489, 17.38772, 42.18626],
							"uv": {
								"north": {"uv": [88, 40], "uv_size": [2, 2]},
								"east": {"uv": [58, 41], "uv_size": [3, 2]},
								"south": {"uv": [42, 88], "uv_size": [2, 2]},
								"west": {"uv": [87, 0], "uv_size": [3, 2]},
								"up": {"uv": [87, 3], "uv_size": [2, 3]},
								"down": {"uv": [87, 16], "uv_size": [2, -3]}
							}
						}
					]
				},
				{
					"name": "arm_right",
					"parent": "body",
					"pivot": [-4.59783, 28.36976, -8.71713],
					"cubes": [
						{
							"origin": [-6, 22, -10],
							"size": [2.5, 7, 3],
							"uv": {
								"north": {"uv": [78, 0], "uv_size": [-3, 7]},
								"east": {"uv": [78, 64], "uv_size": [-3, 7]},
								"south": {"uv": [30, 75], "uv_size": [-3, 7]},
								"west": {"uv": [78, 8], "uv_size": [-3, 7]},
								"up": {"uv": [52, 84], "uv_size": [-3, 3]},
								"down": {"uv": [87, 70], "uv_size": [-3, -3]}
							}
						}
					]
				},
				{
					"name": "armfore_right",
					"parent": "arm_right",
					"pivot": [-4.75, 22.56185, -8.63863],
					"cubes": [
						{
							"origin": [-5.75, 15.96185, -10.83863],
							"size": [2, 7, 2],
							"pivot": [-4.75, 19.46185, -9.83863],
							"rotation": [-25, 0, 0],
							"uv": {
								"north": {"uv": [58, 80], "uv_size": [-2, 7]},
								"east": {"uv": [61, 83], "uv_size": [-2, 7]},
								"south": {"uv": [29, 83], "uv_size": [-2, 7]},
								"west": {"uv": [75, 82], "uv_size": [-2, 7]},
								"up": {"uv": [90, 37], "uv_size": [-2, 2]},
								"down": {"uv": [41, 90], "uv_size": [-2, -2]}
							}
						}
					]
				},
				{
					"name": "hand_right",
					"parent": "armfore_right",
					"pivot": [-4.44567, 16.05859, -11.36495],
					"cubes": [
						{
							"origin": [-5.75, 13.43031, -13.45172],
							"size": [2, 3, 3],
							"pivot": [-4.75, 14.93031, -11.95172],
							"rotation": [-25, 0, 0],
							"uv": {
								"north": {"uv": [55, 62], "uv_size": [-2, 3]},
								"east": {"uv": [88, 52], "uv_size": [-3, 3]},
								"south": {"uv": [55, 86], "uv_size": [-2, 3]},
								"west": {"uv": [25, 85], "uv_size": [-3, 3]},
								"up": {"uv": [87, 86], "uv_size": [-2, 3]},
								"down": {"uv": [2, 90], "uv_size": [-2, -3]}
							}
						},
						{
							"origin": [-5.29133, 12.46187, -14.17817],
							"size": [2.3, 2.25, 3.2],
							"pivot": [-4.14133, 13.58687, -12.57817],
							"rotation": [-18.2489, -17.38772, -42.18626],
							"uv": {
								"north": {"uv": [90, 40], "uv_size": [-2, 2]},
								"east": {"uv": [90, 0], "uv_size": [-3, 2]},
								"south": {"uv": [44, 88], "uv_size": [-2, 2]},
								"west": {"uv": [61, 41], "uv_size": [-3, 2]},
								"up": {"uv": [89, 3], "uv_size": [-2, 3]},
								"down": {"uv": [89, 16], "uv_size": [-2, -3]}
							}
						}
					]
				},
				{
					"name": "tail1",
					"parent": "body",
					"pivot": [0, 9, 8],
					"cubes": [
						{
							"origin": [-2, 7, 7],
							"size": [4, 4, 4],
							"uv": {
								"north": {"uv": [79, 20], "uv_size": [4, 4]},
								"east": {"uv": [79, 25], "uv_size": [4, 4]},
								"south": {"uv": [79, 30], "uv_size": [4, 4]},
								"west": {"uv": [31, 79], "uv_size": [4, 4]},
								"up": {"uv": [36, 79], "uv_size": [4, 4]},
								"down": {"uv": [79, 48], "uv_size": [4, -4]}
							}
						}
					]
				},
				{
					"name": "tail2",
					"parent": "tail1",
					"pivot": [0, 9, 10.5],
					"cubes": [
						{
							"origin": [-1.5, 7.25, 11],
							"size": [3, 3.5, 7],
							"uv": {
								"north": {"uv": [83, 15], "uv_size": [3, 4]},
								"east": {"uv": [31, 21], "uv_size": [7, 4]},
								"south": {"uv": [84, 8], "uv_size": [3, 4]},
								"west": {"uv": [64, 53], "uv_size": [7, 4]},
								"up": {"uv": [68, 74], "uv_size": [3, 7]},
								"down": {"uv": [72, 81], "uv_size": [3, -7]}
							}
						}
					]
				},
				{
					"name": "tail3",
					"parent": "tail2",
					"pivot": [0, 9, 18],
					"cubes": [
						{
							"origin": [-1.25, 7.5, 18],
							"size": [2.5, 3, 8],
							"uv": {
								"north": {"uv": [37, 84], "uv_size": [3, 3]},
								"east": {"uv": [66, 8], "uv_size": [8, 3]},
								"south": {"uv": [41, 84], "uv_size": [3, 3]},
								"west": {"uv": [69, 35], "uv_size": [8, 3]},
								"up": {"uv": [37, 70], "uv_size": [3, 8]},
								"down": {"uv": [71, 20], "uv_size": [3, -8]}
							}
						}
					]
				},
				{
					"name": "tail4",
					"parent": "tail3",
					"pivot": [0, 9, 26],
					"cubes": [
						{
							"origin": [-1, 8, 26],
							"size": [2, 2, 8],
							"uv": {
								"north": {"uv": [15, 88], "uv_size": [2, 2]},
								"east": {"uv": [79, 49], "uv_size": [8, 2]},
								"south": {"uv": [88, 31], "uv_size": [2, 2]},
								"west": {"uv": [79, 64], "uv_size": [8, 2]},
								"up": {"uv": [65, 78], "uv_size": [2, 8]},
								"down": {"uv": [19, 88], "uv_size": [2, -8]}
							}
						}
					]
				},
				{
					"name": "neck",
					"parent": "body",
					"pivot": [0, 24.97707, -4.95286],
					"cubes": [
						{
							"origin": [-4.25, 21.57707, -10.55286],
							"size": [8.5, 9, 7],
							"pivot": [0, 26.07707, -7.05286],
							"rotation": [57.5, 0, 0],
							"uv": {
								"north": {"uv": [20, 26], "uv_size": [9, 9]},
								"east": {"uv": [10, 43], "uv_size": [7, 9]},
								"south": {"uv": [30, 26], "uv_size": [9, 9]},
								"west": {"uv": [27, 45], "uv_size": [7, 9]},
								"up": {"uv": [35, 45], "uv_size": [9, 7]},
								"down": {"uv": [45, 52], "uv_size": [9, -7]}
							}
						}
					]
				},
				{
					"name": "neck2",
					"parent": "neck",
					"pivot": [0, 28.91886, -10.79464],
					"cubes": [
						{
							"origin": [-3, 26.71886, -14.94464],
							"size": [6, 9, 5.5],
							"pivot": [0, 31.21886, -12.19464],
							"rotation": [32.5, 0, 0],
							"uv": {
								"north": {"uv": [0, 51], "uv_size": [6, 9]},
								"east": {"uv": [51, 8], "uv_size": [6, 9]},
								"south": {"uv": [7, 53], "uv_size": [6, 9]},
								"west": {"uv": [35, 53], "uv_size": [6, 9]},
								"up": {"uv": [0, 61], "uv_size": [6, 6]},
								"down": {"uv": [14, 68], "uv_size": [6, -6]}
							}
						}
					]
				},
				{
					"name": "head",
					"parent": "neck2",
					"pivot": [0, 32.99836, -13.6568],
					"cubes": [
						{
							"origin": [-3, 32, -18],
							"size": [6, 6, 6],
							"inflate": 0.01,
							"uv": {
								"north": {"uv": [62, 46], "uv_size": [6, 6]},
								"east": {"uv": [63, 0], "uv_size": [6, 6]},
								"south": {"uv": [7, 63], "uv_size": [6, 6]},
								"west": {"uv": [35, 63], "uv_size": [6, 6]},
								"up": {"uv": [64, 14], "uv_size": [6, 6]},
								"down": {"uv": [21, 70], "uv_size": [6, -6]}
							}
						},
						{
							"origin": [2.70473, 36.54261, -15.53492],
							"size": [0, 6, 3.5],
							"pivot": [2.70473, 39.54261, -13.78492],
							"rotation": [0, 62.5, 25],
							"uv": {
								"north": {"uv": [13, 70], "uv_size": [0, 6]},
								"east": {"uv": [73, 39], "uv_size": [4, 6]},
								"south": {"uv": [72, 87], "uv_size": [0, 6]},
								"west": {"uv": [74, 21], "uv_size": [4, 6]},
								"up": {"uv": [30, 10], "uv_size": [0, 4]},
								"down": {"uv": [39, 25], "uv_size": [0, -4]}
							}
						},
						{
							"origin": [-2.70473, 36.54261, -15.53492],
							"size": [0, 6, 3.5],
							"pivot": [-2.70473, 39.54261, -13.78492],
							"rotation": [0, -62.5, -25],
							"uv": {
								"north": {"uv": [54, 90], "uv_size": [0, 6]},
								"east": {"uv": [74, 28], "uv_size": [4, 6]},
								"south": {"uv": [55, 90], "uv_size": [0, 6]},
								"west": {"uv": [74, 46], "uv_size": [4, 6]},
								"up": {"uv": [41, 70], "uv_size": [0, 4]},
								"down": {"uv": [72, 25], "uv_size": [0, -4]}
							}
						},
						{
							"origin": [1.47344, 35.5, -18.52283],
							"size": [1.75, 2, 2.25],
							"pivot": [2.34844, 36.5, -17.39783],
							"rotation": [0, -90, 0],
							"uv": {
								"north": {"uv": [89, 20], "uv_size": [2, 2]},
								"east": {"uv": [21, 89], "uv_size": [2, 2]},
								"south": {"uv": [89, 23], "uv_size": [2, 2]},
								"west": {"uv": [24, 89], "uv_size": [2, 2]},
								"up": {"uv": [89, 52], "uv_size": [2, 2]},
								"down": {"uv": [89, 72], "uv_size": [2, -2]}
							}
						},
						{
							"origin": [1.47344, 35.5, -18.52283],
							"size": [1.75, 2, 2.25],
							"inflate": 0.2,
							"pivot": [2.34844, 36.5, -17.39783],
							"rotation": [0, -90, 0],
							"uv": {
								"north": {"uv": [88, 49], "uv_size": [2, 2]},
								"east": {"uv": [56, 88], "uv_size": [2, 2]},
								"south": {"uv": [88, 64], "uv_size": [2, 2]},
								"west": {"uv": [88, 67], "uv_size": [2, 2]},
								"up": {"uv": [88, 86], "uv_size": [2, 2]},
								"down": {"uv": [18, 91], "uv_size": [2, -2]}
							}
						},
						{
							"origin": [-3.22344, 35.5, -18.52283],
							"size": [1.75, 2, 2.25],
							"inflate": 0.2,
							"pivot": [-2.34844, 36.5, -17.39783],
							"rotation": [0, 90, 0],
							"uv": {
								"north": {"uv": [90, 14], "uv_size": [2, 2]},
								"east": {"uv": [51, 90], "uv_size": [2, 2]},
								"south": {"uv": [90, 55], "uv_size": [2, 2]},
								"west": {"uv": [90, 58], "uv_size": [2, 2]},
								"up": {"uv": [90, 61], "uv_size": [2, 2]},
								"down": {"uv": [68, 92], "uv_size": [2, -2]}
							}
						},
						{
							"origin": [-3.22344, 35.5, -18.52283],
							"size": [1.75, 2, 2.25],
							"pivot": [-2.34844, 36.5, -17.39783],
							"rotation": [0, 90, 0],
							"uv": {
								"north": {"uv": [76, 89], "uv_size": [2, 2]},
								"east": {"uv": [79, 89], "uv_size": [2, 2]},
								"south": {"uv": [82, 89], "uv_size": [2, 2]},
								"west": {"uv": [88, 89], "uv_size": [2, 2]},
								"up": {"uv": [90, 3], "uv_size": [2, 2]},
								"down": {"uv": [90, 13], "uv_size": [2, -2]}
							}
						},
						{
							"origin": [-2, 33.5, -24.5],
							"size": [4, 2.5, 6.5],
							"uv": {
								"north": {"uv": [84, 20], "uv_size": [4, 3]},
								"east": {"uv": [75, 16], "uv_size": [7, 3]},
								"south": {"uv": [84, 24], "uv_size": [4, 3]},
								"west": {"uv": [77, 53], "uv_size": [7, 3]},
								"up": {"uv": [69, 27], "uv_size": [4, 7]},
								"down": {"uv": [70, 7], "uv_size": [4, -7]}
							}
						},
						{
							"origin": [-2, 32, -24],
							"size": [4, 1.5, 6],
							"uv": {
								"north": {"uv": [86, 79], "uv_size": [4, 2]},
								"east": {"uv": [84, 28], "uv_size": [6, 2]},
								"south": {"uv": [80, 86], "uv_size": [4, 2]},
								"west": {"uv": [30, 84], "uv_size": [6, 2]},
								"up": {"uv": [69, 46], "uv_size": [4, 6]},
								"down": {"uv": [72, 59], "uv_size": [4, -6]}
							}
						}
					]
				},
				{
					"name": "leg_left",
					"parent": "root",
					"pivot": [6, 15.15567, 1.5611],
					"cubes": [
						{
							"origin": [4, 9.38067, -2.1889],
							"size": [4, 9.75, 7.5],
							"pivot": [0, 14.25567, 1.5611],
							"rotation": [-32.5, 0, 0],
							"uv": {
								"north": {"uv": [30, 55], "uv_size": [4, 10]},
								"east": {"uv": [31, 10], "uv_size": [8, 10]},
								"south": {"uv": [59, 14], "uv_size": [4, 10]},
								"west": {"uv": [0, 32], "uv_size": [8, 10]},
								"up": {"uv": [64, 27], "uv_size": [4, 8]},
								"down": {"uv": [61, 73], "uv_size": [4, -8]}
							}
						}
					]
				},
				{
					"name": "legfore_left",
					"parent": "leg_left",
					"pivot": [6, 10.99536, -1.51205],
					"cubes": [
						{
							"origin": [4.25, 8.19072, -3.3241],
							"size": [3.5, 4, 4],
							"uv": {
								"north": {"uv": [60, 78], "uv_size": [4, 4]},
								"east": {"uv": [79, 0], "uv_size": [4, 4]},
								"south": {"uv": [3, 79], "uv_size": [4, 4]},
								"west": {"uv": [79, 5], "uv_size": [4, 4]},
								"up": {"uv": [8, 79], "uv_size": [4, 4]},
								"down": {"uv": [79, 14], "uv_size": [4, -4]}
							}
						},
						{
							"origin": [4.75, 1, -3.1],
							"size": [2.5, 8, 2.8],
							"uv": {
								"north": {"uv": [52, 67], "uv_size": [3, 8]},
								"east": {"uv": [5, 70], "uv_size": [3, 8]},
								"south": {"uv": [9, 70], "uv_size": [3, 8]},
								"west": {"uv": [33, 70], "uv_size": [3, 8]},
								"up": {"uv": [9, 84], "uv_size": [3, 3]},
								"down": {"uv": [84, 34], "uv_size": [3, -3]}
							}
						}
					]
				},
				{
					"name": "sole_left",
					"parent": "legfore_left",
					"pivot": [6, 1.3875, -1.3],
					"cubes": [
						{
							"origin": [5, 0, -9.05],
							"size": [2, 1.5, 9],
							"uv": {
								"north": {"uv": [9, 88], "uv_size": [2, 2]},
								"east": {"uv": [77, 57], "uv_size": [9, 2]},
								"south": {"uv": [12, 88], "uv_size": [2, 2]},
								"west": {"uv": [78, 35], "uv_size": [9, 2]},
								"up": {"uv": [53, 76], "uv_size": [2, 9]},
								"down": {"uv": [0, 86], "uv_size": [2, -9]}
							}
						},
						{
							"origin": [3, 0.025, -8.05],
							"size": [6, 0, 8],
							"uv": {
								"up": {"uv": [42, 53], "uv_size": [6, 8]}
							}
						}
					]
				},
				{
					"name": "leg_right",
					"parent": "root",
					"pivot": [-6, 15.15567, 1.5611],
					"cubes": [
						{
							"origin": [-8, 9.38067, -2.1889],
							"size": [4, 9.75, 7.5],
							"pivot": [0, 14.25567, 1.5611],
							"rotation": [-32.5, 0, 0],
							"uv": {
								"north": {"uv": [34, 55], "uv_size": [-4, 10]},
								"east": {"uv": [8, 32], "uv_size": [-8, 10]},
								"south": {"uv": [63, 14], "uv_size": [-4, 10]},
								"west": {"uv": [39, 10], "uv_size": [-8, 10]},
								"up": {"uv": [68, 27], "uv_size": [-4, 8]},
								"down": {"uv": [65, 73], "uv_size": [-4, -8]}
							}
						}
					]
				},
				{
					"name": "legfore_right",
					"parent": "leg_right",
					"pivot": [-6, 10.99536, -1.51205],
					"cubes": [
						{
							"origin": [-7.75, 8.19072, -3.3241],
							"size": [3.5, 4, 4],
							"uv": {
								"north": {"uv": [64, 78], "uv_size": [-4, 4]},
								"east": {"uv": [83, 5], "uv_size": [-4, 4]},
								"south": {"uv": [7, 79], "uv_size": [-4, 4]},
								"west": {"uv": [83, 0], "uv_size": [-4, 4]},
								"up": {"uv": [12, 79], "uv_size": [-4, 4]},
								"down": {"uv": [83, 14], "uv_size": [-4, -4]}
							}
						},
						{
							"origin": [-7.25, 1, -3.1],
							"size": [2.5, 8, 2.8],
							"uv": {
								"north": {"uv": [55, 67], "uv_size": [-3, 8]},
								"east": {"uv": [36, 70], "uv_size": [-3, 8]},
								"south": {"uv": [12, 70], "uv_size": [-3, 8]},
								"west": {"uv": [8, 70], "uv_size": [-3, 8]},
								"up": {"uv": [12, 84], "uv_size": [-3, 3]},
								"down": {"uv": [87, 34], "uv_size": [-3, -3]}
							}
						}
					]
				},
				{
					"name": "sole_right",
					"parent": "legfore_right",
					"pivot": [-6, 1.3875, -1.3],
					"cubes": [
						{
							"origin": [-7, 0, -9.05],
							"size": [2, 1.5, 9],
							"uv": {
								"north": {"uv": [11, 88], "uv_size": [-2, 2]},
								"east": {"uv": [87, 35], "uv_size": [-9, 2]},
								"south": {"uv": [14, 88], "uv_size": [-2, 2]},
								"west": {"uv": [86, 57], "uv_size": [-9, 2]},
								"up": {"uv": [55, 76], "uv_size": [-2, 9]},
								"down": {"uv": [2, 86], "uv_size": [-2, -9]}
							}
						},
						{
							"origin": [-9, 0.025, -8.05],
							"size": [6, 0, 8],
							"uv": {
								"up": {"uv": [48, 53], "uv_size": [-6, 8]}
							}
						}
					]
				}
			]
		}
	]
}