{
	"format_version": "1.12.0",
	"minecraft:geometry": [
		{
			"description": {
				"identifier": "geometry.wacky_animals.kiwi",
				"texture_width": 64,
				"texture_height": 64,
				"visible_bounds_width": 3,
				"visible_bounds_height": 2.5,
				"visible_bounds_offset": [0, 0.75, 0]
			},
			"bones": [
				{
					"name": "root",
					"pivot": [0, 0, 0]
				},
				{
					"name": "body",
					"parent": "root",
					"pivot": [0, 9.07228, 2.66904],
					"cubes": [
						{
							"origin": [-4, 5, -4],
							"size": [8, 8, 9],
							"uv": {
								"north": {"uv": [0, 18], "uv_size": [8, 8]},
								"east": {"uv": [0, 0], "uv_size": [9, 8]},
								"south": {"uv": [19, 0], "uv_size": [8, 8]},
								"west": {"uv": [0, 9], "uv_size": [9, 8]},
								"up": {"uv": [10, 0], "uv_size": [8, 9]},
								"down": {"uv": [10, 19], "uv_size": [8, -9]}
							}
						},
						{
							"origin": [-3.5, 5.64456, 3.21309],
							"size": [7, 7, 3.25],
							"pivot": [0, 9.14456, 4.83809],
							"rotation": [22.5, 0, 0],
							"uv": {
								"north": {"uv": [19, 9], "uv_size": [7, 7]},
								"east": {"uv": [34, 7], "uv_size": [3, 7]},
								"south": {"uv": [19, 17], "uv_size": [7, 7]},
								"west": {"uv": [10, 34], "uv_size": [3, 7]},
								"up": {"uv": [33, 28], "uv_size": [7, 3]},
								"down": {"uv": [34, 35], "uv_size": [7, -3]}
							}
						}
					]
				},
				{
					"name": "neck",
					"parent": "body",
					"pivot": [0, 8.63103, -2.98839],
					"cubes": [
						{
							"origin": [-3.25, 6.33103, -7.21339],
							"size": [6.5, 6, 6.25],
							"pivot": [0, 9.33103, -4.08839],
							"rotation": [-45, 0, 0],
							"uv": {
								"north": {"uv": [9, 20], "uv_size": [7, 6]},
								"east": {"uv": [8, 27], "uv_size": [6, 6]},
								"south": {"uv": [17, 25], "uv_size": [7, 6]},
								"west": {"uv": [27, 9], "uv_size": [6, 6]},
								"up": {"uv": [25, 25], "uv_size": [7, 6]},
								"down": {"uv": [0, 33], "uv_size": [7, -6]}
							}
						}
					]
				},
				{
					"name": "neck2",
					"parent": "neck",
					"pivot": [0, 11.38765, -6.74625],
					"cubes": [
						{
							"origin": [-2.25, 10.63765, -9.87125],
							"size": [4.5, 4.5, 6.25],
							"inflate": -0.01,
							"pivot": [0, 12.88765, -6.74625],
							"rotation": [-80, 0, 0],
							"uv": {
								"north": {"uv": [34, 36], "uv_size": [5, 4]},
								"east": {"uv": [27, 32], "uv_size": [6, 4]},
								"south": {"uv": [27, 37], "uv_size": [5, 4]},
								"west": {"uv": [33, 16], "uv_size": [6, 4]},
								"up": {"uv": [27, 16], "uv_size": [5, 6]},
								"down": {"uv": [28, 6], "uv_size": [5, -6]}
							}
						}
					]
				},
				{
					"name": "head",
					"parent": "neck2",
					"pivot": [0, 15.80714, -7.07742],
					"cubes": [
						{
							"origin": [-2.25, 15, -9.75],
							"size": [4.5, 4, 4.75],
							"uv": {
								"north": {"uv": [38, 7], "uv_size": [5, 4]},
								"east": {"uv": [14, 38], "uv_size": [5, 4]},
								"south": {"uv": [20, 38], "uv_size": [5, 4]},
								"west": {"uv": [38, 21], "uv_size": [5, 4]},
								"up": {"uv": [15, 32], "uv_size": [5, 5]},
								"down": {"uv": [21, 37], "uv_size": [5, -5]}
							}
						},
						{
							"origin": [0.7062, 17, -9.78548],
							"size": [1.75, 1.5, 1.5],
							"pivot": [1.5812, 17.75, -9.03548],
							"rotation": [0, -92.5, 0],
							"uv": {
								"north": {"uv": [12, 49], "uv_size": [2, 2]},
								"east": {"uv": [49, 12], "uv_size": [2, 2]},
								"south": {"uv": [15, 49], "uv_size": [2, 2]},
								"west": {"uv": [49, 15], "uv_size": [2, 2]},
								"up": {"uv": [18, 49], "uv_size": [2, 2]},
								"down": {"uv": [21, 51], "uv_size": [2, -2]}
							}
						},
						{
							"origin": [0.7062, 17, -9.78548],
							"size": [1.75, 1.5, 1.5],
							"inflate": 0.2,
							"pivot": [1.5812, 17.75, -9.03548],
							"rotation": [0, -92.5, 0],
							"uv": {
								"north": {"uv": [48, 3], "uv_size": [2, 2]},
								"east": {"uv": [6, 48], "uv_size": [2, 2]},
								"south": {"uv": [9, 48], "uv_size": [2, 2]},
								"west": {"uv": [24, 48], "uv_size": [2, 2]},
								"up": {"uv": [27, 48], "uv_size": [2, 2]},
								"down": {"uv": [30, 50], "uv_size": [2, -2]}
							}
						},
						{
							"origin": [-2.4562, 17, -9.78548],
							"size": [1.75, 1.5, 1.5],
							"inflate": 0.2,
							"pivot": [-1.5812, 17.75, -9.03548],
							"rotation": [0, 92.5, 0],
							"uv": {
								"north": {"uv": [50, 21], "uv_size": [2, 2]},
								"east": {"uv": [43, 50], "uv_size": [2, 2]},
								"south": {"uv": [46, 50], "uv_size": [2, 2]},
								"west": {"uv": [50, 47], "uv_size": [2, 2]},
								"up": {"uv": [49, 50], "uv_size": [2, 2]},
								"down": {"uv": [51, 5], "uv_size": [2, -2]}
							}
						},
						{
							"origin": [-2.4562, 17, -9.78548],
							"size": [1.75, 1.5, 1.5],
							"pivot": [-1.5812, 17.75, -9.03548],
							"rotation": [0, 92.5, 0],
							"uv": {
								"north": {"uv": [49, 25], "uv_size": [2, 2]},
								"east": {"uv": [49, 32], "uv_size": [2, 2]},
								"south": {"uv": [49, 35], "uv_size": [2, 2]},
								"west": {"uv": [49, 38], "uv_size": [2, 2]},
								"up": {"uv": [49, 41], "uv_size": [2, 2]},
								"down": {"uv": [49, 46], "uv_size": [2, -2]}
							}
						},
						{
							"origin": [-0.75, 15.5, -19.5],
							"size": [1.5, 1.25, 9.75],
							"uv": {
								"north": {"uv": [27, 23], "uv_size": [2, 1]},
								"east": {"uv": [38, 26], "uv_size": [10, 1]},
								"south": {"uv": [28, 7], "uv_size": [2, 1]},
								"west": {"uv": [40, 19], "uv_size": [10, 1]},
								"up": {"uv": [40, 36], "uv_size": [2, 10]},
								"down": {"uv": [0, 51], "uv_size": [2, -10]}
							}
						}
					]
				},
				{
					"name": "jaw",
					"parent": "head",
					"pivot": [0, 15.525, -9.5],
					"cubes": [
						{
							"origin": [-0.5, 15, -19.25],
							"size": [1, 1.25, 9.5],
							"uv": {
								"north": {"uv": [17, 20], "uv_size": [1, 1]},
								"east": {"uv": [41, 28], "uv_size": [10, 1]},
								"south": {"uv": [17, 22], "uv_size": [1, 1]},
								"west": {"uv": [41, 30], "uv_size": [10, 1]},
								"up": {"uv": [33, 41], "uv_size": [1, 10]},
								"down": {"uv": [35, 51], "uv_size": [1, -10]}
							}
						}
					]
				},
				{
					"name": "leg_right",
					"parent": "root",
					"pivot": [-4, 8.45092, 2.21636],
					"cubes": [
						{
							"origin": [-5, 4.75, 1.25],
							"size": [2, 5.5, 3.75],
							"uv": {
								"north": {"uv": [41, 0], "uv_size": [-2, 6]},
								"east": {"uv": [4, 34], "uv_size": [-4, 6]},
								"south": {"uv": [42, 12], "uv_size": [-2, 6]},
								"west": {"uv": [37, 21], "uv_size": [-4, 6]},
								"up": {"uv": [46, 21], "uv_size": [-2, 4]},
								"down": {"uv": [48, 36], "uv_size": [-2, -4]}
							}
						},
						{
							"origin": [-5, 4.92969, 0.31905],
							"size": [2, 5.1, 1.95],
							"inflate": -0.01,
							"pivot": [-4, 7.47969, 1.29405],
							"rotation": [20, 0, 0],
							"uv": {
								"north": {"uv": [39, 41], "uv_size": [-2, 5]},
								"east": {"uv": [28, 42], "uv_size": [-2, 5]},
								"south": {"uv": [11, 42], "uv_size": [-2, 5]},
								"west": {"uv": [44, 0], "uv_size": [-2, 5]},
								"up": {"uv": [8, 51], "uv_size": [-2, 2]},
								"down": {"uv": [53, 8], "uv_size": [-2, -2]}
							}
						}
					]
				},
				{
					"name": "legfore_right",
					"parent": "leg_right",
					"pivot": [-4, 4.91201, 3.4732],
					"cubes": [
						{
							"origin": [-4.75, 0.69901, 1.7857],
							"size": [1.5, 4.75, 1.75],
							"pivot": [-4, 3.07401, 2.6607],
							"rotation": [-20, 0, 0],
							"uv": {
								"north": {"uv": [31, 42], "uv_size": [-2, 5]},
								"east": {"uv": [17, 43], "uv_size": [-2, 5]},
								"south": {"uv": [45, 12], "uv_size": [-2, 5]},
								"west": {"uv": [14, 43], "uv_size": [-2, 5]},
								"up": {"uv": [11, 51], "uv_size": [-2, 2]},
								"down": {"uv": [53, 11], "uv_size": [-2, -2]}
							}
						}
					]
				},
				{
					"name": "sole_right",
					"parent": "legfore_right",
					"pivot": [-4, 0.75, 1.7857],
					"cubes": [
						{
							"origin": [-5, 0, 0.2857],
							"size": [2, 1.5, 3],
							"uv": {
								"north": {"uv": [53, 18], "uv_size": [-2, 2]},
								"east": {"uv": [50, 9], "uv_size": [-3, 2]},
								"south": {"uv": [26, 51], "uv_size": [-2, 2]},
								"west": {"uv": [50, 6], "uv_size": [-3, 2]},
								"up": {"uv": [49, 21], "uv_size": [-2, 3]},
								"down": {"uv": [39, 50], "uv_size": [-2, -3]}
							}
						}
					]
				},
				{
					"name": "leg_left",
					"parent": "root",
					"pivot": [4, 8.45092, 2.21636],
					"cubes": [
						{
							"origin": [3, 4.75, 1.25],
							"size": [2, 5.5, 3.75],
							"uv": {
								"north": {"uv": [39, 0], "uv_size": [2, 6]},
								"east": {"uv": [33, 21], "uv_size": [4, 6]},
								"south": {"uv": [40, 12], "uv_size": [2, 6]},
								"west": {"uv": [0, 34], "uv_size": [4, 6]},
								"up": {"uv": [44, 21], "uv_size": [2, 4]},
								"down": {"uv": [46, 36], "uv_size": [2, -4]}
							}
						},
						{
							"origin": [3, 4.92969, 0.31905],
							"size": [2, 5.1, 1.95],
							"inflate": -0.01,
							"pivot": [4, 7.47969, 1.29405],
							"rotation": [20, 0, 0],
							"uv": {
								"north": {"uv": [37, 41], "uv_size": [2, 5]},
								"east": {"uv": [42, 0], "uv_size": [2, 5]},
								"south": {"uv": [9, 42], "uv_size": [2, 5]},
								"west": {"uv": [26, 42], "uv_size": [2, 5]},
								"up": {"uv": [6, 51], "uv_size": [2, 2]},
								"down": {"uv": [51, 8], "uv_size": [2, -2]}
							}
						}
					]
				},
				{
					"name": "legfore_left",
					"parent": "leg_left",
					"pivot": [4, 4.91201, 3.4732],
					"cubes": [
						{
							"origin": [3.25, 0.69901, 1.7857],
							"size": [1.5, 4.75, 1.75],
							"pivot": [4, 3.07401, 2.6607],
							"rotation": [-20, 0, 0],
							"uv": {
								"north": {"uv": [29, 42], "uv_size": [2, 5]},
								"east": {"uv": [12, 43], "uv_size": [2, 5]},
								"south": {"uv": [43, 12], "uv_size": [2, 5]},
								"west": {"uv": [15, 43], "uv_size": [2, 5]},
								"up": {"uv": [9, 51], "uv_size": [2, 2]},
								"down": {"uv": [51, 11], "uv_size": [2, -2]}
							}
						}
					]
				},
				{
					"name": "sole_left",
					"parent": "legfore_left",
					"pivot": [4, 0.75, 1.7857],
					"cubes": [
						{
							"origin": [3, 0, 0.2857],
							"size": [2, 1.5, 3],
							"uv": {
								"north": {"uv": [51, 18], "uv_size": [2, 2]},
								"east": {"uv": [47, 6], "uv_size": [3, 2]},
								"south": {"uv": [24, 51], "uv_size": [2, 2]},
								"west": {"uv": [47, 9], "uv_size": [3, 2]},
								"up": {"uv": [47, 21], "uv_size": [2, 3]},
								"down": {"uv": [37, 50], "uv_size": [2, -3]}
							}
						}
					]
				}
			]
		}
	]
}