{
	"format_version": "1.12.0",
	"minecraft:geometry": [
		{
			"description": {
				"identifier": "geometry.wacky_animals.lion",
				"texture_width": 256,
				"texture_height": 256,
				"visible_bounds_width": 8,
				"visible_bounds_height": 3.5,
				"visible_bounds_offset": [0, 1.25, 0]
			},
			"bones": [
				{
					"name": "root",
					"pivot": [0, 0, 0]
				},
				{
					"name": "body",
					"parent": "root",
					"pivot": [0, 18.25914, 10.30387],
					"cubes": [
						{
							"origin": [-7, 12.3, -14],
							"size": [14, 13, 19],
							"uv": {
								"north": {"uv": [47, 28], "uv_size": [14, 13]},
								"east": {"uv": [0, 20], "uv_size": [19, 13]},
								"south": {"uv": [47, 42], "uv_size": [14, 13]},
								"west": {"uv": [20, 20], "uv_size": [19, 13]},
								"up": {"uv": [0, 0], "uv_size": [14, 19]},
								"down": {"uv": [15, 19], "uv_size": [14, -19]}
							}
						},
						{
							"origin": [-8, 13.37431, -17.43369],
							"size": [16, 14, 10],
							"pivot": [0, 20.37431, -12.43369],
							"rotation": [-27.5, 0, 0],
							"uv": {
								"north": {"uv": [30, 0], "uv_size": [16, 14]},
								"east": {"uv": [64, 56], "uv_size": [10, 14]},
								"south": {"uv": [0, 34], "uv_size": [16, 14]},
								"west": {"uv": [24, 68], "uv_size": [10, 14]},
								"up": {"uv": [0, 49], "uv_size": [16, 10]},
								"down": {"uv": [17, 59], "uv_size": [16, -10]}
							}
						},
						{
							"origin": [-8, 16.47398, -20.10098],
							"size": [16, 12.25, 6.75],
							"inflate": -0.01,
							"uv": {
								"north": {"uv": [40, 15], "uv_size": [16, 12]},
								"east": {"uv": [53, 92], "uv_size": [7, 12]},
								"south": {"uv": [47, 0], "uv_size": [16, 12]},
								"west": {"uv": [61, 92], "uv_size": [7, 12]},
								"up": {"uv": [75, 47], "uv_size": [16, 7]},
								"down": {"uv": [75, 62], "uv_size": [16, -7]}
							}
						},
						{
							"origin": [-5.75, 14.06569, 3.75191],
							"size": [11.5, 11.5, 10],
							"pivot": [0, 19.81569, 8.75191],
							"rotation": [10, 0, 0],
							"uv": {
								"north": {"uv": [62, 43], "uv_size": [12, 12]},
								"east": {"uv": [74, 23], "uv_size": [10, 12]},
								"south": {"uv": [64, 0], "uv_size": [12, 12]},
								"west": {"uv": [0, 75], "uv_size": [10, 12]},
								"up": {"uv": [11, 75], "uv_size": [12, 10]},
								"down": {"uv": [75, 46], "uv_size": [12, -10]}
							}
						},
						{
							"origin": [-5, 16.1067, 9.9271],
							"size": [10, 8.2, 7],
							"pivot": [0, 20.2067, 13.4271],
							"rotation": [-27.5, 0, 0],
							"uv": {
								"north": {"uv": [92, 0], "uv_size": [10, 8]},
								"east": {"uv": [69, 92], "uv_size": [7, 8]},
								"south": {"uv": [20, 94], "uv_size": [10, 8]},
								"west": {"uv": [95, 81], "uv_size": [7, 8]},
								"up": {"uv": [92, 55], "uv_size": [10, 7]},
								"down": {"uv": [31, 101], "uv_size": [10, -7]}
							}
						}
					]
				},
				{
					"name": "tail1",
					"parent": "body",
					"pivot": [0, 21.3, 17.5],
					"cubes": [
						{
							"origin": [-1, 20.3, 17],
							"size": [2, 2, 11],
							"uv": {
								"north": {"uv": [44, 78], "uv_size": [2, 2]},
								"east": {"uv": [50, 68], "uv_size": [11, 2]},
								"south": {"uv": [47, 78], "uv_size": [2, 2]},
								"west": {"uv": [120, 80], "uv_size": [11, 2]},
								"up": {"uv": [38, 116], "uv_size": [2, 11]},
								"down": {"uv": [91, 129], "uv_size": [2, -11]}
							}
						}
					]
				},
				{
					"name": "tail2",
					"parent": "tail1",
					"pivot": [0, 21.3, 27.9],
					"cubes": [
						{
							"origin": [-1, 20.3, 28],
							"size": [2, 2, 11],
							"uv": {
								"north": {"uv": [77, 81], "uv_size": [2, 2]},
								"east": {"uv": [121, 64], "uv_size": [11, 2]},
								"south": {"uv": [77, 84], "uv_size": [2, 2]},
								"west": {"uv": [123, 0], "uv_size": [11, 2]},
								"up": {"uv": [5, 123], "uv_size": [2, 11]},
								"down": {"uv": [8, 134], "uv_size": [2, -11]}
							}
						}
					]
				},
				{
					"name": "tail3",
					"parent": "tail2",
					"pivot": [0, 21.3, 39],
					"cubes": [
						{
							"origin": [-1, 20.3, 39],
							"size": [2, 2, 11],
							"uv": {
								"north": {"uv": [85, 31], "uv_size": [2, 2]},
								"east": {"uv": [123, 3], "uv_size": [11, 2]},
								"south": {"uv": [89, 75], "uv_size": [2, 2]},
								"west": {"uv": [11, 123], "uv_size": [11, 2]},
								"up": {"uv": [23, 123], "uv_size": [2, 11]},
								"down": {"uv": [94, 134], "uv_size": [2, -11]}
							}
						}
					]
				},
				{
					"name": "tail4",
					"parent": "tail3",
					"pivot": [0, 21.3, 50],
					"cubes": [
						{
							"origin": [-1, 20.3, 50],
							"size": [2, 2, 6],
							"uv": {
								"north": {"uv": [92, 75], "uv_size": [2, 2]},
								"east": {"uv": [103, 6], "uv_size": [6, 2]},
								"south": {"uv": [74, 101], "uv_size": [2, 2]},
								"west": {"uv": [52, 129], "uv_size": [6, 2]},
								"up": {"uv": [20, 86], "uv_size": [2, 6]},
								"down": {"uv": [5, 106], "uv_size": [2, -6]}
							}
						}
					]
				},
				{
					"name": "tail5",
					"parent": "tail4",
					"pivot": [0, 21.3, 53],
					"cubes": [
						{
							"origin": [-5, 21.3, 50],
							"size": [10, 0, 10],
							"uv": {
								"north": {"uv": [34, 55], "uv_size": [10, 0]},
								"east": {"uv": [126, 79], "uv_size": [10, 0]},
								"south": {"uv": [129, 33], "uv_size": [10, 0]},
								"west": {"uv": [131, 115], "uv_size": [10, 0]},
								"up": {"uv": [44, 81], "uv_size": [10, 10]},
								"down": {"uv": [55, 91], "uv_size": [10, -10]}
							}
						}
					]
				},
				{
					"name": "head",
					"parent": "body",
					"pivot": [0, 23.3, -21],
					"cubes": [
						{
							"origin": [-7, 17.3, -28],
							"size": [14, 14, 8],
							"uv": {
								"north": {"uv": [17, 34], "uv_size": [14, 14]},
								"east": {"uv": [35, 78], "uv_size": [8, 14]},
								"south": {"uv": [32, 34], "uv_size": [14, 14]},
								"west": {"uv": [80, 63], "uv_size": [8, 14]},
								"up": {"uv": [77, 0], "uv_size": [14, 8]},
								"down": {"uv": [80, 86], "uv_size": [14, -8]}
							}
						},
						{
							"origin": [8.65388, 17.3, -28.25456],
							"size": [0, 14, 11],
							"pivot": [8.65388, 24.3, -22.75456],
							"rotation": [0, 17.5, 0],
							"uv": {
								"north": {"uv": [4, 130], "uv_size": [0, 14]},
								"east": {"uv": [57, 13], "uv_size": [11, 14]},
								"south": {"uv": [70, 130], "uv_size": [0, 14]},
								"west": {"uv": [0, 60], "uv_size": [11, 14]},
								"up": {"uv": [102, 15], "uv_size": [0, 11]},
								"down": {"uv": [113, 142], "uv_size": [0, -11]}
							}
						},
						{
							"origin": [-8.65388, 17.3, -28.25456],
							"size": [0, 14, 11],
							"pivot": [-8.65388, 24.3, -22.75456],
							"rotation": [0, -17.5, 0],
							"uv": {
								"north": {"uv": [114, 131], "uv_size": [0, 14]},
								"east": {"uv": [12, 60], "uv_size": [11, 14]},
								"south": {"uv": [115, 131], "uv_size": [0, 14]},
								"west": {"uv": [62, 28], "uv_size": [11, 14]},
								"up": {"uv": [116, 131], "uv_size": [0, 11]},
								"down": {"uv": [117, 142], "uv_size": [0, -11]}
							}
						},
						{
							"origin": [-7, 32.16576, -28.09482],
							"size": [14, 0, 11],
							"pivot": [0, 32.16576, -24.09482],
							"rotation": [12.5, 0, 0],
							"uv": {
								"north": {"uv": [132, 6], "uv_size": [14, 0]},
								"east": {"uv": [132, 7], "uv_size": [11, 0]},
								"south": {"uv": [132, 8], "uv_size": [14, 0]},
								"west": {"uv": [132, 9], "uv_size": [11, 0]},
								"up": {"uv": [34, 56], "uv_size": [14, 11]},
								"down": {"uv": [49, 67], "uv_size": [14, -11]}
							}
						},
						{
							"origin": [-7, 14.71506, -27.35289],
							"size": [14, 5, 9],
							"inflate": -0.01,
							"pivot": [0, 17.21506, -22.85289],
							"rotation": [-30, 0, 0],
							"uv": {
								"north": {"uv": [95, 9], "uv_size": [14, 5]},
								"east": {"uv": [108, 23], "uv_size": [9, 5]},
								"south": {"uv": [95, 75], "uv_size": [14, 5]},
								"west": {"uv": [110, 70], "uv_size": [9, 5]},
								"up": {"uv": [50, 71], "uv_size": [14, 9]},
								"down": {"uv": [65, 80], "uv_size": [14, -9]}
							}
						},
						{
							"origin": [-4.95268, 12.47006, -23.91711],
							"size": [9.90535, 5, 9.90535],
							"inflate": -0.02,
							"pivot": [0, 14.97006, -18.96443],
							"rotation": [-39.23152, -37.76124, 26.56505],
							"uv": {
								"north": {"uv": [103, 29], "uv_size": [10, 5]},
								"east": {"uv": [103, 81], "uv_size": [10, 5]},
								"south": {"uv": [104, 64], "uv_size": [10, 5]},
								"west": {"uv": [104, 87], "uv_size": [10, 5]},
								"up": {"uv": [84, 9], "uv_size": [10, 10]},
								"down": {"uv": [85, 30], "uv_size": [10, -10]}
							}
						},
						{
							"origin": [-7, 13.09116, -24.43631],
							"size": [14, 0, 9],
							"pivot": [0, 20.09116, -20.43631],
							"rotation": [-40, 0, 0],
							"uv": {
								"north": {"uv": [131, 116], "uv_size": [14, 0]},
								"east": {"uv": [131, 117], "uv_size": [9, 0]},
								"south": {"uv": [131, 130], "uv_size": [14, 0]},
								"west": {"uv": [131, 131], "uv_size": [9, 0]},
								"up": {"uv": [35, 68], "uv_size": [14, 9]},
								"down": {"uv": [69, 22], "uv_size": [14, -9]}
							}
						},
						{
							"origin": [-3.75, 20.60265, -37.13365],
							"size": [7.5, 4.25, 7],
							"pivot": [0, 22.72765, -31.13365],
							"rotation": [30, 0, 0],
							"uv": {
								"north": {"uv": [30, 15], "uv_size": [8, 4]},
								"east": {"uv": [118, 47], "uv_size": [7, 4]},
								"south": {"uv": [117, 35], "uv_size": [8, 4]},
								"west": {"uv": [119, 52], "uv_size": [7, 4]},
								"up": {"uv": [24, 60], "uv_size": [8, 7]},
								"down": {"uv": [95, 97], "uv_size": [8, -7]}
							}
						},
						{
							"origin": [-3.25, 19.92204, -34.75865],
							"size": [6.5, 1.25, 6.75],
							"pivot": [0, 19.04704, -29.00865],
							"rotation": [30, 0, 0],
							"uv": {
								"north": {"uv": [47, 13], "uv_size": [7, 1]},
								"east": {"uv": [126, 102], "uv_size": [7, 1]},
								"south": {"uv": [86, 130], "uv_size": [7, 1]},
								"west": {"uv": [130, 104], "uv_size": [7, 1]},
								"up": {"uv": [106, 104], "uv_size": [7, 7]},
								"down": {"uv": [108, 22], "uv_size": [7, -7]}
							}
						},
						{
							"origin": [-5, 19.23141, -31.22464],
							"size": [10, 9.5, 5],
							"inflate": -0.01,
							"pivot": [0, 23.98141, -28.72464],
							"rotation": [20, 0, 0],
							"uv": {
								"north": {"uv": [66, 81], "uv_size": [10, 10]},
								"east": {"uv": [47, 104], "uv_size": [5, 10]},
								"south": {"uv": [24, 83], "uv_size": [10, 10]},
								"west": {"uv": [104, 53], "uv_size": [5, 10]},
								"up": {"uv": [34, 49], "uv_size": [10, 5]},
								"down": {"uv": [103, 5], "uv_size": [10, -5]}
							}
						},
						{
							"origin": [-5, 29.9208, -32.02226],
							"size": [10, 0, 5],
							"pivot": [0, 29.9208, -29.52226],
							"rotation": [62.5, 0, 0],
							"uv": {
								"north": {"uv": [132, 34], "uv_size": [10, 0]},
								"east": {"uv": [112, 50], "uv_size": [5, 0]},
								"south": {"uv": [132, 35], "uv_size": [10, 0]},
								"west": {"uv": [112, 51], "uv_size": [5, 0]},
								"up": {"uv": [53, 105], "uv_size": [10, 5]},
								"down": {"uv": [106, 40], "uv_size": [10, -5]}
							}
						},
						{
							"origin": [3.79994, 24.9, -33.18251],
							"size": [2, 2, 2.5],
							"pivot": [4.42494, 26.9, -32.18251],
							"rotation": [97.27481, -69.85071, -96.83392],
							"uv": {
								"north": {"uv": [104, 130], "uv_size": [2, 2]},
								"east": {"uv": [130, 106], "uv_size": [2, 2]},
								"south": {"uv": [130, 109], "uv_size": [2, 2]},
								"west": {"uv": [119, 130], "uv_size": [2, 2]},
								"up": {"uv": [122, 130], "uv_size": [2, 2]},
								"down": {"uv": [125, 132], "uv_size": [2, -2]}
							}
						},
						{
							"origin": [3.79994, 24.9, -33.18251],
							"size": [2, 2, 2.5],
							"inflate": 0.2,
							"pivot": [4.42494, 26.9, -32.18251],
							"rotation": [97.27481, -69.85071, -96.83392],
							"uv": {
								"north": {"uv": [103, 35], "uv_size": [2, 2]},
								"east": {"uv": [74, 104], "uv_size": [2, 2]},
								"south": {"uv": [5, 107], "uv_size": [2, 2]},
								"west": {"uv": [74, 107], "uv_size": [2, 2]},
								"up": {"uv": [71, 126], "uv_size": [2, 2]},
								"down": {"uv": [101, 132], "uv_size": [2, -2]}
							}
						},
						{
							"origin": [-5.79994, 24.9, -33.18251],
							"size": [2, 2, 2.5],
							"inflate": 0.2,
							"pivot": [-4.42494, 26.9, -32.18251],
							"rotation": [97.27481, 69.85071, 96.83392],
							"uv": {
								"north": {"uv": [131, 86], "uv_size": [2, 2]},
								"east": {"uv": [131, 89], "uv_size": [2, 2]},
								"south": {"uv": [131, 92], "uv_size": [2, 2]},
								"west": {"uv": [107, 131], "uv_size": [2, 2]},
								"up": {"uv": [110, 131], "uv_size": [2, 2]},
								"down": {"uv": [131, 114], "uv_size": [2, -2]}
							}
						},
						{
							"origin": [-5.79994, 24.9, -33.18251],
							"size": [2, 2, 2.5],
							"pivot": [-4.42494, 26.9, -32.18251],
							"rotation": [97.27481, 69.85071, 96.83392],
							"uv": {
								"north": {"uv": [128, 130], "uv_size": [2, 2]},
								"east": {"uv": [11, 131], "uv_size": [2, 2]},
								"south": {"uv": [14, 131], "uv_size": [2, 2]},
								"west": {"uv": [17, 131], "uv_size": [2, 2]},
								"up": {"uv": [20, 131], "uv_size": [2, 2]},
								"down": {"uv": [131, 85], "uv_size": [2, -2]}
							}
						},
						{
							"origin": [2.73385, 26.39457, -31.05686],
							"size": [4, 4.5, 0],
							"pivot": [4.73385, 28.64457, -31.05686],
							"rotation": [23.56226, -28.22638, 28.7341],
							"uv": {
								"north": {"uv": [97, 123], "uv_size": [4, 5]},
								"east": {"uv": [46, 28], "uv_size": [0, 5]},
								"south": {"uv": [124, 20], "uv_size": [4, 5]},
								"west": {"uv": [45, 49], "uv_size": [0, 5]},
								"up": {"uv": [75, 70], "uv_size": [4, 0]},
								"down": {"uv": [35, 93], "uv_size": [4, 0]}
							}
						},
						{
							"origin": [-6.73385, 26.39457, -31.05686],
							"size": [4, 4.5, 0],
							"pivot": [-4.73385, 28.64457, -31.05686],
							"rotation": [23.56226, 28.22638, -28.7341],
							"uv": {
								"north": {"uv": [124, 40], "uv_size": [4, 5]},
								"east": {"uv": [46, 49], "uv_size": [0, 5]},
								"south": {"uv": [41, 124], "uv_size": [4, 5]},
								"west": {"uv": [33, 60], "uv_size": [0, 5]},
								"up": {"uv": [110, 13], "uv_size": [4, 0]},
								"down": {"uv": [110, 14], "uv_size": [4, 0]}
							}
						}
					]
				},
				{
					"name": "jaw",
					"parent": "head",
					"pivot": [0, 20.35621, -29.82135],
					"cubes": [
						{
							"origin": [-3.75, 17.28806, -35.10673],
							"size": [7.5, 2.25, 6],
							"pivot": [0, 18.41306, -32.10673],
							"rotation": [30, 0, 0],
							"uv": {
								"north": {"uv": [124, 26], "uv_size": [8, 2]},
								"east": {"uv": [71, 129], "uv_size": [6, 2]},
								"south": {"uv": [124, 95], "uv_size": [8, 2]},
								"west": {"uv": [32, 130], "uv_size": [6, 2]},
								"up": {"uv": [110, 6], "uv_size": [8, 6]},
								"down": {"uv": [110, 58], "uv_size": [8, -6]}
							}
						},
						{
							"origin": [-3.5, 19.23662, -35.98173],
							"size": [7, 1.5, 5.75],
							"pivot": [0, 20.36162, -33.23173],
							"rotation": [30, 0, 0],
							"uv": {
								"north": {"uv": [126, 61], "uv_size": [7, 2]},
								"east": {"uv": [39, 130], "uv_size": [6, 2]},
								"south": {"uv": [127, 54], "uv_size": [7, 2]},
								"west": {"uv": [59, 130], "uv_size": [6, 2]},
								"up": {"uv": [79, 111], "uv_size": [7, 6]},
								"down": {"uv": [87, 117], "uv_size": [7, -6]}
							}
						}
					]
				},
				{
					"name": "leg_right",
					"parent": "body",
					"pivot": [-6.5, 19.86206, -11.44643],
					"cubes": [
						{
							"origin": [-9, 13.3, -16],
							"size": [5, 11, 8],
							"uv": {
								"north": {"uv": [95, 98], "uv_size": [5, 11]},
								"east": {"uv": [88, 31], "uv_size": [8, 11]},
								"south": {"uv": [77, 99], "uv_size": [5, 11]},
								"west": {"uv": [89, 63], "uv_size": [8, 11]},
								"up": {"uv": [41, 115], "uv_size": [5, 8]},
								"down": {"uv": [47, 123], "uv_size": [5, -8]}
							}
						}
					]
				},
				{
					"name": "legfore_right",
					"parent": "leg_right",
					"pivot": [-6.5, 13.01519, -12.21875],
					"cubes": [
						{
							"origin": [-8.5, 1.01328, -15.30017],
							"size": [4, 13, 4.25],
							"pivot": [-6.5, 7.51328, -13.17517],
							"rotation": [-5, 0, 0],
							"uv": {
								"north": {"uv": [101, 98], "uv_size": [4, 13]},
								"east": {"uv": [31, 102], "uv_size": [4, 13]},
								"south": {"uv": [36, 102], "uv_size": [4, 13]},
								"west": {"uv": [103, 15], "uv_size": [4, 13]},
								"up": {"uv": [102, 125], "uv_size": [4, 4]},
								"down": {"uv": [125, 108], "uv_size": [4, -4]}
							}
						},
						{
							"origin": [-8.5, 9.10114, -13.88756],
							"size": [4, 5.5, 4.25],
							"inflate": -0.01,
							"pivot": [-6.5, 11.85114, -11.76256],
							"rotation": [-27.5, 0, 0],
							"uv": {
								"north": {"uv": [116, 120], "uv_size": [4, 6]},
								"east": {"uv": [121, 57], "uv_size": [4, 6]},
								"south": {"uv": [121, 118], "uv_size": [4, 6]},
								"west": {"uv": [122, 13], "uv_size": [4, 6]},
								"up": {"uv": [125, 109], "uv_size": [4, 4]},
								"down": {"uv": [121, 129], "uv_size": [4, -4]}
							}
						}
					]
				},
				{
					"name": "sole_right",
					"parent": "legfore_right",
					"pivot": [-6.5, 2.72119, -12.7544],
					"cubes": [
						{
							"origin": [-8.75, 0.01519, -16.84375],
							"size": [4.5, 3, 5.75],
							"uv": {
								"north": {"uv": [127, 10], "uv_size": [5, 3]},
								"east": {"uv": [125, 6], "uv_size": [6, 3]},
								"south": {"uv": [127, 14], "uv_size": [5, 3]},
								"west": {"uv": [26, 125], "uv_size": [6, 3]},
								"up": {"uv": [85, 118], "uv_size": [5, 6]},
								"down": {"uv": [118, 97], "uv_size": [5, -6]}
							}
						},
						{
							"origin": [-8.94126, -0.04311, -18.74553],
							"size": [4.9, 3, 2.75],
							"pivot": [-6.49126, 1.45689, -17.37053],
							"rotation": [19.86046, 3.60808, 0.23704],
							"uv": {
								"north": {"uv": [127, 50], "uv_size": [5, 3]},
								"east": {"uv": [0, 130], "uv_size": [3, 3]},
								"south": {"uv": [107, 127], "uv_size": [5, 3]},
								"west": {"uv": [66, 130], "uv_size": [3, 3]},
								"up": {"uv": [113, 127], "uv_size": [5, 3]},
								"down": {"uv": [129, 21], "uv_size": [5, -3]}
							}
						}
					]
				},
				{
					"name": "leg_left",
					"parent": "body",
					"pivot": [6.5, 19.86206, -11.44643],
					"cubes": [
						{
							"origin": [4, 13.3, -16],
							"size": [5, 11, 8],
							"uv": {
								"north": {"uv": [100, 98], "uv_size": [-5, 11]},
								"east": {"uv": [97, 63], "uv_size": [-8, 11]},
								"south": {"uv": [82, 99], "uv_size": [-5, 11]},
								"west": {"uv": [96, 31], "uv_size": [-8, 11]},
								"up": {"uv": [46, 115], "uv_size": [-5, 8]},
								"down": {"uv": [52, 123], "uv_size": [-5, -8]}
							}
						}
					]
				},
				{
					"name": "legfore_left",
					"parent": "leg_left",
					"pivot": [6.5, 13.01519, -12.21875],
					"cubes": [
						{
							"origin": [4.5, 1.01328, -15.30017],
							"size": [4, 13, 4.25],
							"pivot": [6.5, 7.51328, -13.17517],
							"rotation": [-5, 0, 0],
							"uv": {
								"north": {"uv": [105, 98], "uv_size": [-4, 13]},
								"east": {"uv": [107, 15], "uv_size": [-4, 13]},
								"south": {"uv": [40, 102], "uv_size": [-4, 13]},
								"west": {"uv": [35, 102], "uv_size": [-4, 13]},
								"up": {"uv": [106, 125], "uv_size": [-4, 4]},
								"down": {"uv": [129, 108], "uv_size": [-4, -4]}
							}
						},
						{
							"origin": [4.5, 9.10114, -13.88756],
							"size": [4, 5.5, 4.25],
							"inflate": -0.01,
							"pivot": [6.5, 11.85114, -11.76256],
							"rotation": [-27.5, 0, 0],
							"uv": {
								"north": {"uv": [120, 120], "uv_size": [-4, 6]},
								"east": {"uv": [126, 13], "uv_size": [-4, 6]},
								"south": {"uv": [125, 118], "uv_size": [-4, 6]},
								"west": {"uv": [125, 57], "uv_size": [-4, 6]},
								"up": {"uv": [129, 109], "uv_size": [-4, 4]},
								"down": {"uv": [125, 129], "uv_size": [-4, -4]}
							}
						}
					]
				},
				{
					"name": "sole_left",
					"parent": "legfore_left",
					"pivot": [6.5, 2.72119, -12.7544],
					"cubes": [
						{
							"origin": [4.25, 0.01519, -16.84375],
							"size": [4.5, 3, 5.75],
							"uv": {
								"north": {"uv": [132, 10], "uv_size": [-5, 3]},
								"east": {"uv": [32, 125], "uv_size": [-6, 3]},
								"south": {"uv": [132, 14], "uv_size": [-5, 3]},
								"west": {"uv": [131, 6], "uv_size": [-6, 3]},
								"up": {"uv": [90, 118], "uv_size": [-5, 6]},
								"down": {"uv": [123, 97], "uv_size": [-5, -6]}
							}
						},
						{
							"origin": [4.04126, -0.04311, -18.74553],
							"size": [4.9, 3, 2.75],
							"pivot": [6.49126, 1.45689, -17.37053],
							"rotation": [19.86046, -3.60808, -0.23704],
							"uv": {
								"north": {"uv": [132, 50], "uv_size": [-5, 3]},
								"east": {"uv": [69, 130], "uv_size": [-3, 3]},
								"south": {"uv": [112, 127], "uv_size": [-5, 3]},
								"west": {"uv": [3, 130], "uv_size": [-3, 3]},
								"up": {"uv": [118, 127], "uv_size": [-5, 3]},
								"down": {"uv": [134, 21], "uv_size": [-5, -3]}
							}
						}
					]
				},
				{
					"name": "leg_left2",
					"parent": "root",
					"pivot": [6.5, 19.86206, 9.55357],
					"cubes": [
						{
							"origin": [4, 13.3, 5],
							"size": [5, 11, 8],
							"uv": {
								"north": {"uv": [88, 99], "uv_size": [-5, 11]},
								"east": {"uv": [52, 92], "uv_size": [-8, 11]},
								"south": {"uv": [94, 99], "uv_size": [-5, 11]},
								"west": {"uv": [100, 43], "uv_size": [-8, 11]},
								"up": {"uv": [120, 59], "uv_size": [-5, 8]},
								"down": {"uv": [121, 21], "uv_size": [-5, -8]}
							}
						},
						{
							"origin": [4, 14.491, 10.68773],
							"size": [5, 10, 4.25],
							"inflate": -0.01,
							"pivot": [6.5, 18.7663, 10.97509],
							"rotation": [-22.5, 0, 0],
							"uv": {
								"north": {"uv": [111, 41], "uv_size": [-5, 10]},
								"east": {"uv": [73, 115], "uv_size": [-4, 10]},
								"south": {"uv": [111, 93], "uv_size": [-5, 10]},
								"west": {"uv": [4, 114], "uv_size": [-4, 10]},
								"up": {"uv": [51, 124], "uv_size": [-5, 4]},
								"down": {"uv": [57, 128], "uv_size": [-5, -4]}
							}
						}
					]
				},
				{
					"name": "legfore_left2",
					"parent": "leg_left2",
					"pivot": [6.5, 14.65357, 6.91055],
					"cubes": [
						{
							"origin": [4.25, 10.55357, 5.71055],
							"size": [4.5, 5, 8],
							"pivot": [6.5, 13.05357, 9.71055],
							"rotation": [-35, 0, 0],
							"uv": {
								"north": {"uv": [125, 74], "uv_size": [-5, 5]},
								"east": {"uv": [123, 85], "uv_size": [-8, 5]},
								"south": {"uv": [125, 98], "uv_size": [-5, 5]},
								"west": {"uv": [122, 29], "uv_size": [-8, 5]},
								"up": {"uv": [31, 116], "uv_size": [-5, 8]},
								"down": {"uv": [37, 124], "uv_size": [-5, -8]}
							}
						}
					]
				},
				{
					"name": "legfore_left3",
					"parent": "legfore_left2",
					"pivot": [6.5, 11.61519, 12.38125],
					"cubes": [
						{
							"origin": [4.5, 1.01519, 9.65625],
							"size": [4, 12, 4.25],
							"pivot": [6.5, 7.01519, 11.78125],
							"rotation": [-5, 0, 0],
							"uv": {
								"north": {"uv": [99, 110], "uv_size": [-4, 12]},
								"east": {"uv": [78, 111], "uv_size": [-4, 12]},
								"south": {"uv": [62, 111], "uv_size": [-4, 12]},
								"west": {"uv": [57, 111], "uv_size": [-4, 12]},
								"up": {"uv": [15, 126], "uv_size": [-4, 4]},
								"down": {"uv": [20, 130], "uv_size": [-4, -4]}
							}
						}
					]
				},
				{
					"name": "sole_left2",
					"parent": "legfore_left3",
					"pivot": [6.5, 2.72119, 11.5456],
					"cubes": [
						{
							"origin": [4.25, 0.01519, 8.15625],
							"size": [4.5, 3, 5.75],
							"uv": {
								"north": {"uv": [134, 22], "uv_size": [-5, 3]},
								"east": {"uv": [80, 125], "uv_size": [-6, 3]},
								"south": {"uv": [31, 129], "uv_size": [-5, 3]},
								"west": {"uv": [64, 125], "uv_size": [-6, 3]},
								"up": {"uv": [110, 118], "uv_size": [-5, 6]},
								"down": {"uv": [124, 12], "uv_size": [-5, -6]}
							}
						},
						{
							"origin": [4.05, -0.18717, 6.51512],
							"size": [4.9, 3, 2.75],
							"pivot": [6.5, 1.31283, 7.89012],
							"rotation": [35, 0, 0],
							"uv": {
								"north": {"uv": [134, 29], "uv_size": [-5, 3]},
								"east": {"uv": [85, 130], "uv_size": [-3, 3]},
								"south": {"uv": [134, 38], "uv_size": [-5, 3]},
								"west": {"uv": [81, 130], "uv_size": [-3, 3]},
								"up": {"uv": [134, 42], "uv_size": [-5, 3]},
								"down": {"uv": [51, 132], "uv_size": [-5, -3]}
							}
						}
					]
				},
				{
					"name": "leg_right2",
					"parent": "root",
					"pivot": [-6.5, 19.86206, 9.55357],
					"cubes": [
						{
							"origin": [-9, 13.3, 5],
							"size": [5, 11, 8],
							"uv": {
								"north": {"uv": [83, 99], "uv_size": [5, 11]},
								"east": {"uv": [92, 43], "uv_size": [8, 11]},
								"south": {"uv": [89, 99], "uv_size": [5, 11]},
								"west": {"uv": [44, 92], "uv_size": [8, 11]},
								"up": {"uv": [115, 59], "uv_size": [5, 8]},
								"down": {"uv": [116, 21], "uv_size": [5, -8]}
							}
						},
						{
							"origin": [-9, 14.491, 10.68773],
							"size": [5, 10, 4.25],
							"inflate": -0.01,
							"pivot": [-6.5, 18.7663, 10.97509],
							"rotation": [-22.5, 0, 0],
							"uv": {
								"north": {"uv": [106, 41], "uv_size": [5, 10]},
								"east": {"uv": [0, 114], "uv_size": [4, 10]},
								"south": {"uv": [106, 93], "uv_size": [5, 10]},
								"west": {"uv": [69, 115], "uv_size": [4, 10]},
								"up": {"uv": [46, 124], "uv_size": [5, 4]},
								"down": {"uv": [52, 128], "uv_size": [5, -4]}
							}
						}
					]
				},
				{
					"name": "legfore_right2",
					"parent": "leg_right2",
					"pivot": [-6.5, 14.65357, 6.91055],
					"cubes": [
						{
							"origin": [-8.75, 10.55357, 5.71055],
							"size": [4.5, 5, 8],
							"pivot": [-6.5, 13.05357, 9.71055],
							"rotation": [-35, 0, 0],
							"uv": {
								"north": {"uv": [120, 74], "uv_size": [5, 5]},
								"east": {"uv": [114, 29], "uv_size": [8, 5]},
								"south": {"uv": [120, 98], "uv_size": [5, 5]},
								"west": {"uv": [115, 85], "uv_size": [8, 5]},
								"up": {"uv": [26, 116], "uv_size": [5, 8]},
								"down": {"uv": [32, 124], "uv_size": [5, -8]}
							}
						}
					]
				},
				{
					"name": "legfore_right3",
					"parent": "legfore_right2",
					"pivot": [-6.5, 11.61519, 12.38125],
					"cubes": [
						{
							"origin": [-8.5, 1.01519, 9.65625],
							"size": [4, 12, 4.25],
							"pivot": [-6.5, 7.01519, 11.78125],
							"rotation": [-5, 0, 0],
							"uv": {
								"north": {"uv": [95, 110], "uv_size": [4, 12]},
								"east": {"uv": [53, 111], "uv_size": [4, 12]},
								"south": {"uv": [58, 111], "uv_size": [4, 12]},
								"west": {"uv": [74, 111], "uv_size": [4, 12]},
								"up": {"uv": [11, 126], "uv_size": [4, 4]},
								"down": {"uv": [16, 130], "uv_size": [4, -4]}
							}
						}
					]
				},
				{
					"name": "sole_right2",
					"parent": "legfore_right3",
					"pivot": [-6.5, 2.72119, 11.5456],
					"cubes": [
						{
							"origin": [-8.75, 0.01519, 8.15625],
							"size": [4.5, 3, 5.75],
							"uv": {
								"north": {"uv": [129, 22], "uv_size": [5, 3]},
								"east": {"uv": [58, 125], "uv_size": [6, 3]},
								"south": {"uv": [26, 129], "uv_size": [5, 3]},
								"west": {"uv": [74, 125], "uv_size": [6, 3]},
								"up": {"uv": [105, 118], "uv_size": [5, 6]},
								"down": {"uv": [119, 12], "uv_size": [5, -6]}
							}
						},
						{
							"origin": [-8.95, -0.18717, 6.51512],
							"size": [4.9, 3, 2.75],
							"pivot": [-6.5, 1.31283, 7.89012],
							"rotation": [35, 0, 0],
							"uv": {
								"north": {"uv": [129, 29], "uv_size": [5, 3]},
								"east": {"uv": [78, 130], "uv_size": [3, 3]},
								"south": {"uv": [129, 38], "uv_size": [5, 3]},
								"west": {"uv": [82, 130], "uv_size": [3, 3]},
								"up": {"uv": [129, 42], "uv_size": [5, 3]},
								"down": {"uv": [46, 132], "uv_size": [5, -3]}
							}
						}
					]
				}
			]
		}
	]
}