{
	"format_version": "1.12.0",
	"minecraft:geometry": [
		{
			"description": {
				"identifier": "geometry.wacky_animals.monkey",
				"texture_width": 64,
				"texture_height": 64,
				"visible_bounds_width": 5,
				"visible_bounds_height": 2.5,
				"visible_bounds_offset": [0, 0.75, 0]
			},
			"bones": [
				{
					"name": "root",
					"pivot": [0, 0, 0]
				},
				{
					"name": "waist",
					"parent": "root",
					"pivot": [0, 9.3769, 5.77171],
					"cubes": [
						{
							"origin": [-4, 7, -1],
							"size": [8, 5, 8],
							"uv": {
								"north": {"uv": [20, 18], "uv_size": [8, 5]},
								"east": {"uv": [20, 24], "uv_size": [8, 5]},
								"south": {"uv": [0, 26], "uv_size": [8, 5]},
								"west": {"uv": [9, 26], "uv_size": [8, 5]},
								"up": {"uv": [10, 0], "uv_size": [8, 8]},
								"down": {"uv": [10, 8], "uv_size": [8, -8]}
							}
						}
					]
				},
				{
					"name": "body",
					"parent": "waist",
					"pivot": [0, 9.2538, -0.05659],
					"cubes": [
						{
							"origin": [-4.5, 5.5038, -6.95659],
							"size": [9, 7.5, 7],
							"pivot": [0, 9.2538, -3.45659],
							"rotation": [10, 0, 0],
							"uv": {
								"north": {"uv": [0, 0], "uv_size": [9, 8]},
								"east": {"uv": [19, 0], "uv_size": [7, 8]},
								"south": {"uv": [0, 9], "uv_size": [9, 8]},
								"west": {"uv": [19, 9], "uv_size": [7, 8]},
								"up": {"uv": [0, 18], "uv_size": [9, 7]},
								"down": {"uv": [0, 7], "uv_size": [9, -7]}
							}
						}
					]
				},
				{
					"name": "head",
					"parent": "body",
					"pivot": [0, 11.7, -6.25],
					"cubes": [
						{
							"origin": [2.4384, 12.25, -8.92621],
							"size": [2, 3, 1.5],
							"pivot": [3.4384, 13.75, -8.17621],
							"rotation": [0, -22.5, 0],
							"uv": {
								"north": {"uv": [22, 37], "uv_size": [2, 3]},
								"east": {"uv": [30, 44], "uv_size": [2, 3]},
								"south": {"uv": [24, 54], "uv_size": [2, 3]},
								"west": {"uv": [35, 54], "uv_size": [2, 3]},
								"up": {"uv": [57, 50], "uv_size": [2, 2]},
								"down": {"uv": [53, 59], "uv_size": [2, -2]}
							}
						},
						{
							"origin": [-4.4384, 12.25, -8.92621],
							"size": [2, 3, 1.5],
							"pivot": [-3.4384, 13.75, -8.17621],
							"rotation": [0, 22.5, 0],
							"uv": {
								"north": {"uv": [27, 55], "uv_size": [2, 3]},
								"east": {"uv": [38, 55], "uv_size": [2, 3]},
								"south": {"uv": [41, 56], "uv_size": [2, 3]},
								"west": {"uv": [0, 57], "uv_size": [2, 3]},
								"up": {"uv": [56, 57], "uv_size": [2, 2]},
								"down": {"uv": [58, 10], "uv_size": [2, -2]}
							}
						},
						{
							"origin": [-3, 10.25, -11],
							"size": [6, 6.25, 6],
							"uv": {
								"north": {"uv": [27, 0], "uv_size": [6, 6]},
								"east": {"uv": [27, 7], "uv_size": [6, 6]},
								"south": {"uv": [29, 14], "uv_size": [6, 6]},
								"west": {"uv": [29, 21], "uv_size": [6, 6]},
								"up": {"uv": [29, 28], "uv_size": [6, 6]},
								"down": {"uv": [18, 36], "uv_size": [6, -6]}
							}
						},
						{
							"origin": [-3.37554, 13.5, -11.4796],
							"size": [2.25, 2, 1.5],
							"pivot": [-2.25054, 14.7625, -10.7296],
							"rotation": [0, 7.5, 0],
							"uv": {
								"north": {"uv": [58, 11], "uv_size": [2, 2]},
								"east": {"uv": [58, 14], "uv_size": [2, 2]},
								"south": {"uv": [15, 58], "uv_size": [2, 2]},
								"west": {"uv": [23, 58], "uv_size": [2, 2]},
								"up": {"uv": [58, 25], "uv_size": [2, 2]},
								"down": {"uv": [58, 30], "uv_size": [2, -2]}
							}
						},
						{
							"origin": [-3.37554, 13.5, -11.4796],
							"size": [2.25, 2, 1.5],
							"inflate": 0.2,
							"pivot": [-2.25054, 14.7625, -10.7296],
							"rotation": [0, 7.5, 0],
							"uv": {
								"north": {"uv": [58, 31], "uv_size": [2, 2]},
								"east": {"uv": [33, 58], "uv_size": [2, 2]},
								"south": {"uv": [58, 34], "uv_size": [2, 2]},
								"west": {"uv": [58, 37], "uv_size": [2, 2]},
								"up": {"uv": [58, 40], "uv_size": [2, 2]},
								"down": {"uv": [58, 45], "uv_size": [2, -2]}
							}
						},
						{
							"origin": [1.12554, 13.5, -11.4796],
							"size": [2.25, 2, 1.5],
							"inflate": 0.2,
							"pivot": [2.25054, 14.7625, -10.7296],
							"rotation": [0, -7.5, 0],
							"uv": {
								"north": {"uv": [59, 59], "uv_size": [2, 2]},
								"east": {"uv": [60, 0], "uv_size": [2, 2]},
								"south": {"uv": [3, 60], "uv_size": [2, 2]},
								"west": {"uv": [6, 60], "uv_size": [2, 2]},
								"up": {"uv": [9, 60], "uv_size": [2, 2]},
								"down": {"uv": [12, 62], "uv_size": [2, -2]}
							}
						},
						{
							"origin": [1.12554, 13.5, -11.4796],
							"size": [2.25, 2, 1.5],
							"pivot": [2.25054, 14.7625, -10.7296],
							"rotation": [0, -7.5, 0],
							"uv": {
								"north": {"uv": [58, 53], "uv_size": [2, 2]},
								"east": {"uv": [59, 3], "uv_size": [2, 2]},
								"south": {"uv": [59, 17], "uv_size": [2, 2]},
								"west": {"uv": [26, 59], "uv_size": [2, 2]},
								"up": {"uv": [36, 59], "uv_size": [2, 2]},
								"down": {"uv": [59, 58], "uv_size": [2, -2]}
							}
						},
						{
							"origin": [-2, 11.5, -14],
							"size": [4, 2, 3],
							"uv": {
								"north": {"uv": [54, 3], "uv_size": [4, 2]},
								"east": {"uv": [15, 55], "uv_size": [3, 2]},
								"south": {"uv": [5, 54], "uv_size": [4, 2]},
								"west": {"uv": [56, 0], "uv_size": [3, 2]},
								"up": {"uv": [36, 45], "uv_size": [4, 3]},
								"down": {"uv": [45, 43], "uv_size": [4, -3]}
							}
						}
					]
				},
				{
					"name": "jaw",
					"parent": "head",
					"pivot": [0, 11, -10.5],
					"cubes": [
						{
							"origin": [-2, 10.5, -14],
							"size": [4, 1, 3],
							"uv": {
								"north": {"uv": [54, 6], "uv_size": [4, 1]},
								"east": {"uv": [19, 52], "uv_size": [3, 1]},
								"south": {"uv": [57, 23], "uv_size": [4, 1]},
								"west": {"uv": [59, 6], "uv_size": [3, 1]},
								"up": {"uv": [45, 44], "uv_size": [4, 3]},
								"down": {"uv": [46, 3], "uv_size": [4, -3]}
							}
						}
					]
				},
				{
					"name": "arm_right",
					"parent": "body",
					"pivot": [-4.5, 9.5, -4.5],
					"cubes": [
						{
							"origin": [-6, 6, -6.25],
							"size": [3, 5, 3.5],
							"uv": {
								"north": {"uv": [41, 19], "uv_size": [3, 5]},
								"east": {"uv": [36, 13], "uv_size": [4, 5]},
								"south": {"uv": [22, 41], "uv_size": [3, 5]},
								"west": {"uv": [36, 19], "uv_size": [4, 5]},
								"up": {"uv": [34, 49], "uv_size": [3, 4]},
								"down": {"uv": [49, 39], "uv_size": [3, -4]}
							}
						}
					]
				},
				{
					"name": "armfore_right",
					"parent": "arm_right",
					"pivot": [-4.5, 7, -4.5],
					"cubes": [
						{
							"origin": [-5.75, 2, -5.75],
							"size": [2.5, 4, 2.5],
							"uv": {
								"north": {"uv": [49, 8], "uv_size": [3, 4]},
								"east": {"uv": [12, 49], "uv_size": [3, 4]},
								"south": {"uv": [49, 13], "uv_size": [3, 4]},
								"west": {"uv": [23, 49], "uv_size": [3, 4]},
								"up": {"uv": [50, 40], "uv_size": [3, 3]},
								"down": {"uv": [50, 47], "uv_size": [3, -3]}
							}
						}
					]
				},
				{
					"name": "hand_right",
					"parent": "armfore_right",
					"pivot": [-4.5, 1, -4.5],
					"cubes": [
						{
							"origin": [-6.25, 0, -6],
							"size": [3.5, 2, 3],
							"uv": {
								"north": {"uv": [19, 54], "uv_size": [4, 2]},
								"east": {"uv": [11, 57], "uv_size": [3, 2]},
								"south": {"uv": [30, 54], "uv_size": [4, 2]},
								"west": {"uv": [19, 57], "uv_size": [3, 2]},
								"up": {"uv": [49, 18], "uv_size": [4, 3]},
								"down": {"uv": [49, 34], "uv_size": [4, -3]}
							}
						}
					]
				},
				{
					"name": "arm_left",
					"parent": "body",
					"pivot": [4.5, 9.5, -4.5],
					"cubes": [
						{
							"origin": [3, 6, -6.25],
							"size": [3, 5, 3.5],
							"uv": {
								"north": {"uv": [44, 19], "uv_size": [-3, 5]},
								"east": {"uv": [40, 19], "uv_size": [-4, 5]},
								"south": {"uv": [25, 41], "uv_size": [-3, 5]},
								"west": {"uv": [40, 13], "uv_size": [-4, 5]},
								"up": {"uv": [37, 49], "uv_size": [-3, 4]},
								"down": {"uv": [52, 39], "uv_size": [-3, -4]}
							}
						}
					]
				},
				{
					"name": "armfore_left",
					"parent": "arm_left",
					"pivot": [4.5, 7, -4.5],
					"cubes": [
						{
							"origin": [3.25, 2, -5.75],
							"size": [2.5, 4, 2.5],
							"uv": {
								"north": {"uv": [52, 8], "uv_size": [-3, 4]},
								"east": {"uv": [26, 49], "uv_size": [-3, 4]},
								"south": {"uv": [52, 13], "uv_size": [-3, 4]},
								"west": {"uv": [15, 49], "uv_size": [-3, 4]},
								"up": {"uv": [53, 40], "uv_size": [-3, 3]},
								"down": {"uv": [53, 47], "uv_size": [-3, -3]}
							}
						}
					]
				},
				{
					"name": "hand_left",
					"parent": "armfore_left",
					"pivot": [4.5, 1, -4.5],
					"cubes": [
						{
							"origin": [2.75, 0, -6],
							"size": [3.5, 2, 3],
							"uv": {
								"north": {"uv": [23, 54], "uv_size": [-4, 2]},
								"east": {"uv": [22, 57], "uv_size": [-3, 2]},
								"south": {"uv": [34, 54], "uv_size": [-4, 2]},
								"west": {"uv": [14, 57], "uv_size": [-3, 2]},
								"up": {"uv": [53, 18], "uv_size": [-4, 3]},
								"down": {"uv": [53, 34], "uv_size": [-4, -3]}
							}
						}
					]
				},
				{
					"name": "tail1",
					"parent": "waist",
					"pivot": [0, 10, 7],
					"cubes": [
						{
							"origin": [-1, 9, 7],
							"size": [2, 2, 10],
							"uv": {
								"north": {"uv": [19, 44], "uv_size": [2, 2]},
								"east": {"uv": [34, 7], "uv_size": [10, 2]},
								"south": {"uv": [45, 22], "uv_size": [2, 2]},
								"west": {"uv": [34, 10], "uv_size": [10, 2]},
								"up": {"uv": [25, 30], "uv_size": [2, 10]},
								"down": {"uv": [15, 42], "uv_size": [2, -10]}
							}
						}
					]
				},
				{
					"name": "tail2",
					"parent": "tail1",
					"pivot": [0, 10, 17],
					"cubes": [
						{
							"origin": [-1, 9, 17],
							"size": [2, 2, 6],
							"uv": {
								"north": {"uv": [46, 4], "uv_size": [2, 2]},
								"east": {"uv": [26, 41], "uv_size": [6, 2]},
								"south": {"uv": [12, 46], "uv_size": [2, 2]},
								"west": {"uv": [42, 31], "uv_size": [6, 2]},
								"up": {"uv": [12, 39], "uv_size": [2, 6]},
								"down": {"uv": [33, 47], "uv_size": [2, -6]}
							}
						}
					]
				},
				{
					"name": "tail3",
					"parent": "tail2",
					"pivot": [0, 10, 23],
					"cubes": [
						{
							"origin": [-1, 9, 23],
							"size": [2, 2, 6],
							"uv": {
								"north": {"uv": [57, 20], "uv_size": [2, 2]},
								"east": {"uv": [42, 34], "uv_size": [6, 2]},
								"south": {"uv": [30, 57], "uv_size": [2, 2]},
								"west": {"uv": [42, 37], "uv_size": [6, 2]},
								"up": {"uv": [42, 40], "uv_size": [2, 6]},
								"down": {"uv": [43, 6], "uv_size": [2, -6]}
							}
						}
					]
				},
				{
					"name": "leg_left",
					"parent": "root",
					"pivot": [3.5, 9, 6],
					"cubes": [
						{
							"origin": [2, 5, 4],
							"size": [3, 6, 4],
							"uv": {
								"north": {"uv": [41, 32], "uv_size": [-3, 6]},
								"east": {"uv": [38, 0], "uv_size": [-4, 6]},
								"south": {"uv": [3, 39], "uv_size": [-3, 6]},
								"west": {"uv": [14, 32], "uv_size": [-4, 6]},
								"up": {"uv": [48, 7], "uv_size": [-3, 4]},
								"down": {"uv": [11, 49], "uv_size": [-3, -4]}
							}
						}
					]
				},
				{
					"name": "legfore_left",
					"parent": "leg_left",
					"pivot": [3.5, 5.45567, 5.90447],
					"cubes": [
						{
							"origin": [2.25, 0.95567, 5.55447],
							"size": [2.5, 5, 2.5],
							"pivot": [3.5, 3.45567, 6.80447],
							"rotation": [22.5, 0, 0],
							"uv": {
								"north": {"uv": [11, 39], "uv_size": [-3, 5]},
								"east": {"uv": [51, 48], "uv_size": [-2, 5]},
								"south": {"uv": [41, 39], "uv_size": [-3, 5]},
								"west": {"uv": [40, 49], "uv_size": [-2, 5]},
								"up": {"uv": [57, 44], "uv_size": [-3, 2]},
								"down": {"uv": [49, 56], "uv_size": [-3, -2]}
							}
						}
					]
				},
				{
					"name": "sole_left",
					"parent": "legfore_left",
					"pivot": [3.5, 1.24652, 7.75563],
					"cubes": [
						{
							"origin": [2, 0.00567, 5.05447],
							"size": [3, 2, 4],
							"uv": {
								"north": {"uv": [53, 54], "uv_size": [-3, 2]},
								"east": {"uv": [57, 25], "uv_size": [-4, 2]},
								"south": {"uv": [57, 54], "uv_size": [-3, 2]},
								"west": {"uv": [57, 14], "uv_size": [-4, 2]},
								"up": {"uv": [48, 12], "uv_size": [-3, 4]},
								"down": {"uv": [48, 21], "uv_size": [-3, -4]}
							}
						},
						{
							"origin": [1.75, 0.18738, 3.4568],
							"size": [3.5, 2.2, 2],
							"pivot": [3.5, 1.28738, 4.4568],
							"rotation": [-20, 0, 0],
							"uv": {
								"north": {"uv": [57, 28], "uv_size": [-4, 2]},
								"east": {"uv": [52, 57], "uv_size": [-2, 2]},
								"south": {"uv": [57, 35], "uv_size": [-4, 2]},
								"west": {"uv": [59, 47], "uv_size": [-2, 2]},
								"up": {"uv": [45, 53], "uv_size": [-4, 2]},
								"down": {"uv": [4, 56], "uv_size": [-4, -2]}
							}
						}
					]
				},
				{
					"name": "leg_right",
					"parent": "root",
					"pivot": [-3.5, 9, 6],
					"cubes": [
						{
							"origin": [-5, 5, 4],
							"size": [3, 6, 4],
							"uv": {
								"north": {"uv": [38, 32], "uv_size": [3, 6]},
								"east": {"uv": [10, 32], "uv_size": [4, 6]},
								"south": {"uv": [0, 39], "uv_size": [3, 6]},
								"west": {"uv": [34, 0], "uv_size": [4, 6]},
								"up": {"uv": [45, 7], "uv_size": [3, 4]},
								"down": {"uv": [8, 49], "uv_size": [3, -4]}
							}
						}
					]
				},
				{
					"name": "legfore_right",
					"parent": "leg_right",
					"pivot": [-3.5, 5.45567, 5.90447],
					"cubes": [
						{
							"origin": [-4.75, 0.95567, 5.55447],
							"size": [2.5, 5, 2.5],
							"pivot": [-3.5, 3.45567, 6.80447],
							"rotation": [22.5, 0, 0],
							"uv": {
								"north": {"uv": [8, 39], "uv_size": [3, 5]},
								"east": {"uv": [38, 49], "uv_size": [2, 5]},
								"south": {"uv": [38, 39], "uv_size": [3, 5]},
								"west": {"uv": [49, 48], "uv_size": [2, 5]},
								"up": {"uv": [54, 44], "uv_size": [3, 2]},
								"down": {"uv": [46, 56], "uv_size": [3, -2]}
							}
						}
					]
				},
				{
					"name": "sole_right",
					"parent": "legfore_right",
					"pivot": [-3.5, 1.24652, 7.75563],
					"cubes": [
						{
							"origin": [-5, 0.00567, 5.05447],
							"size": [3, 2, 4],
							"uv": {
								"north": {"uv": [50, 54], "uv_size": [3, 2]},
								"east": {"uv": [53, 14], "uv_size": [4, 2]},
								"south": {"uv": [54, 54], "uv_size": [3, 2]},
								"west": {"uv": [53, 25], "uv_size": [4, 2]},
								"up": {"uv": [45, 12], "uv_size": [3, 4]},
								"down": {"uv": [45, 21], "uv_size": [3, -4]}
							}
						},
						{
							"origin": [-5.25, 0.18738, 3.4568],
							"size": [3.5, 2.2, 2],
							"pivot": [-3.5, 1.28738, 4.4568],
							"rotation": [-20, 0, 0],
							"uv": {
								"north": {"uv": [53, 28], "uv_size": [4, 2]},
								"east": {"uv": [57, 47], "uv_size": [2, 2]},
								"south": {"uv": [53, 35], "uv_size": [4, 2]},
								"west": {"uv": [50, 57], "uv_size": [2, 2]},
								"up": {"uv": [41, 53], "uv_size": [4, 2]},
								"down": {"uv": [0, 56], "uv_size": [4, -2]}
							}
						}
					]
				}
			]
		}
	]
}