{
	"format_version": "1.12.0",
	"minecraft:geometry": [
		{
			"description": {
				"identifier": "geometry.wacky_animals.penguin",
				"texture_width": 128,
				"texture_height": 128,
				"visible_bounds_width": 2,
				"visible_bounds_height": 3.5,
				"visible_bounds_offset": [0, 1.25, 0]
			},
			"bones": [
				{
					"name": "root",
					"pivot": [0, 0, 0]
				},
				{
					"name": "body",
					"parent": "root",
					"pivot": [0, 4.30501, 0.37556],
					"cubes": [
						{
							"origin": [-5, 3, -5],
							"size": [10, 10, 9],
							"uv": {
								"north": {"uv": [0, 0], "uv_size": [10, 10]},
								"east": {"uv": [11, 0], "uv_size": [9, 10]},
								"south": {"uv": [0, 11], "uv_size": [10, 10]},
								"west": {"uv": [11, 11], "uv_size": [9, 10]},
								"up": {"uv": [21, 0], "uv_size": [10, 9]},
								"down": {"uv": [21, 19], "uv_size": [10, -9]}
							}
						},
						{
							"origin": [-4.5, 1.5687, -4.45072],
							"size": [9, 5, 8.75],
							"pivot": [0, 4.0687, -0.07572],
							"rotation": [-17.5, 0, 0],
							"uv": {
								"north": {"uv": [38, 24], "uv_size": [9, 5]},
								"east": {"uv": [31, 39], "uv_size": [9, 5]},
								"south": {"uv": [40, 30], "uv_size": [9, 5]},
								"west": {"uv": [0, 41], "uv_size": [9, 5]},
								"up": {"uv": [21, 20], "uv_size": [9, 9]},
								"down": {"uv": [0, 31], "uv_size": [9, -9]}
							}
						},
						{
							"origin": [-3.75, 1.16796, 3.65958],
							"size": [7.5, 3, 2.75],
							"pivot": [0, 2.66796, 5.03458],
							"rotation": [-7.5, 0, 0],
							"uv": {
								"north": {"uv": [46, 20], "uv_size": [8, 3]},
								"east": {"uv": [32, 16], "uv_size": [3, 3]},
								"south": {"uv": [48, 24], "uv_size": [8, 3]},
								"west": {"uv": [52, 6], "uv_size": [3, 3]},
								"up": {"uv": [48, 36], "uv_size": [8, 3]},
								"down": {"uv": [48, 43], "uv_size": [8, -3]}
							}
						}
					]
				},
				{
					"name": "body2",
					"parent": "body",
					"pivot": [0, 12.89419, -0.89054],
					"cubes": [
						{
							"origin": [-4, 13, -3.5],
							"size": [8, 7, 7],
							"uv": {
								"north": {"uv": [31, 31], "uv_size": [8, 7]},
								"east": {"uv": [9, 33], "uv_size": [7, 7]},
								"south": {"uv": [0, 32], "uv_size": [8, 7]},
								"west": {"uv": [38, 16], "uv_size": [7, 7]},
								"up": {"uv": [32, 0], "uv_size": [8, 7]},
								"down": {"uv": [32, 15], "uv_size": [8, -7]}
							}
						},
						{
							"origin": [-3.5, 12.53837, -4.08107],
							"size": [7, 5.5, 3],
							"pivot": [0, 15.28837, -2.58107],
							"rotation": [-10, 0, 0],
							"uv": {
								"north": {"uv": [41, 0], "uv_size": [7, 6]},
								"east": {"uv": [17, 22], "uv_size": [3, 6]},
								"south": {"uv": [41, 7], "uv_size": [7, 6]},
								"west": {"uv": [48, 48], "uv_size": [3, 6]},
								"up": {"uv": [23, 48], "uv_size": [7, 3]},
								"down": {"uv": [48, 47], "uv_size": [7, -3]}
							}
						}
					]
				},
				{
					"name": "head",
					"parent": "body2",
					"pivot": [0, 20.0125, 0.05],
					"cubes": [
						{
							"origin": [-3, 20, -3],
							"size": [6, 5, 6],
							"uv": {
								"north": {"uv": [41, 43], "uv_size": [6, 5]},
								"east": {"uv": [31, 45], "uv_size": [6, 5]},
								"south": {"uv": [46, 14], "uv_size": [6, 5]},
								"west": {"uv": [0, 47], "uv_size": [6, 5]},
								"up": {"uv": [10, 41], "uv_size": [6, 6]},
								"down": {"uv": [17, 47], "uv_size": [6, -6]}
							}
						},
						{
							"origin": [1.20568, 22.4, -3.81749],
							"size": [1.25, 2, 2.25],
							"pivot": [1.83068, 23.4, -2.56749],
							"rotation": [0, -92.5, 0],
							"uv": {
								"north": {"uv": [58, 0], "uv_size": [1, 2]},
								"east": {"uv": [53, 56], "uv_size": [2, 2]},
								"south": {"uv": [58, 3], "uv_size": [1, 2]},
								"west": {"uv": [56, 56], "uv_size": [2, 2]},
								"up": {"uv": [6, 58], "uv_size": [1, 2]},
								"down": {"uv": [8, 60], "uv_size": [1, -2]}
							}
						},
						{
							"origin": [1.20568, 22.4, -3.81749],
							"size": [1.25, 2, 2.25],
							"inflate": 0.2,
							"pivot": [1.83068, 23.4, -2.56749],
							"rotation": [0, -92.5, 0],
							"uv": {
								"north": {"uv": [36, 16], "uv_size": [1, 2]},
								"east": {"uv": [56, 44], "uv_size": [2, 2]},
								"south": {"uv": [57, 30], "uv_size": [1, 2]},
								"west": {"uv": [50, 56], "uv_size": [2, 2]},
								"up": {"uv": [57, 36], "uv_size": [1, 2]},
								"down": {"uv": [57, 41], "uv_size": [1, -2]}
							}
						},
						{
							"origin": [-2.45568, 22.4, -3.81749],
							"size": [1.25, 2, 2.25],
							"inflate": 0.2,
							"pivot": [-1.83068, 23.4, -2.56749],
							"rotation": [0, 92.5, 0],
							"uv": {
								"north": {"uv": [18, 58], "uv_size": [1, 2]},
								"east": {"uv": [57, 22], "uv_size": [2, 2]},
								"south": {"uv": [58, 19], "uv_size": [1, 2]},
								"west": {"uv": [57, 25], "uv_size": [2, 2]},
								"up": {"uv": [20, 58], "uv_size": [1, 2]},
								"down": {"uv": [22, 60], "uv_size": [1, -2]}
							}
						},
						{
							"origin": [-2.45568, 22.4, -3.81749],
							"size": [1.25, 2, 2.25],
							"pivot": [-1.83068, 23.4, -2.56749],
							"rotation": [0, 92.5, 0],
							"uv": {
								"north": {"uv": [10, 58], "uv_size": [1, 2]},
								"east": {"uv": [0, 57], "uv_size": [2, 2]},
								"south": {"uv": [12, 58], "uv_size": [1, 2]},
								"west": {"uv": [3, 57], "uv_size": [2, 2]},
								"up": {"uv": [14, 58], "uv_size": [1, 2]},
								"down": {"uv": [16, 60], "uv_size": [1, -2]}
							}
						},
						{
							"origin": [-2.75, 23.74583, -2.83488],
							"size": [5.5, 2, 5.5],
							"pivot": [0, 24.74583, -0.08488],
							"rotation": [15, 0, 0],
							"uv": {
								"north": {"uv": [49, 10], "uv_size": [6, 2]},
								"east": {"uv": [50, 28], "uv_size": [6, 2]},
								"south": {"uv": [50, 31], "uv_size": [6, 2]},
								"west": {"uv": [31, 51], "uv_size": [6, 2]},
								"up": {"uv": [24, 41], "uv_size": [6, 6]},
								"down": {"uv": [41, 42], "uv_size": [6, -6]}
							}
						},
						{
							"origin": [-1, 21, -8],
							"size": [2, 1.25, 5],
							"uv": {
								"north": {"uv": [41, 14], "uv_size": [2, 1]},
								"east": {"uv": [50, 34], "uv_size": [5, 1]},
								"south": {"uv": [56, 15], "uv_size": [2, 1]},
								"west": {"uv": [53, 17], "uv_size": [5, 1]},
								"up": {"uv": [52, 0], "uv_size": [2, 5]},
								"down": {"uv": [23, 57], "uv_size": [2, -5]}
							}
						}
					]
				},
				{
					"name": "jaw",
					"parent": "head",
					"pivot": [0, 20.8, -3.075],
					"cubes": [
						{
							"origin": [-0.75, 20.5, -7.75],
							"size": [1.5, 1, 4.75],
							"uv": {
								"north": {"uv": [56, 34], "uv_size": [2, 1]},
								"east": {"uv": [32, 54], "uv_size": [5, 1]},
								"south": {"uv": [57, 28], "uv_size": [2, 1]},
								"west": {"uv": [52, 54], "uv_size": [5, 1]},
								"up": {"uv": [26, 52], "uv_size": [2, 5]},
								"down": {"uv": [52, 53], "uv_size": [2, -5]}
							}
						}
					]
				},
				{
					"name": "arm_left",
					"parent": "body2",
					"pivot": [4.25, 16.5, 0],
					"cubes": [
						{
							"origin": [3.25, 8, -1.5],
							"size": [2, 9, 3],
							"uv": {
								"north": {"uv": [38, 45], "uv_size": [2, 9]},
								"east": {"uv": [7, 48], "uv_size": [3, 9]},
								"south": {"uv": [49, 0], "uv_size": [2, 9]},
								"west": {"uv": [11, 48], "uv_size": [3, 9]},
								"up": {"uv": [0, 53], "uv_size": [2, 3]},
								"down": {"uv": [3, 56], "uv_size": [2, -3]}
							}
						}
					]
				},
				{
					"name": "arm_right",
					"parent": "body2",
					"pivot": [-4.25, 16.5, 0],
					"cubes": [
						{
							"origin": [-5.25, 8, -1.5],
							"size": [2, 9, 3],
							"uv": {
								"north": {"uv": [41, 49], "uv_size": [2, 9]},
								"east": {"uv": [15, 48], "uv_size": [3, 9]},
								"south": {"uv": [44, 49], "uv_size": [2, 9]},
								"west": {"uv": [19, 48], "uv_size": [3, 9]},
								"up": {"uv": [53, 13], "uv_size": [2, 3]},
								"down": {"uv": [29, 57], "uv_size": [2, -3]}
							}
						}
					]
				},
				{
					"name": "sole_right",
					"parent": "body",
					"pivot": [-3, 2.5, -1],
					"cubes": [
						{
							"origin": [-4, 0, -1],
							"size": [2, 2, 2],
							"uv": {
								"north": {"uv": [57, 0], "uv_size": [-2, 2]},
								"east": {"uv": [40, 55], "uv_size": [-2, 2]},
								"south": {"uv": [57, 19], "uv_size": [-2, 2]},
								"west": {"uv": [57, 3], "uv_size": [-2, 2]},
								"up": {"uv": [49, 55], "uv_size": [-2, 2]},
								"down": {"uv": [57, 50], "uv_size": [-2, -2]}
							}
						}
					]
				},
				{
					"name": "sole_right2",
					"parent": "sole_right",
					"pivot": [-3, 0, -1],
					"cubes": [
						{
							"origin": [-6, 0, -11],
							"size": [6, 0, 10],
							"uv": {
								"north": {"uv": [6, 40], "uv_size": [-6, 0]},
								"east": {"uv": [67, 42], "uv_size": [-10, 0]},
								"south": {"uv": [63, 33], "uv_size": [-6, 0]},
								"west": {"uv": [66, 47], "uv_size": [-10, 0]},
								"up": {"uv": [16, 22], "uv_size": [-6, 10]},
								"down": {"uv": [23, 40], "uv_size": [-6, -10]}
							}
						}
					]
				},
				{
					"name": "sole_left",
					"parent": "body",
					"pivot": [3, 2.5, -1],
					"cubes": [
						{
							"origin": [2, 0, -1],
							"size": [2, 2, 2],
							"uv": {
								"north": {"uv": [55, 0], "uv_size": [2, 2]},
								"east": {"uv": [55, 3], "uv_size": [2, 2]},
								"south": {"uv": [55, 19], "uv_size": [2, 2]},
								"west": {"uv": [38, 55], "uv_size": [2, 2]},
								"up": {"uv": [47, 55], "uv_size": [2, 2]},
								"down": {"uv": [55, 50], "uv_size": [2, -2]}
							}
						}
					]
				},
				{
					"name": "sole_left2",
					"parent": "sole_left",
					"pivot": [3, 0, -1],
					"cubes": [
						{
							"origin": [0, 0, -11],
							"size": [6, 0, 10],
							"uv": {
								"north": {"uv": [0, 40], "uv_size": [6, 0]},
								"east": {"uv": [56, 47], "uv_size": [10, 0]},
								"south": {"uv": [57, 33], "uv_size": [6, 0]},
								"west": {"uv": [57, 42], "uv_size": [10, 0]},
								"up": {"uv": [10, 22], "uv_size": [6, 10]},
								"down": {"uv": [17, 40], "uv_size": [6, -10]}
							}
						}
					]
				}
			]
		}
	]
}