{
	"format_version": "1.12.0",
	"minecraft:geometry": [
		{
			"description": {
				"identifier": "geometry.wacky_animals.raccoon",
				"texture_width": 64,
				"texture_height": 64,
				"visible_bounds_width": 4,
				"visible_bounds_height": 2.5,
				"visible_bounds_offset": [0, 0.75, 0]
			},
			"bones": [
				{
					"name": "root",
					"pivot": [0, 0, 0]
				},
				{
					"name": "waist",
					"parent": "root",
					"pivot": [0, 8.6, 5],
					"cubes": [
						{
							"origin": [-4, 5.1, -1],
							"size": [8, 7, 9],
							"uv": {
								"north": {"uv": [0, 18], "uv_size": [8, 7]},
								"east": {"uv": [0, 10], "uv_size": [9, 7]},
								"south": {"uv": [18, 0], "uv_size": [8, 7]},
								"west": {"uv": [10, 10], "uv_size": [9, 7]},
								"up": {"uv": [0, 0], "uv_size": [8, 9]},
								"down": {"uv": [9, 9], "uv_size": [8, -9]}
							}
						}
					]
				},
				{
					"name": "body",
					"parent": "waist",
					"pivot": [0, 8.6, -0.5],
					"cubes": [
						{
							"origin": [-3, 5.85, -7],
							"size": [6, 5.5, 7],
							"uv": {
								"north": {"uv": [33, 27], "uv_size": [6, 5]},
								"east": {"uv": [32, 21], "uv_size": [7, 5]},
								"south": {"uv": [33, 33], "uv_size": [6, 5]},
								"west": {"uv": [25, 32], "uv_size": [7, 5]},
								"up": {"uv": [9, 18], "uv_size": [6, 7]},
								"down": {"uv": [16, 25], "uv_size": [6, -7]}
							}
						}
					]
				},
				{
					"name": "head",
					"parent": "body",
					"pivot": [0, 8.06458, -6.717],
					"cubes": [
						{
							"origin": [-3.5, 6.5, -10.75],
							"size": [7, 6, 4.75],
							"uv": {
								"north": {"uv": [4, 26], "uv_size": [7, 6]},
								"east": {"uv": [35, 5], "uv_size": [5, 6]},
								"south": {"uv": [12, 26], "uv_size": [7, 6]},
								"west": {"uv": [38, 12], "uv_size": [5, 6]},
								"up": {"uv": [4, 33], "uv_size": [7, 5]},
								"down": {"uv": [12, 38], "uv_size": [7, -5]}
							}
						},
						{
							"origin": [1.84127, 9.9, -11.49707],
							"size": [1.25, 2, 2.5],
							"pivot": [2.46627, 10.4, -10.24707],
							"rotation": [0, -92.5, 0],
							"uv": {
								"north": {"uv": [48, 56], "uv_size": [1, 2]},
								"east": {"uv": [45, 53], "uv_size": [2, 2]},
								"south": {"uv": [50, 56], "uv_size": [1, 2]},
								"west": {"uv": [48, 53], "uv_size": [2, 2]},
								"up": {"uv": [52, 56], "uv_size": [1, 2]},
								"down": {"uv": [56, 54], "uv_size": [1, -2]}
							}
						},
						{
							"origin": [1.84127, 9.9, -11.49707],
							"size": [1.25, 2, 2.5],
							"inflate": 0.2,
							"pivot": [2.46627, 10.4, -10.24707],
							"rotation": [0, -92.5, 0],
							"uv": {
								"north": {"uv": [35, 56], "uv_size": [1, 2]},
								"east": {"uv": [53, 39], "uv_size": [2, 2]},
								"south": {"uv": [42, 56], "uv_size": [1, 2]},
								"west": {"uv": [42, 53], "uv_size": [2, 2]},
								"up": {"uv": [44, 56], "uv_size": [1, 2]},
								"down": {"uv": [46, 58], "uv_size": [1, -2]}
							}
						},
						{
							"origin": [-3.09127, 9.9, -11.49707],
							"size": [1.25, 2, 2.5],
							"inflate": 0.2,
							"pivot": [-2.46627, 10.4, -10.24707],
							"rotation": [0, 92.5, 0],
							"uv": {
								"north": {"uv": [4, 57], "uv_size": [1, 2]},
								"east": {"uv": [54, 0], "uv_size": [2, 2]},
								"south": {"uv": [57, 12], "uv_size": [1, 2]},
								"west": {"uv": [3, 54], "uv_size": [2, 2]},
								"up": {"uv": [57, 15], "uv_size": [1, 2]},
								"down": {"uv": [57, 20], "uv_size": [1, -2]}
							}
						},
						{
							"origin": [-3.09127, 9.9, -11.49707],
							"size": [1.25, 2, 2.5],
							"pivot": [-2.46627, 10.4, -10.24707],
							"rotation": [0, 92.5, 0],
							"uv": {
								"north": {"uv": [0, 57], "uv_size": [1, 2]},
								"east": {"uv": [51, 53], "uv_size": [2, 2]},
								"south": {"uv": [57, 0], "uv_size": [1, 2]},
								"west": {"uv": [0, 54], "uv_size": [2, 2]},
								"up": {"uv": [2, 57], "uv_size": [1, 2]},
								"down": {"uv": [57, 5], "uv_size": [1, -2]}
							}
						},
						{
							"origin": [-1.5, 8, -14.5],
							"size": [3, 2, 3.75],
							"uv": {
								"north": {"uv": [50, 44], "uv_size": [3, 2]},
								"east": {"uv": [27, 5], "uv_size": [4, 2]},
								"south": {"uv": [0, 51], "uv_size": [3, 2]},
								"west": {"uv": [48, 33], "uv_size": [4, 2]},
								"up": {"uv": [44, 11], "uv_size": [3, 4]},
								"down": {"uv": [44, 20], "uv_size": [3, -4]}
							}
						},
						{
							"origin": [1.82154, 11.95834, -7.87386],
							"size": [2.5, 2.5, 0],
							"pivot": [3.07154, 13.20834, -7.87386],
							"rotation": [-5.38152, -19.291, 15.91527],
							"uv": {
								"north": {"uv": [50, 36], "uv_size": [2, 3]},
								"east": {"uv": [32, 27], "uv_size": [0, 3]},
								"south": {"uv": [50, 40], "uv_size": [2, 3]},
								"west": {"uv": [41, 44], "uv_size": [0, 3]},
								"up": {"uv": [41, 11], "uv_size": [2, 0]},
								"down": {"uv": [28, 44], "uv_size": [2, 0]}
							}
						},
						{
							"origin": [-4.32154, 11.95834, -7.87386],
							"size": [2.5, 2.5, 0],
							"pivot": [-3.07154, 13.20834, -7.87386],
							"rotation": [-5.38152, 19.291, -15.91527],
							"uv": {
								"north": {"uv": [51, 0], "uv_size": [2, 3]},
								"east": {"uv": [19, 49], "uv_size": [0, 3]},
								"south": {"uv": [51, 13], "uv_size": [2, 3]},
								"west": {"uv": [35, 49], "uv_size": [0, 3]},
								"up": {"uv": [49, 8], "uv_size": [2, 0]},
								"down": {"uv": [56, 41], "uv_size": [2, 0]}
							}
						}
					]
				},
				{
					"name": "jaw",
					"parent": "head",
					"pivot": [0, 7.5, -10.525],
					"cubes": [
						{
							"origin": [-1.5, 7, -14.5],
							"size": [3, 1, 3.75],
							"uv": {
								"north": {"uv": [54, 48], "uv_size": [3, 1]},
								"east": {"uv": [37, 53], "uv_size": [4, 1]},
								"south": {"uv": [54, 50], "uv_size": [3, 1]},
								"west": {"uv": [53, 37], "uv_size": [4, 1]},
								"up": {"uv": [44, 21], "uv_size": [3, 4]},
								"down": {"uv": [24, 48], "uv_size": [3, -4]}
							}
						}
					]
				},
				{
					"name": "arm_left",
					"parent": "body",
					"pivot": [3, 7.43765, -3.48374],
					"cubes": [
						{
							"origin": [2, 4.5, -5.25],
							"size": [2, 4, 3],
							"uv": {
								"north": {"uv": [38, 48], "uv_size": [-2, 4]},
								"east": {"uv": [47, 31], "uv_size": [-3, 4]},
								"south": {"uv": [41, 48], "uv_size": [-2, 4]},
								"west": {"uv": [47, 26], "uv_size": [-3, 4]},
								"up": {"uv": [53, 17], "uv_size": [-2, 3]},
								"down": {"uv": [53, 24], "uv_size": [-2, -3]}
							}
						}
					]
				},
				{
					"name": "armfore_left",
					"parent": "arm_left",
					"pivot": [3, 4.86295, -3.53354],
					"cubes": [
						{
							"origin": [2.1, 0.92843, -5.1607],
							"size": [1.8, 4.25, 1.75],
							"pivot": [3, 3.17843, -4.2857],
							"rotation": [-22.5, 0, 0],
							"uv": {
								"north": {"uv": [44, 48], "uv_size": [-2, 4]},
								"east": {"uv": [6, 49], "uv_size": [-2, 4]},
								"south": {"uv": [50, 48], "uv_size": [-2, 4]},
								"west": {"uv": [47, 48], "uv_size": [-2, 4]},
								"up": {"uv": [56, 13], "uv_size": [-2, 2]},
								"down": {"uv": [56, 18], "uv_size": [-2, -2]}
							}
						}
					]
				},
				{
					"name": "hand_left",
					"parent": "armfore_left",
					"pivot": [3, 0.85, -5.16767],
					"cubes": [
						{
							"origin": [1.85, 0, -6.59267],
							"size": [2.3, 1.5, 2.45],
							"uv": {
								"north": {"uv": [56, 19], "uv_size": [-2, 2]},
								"east": {"uv": [56, 28], "uv_size": [-2, 2]},
								"south": {"uv": [56, 25], "uv_size": [-2, 2]},
								"west": {"uv": [56, 22], "uv_size": [-2, 2]},
								"up": {"uv": [56, 42], "uv_size": [-2, 2]},
								"down": {"uv": [56, 47], "uv_size": [-2, -2]}
							}
						}
					]
				},
				{
					"name": "arm_right",
					"parent": "body",
					"pivot": [-3, 7.43765, -3.48374],
					"cubes": [
						{
							"origin": [-4, 4.5, -5.25],
							"size": [2, 4, 3],
							"uv": {
								"north": {"uv": [36, 48], "uv_size": [2, 4]},
								"east": {"uv": [44, 26], "uv_size": [3, 4]},
								"south": {"uv": [39, 48], "uv_size": [2, 4]},
								"west": {"uv": [44, 31], "uv_size": [3, 4]},
								"up": {"uv": [51, 17], "uv_size": [2, 3]},
								"down": {"uv": [51, 24], "uv_size": [2, -3]}
							}
						}
					]
				},
				{
					"name": "armfore_right",
					"parent": "arm_right",
					"pivot": [-3, 4.86295, -3.53354],
					"cubes": [
						{
							"origin": [-3.9, 0.92843, -5.1607],
							"size": [1.8, 4.25, 1.75],
							"pivot": [-3, 3.17843, -4.2857],
							"rotation": [-22.5, 0, 0],
							"uv": {
								"north": {"uv": [42, 48], "uv_size": [2, 4]},
								"east": {"uv": [45, 48], "uv_size": [2, 4]},
								"south": {"uv": [48, 48], "uv_size": [2, 4]},
								"west": {"uv": [4, 49], "uv_size": [2, 4]},
								"up": {"uv": [54, 13], "uv_size": [2, 2]},
								"down": {"uv": [54, 18], "uv_size": [2, -2]}
							}
						}
					]
				},
				{
					"name": "hand_right",
					"parent": "armfore_right",
					"pivot": [-3, 0.85, -5.16767],
					"cubes": [
						{
							"origin": [-4.15, 0, -6.59267],
							"size": [2.3, 1.5, 2.45],
							"uv": {
								"north": {"uv": [54, 19], "uv_size": [2, 2]},
								"east": {"uv": [54, 22], "uv_size": [2, 2]},
								"south": {"uv": [54, 25], "uv_size": [2, 2]},
								"west": {"uv": [54, 28], "uv_size": [2, 2]},
								"up": {"uv": [54, 42], "uv_size": [2, 2]},
								"down": {"uv": [54, 47], "uv_size": [2, -2]}
							}
						}
					]
				},
				{
					"name": "tail1",
					"parent": "waist",
					"pivot": [0, 9.1, 7.75],
					"cubes": [
						{
							"origin": [-2, 7.1, 9.25],
							"size": [4, 4, 10],
							"uv": {
								"north": {"uv": [38, 0], "uv_size": [4, 4]},
								"east": {"uv": [27, 0], "uv_size": [10, 4]},
								"south": {"uv": [37, 39], "uv_size": [4, 4]},
								"west": {"uv": [27, 16], "uv_size": [10, 4]},
								"up": {"uv": [27, 21], "uv_size": [4, 10]},
								"down": {"uv": [20, 41], "uv_size": [4, -10]}
							}
						},
						{
							"origin": [-1.25, 7.6, 7.25],
							"size": [2.5, 3, 14],
							"uv": {
								"north": {"uv": [37, 44], "uv_size": [3, 3]},
								"east": {"uv": [20, 8], "uv_size": [14, 3]},
								"south": {"uv": [4, 45], "uv_size": [3, 3]},
								"west": {"uv": [20, 12], "uv_size": [14, 3]},
								"up": {"uv": [23, 16], "uv_size": [3, 14]},
								"down": {"uv": [0, 40], "uv_size": [3, -14]}
							}
						}
					]
				},
				{
					"name": "leg_left",
					"parent": "root",
					"pivot": [3.5, 7.56183, 4.66109],
					"cubes": [
						{
							"origin": [2, 4.75, 2.25],
							"size": [3, 5, 5],
							"uv": {
								"north": {"uv": [3, 41], "uv_size": [-3, 5]},
								"east": {"uv": [36, 39], "uv_size": [-5, 5]},
								"south": {"uv": [44, 5], "uv_size": [-3, 5]},
								"west": {"uv": [15, 39], "uv_size": [-5, 5]},
								"up": {"uv": [23, 42], "uv_size": [-3, 5]},
								"down": {"uv": [45, 42], "uv_size": [-3, -5]}
							}
						},
						{
							"origin": [2.1, 3.69491, 3.41733],
							"size": [2.8, 2.5, 2.75],
							"inflate": -0.01,
							"pivot": [3.5, 4.94491, 4.79233],
							"rotation": [-35, 0, 0],
							"uv": {
								"north": {"uv": [49, 36], "uv_size": [-3, 3]},
								"east": {"uv": [3, 47], "uv_size": [-3, 3]},
								"south": {"uv": [49, 44], "uv_size": [-3, 3]},
								"west": {"uv": [49, 40], "uv_size": [-3, 3]},
								"up": {"uv": [50, 0], "uv_size": [-3, 3]},
								"down": {"uv": [51, 12], "uv_size": [-3, -3]}
							}
						}
					]
				},
				{
					"name": "legfore_left",
					"parent": "leg_left",
					"pivot": [3.5, 4.1503, 5.13753],
					"cubes": [
						{
							"origin": [2.45, 2.1653, 4.26253],
							"size": [2.1, 2.75, 1.75],
							"inflate": -0.01,
							"uv": {
								"north": {"uv": [15, 49], "uv_size": [-2, 3]},
								"east": {"uv": [28, 49], "uv_size": [-2, 3]},
								"south": {"uv": [25, 49], "uv_size": [-2, 3]},
								"west": {"uv": [18, 49], "uv_size": [-2, 3]},
								"up": {"uv": [9, 53], "uv_size": [-2, 2]},
								"down": {"uv": [12, 55], "uv_size": [-2, -2]}
							}
						},
						{
							"origin": [2.7, 0.6853, 4.51253],
							"size": [1.6, 1.75, 1.25],
							"inflate": -0.01,
							"uv": {
								"north": {"uv": [54, 7], "uv_size": [-2, 2]},
								"east": {"uv": [16, 56], "uv_size": [-1, 2]},
								"south": {"uv": [54, 10], "uv_size": [-2, 2]},
								"west": {"uv": [41, 55], "uv_size": [-1, 2]},
								"up": {"uv": [19, 56], "uv_size": [-2, 1]},
								"down": {"uv": [22, 57], "uv_size": [-2, -1]}
							}
						}
					]
				},
				{
					"name": "sole_left",
					"parent": "legfore_left",
					"pivot": [3.5, 0.56531, 5.20632],
					"cubes": [
						{
							"origin": [2.6, 0, 4.01253],
							"size": [1.8, 1, 1.85],
							"inflate": -0.01,
							"uv": {
								"north": {"uv": [25, 56], "uv_size": [-2, 1]},
								"east": {"uv": [58, 31], "uv_size": [-2, 1]},
								"south": {"uv": [31, 56], "uv_size": [-2, 1]},
								"west": {"uv": [28, 56], "uv_size": [-2, 1]},
								"up": {"uv": [15, 53], "uv_size": [-2, 2]},
								"down": {"uv": [18, 55], "uv_size": [-2, -2]}
							}
						},
						{
							"origin": [2.5, 0.08062, 3.10011],
							"size": [2, 1.1, 1.15],
							"inflate": -0.01,
							"pivot": [0, 0.63062, 3.67511],
							"rotation": [-15, 0, 0],
							"uv": {
								"north": {"uv": [34, 56], "uv_size": [-2, 1]},
								"east": {"uv": [52, 31], "uv_size": [-1, 1]},
								"south": {"uv": [58, 33], "uv_size": [-2, 1]},
								"west": {"uv": [41, 37], "uv_size": [-1, 1]},
								"up": {"uv": [58, 35], "uv_size": [-2, 1]},
								"down": {"uv": [58, 40], "uv_size": [-2, -1]}
							}
						}
					]
				},
				{
					"name": "leg_right",
					"parent": "root",
					"pivot": [-3.5, 7.56183, 4.66109],
					"cubes": [
						{
							"origin": [-5, 4.75, 2.25],
							"size": [3, 5, 5],
							"uv": {
								"north": {"uv": [0, 41], "uv_size": [3, 5]},
								"east": {"uv": [10, 39], "uv_size": [5, 5]},
								"south": {"uv": [41, 5], "uv_size": [3, 5]},
								"west": {"uv": [31, 39], "uv_size": [5, 5]},
								"up": {"uv": [20, 42], "uv_size": [3, 5]},
								"down": {"uv": [42, 42], "uv_size": [3, -5]}
							}
						},
						{
							"origin": [-4.9, 3.69491, 3.41733],
							"size": [2.8, 2.5, 2.75],
							"inflate": -0.01,
							"pivot": [-3.5, 4.94491, 4.79233],
							"rotation": [-35, 0, 0],
							"uv": {
								"north": {"uv": [46, 36], "uv_size": [3, 3]},
								"east": {"uv": [46, 40], "uv_size": [3, 3]},
								"south": {"uv": [46, 44], "uv_size": [3, 3]},
								"west": {"uv": [0, 47], "uv_size": [3, 3]},
								"up": {"uv": [47, 0], "uv_size": [3, 3]},
								"down": {"uv": [48, 12], "uv_size": [3, -3]}
							}
						}
					]
				},
				{
					"name": "legfore_right",
					"parent": "leg_right",
					"pivot": [-3.5, 4.1503, 5.13753],
					"cubes": [
						{
							"origin": [-4.55, 2.1653, 4.26253],
							"size": [2.1, 2.75, 1.75],
							"inflate": -0.01,
							"uv": {
								"north": {"uv": [13, 49], "uv_size": [2, 3]},
								"east": {"uv": [16, 49], "uv_size": [2, 3]},
								"south": {"uv": [23, 49], "uv_size": [2, 3]},
								"west": {"uv": [26, 49], "uv_size": [2, 3]},
								"up": {"uv": [7, 53], "uv_size": [2, 2]},
								"down": {"uv": [10, 55], "uv_size": [2, -2]}
							}
						},
						{
							"origin": [-4.3, 0.6853, 4.51253],
							"size": [1.6, 1.75, 1.25],
							"inflate": -0.01,
							"uv": {
								"north": {"uv": [52, 7], "uv_size": [2, 2]},
								"east": {"uv": [40, 55], "uv_size": [1, 2]},
								"south": {"uv": [52, 10], "uv_size": [2, 2]},
								"west": {"uv": [15, 56], "uv_size": [1, 2]},
								"up": {"uv": [17, 56], "uv_size": [2, 1]},
								"down": {"uv": [20, 57], "uv_size": [2, -1]}
							}
						}
					]
				},
				{
					"name": "sole_right",
					"parent": "legfore_right",
					"pivot": [-3.5, 0.56531, 5.20632],
					"cubes": [
						{
							"origin": [-4.4, 0, 4.01253],
							"size": [1.8, 1, 1.85],
							"inflate": -0.01,
							"uv": {
								"north": {"uv": [23, 56], "uv_size": [2, 1]},
								"east": {"uv": [26, 56], "uv_size": [2, 1]},
								"south": {"uv": [29, 56], "uv_size": [2, 1]},
								"west": {"uv": [56, 31], "uv_size": [2, 1]},
								"up": {"uv": [13, 53], "uv_size": [2, 2]},
								"down": {"uv": [16, 55], "uv_size": [2, -2]}
							}
						},
						{
							"origin": [-4.5, 0.08062, 3.10011],
							"size": [2, 1.1, 1.15],
							"inflate": -0.01,
							"pivot": [0, 0.63062, 3.67511],
							"rotation": [-15, 0, 0],
							"uv": {
								"north": {"uv": [32, 56], "uv_size": [2, 1]},
								"east": {"uv": [40, 37], "uv_size": [1, 1]},
								"south": {"uv": [56, 33], "uv_size": [2, 1]},
								"west": {"uv": [51, 31], "uv_size": [1, 1]},
								"up": {"uv": [56, 35], "uv_size": [2, 1]},
								"down": {"uv": [56, 40], "uv_size": [2, -1]}
							}
						}
					]
				}
			]
		}
	]
}