{
	"format_version": "1.12.0",
	"minecraft:geometry": [
		{
			"description": {
				"identifier": "geometry.wacky_animals.seal",
				"texture_width": 128,
				"texture_height": 128,
				"visible_bounds_width": 6,
				"visible_bounds_height": 2.5,
				"visible_bounds_offset": [0, 0.75, 0]
			},
			"bones": [
				{
					"name": "root",
					"pivot": [0, 0, 0]
				},
				{
					"name": "body",
					"parent": "root",
					"pivot": [0.87388, 4.74336, 1.76377],
					"cubes": [
						{
							"origin": [-6, 0, -8],
							"size": [12, 9.75, 16],
							"uv": {
								"north": {"uv": [26, 0], "uv_size": [12, 10]},
								"east": {"uv": [0, 17], "uv_size": [16, 10]},
								"south": {"uv": [0, 28], "uv_size": [12, 10]},
								"west": {"uv": [17, 17], "uv_size": [16, 10]},
								"up": {"uv": [0, 0], "uv_size": [12, 16]},
								"down": {"uv": [13, 16], "uv_size": [12, -16]}
							}
						}
					]
				},
				{
					"name": "neck",
					"parent": "body",
					"pivot": [0, 4.30551, -7.34956],
					"cubes": [
						{
							"origin": [-5, 0.80551, -12.04956],
							"size": [10, 9, 6],
							"pivot": [0, 5.30551, -9.04956],
							"rotation": [-22.5, 0, 0],
							"uv": {
								"north": {"uv": [13, 28], "uv_size": [10, 9]},
								"east": {"uv": [0, 58], "uv_size": [6, 9]},
								"south": {"uv": [24, 28], "uv_size": [10, 9]},
								"west": {"uv": [26, 58], "uv_size": [6, 9]},
								"up": {"uv": [52, 33], "uv_size": [10, 6]},
								"down": {"uv": [54, 46], "uv_size": [10, -6]}
							}
						}
					]
				},
				{
					"name": "neck2",
					"parent": "neck",
					"pivot": [0, 5.99295, -11.13177],
					"cubes": [
						{
							"origin": [-3.75, 3.29295, -15.53177],
							"size": [7.5, 9, 7],
							"pivot": [0, 7.79295, -12.03177],
							"rotation": [22.5, 0, 0],
							"uv": {
								"north": {"uv": [0, 39], "uv_size": [8, 9]},
								"east": {"uv": [18, 50], "uv_size": [7, 9]},
								"south": {"uv": [30, 41], "uv_size": [8, 9]},
								"west": {"uv": [50, 47], "uv_size": [7, 9]},
								"up": {"uv": [46, 57], "uv_size": [8, 7]},
								"down": {"uv": [55, 64], "uv_size": [8, -7]}
							}
						}
					]
				},
				{
					"name": "head",
					"parent": "neck2",
					"pivot": [0, 12.43926, -13.98415],
					"cubes": [
						{
							"origin": [-3.2, 10, -19],
							"size": [6.4, 6, 6],
							"uv": {
								"north": {"uv": [66, 14], "uv_size": [6, 6]},
								"east": {"uv": [0, 68], "uv_size": [6, 6]},
								"south": {"uv": [7, 68], "uv_size": [6, 6]},
								"west": {"uv": [21, 68], "uv_size": [6, 6]},
								"up": {"uv": [69, 0], "uv_size": [6, 6]},
								"down": {"uv": [69, 13], "uv_size": [6, -6]}
							}
						},
						{
							"origin": [-3.2, 10.95818, -15.08839],
							"size": [6.4, 4.25, 4],
							"inflate": -0.01,
							"pivot": [0, 13.08318, -13.08839],
							"rotation": [-45, 0, 0],
							"uv": {
								"north": {"uv": [73, 14], "uv_size": [6, 4]},
								"east": {"uv": [39, 6], "uv_size": [4, 4]},
								"south": {"uv": [14, 74], "uv_size": [6, 4]},
								"west": {"uv": [31, 75], "uv_size": [4, 4]},
								"up": {"uv": [36, 74], "uv_size": [6, 4]},
								"down": {"uv": [43, 78], "uv_size": [6, -4]}
							}
						},
						{
							"origin": [-13.79432, 13.4, -4.41749],
							"size": [1.25, 2, 2.25],
							"pivot": [1.83068, 23.4, -3.56749],
							"rotation": [0, -92.5, 0],
							"uv": {
								"north": {"uv": [80, 62], "uv_size": [1, 2]},
								"east": {"uv": [56, 3], "uv_size": [2, 2]},
								"south": {"uv": [80, 65], "uv_size": [1, 2]},
								"west": {"uv": [33, 58], "uv_size": [2, 2]},
								"up": {"uv": [80, 68], "uv_size": [1, 2]},
								"down": {"uv": [0, 83], "uv_size": [1, -2]}
							}
						},
						{
							"origin": [-13.79432, 13.4, -4.41749],
							"size": [1.25, 2, 2.25],
							"inflate": 0.2,
							"pivot": [1.83068, 23.4, -3.56749],
							"rotation": [0, -92.5, 0],
							"uv": {
								"north": {"uv": [37, 51], "uv_size": [1, 2]},
								"east": {"uv": [9, 39], "uv_size": [2, 2]},
								"south": {"uv": [63, 35], "uv_size": [1, 2]},
								"west": {"uv": [56, 0], "uv_size": [2, 2]},
								"up": {"uv": [34, 80], "uv_size": [1, 2]},
								"down": {"uv": [53, 82], "uv_size": [1, -2]}
							}
						},
						{
							"origin": [12.54432, 13.4, -4.41749],
							"size": [1.25, 2, 2.25],
							"inflate": 0.2,
							"pivot": [-1.83068, 23.4, -3.56749],
							"rotation": [0, 92.5, 0],
							"uv": {
								"north": {"uv": [10, 81], "uv_size": [1, 2]},
								"east": {"uv": [18, 79], "uv_size": [2, 2]},
								"south": {"uv": [21, 81], "uv_size": [1, 2]},
								"west": {"uv": [31, 80], "uv_size": [2, 2]},
								"up": {"uv": [23, 81], "uv_size": [1, 2]},
								"down": {"uv": [25, 83], "uv_size": [1, -2]}
							}
						},
						{
							"origin": [12.54432, 13.4, -4.41749],
							"size": [1.25, 2, 2.25],
							"pivot": [-1.83068, 23.4, -3.56749],
							"rotation": [0, 92.5, 0],
							"uv": {
								"north": {"uv": [2, 81], "uv_size": [1, 2]},
								"east": {"uv": [11, 75], "uv_size": [2, 2]},
								"south": {"uv": [4, 81], "uv_size": [1, 2]},
								"west": {"uv": [63, 76], "uv_size": [2, 2]},
								"up": {"uv": [6, 81], "uv_size": [1, 2]},
								"down": {"uv": [8, 83], "uv_size": [1, -2]}
							}
						},
						{
							"origin": [-2, 11.25, -24],
							"size": [4, 2, 5],
							"uv": {
								"north": {"uv": [30, 38], "uv_size": [4, 2]},
								"east": {"uv": [80, 12], "uv_size": [5, 2]},
								"south": {"uv": [36, 70], "uv_size": [4, 2]},
								"west": {"uv": [80, 15], "uv_size": [5, 2]},
								"up": {"uv": [24, 44], "uv_size": [4, 5]},
								"down": {"uv": [21, 65], "uv_size": [4, -5]}
							}
						},
						{
							"origin": [-2, 12.55591, -23.92399],
							"size": [4, 1.25, 5],
							"inflate": -0.01,
							"pivot": [0, 13.18091, -21.42399],
							"rotation": [12.5, 0, 0],
							"uv": {
								"north": {"uv": [28, 68], "uv_size": [4, 1]},
								"east": {"uv": [78, 41], "uv_size": [5, 1]},
								"south": {"uv": [48, 80], "uv_size": [4, 1]},
								"west": {"uv": [79, 19], "uv_size": [5, 1]},
								"up": {"uv": [21, 75], "uv_size": [4, 5]},
								"down": {"uv": [26, 80], "uv_size": [4, -5]}
							}
						}
					]
				},
				{
					"name": "jaw",
					"parent": "head",
					"pivot": [0, 10.75, -18.575],
					"cubes": [
						{
							"origin": [-1.75, 10.25, -23.75],
							"size": [3.5, 1, 4.75],
							"uv": {
								"north": {"uv": [41, 63], "uv_size": [4, 1]},
								"east": {"uv": [72, 41], "uv_size": [5, 1]},
								"south": {"uv": [21, 66], "uv_size": [4, 1]},
								"west": {"uv": [73, 19], "uv_size": [5, 1]},
								"up": {"uv": [59, 65], "uv_size": [4, 5]},
								"down": {"uv": [50, 79], "uv_size": [4, -5]}
							}
						}
					]
				},
				{
					"name": "arm_right",
					"parent": "body",
					"pivot": [-5.66241, 1.1, -1.71283],
					"cubes": [
						{
							"origin": [-22, 0.1, -5],
							"size": [16, 2, 5],
							"uv": {
								"north": {"uv": [81, 52], "uv_size": [-16, 2]},
								"east": {"uv": [17, 79], "uv_size": [-5, 2]},
								"south": {"uv": [82, 21], "uv_size": [-16, 2]},
								"west": {"uv": [78, 78], "uv_size": [-5, 2]},
								"up": {"uv": [51, 29], "uv_size": [-16, 5]},
								"down": {"uv": [51, 40], "uv_size": [-16, -5]}
							}
						},
						{
							"origin": [-18.62483, 0.1, -3.42566],
							"size": [14, 2, 5],
							"inflate": -0.01,
							"pivot": [-11.62483, 1.1, -0.92566],
							"rotation": [0, -12.5, 0],
							"uv": {
								"north": {"uv": [84, 30], "uv_size": [-14, 2]},
								"east": {"uv": [47, 79], "uv_size": [-5, 2]},
								"south": {"uv": [85, 43], "uv_size": [-14, 2]},
								"west": {"uv": [41, 79], "uv_size": [-5, 2]},
								"up": {"uv": [53, 41], "uv_size": [-14, 5]},
								"down": {"uv": [23, 49], "uv_size": [-14, -5]}
							}
						}
					]
				},
				{
					"name": "arm_left",
					"parent": "body",
					"pivot": [5.66241, 1.1, -1.71283],
					"cubes": [
						{
							"origin": [6, 0.1, -5],
							"size": [16, 2, 5],
							"uv": {
								"north": {"uv": [65, 52], "uv_size": [16, 2]},
								"east": {"uv": [73, 78], "uv_size": [5, 2]},
								"south": {"uv": [66, 21], "uv_size": [16, 2]},
								"west": {"uv": [12, 79], "uv_size": [5, 2]},
								"up": {"uv": [35, 29], "uv_size": [16, 5]},
								"down": {"uv": [35, 40], "uv_size": [16, -5]}
							}
						},
						{
							"origin": [4.62483, 0.1, -3.42566],
							"size": [14, 2, 5],
							"inflate": -0.01,
							"pivot": [11.62483, 1.1, -0.92566],
							"rotation": [0, 12.5, 0],
							"uv": {
								"north": {"uv": [70, 30], "uv_size": [14, 2]},
								"east": {"uv": [36, 79], "uv_size": [5, 2]},
								"south": {"uv": [71, 43], "uv_size": [14, 2]},
								"west": {"uv": [42, 79], "uv_size": [5, 2]},
								"up": {"uv": [39, 41], "uv_size": [14, 5]},
								"down": {"uv": [9, 49], "uv_size": [14, -5]}
							}
						}
					]
				},
				{
					"name": "tail1",
					"parent": "body",
					"pivot": [0, 4, 7.75],
					"cubes": [
						{
							"origin": [-5, 0, 8],
							"size": [10, 8, 6],
							"uv": {
								"north": {"uv": [34, 11], "uv_size": [10, 8]},
								"east": {"uv": [58, 47], "uv_size": [6, 8]},
								"south": {"uv": [35, 20], "uv_size": [10, 8]},
								"west": {"uv": [7, 59], "uv_size": [6, 8]},
								"up": {"uv": [26, 51], "uv_size": [10, 6]},
								"down": {"uv": [52, 32], "uv_size": [10, -6]}
							}
						},
						{
							"origin": [-5, 6.57955, 7.37573],
							"size": [10, 2, 6.5],
							"inflate": -0.01,
							"pivot": [0, 7.57955, 10.62573],
							"rotation": [-10, 0, 0],
							"uv": {
								"north": {"uv": [72, 59], "uv_size": [10, 2]},
								"east": {"uv": [76, 9], "uv_size": [7, 2]},
								"south": {"uv": [0, 75], "uv_size": [10, 2]},
								"west": {"uv": [55, 76], "uv_size": [7, 2]},
								"up": {"uv": [46, 18], "uv_size": [10, 7]},
								"down": {"uv": [39, 54], "uv_size": [10, -7]}
							}
						}
					]
				},
				{
					"name": "tail2",
					"parent": "tail1",
					"pivot": [0, 3, 13.75],
					"cubes": [
						{
							"origin": [-4, 0, 14],
							"size": [8, 6, 7],
							"uv": {
								"north": {"uv": [60, 0], "uv_size": [8, 6]},
								"east": {"uv": [33, 63], "uv_size": [7, 6]},
								"south": {"uv": [60, 7], "uv_size": [8, 6]},
								"west": {"uv": [64, 56], "uv_size": [7, 6]},
								"up": {"uv": [37, 55], "uv_size": [8, 7]},
								"down": {"uv": [57, 25], "uv_size": [8, -7]}
							}
						},
						{
							"origin": [-4, 3.8472, 13.26423],
							"size": [8, 3, 7.5],
							"inflate": -0.01,
							"pivot": [0, 5.3472, 17.01423],
							"rotation": [-12.5, 0, 0],
							"uv": {
								"north": {"uv": [71, 67], "uv_size": [8, 3]},
								"east": {"uv": [72, 33], "uv_size": [8, 3]},
								"south": {"uv": [72, 37], "uv_size": [8, 3]},
								"west": {"uv": [72, 55], "uv_size": [8, 3]},
								"up": {"uv": [0, 49], "uv_size": [8, 8]},
								"down": {"uv": [9, 58], "uv_size": [8, -8]}
							}
						}
					]
				},
				{
					"name": "tail3",
					"parent": "tail2",
					"pivot": [0, 1.8368, 21.19677],
					"cubes": [
						{
							"origin": [-5.99554, 0, 24.13642],
							"size": [5, 2, 8],
							"pivot": [-3.49554, 1, 28.13642],
							"rotation": [0, -37.5, 0],
							"uv": {
								"north": {"uv": [0, 78], "uv_size": [5, 2]},
								"east": {"uv": [76, 3], "uv_size": [8, 2]},
								"south": {"uv": [6, 78], "uv_size": [5, 2]},
								"west": {"uv": [76, 6], "uv_size": [8, 2]},
								"up": {"uv": [47, 65], "uv_size": [5, 8]},
								"down": {"uv": [53, 73], "uv_size": [5, -8]}
							}
						},
						{
							"origin": [-3, 0, 21],
							"size": [6, 4, 7],
							"uv": {
								"north": {"uv": [14, 69], "uv_size": [6, 4]},
								"east": {"uv": [26, 11], "uv_size": [7, 4]},
								"south": {"uv": [59, 71], "uv_size": [6, 4]},
								"west": {"uv": [28, 70], "uv_size": [7, 4]},
								"up": {"uv": [64, 63], "uv_size": [6, 7]},
								"down": {"uv": [65, 42], "uv_size": [6, -7]}
							}
						},
						{
							"origin": [-3, 1.80495, 20.15008],
							"size": [6, 3, 7.5],
							"inflate": -0.01,
							"pivot": [0, 2.80495, 24.15008],
							"rotation": [-12.5, 0, 0],
							"uv": {
								"north": {"uv": [66, 75], "uv_size": [6, 3]},
								"east": {"uv": [71, 63], "uv_size": [8, 3]},
								"south": {"uv": [75, 71], "uv_size": [6, 3]},
								"west": {"uv": [66, 71], "uv_size": [8, 3]},
								"up": {"uv": [14, 60], "uv_size": [6, 8]},
								"down": {"uv": [63, 34], "uv_size": [6, -8]}
							}
						},
						{
							"origin": [0.99554, 0, 24.13642],
							"size": [5, 2, 8],
							"pivot": [3.49554, 1, 28.13642],
							"rotation": [0, 37.5, 0],
							"uv": {
								"north": {"uv": [46, 26], "uv_size": [5, 2]},
								"east": {"uv": [73, 75], "uv_size": [8, 2]},
								"south": {"uv": [60, 14], "uv_size": [5, 2]},
								"west": {"uv": [76, 0], "uv_size": [8, 2]},
								"up": {"uv": [41, 65], "uv_size": [5, 8]},
								"down": {"uv": [65, 51], "uv_size": [5, -8]}
							}
						}
					]
				}
			]
		}
	]
}