{
	"format_version": "1.12.0",
	"minecraft:geometry": [
		{
			"description": {
				"identifier": "geometry.wacky_animals.shark",
				"texture_width": 128,
				"texture_height": 128,
				"visible_bounds_width": 8,
				"visible_bounds_height": 4,
				"visible_bounds_offset": [0, 1, 0]
			},
			"bones": [
				{
					"name": "root",
					"pivot": [0, 0, 0]
				},
				{
					"name": "body",
					"parent": "root",
					"pivot": [0, 12, 0.375],
					"cubes": [
						{
							"origin": [-6, 0, -8],
							"size": [12, 16, 16],
							"uv": {
								"north": {"uv": [26, 49], "uv_size": [12, 16]},
								"east": {"uv": [0, 32], "uv_size": [16, 16]},
								"south": {"uv": [39, 49], "uv_size": [12, 16]},
								"west": {"uv": [17, 32], "uv_size": [16, 16]},
								"up": {"uv": [51, 17], "uv_size": [12, 16]},
								"down": {"uv": [52, 50], "uv_size": [12, -16]}
							}
						},
						{
							"origin": [0, 16, -8],
							"size": [0, 16, 16],
							"uv": {
								"north": {"uv": [39, 90], "uv_size": [0, 16]},
								"east": {"uv": [34, 32], "uv_size": [16, 16]},
								"south": {"uv": [88, 92], "uv_size": [0, 16]},
								"west": {"uv": [44, 0], "uv_size": [16, 16]},
								"up": {"uv": [89, 92], "uv_size": [0, 16]},
								"down": {"uv": [90, 108], "uv_size": [0, -16]}
							}
						},
						{
							"origin": [-5, 1, -16],
							"size": [10, 14, 8],
							"uv": {
								"north": {"uv": [52, 51], "uv_size": [10, 14]},
								"east": {"uv": [26, 66], "uv_size": [8, 14]},
								"south": {"uv": [61, 0], "uv_size": [10, 14]},
								"west": {"uv": [35, 66], "uv_size": [8, 14]},
								"up": {"uv": [74, 73], "uv_size": [10, 8]},
								"down": {"uv": [75, 58], "uv_size": [10, -8]}
							}
						},
						{
							"origin": [-5, 2, 8],
							"size": [10, 12, 11],
							"uv": {
								"north": {"uv": [63, 64], "uv_size": [10, 12]},
								"east": {"uv": [63, 51], "uv_size": [11, 12]},
								"south": {"uv": [65, 28], "uv_size": [10, 12]},
								"west": {"uv": [64, 15], "uv_size": [11, 12]},
								"up": {"uv": [44, 66], "uv_size": [10, 11]},
								"down": {"uv": [0, 82], "uv_size": [10, -11]}
							}
						}
					]
				},
				{
					"name": "tail1",
					"parent": "body",
					"pivot": [0, 7.24232, 18.5],
					"cubes": [
						{
							"origin": [-3, 4, 19],
							"size": [6, 8, 11],
							"uv": {
								"north": {"uv": [44, 78], "uv_size": [6, 8]},
								"east": {"uv": [65, 41], "uv_size": [11, 8]},
								"south": {"uv": [81, 0], "uv_size": [6, 8]},
								"west": {"uv": [74, 64], "uv_size": [11, 8]},
								"up": {"uv": [44, 17], "uv_size": [6, 11]},
								"down": {"uv": [76, 34], "uv_size": [6, -11]}
							}
						},
						{
							"origin": [2.84776, 3.23463, 19],
							"size": [4, 0, 5],
							"pivot": [4.84776, 3.23463, 21.5],
							"rotation": [0, 0, 22.5],
							"uv": {
								"north": {"uv": [44, 31], "uv_size": [4, 0]},
								"east": {"uv": [65, 50], "uv_size": [5, 0]},
								"south": {"uv": [77, 49], "uv_size": [4, 0]},
								"west": {"uv": [86, 58], "uv_size": [5, 0]},
								"up": {"uv": [68, 88], "uv_size": [4, 5]},
								"down": {"uv": [73, 93], "uv_size": [4, -5]}
							}
						},
						{
							"origin": [-6.84776, 3.23463, 19],
							"size": [4, 0, 5],
							"pivot": [-4.84776, 3.23463, 21.5],
							"rotation": [0, 0, -22.5],
							"uv": {
								"north": {"uv": [91, 33], "uv_size": [4, 0]},
								"east": {"uv": [91, 34], "uv_size": [5, 0]},
								"south": {"uv": [92, 54], "uv_size": [4, 0]},
								"west": {"uv": [92, 55], "uv_size": [5, 0]},
								"up": {"uv": [78, 88], "uv_size": [4, 5]},
								"down": {"uv": [83, 93], "uv_size": [4, -5]}
							}
						},
						{
							"origin": [0, 12, 23],
							"size": [0, 5, 7],
							"uv": {
								"north": {"uv": [64, 28], "uv_size": [0, 5]},
								"east": {"uv": [83, 23], "uv_size": [7, 5]},
								"south": {"uv": [76, 35], "uv_size": [0, 5]},
								"west": {"uv": [83, 29], "uv_size": [7, 5]},
								"up": {"uv": [54, 78], "uv_size": [0, 7]},
								"down": {"uv": [52, 100], "uv_size": [0, -7]}
							}
						}
					]
				},
				{
					"name": "tail2",
					"parent": "tail1",
					"pivot": [0, 8, 30],
					"cubes": [
						{
							"origin": [-2, 5, 30],
							"size": [4, 6, 10],
							"uv": {
								"north": {"uv": [46, 87], "uv_size": [4, 6]},
								"east": {"uv": [77, 35], "uv_size": [10, 6]},
								"south": {"uv": [88, 0], "uv_size": [4, 6]},
								"west": {"uv": [77, 42], "uv_size": [10, 6]},
								"up": {"uv": [0, 83], "uv_size": [4, 10]},
								"down": {"uv": [5, 93], "uv_size": [4, -10]}
							}
						}
					]
				},
				{
					"name": "tail3",
					"parent": "tail2",
					"pivot": [0, 8, 40],
					"cubes": [
						{
							"origin": [-1, 6.5, 40],
							"size": [2, 3, 8],
							"uv": {
								"north": {"uv": [40, 81], "uv_size": [2, 3]},
								"east": {"uv": [88, 35], "uv_size": [8, 3]},
								"south": {"uv": [24, 90], "uv_size": [2, 3]},
								"west": {"uv": [88, 39], "uv_size": [8, 3]},
								"up": {"uv": [51, 78], "uv_size": [2, 8]},
								"down": {"uv": [58, 97], "uv_size": [2, -8]}
							}
						},
						{
							"origin": [0, -2.5, 40],
							"size": [0, 21, 12],
							"uv": {
								"north": {"uv": [91, 92], "uv_size": [0, 21]},
								"east": {"uv": [0, 49], "uv_size": [12, 21]},
								"south": {"uv": [92, 92], "uv_size": [0, 21]},
								"west": {"uv": [13, 49], "uv_size": [12, 21]},
								"up": {"uv": [51, 34], "uv_size": [0, 12]},
								"down": {"uv": [51, 105], "uv_size": [0, -12]}
							}
						}
					]
				},
				{
					"name": "arm_left_1",
					"parent": "body",
					"pivot": [6.17208, 2.29677, -4.5],
					"cubes": [
						{
							"origin": [4.67208, 2.29677, -12],
							"size": [21, 0, 15],
							"uv": {
								"north": {"uv": [92, 58], "uv_size": [21, 0]},
								"east": {"uv": [93, 0], "uv_size": [15, 0]},
								"south": {"uv": [93, 1], "uv_size": [21, 0]},
								"west": {"uv": [93, 2], "uv_size": [15, 0]},
								"up": {"uv": [0, 0], "uv_size": [21, 15]},
								"down": {"uv": [0, 31], "uv_size": [21, -15]}
							}
						}
					]
				},
				{
					"name": "arm_right_1",
					"parent": "body",
					"pivot": [-6.17208, 2.29677, -4.5],
					"cubes": [
						{
							"origin": [-25.67208, 2.29677, -12],
							"size": [21, 0, 15],
							"uv": {
								"north": {"uv": [113, 58], "uv_size": [-21, 0]},
								"east": {"uv": [108, 2], "uv_size": [-15, 0]},
								"south": {"uv": [114, 1], "uv_size": [-21, 0]},
								"west": {"uv": [108, 0], "uv_size": [-15, 0]},
								"up": {"uv": [21, 0], "uv_size": [-21, 15]},
								"down": {"uv": [21, 31], "uv_size": [-21, -15]}
							}
						}
					]
				},
				{
					"name": "neck",
					"parent": "body",
					"pivot": [0, 8, -15.5],
					"cubes": [
						{
							"origin": [-4, 2.5, -21],
							"size": [8, 11, 5],
							"uv": {
								"north": {"uv": [11, 71], "uv_size": [8, 11]},
								"east": {"uv": [20, 71], "uv_size": [5, 11]},
								"south": {"uv": [72, 0], "uv_size": [8, 11]},
								"west": {"uv": [55, 77], "uv_size": [5, 11]},
								"up": {"uv": [73, 82], "uv_size": [8, 5]},
								"down": {"uv": [82, 87], "uv_size": [8, -5]}
							}
						}
					]
				},
				{
					"name": "head",
					"parent": "neck",
					"pivot": [0, 7.83929, -20.63205],
					"cubes": [
						{
							"origin": [-3.25, 3.25, -25.5],
							"size": [6.5, 9.5, 4.5],
							"uv": {
								"north": {"uv": [55, 66], "uv_size": [7, 10]},
								"east": {"uv": [61, 77], "uv_size": [5, 10]},
								"south": {"uv": [76, 12], "uv_size": [7, 10]},
								"west": {"uv": [67, 77], "uv_size": [5, 10]},
								"up": {"uv": [84, 9], "uv_size": [7, 5]},
								"down": {"uv": [84, 20], "uv_size": [7, -5]}
							}
						},
						{
							"origin": [-11.67446, 10.25, -15.2296],
							"size": [2.25, 2, 1.5],
							"pivot": [2.25054, 12.7625, -11.4796],
							"rotation": [0, -80, 0],
							"uv": {
								"north": {"uv": [91, 73], "uv_size": [2, 2]},
								"east": {"uv": [91, 76], "uv_size": [2, 2]},
								"south": {"uv": [91, 82], "uv_size": [2, 2]},
								"west": {"uv": [91, 85], "uv_size": [2, 2]},
								"up": {"uv": [92, 9], "uv_size": [2, 2]},
								"down": {"uv": [92, 14], "uv_size": [2, -2]}
							}
						},
						{
							"origin": [-11.67446, 10.25, -15.2296],
							"size": [2.25, 2, 1.5],
							"inflate": 0.2,
							"pivot": [2.25054, 12.5, -11.4796],
							"rotation": [0, -80, 0],
							"uv": {
								"north": {"uv": [72, 12], "uv_size": [2, 2]},
								"east": {"uv": [81, 9], "uv_size": [2, 2]},
								"south": {"uv": [91, 21], "uv_size": [2, 2]},
								"west": {"uv": [91, 24], "uv_size": [2, 2]},
								"up": {"uv": [91, 27], "uv_size": [2, 2]},
								"down": {"uv": [91, 32], "uv_size": [2, -2]}
							}
						},
						{
							"origin": [9.42446, 10.25, -15.2296],
							"size": [2.25, 2, 1.5],
							"pivot": [-2.25054, 12.7625, -11.4796],
							"rotation": [0, 80, 0],
							"uv": {
								"north": {"uv": [92, 48], "uv_size": [2, 2]},
								"east": {"uv": [92, 51], "uv_size": [2, 2]},
								"south": {"uv": [92, 64], "uv_size": [2, 2]},
								"west": {"uv": [92, 67], "uv_size": [2, 2]},
								"up": {"uv": [92, 70], "uv_size": [2, 2]},
								"down": {"uv": [92, 81], "uv_size": [2, -2]}
							}
						},
						{
							"origin": [9.42446, 10.25, -15.2296],
							"size": [2.25, 2, 1.5],
							"inflate": 0.2,
							"pivot": [-2.25054, 12.5, -11.4796],
							"rotation": [0, 80, 0],
							"uv": {
								"north": {"uv": [92, 15], "uv_size": [2, 2]},
								"east": {"uv": [92, 18], "uv_size": [2, 2]},
								"south": {"uv": [27, 92], "uv_size": [2, 2]},
								"west": {"uv": [30, 92], "uv_size": [2, 2]},
								"up": {"uv": [33, 92], "uv_size": [2, 2]},
								"down": {"uv": [36, 94], "uv_size": [2, -2]}
							}
						},
						{
							"origin": [-2.5, 6.25, -31.5],
							"size": [5, 1, 6],
							"uv": {
								"north": {"uv": [86, 71], "uv_size": [5, 1]},
								"east": {"uv": [44, 29], "uv_size": [6, 1]},
								"south": {"uv": [88, 7], "uv_size": [5, 1]},
								"west": {"uv": [84, 21], "uv_size": [6, 1]},
								"up": {"uv": [85, 73], "uv_size": [5, 6]},
								"down": {"uv": [86, 55], "uv_size": [5, -6]}
							}
						},
						{
							"origin": [-2.75, 7.25, -33],
							"size": [5.5, 3.75, 7.5],
							"uv": {
								"north": {"uv": [88, 43], "uv_size": [6, 4]},
								"east": {"uv": [75, 59], "uv_size": [8, 4]},
								"south": {"uv": [61, 88], "uv_size": [6, 4]},
								"west": {"uv": [84, 59], "uv_size": [8, 4]},
								"up": {"uv": [26, 81], "uv_size": [6, 8]},
								"down": {"uv": [33, 89], "uv_size": [6, -8]}
							}
						}
					]
				},
				{
					"name": "jaw",
					"parent": "head",
					"pivot": [0, 6.875, -25.8125],
					"cubes": [
						{
							"origin": [-2.75, 4.75, -31.75],
							"size": [5.5, 2.5, 6.25],
							"uv": {
								"north": {"uv": [88, 88], "uv_size": [6, 3]},
								"east": {"uv": [51, 89], "uv_size": [6, 3]},
								"south": {"uv": [10, 90], "uv_size": [6, 3]},
								"west": {"uv": [17, 90], "uv_size": [6, 3]},
								"up": {"uv": [10, 83], "uv_size": [6, 6]},
								"down": {"uv": [17, 89], "uv_size": [6, -6]}
							}
						},
						{
							"origin": [-2.5, 7.25, -31.5],
							"size": [5, 1, 6],
							"uv": {
								"north": {"uv": [27, 90], "uv_size": [5, 1]},
								"east": {"uv": [85, 80], "uv_size": [6, 1]},
								"south": {"uv": [33, 90], "uv_size": [5, 1]},
								"west": {"uv": [86, 56], "uv_size": [6, 1]},
								"up": {"uv": [86, 64], "uv_size": [5, 6]},
								"down": {"uv": [40, 93], "uv_size": [5, -6]}
							}
						}
					]
				}
			]
		}
	]
}