{
	"format_version": "1.12.0",
	"minecraft:geometry": [
		{
			"description": {
				"identifier": "geometry.wacky_animals.sloth",
				"texture_width": 128,
				"texture_height": 128,
				"visible_bounds_width": 4,
				"visible_bounds_height": 2.5,
				"visible_bounds_offset": [0, 0.75, 0]
			},
			"bones": [
				{
					"name": "root",
					"pivot": [0, 0, 0]
				},
				{
					"name": "body",
					"parent": "root",
					"pivot": [0, 17.93189, 4.24582],
					"cubes": [
						{
							"origin": [-4.25, 15, -8],
							"size": [8.5, 8, 9],
							"uv": {
								"north": {"uv": [12, 30], "uv_size": [9, 8]},
								"east": {"uv": [0, 34], "uv_size": [9, 8]},
								"south": {"uv": [34, 0], "uv_size": [9, 8]},
								"west": {"uv": [34, 9], "uv_size": [9, 8]},
								"up": {"uv": [24, 0], "uv_size": [9, 9]},
								"down": {"uv": [24, 19], "uv_size": [9, -9]}
							}
						},
						{
							"origin": [-5.5, 13.4044, 0.00387],
							"size": [11, 9, 11],
							"pivot": [0, 17.9044, 5.50387],
							"rotation": [-12.5, 0, 0],
							"uv": {
								"north": {"uv": [12, 0], "uv_size": [11, 9]},
								"east": {"uv": [12, 10], "uv_size": [11, 9]},
								"south": {"uv": [12, 20], "uv_size": [11, 9]},
								"west": {"uv": [0, 24], "uv_size": [11, 9]},
								"up": {"uv": [0, 0], "uv_size": [11, 11]},
								"down": {"uv": [0, 23], "uv_size": [11, -11]}
							}
						},
						{
							"origin": [-4.75, 13.01629, 8.73359],
							"size": [9.5, 7.75, 4],
							"pivot": [0, 16.89129, 10.73359],
							"rotation": [12.5, 0, 0],
							"uv": {
								"north": {"uv": [24, 20], "uv_size": [10, 8]},
								"east": {"uv": [46, 16], "uv_size": [4, 8]},
								"south": {"uv": [24, 29], "uv_size": [10, 8]},
								"west": {"uv": [48, 35], "uv_size": [4, 8]},
								"up": {"uv": [35, 18], "uv_size": [10, 4]},
								"down": {"uv": [35, 27], "uv_size": [10, -4]}
							}
						}
					]
				},
				{
					"name": "head",
					"parent": "body",
					"pivot": [0, 19.33571, -7.67572],
					"cubes": [
						{
							"origin": [-3, 16, -14],
							"size": [6, 6, 6],
							"uv": {
								"north": {"uv": [35, 28], "uv_size": [6, 6]},
								"east": {"uv": [35, 35], "uv_size": [6, 6]},
								"south": {"uv": [22, 38], "uv_size": [6, 6]},
								"west": {"uv": [10, 39], "uv_size": [6, 6]},
								"up": {"uv": [42, 28], "uv_size": [6, 6]},
								"down": {"uv": [29, 48], "uv_size": [6, -6]}
							}
						},
						{
							"origin": [-1.5, 17, -16],
							"size": [3, 1.75, 2],
							"uv": {
								"north": {"uv": [6, 43], "uv_size": [3, 2]},
								"east": {"uv": [15, 74], "uv_size": [2, 2]},
								"south": {"uv": [42, 71], "uv_size": [3, 2]},
								"west": {"uv": [74, 15], "uv_size": [2, 2]},
								"up": {"uv": [5, 72], "uv_size": [3, 2]},
								"down": {"uv": [46, 74], "uv_size": [3, -2]}
							}
						},
						{
							"origin": [1.29994, 19.4, -14.43251],
							"size": [2, 2, 1.5],
							"pivot": [2.29994, 20.4, -13.68251],
							"rotation": [0, -10, 0],
							"uv": {
								"north": {"uv": [13, 55], "uv_size": [2, 2]},
								"east": {"uv": [10, 34], "uv_size": [1, 2]},
								"south": {"uv": [13, 58], "uv_size": [2, 2]},
								"west": {"uv": [33, 38], "uv_size": [1, 2]},
								"up": {"uv": [9, 69], "uv_size": [2, 1]},
								"down": {"uv": [69, 19], "uv_size": [2, -1]}
							}
						},
						{
							"origin": [1.29994, 19.4, -14.43251],
							"size": [2, 2, 1.5],
							"inflate": 0.2,
							"pivot": [2.29994, 20.4, -13.68251],
							"rotation": [0, -10, 0],
							"uv": {
								"north": {"uv": [46, 25], "uv_size": [2, 2]},
								"east": {"uv": [22, 30], "uv_size": [1, 2]},
								"south": {"uv": [26, 53], "uv_size": [2, 2]},
								"west": {"uv": [22, 33], "uv_size": [1, 2]},
								"up": {"uv": [26, 56], "uv_size": [2, 1]},
								"down": {"uv": [58, 49], "uv_size": [2, -1]}
							}
						},
						{
							"origin": [-3.29994, 19.4, -14.43251],
							"size": [2, 2, 1.5],
							"inflate": 0.2,
							"pivot": [-2.29994, 20.4, -13.68251],
							"rotation": [0, 10, 0],
							"uv": {
								"north": {"uv": [12, 74], "uv_size": [2, 2]},
								"east": {"uv": [63, 45], "uv_size": [1, 2]},
								"south": {"uv": [74, 12], "uv_size": [2, 2]},
								"west": {"uv": [59, 66], "uv_size": [1, 2]},
								"up": {"uv": [74, 61], "uv_size": [2, 1]},
								"down": {"uv": [74, 64], "uv_size": [2, -1]}
							}
						},
						{
							"origin": [-3.29994, 19.4, -14.43251],
							"size": [2, 2, 1.5],
							"pivot": [-2.29994, 20.4, -13.68251],
							"rotation": [0, 10, 0],
							"uv": {
								"north": {"uv": [9, 74], "uv_size": [2, 2]},
								"east": {"uv": [61, 20], "uv_size": [1, 2]},
								"south": {"uv": [74, 9], "uv_size": [2, 2]},
								"west": {"uv": [51, 62], "uv_size": [1, 2]},
								"up": {"uv": [56, 70], "uv_size": [2, 1]},
								"down": {"uv": [74, 60], "uv_size": [2, -1]}
							}
						}
					]
				},
				{
					"name": "jaw",
					"parent": "head",
					"pivot": [0, 16.75, -14],
					"cubes": [
						{
							"origin": [-1.25, 16.25, -15.5],
							"size": [2.5, 1, 2],
							"uv": {
								"north": {"uv": [44, 51], "uv_size": [3, 1]},
								"east": {"uv": [74, 65], "uv_size": [2, 1]},
								"south": {"uv": [74, 57], "uv_size": [3, 1]},
								"west": {"uv": [74, 67], "uv_size": [2, 1]},
								"up": {"uv": [56, 72], "uv_size": [3, 2]},
								"down": {"uv": [60, 74], "uv_size": [3, -2]}
							}
						}
					]
				},
				{
					"name": "leg_right",
					"parent": "root",
					"pivot": [-5.75, 18.36827, 7.42348],
					"cubes": [
						{
							"origin": [-7.75, 14.36827, 5.04848],
							"size": [4, 7, 4.75],
							"pivot": [-5.75, 17.86827, 7.42348],
							"rotation": [-15, 0, 0],
							"uv": {
								"north": {"uv": [21, 53], "uv_size": [4, 7]},
								"east": {"uv": [44, 0], "uv_size": [5, 7]},
								"south": {"uv": [53, 34], "uv_size": [4, 7]},
								"west": {"uv": [44, 8], "uv_size": [5, 7]},
								"up": {"uv": [58, 30], "uv_size": [4, 5]},
								"down": {"uv": [58, 41], "uv_size": [4, -5]}
							}
						}
					]
				},
				{
					"name": "legfore_right",
					"parent": "leg_right",
					"pivot": [-5.75, 15, 7],
					"cubes": [
						{
							"origin": [-7.25, 8, 5],
							"size": [3, 7.75, 4],
							"uv": {
								"north": {"uv": [5, 55], "uv_size": [3, 8]},
								"east": {"uv": [29, 49], "uv_size": [4, 8]},
								"south": {"uv": [9, 55], "uv_size": [3, 8]},
								"west": {"uv": [50, 0], "uv_size": [4, 8]},
								"up": {"uv": [8, 64], "uv_size": [3, 4]},
								"down": {"uv": [25, 68], "uv_size": [3, -4]}
							}
						}
					]
				},
				{
					"name": "legfore_right2",
					"parent": "legfore_right",
					"pivot": [-5.75, 8.05814, 7.12104],
					"cubes": [
						{
							"origin": [-7, 2, 5.5],
							"size": [2.5, 6, 3],
							"uv": {
								"north": {"uv": [61, 13], "uv_size": [3, 6]},
								"east": {"uv": [17, 61], "uv_size": [3, 6]},
								"south": {"uv": [21, 61], "uv_size": [3, 6]},
								"west": {"uv": [43, 61], "uv_size": [3, 6]},
								"up": {"uv": [37, 66], "uv_size": [3, 3]},
								"down": {"uv": [51, 69], "uv_size": [3, -3]}
							}
						}
					]
				},
				{
					"name": "sole_right",
					"parent": "legfore_right2",
					"pivot": [-5.75, 1.7507, 7.02752],
					"cubes": [
						{
							"origin": [-7.25, 0, 5],
							"size": [3, 2, 4],
							"uv": {
								"north": {"uv": [24, 73], "uv_size": [3, 2]},
								"east": {"uv": [69, 56], "uv_size": [4, 2]},
								"south": {"uv": [28, 73], "uv_size": [3, 2]},
								"west": {"uv": [59, 69], "uv_size": [4, 2]},
								"up": {"uv": [65, 10], "uv_size": [3, 4]},
								"down": {"uv": [65, 19], "uv_size": [3, -4]}
							}
						},
						{
							"origin": [-7.5, -0.07559, 3.36313],
							"size": [3.5, 2, 2],
							"pivot": [-5.75, 0.92441, 4.36313],
							"rotation": [22.5, 0, 0],
							"uv": {
								"north": {"uv": [69, 59], "uv_size": [4, 2]},
								"east": {"uv": [74, 45], "uv_size": [2, 2]},
								"south": {"uv": [69, 62], "uv_size": [4, 2]},
								"west": {"uv": [74, 48], "uv_size": [2, 2]},
								"up": {"uv": [64, 69], "uv_size": [4, 2]},
								"down": {"uv": [69, 67], "uv_size": [4, -2]}
							}
						},
						{
							"origin": [-4, -0.84096, -0.48463],
							"size": [0, 2, 4],
							"pivot": [-5.75, 0.15904, 2.51537],
							"rotation": [22.5, 0, 0],
							"uv": {
								"north": {"uv": [2, 75], "uv_size": [0, 2]},
								"east": {"uv": [69, 68], "uv_size": [4, 2]},
								"south": {"uv": [3, 75], "uv_size": [0, 2]},
								"west": {"uv": [27, 70], "uv_size": [4, 2]},
								"up": {"uv": [4, 75], "uv_size": [0, 4]},
								"down": {"uv": [5, 79], "uv_size": [0, -4]}
							}
						},
						{
							"origin": [-5.75, -1.22364, -0.40851],
							"size": [0, 2, 4],
							"pivot": [-5.75, -0.22364, 1.59149],
							"rotation": [22.5, 0, 0],
							"uv": {
								"north": {"uv": [6, 75], "uv_size": [0, 2]},
								"east": {"uv": [32, 70], "uv_size": [4, 2]},
								"south": {"uv": [7, 75], "uv_size": [0, 2]},
								"west": {"uv": [51, 70], "uv_size": [4, 2]},
								"up": {"uv": [8, 75], "uv_size": [0, 4]},
								"down": {"uv": [19, 79], "uv_size": [0, -4]}
							}
						},
						{
							"origin": [-7.5, -1.22364, -0.40851],
							"size": [0, 2, 4],
							"pivot": [-5.75, -0.22364, 1.59149],
							"rotation": [22.5, 0, 0],
							"uv": {
								"north": {"uv": [20, 75], "uv_size": [0, 2]},
								"east": {"uv": [9, 71], "uv_size": [4, 2]},
								"south": {"uv": [21, 75], "uv_size": [0, 2]},
								"west": {"uv": [14, 71], "uv_size": [4, 2]},
								"up": {"uv": [22, 75], "uv_size": [0, 4]},
								"down": {"uv": [23, 79], "uv_size": [0, -4]}
							}
						}
					]
				},
				{
					"name": "leg_left",
					"parent": "root",
					"pivot": [5.75, 18.36827, 7.42348],
					"cubes": [
						{
							"origin": [3.75, 14.36827, 5.04848],
							"size": [4, 7, 4.75],
							"pivot": [5.75, 17.86827, 7.42348],
							"rotation": [-15, 0, 0],
							"uv": {
								"north": {"uv": [25, 53], "uv_size": [-4, 7]},
								"east": {"uv": [49, 8], "uv_size": [-5, 7]},
								"south": {"uv": [57, 34], "uv_size": [-4, 7]},
								"west": {"uv": [49, 0], "uv_size": [-5, 7]},
								"up": {"uv": [62, 30], "uv_size": [-4, 5]},
								"down": {"uv": [62, 41], "uv_size": [-4, -5]}
							}
						}
					]
				},
				{
					"name": "legfore_left",
					"parent": "leg_left",
					"pivot": [5.75, 15, 7],
					"cubes": [
						{
							"origin": [4.25, 8, 5],
							"size": [3, 7.75, 4],
							"uv": {
								"north": {"uv": [8, 55], "uv_size": [-3, 8]},
								"east": {"uv": [54, 0], "uv_size": [-4, 8]},
								"south": {"uv": [12, 55], "uv_size": [-3, 8]},
								"west": {"uv": [33, 49], "uv_size": [-4, 8]},
								"up": {"uv": [11, 64], "uv_size": [-3, 4]},
								"down": {"uv": [28, 68], "uv_size": [-3, -4]}
							}
						}
					]
				},
				{
					"name": "legfore_left2",
					"parent": "legfore_left",
					"pivot": [5.75, 8.05814, 7.12104],
					"cubes": [
						{
							"origin": [4.5, 2, 5.5],
							"size": [2.5, 6, 3],
							"uv": {
								"north": {"uv": [64, 13], "uv_size": [-3, 6]},
								"east": {"uv": [46, 61], "uv_size": [-3, 6]},
								"south": {"uv": [24, 61], "uv_size": [-3, 6]},
								"west": {"uv": [20, 61], "uv_size": [-3, 6]},
								"up": {"uv": [40, 66], "uv_size": [-3, 3]},
								"down": {"uv": [54, 69], "uv_size": [-3, -3]}
							}
						}
					]
				},
				{
					"name": "sole_left",
					"parent": "legfore_left2",
					"pivot": [5.75, 1.7507, 7.02752],
					"cubes": [
						{
							"origin": [4.25, 0, 5],
							"size": [3, 2, 4],
							"uv": {
								"north": {"uv": [27, 73], "uv_size": [-3, 2]},
								"east": {"uv": [63, 69], "uv_size": [-4, 2]},
								"south": {"uv": [31, 73], "uv_size": [-3, 2]},
								"west": {"uv": [73, 56], "uv_size": [-4, 2]},
								"up": {"uv": [68, 10], "uv_size": [-3, 4]},
								"down": {"uv": [68, 19], "uv_size": [-3, -4]}
							}
						},
						{
							"origin": [4, -0.07559, 3.36313],
							"size": [3.5, 2, 2],
							"pivot": [5.75, 0.92441, 4.36313],
							"rotation": [22.5, 0, 0],
							"uv": {
								"north": {"uv": [73, 59], "uv_size": [-4, 2]},
								"east": {"uv": [76, 48], "uv_size": [-2, 2]},
								"south": {"uv": [73, 62], "uv_size": [-4, 2]},
								"west": {"uv": [76, 45], "uv_size": [-2, 2]},
								"up": {"uv": [68, 69], "uv_size": [-4, 2]},
								"down": {"uv": [73, 67], "uv_size": [-4, -2]}
							}
						},
						{
							"origin": [4, -0.84096, -0.48463],
							"size": [0, 2, 4],
							"pivot": [5.75, 0.15904, 2.51537],
							"rotation": [22.5, 0, 0],
							"uv": {
								"north": {"uv": [2, 75], "uv_size": [0, 2]},
								"east": {"uv": [31, 70], "uv_size": [-4, 2]},
								"south": {"uv": [3, 75], "uv_size": [0, 2]},
								"west": {"uv": [73, 68], "uv_size": [-4, 2]},
								"up": {"uv": [4, 75], "uv_size": [0, 4]},
								"down": {"uv": [5, 79], "uv_size": [0, -4]}
							}
						},
						{
							"origin": [5.75, -1.22364, -0.40851],
							"size": [0, 2, 4],
							"pivot": [5.75, -0.22364, 1.59149],
							"rotation": [22.5, 0, 0],
							"uv": {
								"north": {"uv": [6, 75], "uv_size": [0, 2]},
								"east": {"uv": [55, 70], "uv_size": [-4, 2]},
								"south": {"uv": [7, 75], "uv_size": [0, 2]},
								"west": {"uv": [36, 70], "uv_size": [-4, 2]},
								"up": {"uv": [8, 75], "uv_size": [0, 4]},
								"down": {"uv": [19, 79], "uv_size": [0, -4]}
							}
						},
						{
							"origin": [7.5, -1.22364, -0.40851],
							"size": [0, 2, 4],
							"pivot": [5.75, -0.22364, 1.59149],
							"rotation": [22.5, 0, 0],
							"uv": {
								"north": {"uv": [20, 75], "uv_size": [0, 2]},
								"east": {"uv": [18, 71], "uv_size": [-4, 2]},
								"south": {"uv": [21, 75], "uv_size": [0, 2]},
								"west": {"uv": [13, 71], "uv_size": [-4, 2]},
								"up": {"uv": [22, 75], "uv_size": [0, 4]},
								"down": {"uv": [23, 79], "uv_size": [0, -4]}
							}
						}
					]
				},
				{
					"name": "arm_left",
					"parent": "root",
					"pivot": [4, 18.57163, -5.28826],
					"cubes": [
						{
							"origin": [2, 14.36827, -7.95152],
							"size": [4, 7, 4.75],
							"pivot": [4, 17.86827, -5.57652],
							"rotation": [-15, 0, 0],
							"uv": {
								"north": {"uv": [57, 42], "uv_size": [-4, 7]},
								"east": {"uv": [28, 45], "uv_size": [-5, 7]},
								"south": {"uv": [48, 53], "uv_size": [-4, 7]},
								"west": {"uv": [22, 45], "uv_size": [-5, 7]},
								"up": {"uv": [62, 42], "uv_size": [-4, 5]},
								"down": {"uv": [63, 5], "uv_size": [-4, -5]}
							}
						}
					]
				},
				{
					"name": "armfore_left",
					"parent": "arm_left",
					"pivot": [4, 15.075, -6],
					"cubes": [
						{
							"origin": [2.5, 8, -8],
							"size": [3, 7.75, 4],
							"uv": {
								"north": {"uv": [59, 9], "uv_size": [-3, 8]},
								"east": {"uv": [4, 51], "uv_size": [-4, 8]},
								"south": {"uv": [60, 50], "uv_size": [-3, 8]},
								"west": {"uv": [38, 50], "uv_size": [-4, 8]},
								"up": {"uv": [68, 45], "uv_size": [-3, 4]},
								"down": {"uv": [68, 54], "uv_size": [-3, -4]}
							}
						}
					]
				},
				{
					"name": "armfore_left2",
					"parent": "armfore_left",
					"pivot": [4, 8.05814, -5.87896],
					"cubes": [
						{
							"origin": [2.75, 2, -7.5],
							"size": [2.5, 6, 3],
							"uv": {
								"north": {"uv": [64, 48], "uv_size": [-3, 6]},
								"east": {"uv": [64, 62], "uv_size": [-3, 6]},
								"south": {"uv": [50, 62], "uv_size": [-3, 6]},
								"west": {"uv": [64, 55], "uv_size": [-3, 6]},
								"up": {"uv": [58, 66], "uv_size": [-3, 3]},
								"down": {"uv": [3, 70], "uv_size": [-3, -3]}
							}
						}
					]
				},
				{
					"name": "hand_left",
					"parent": "armfore_left2",
					"pivot": [4, 1.8507, -5.97248],
					"cubes": [
						{
							"origin": [2.5, 0, -8],
							"size": [3, 2, 4],
							"uv": {
								"north": {"uv": [35, 73], "uv_size": [-3, 2]},
								"east": {"uv": [73, 71], "uv_size": [-4, 2]},
								"south": {"uv": [53, 73], "uv_size": [-3, 2]},
								"west": {"uv": [41, 71], "uv_size": [-4, 2]},
								"up": {"uv": [68, 55], "uv_size": [-3, 4]},
								"down": {"uv": [68, 64], "uv_size": [-3, -4]}
							}
						},
						{
							"origin": [2.25, -0.07559, -9.63687],
							"size": [3.5, 2, 2],
							"pivot": [4, 0.92441, -8.63687],
							"rotation": [22.5, 0, 0],
							"uv": {
								"north": {"uv": [4, 72], "uv_size": [-4, 2]},
								"east": {"uv": [76, 54], "uv_size": [-2, 2]},
								"south": {"uv": [76, 18], "uv_size": [-4, 2]},
								"west": {"uv": [76, 51], "uv_size": [-2, 2]},
								"up": {"uv": [23, 72], "uv_size": [-4, 2]},
								"down": {"uv": [76, 23], "uv_size": [-4, -2]}
							}
						},
						{
							"origin": [4, -1.22364, -13.40851],
							"size": [0, 2, 4],
							"pivot": [4, -0.22364, -11.40851],
							"rotation": [22.5, 0, 0],
							"uv": {
								"north": {"uv": [46, 75], "uv_size": [0, 2]},
								"east": {"uv": [76, 27], "uv_size": [-4, 2]},
								"south": {"uv": [47, 75], "uv_size": [0, 2]},
								"west": {"uv": [76, 24], "uv_size": [-4, 2]},
								"up": {"uv": [48, 75], "uv_size": [0, 4]},
								"down": {"uv": [49, 79], "uv_size": [0, -4]}
							}
						},
						{
							"origin": [5.75, -1.22364, -13.40851],
							"size": [0, 2, 4],
							"pivot": [4, -0.22364, -11.40851],
							"rotation": [22.5, 0, 0],
							"uv": {
								"north": {"uv": [56, 75], "uv_size": [0, 2]},
								"east": {"uv": [76, 33], "uv_size": [-4, 2]},
								"south": {"uv": [57, 75], "uv_size": [0, 2]},
								"west": {"uv": [76, 30], "uv_size": [-4, 2]},
								"up": {"uv": [58, 75], "uv_size": [0, 4]},
								"down": {"uv": [59, 79], "uv_size": [0, -4]}
							}
						},
						{
							"origin": [2.25, -0.84096, -13.48463],
							"size": [0, 2, 4],
							"pivot": [4, 0.15904, -10.48463],
							"rotation": [22.5, 0, 0],
							"uv": {
								"north": {"uv": [60, 75], "uv_size": [0, 2]},
								"east": {"uv": [76, 39], "uv_size": [-4, 2]},
								"south": {"uv": [61, 75], "uv_size": [0, 2]},
								"west": {"uv": [76, 36], "uv_size": [-4, 2]},
								"up": {"uv": [62, 75], "uv_size": [0, 4]},
								"down": {"uv": [63, 79], "uv_size": [0, -4]}
							}
						}
					]
				},
				{
					"name": "arm_right",
					"parent": "root",
					"pivot": [-4, 18.57163, -5.28826],
					"cubes": [
						{
							"origin": [-6, 14.36827, -7.95152],
							"size": [4, 7, 4.75],
							"pivot": [-4, 17.86827, -5.57652],
							"rotation": [-15, 0, 0],
							"uv": {
								"north": {"uv": [53, 42], "uv_size": [4, 7]},
								"east": {"uv": [17, 45], "uv_size": [5, 7]},
								"south": {"uv": [44, 53], "uv_size": [4, 7]},
								"west": {"uv": [23, 45], "uv_size": [5, 7]},
								"up": {"uv": [58, 42], "uv_size": [4, 5]},
								"down": {"uv": [59, 5], "uv_size": [4, -5]}
							}
						}
					]
				},
				{
					"name": "armfore_right",
					"parent": "arm_right",
					"pivot": [-4, 15.075, -6],
					"cubes": [
						{
							"origin": [-5.5, 8, -8],
							"size": [3, 7.75, 4],
							"uv": {
								"north": {"uv": [56, 9], "uv_size": [3, 8]},
								"east": {"uv": [34, 50], "uv_size": [4, 8]},
								"south": {"uv": [57, 50], "uv_size": [3, 8]},
								"west": {"uv": [0, 51], "uv_size": [4, 8]},
								"up": {"uv": [65, 45], "uv_size": [3, 4]},
								"down": {"uv": [65, 54], "uv_size": [3, -4]}
							}
						}
					]
				},
				{
					"name": "armfore_right2",
					"parent": "armfore_right",
					"pivot": [-4, 8.05814, -5.87896],
					"cubes": [
						{
							"origin": [-5.25, 2, -7.5],
							"size": [2.5, 6, 3],
							"uv": {
								"north": {"uv": [61, 48], "uv_size": [3, 6]},
								"east": {"uv": [61, 55], "uv_size": [3, 6]},
								"south": {"uv": [47, 62], "uv_size": [3, 6]},
								"west": {"uv": [61, 62], "uv_size": [3, 6]},
								"up": {"uv": [55, 66], "uv_size": [3, 3]},
								"down": {"uv": [0, 70], "uv_size": [3, -3]}
							}
						}
					]
				},
				{
					"name": "hand_right",
					"parent": "armfore_right2",
					"pivot": [-4, 1.8507, -5.97248],
					"cubes": [
						{
							"origin": [-5.5, 0, -8],
							"size": [3, 2, 4],
							"uv": {
								"north": {"uv": [32, 73], "uv_size": [3, 2]},
								"east": {"uv": [37, 71], "uv_size": [4, 2]},
								"south": {"uv": [50, 73], "uv_size": [3, 2]},
								"west": {"uv": [69, 71], "uv_size": [4, 2]},
								"up": {"uv": [65, 55], "uv_size": [3, 4]},
								"down": {"uv": [65, 64], "uv_size": [3, -4]}
							}
						},
						{
							"origin": [-5.75, -0.07559, -9.63687],
							"size": [3.5, 2, 2],
							"pivot": [-4, 0.92441, -8.63687],
							"rotation": [22.5, 0, 0],
							"uv": {
								"north": {"uv": [0, 72], "uv_size": [4, 2]},
								"east": {"uv": [74, 51], "uv_size": [2, 2]},
								"south": {"uv": [72, 18], "uv_size": [4, 2]},
								"west": {"uv": [74, 54], "uv_size": [2, 2]},
								"up": {"uv": [19, 72], "uv_size": [4, 2]},
								"down": {"uv": [72, 23], "uv_size": [4, -2]}
							}
						},
						{
							"origin": [-4, -1.22364, -13.40851],
							"size": [0, 2, 4],
							"pivot": [-4, -0.22364, -11.40851],
							"rotation": [22.5, 0, 0],
							"uv": {
								"north": {"uv": [46, 75], "uv_size": [0, 2]},
								"east": {"uv": [72, 24], "uv_size": [4, 2]},
								"south": {"uv": [47, 75], "uv_size": [0, 2]},
								"west": {"uv": [72, 27], "uv_size": [4, 2]},
								"up": {"uv": [48, 75], "uv_size": [0, 4]},
								"down": {"uv": [49, 79], "uv_size": [0, -4]}
							}
						},
						{
							"origin": [-5.75, -1.22364, -13.40851],
							"size": [0, 2, 4],
							"pivot": [-4, -0.22364, -11.40851],
							"rotation": [22.5, 0, 0],
							"uv": {
								"north": {"uv": [56, 75], "uv_size": [0, 2]},
								"east": {"uv": [72, 30], "uv_size": [4, 2]},
								"south": {"uv": [57, 75], "uv_size": [0, 2]},
								"west": {"uv": [72, 33], "uv_size": [4, 2]},
								"up": {"uv": [58, 75], "uv_size": [0, 4]},
								"down": {"uv": [59, 79], "uv_size": [0, -4]}
							}
						},
						{
							"origin": [-2.25, -0.84096, -13.48463],
							"size": [0, 2, 4],
							"pivot": [-4, 0.15904, -10.48463],
							"rotation": [22.5, 0, 0],
							"uv": {
								"north": {"uv": [60, 75], "uv_size": [0, 2]},
								"east": {"uv": [72, 36], "uv_size": [4, 2]},
								"south": {"uv": [61, 75], "uv_size": [0, 2]},
								"west": {"uv": [72, 39], "uv_size": [4, 2]},
								"up": {"uv": [62, 75], "uv_size": [0, 4]},
								"down": {"uv": [63, 79], "uv_size": [0, -4]}
							}
						}
					]
				}
			]
		}
	]
}