{
	"format_version": "1.12.0",
	"minecraft:geometry": [
		{
			"description": {
				"identifier": "geometry.wacky_animals.squirrel",
				"texture_width": 128,
				"texture_height": 128,
				"visible_bounds_width": 5,
				"visible_bounds_height": 2.5,
				"visible_bounds_offset": [0, 0.75, 0]
			},
			"bones": [
				{
					"name": "root",
					"pivot": [0, 0, 0]
				},
				{
					"name": "body",
					"parent": "root",
					"pivot": [0, 7.57585, 5.09888],
					"cubes": [
						{
							"origin": [-3.5, 4, -5],
							"size": [7, 7, 5],
							"uv": {
								"north": {"uv": [22, 18], "uv_size": [7, 7]},
								"east": {"uv": [16, 33], "uv_size": [5, 7]},
								"south": {"uv": [11, 24], "uv_size": [7, 7]},
								"west": {"uv": [22, 33], "uv_size": [5, 7]},
								"up": {"uv": [35, 23], "uv_size": [7, 5]},
								"down": {"uv": [28, 40], "uv_size": [7, -5]}
							}
						},
						{
							"origin": [-3.5, 10.34691, -4.95719],
							"size": [7, 1, 5.25],
							"inflate": -0.01,
							"pivot": [0, 10.84691, -2.33219],
							"rotation": [7.5, 0, 0],
							"uv": {
								"north": {"uv": [58, 26], "uv_size": [7, 1]},
								"east": {"uv": [62, 24], "uv_size": [5, 1]},
								"south": {"uv": [15, 60], "uv_size": [7, 1]},
								"west": {"uv": [28, 62], "uv_size": [5, 1]},
								"up": {"uv": [37, 16], "uv_size": [7, 5]},
								"down": {"uv": [7, 44], "uv_size": [7, -5]}
							}
						},
						{
							"origin": [-4.75, 4, 0],
							"size": [9.5, 8, 7],
							"uv": {
								"north": {"uv": [0, 0], "uv_size": [10, 8]},
								"east": {"uv": [22, 0], "uv_size": [7, 8]},
								"south": {"uv": [0, 9], "uv_size": [10, 8]},
								"west": {"uv": [22, 9], "uv_size": [7, 8]},
								"up": {"uv": [11, 0], "uv_size": [10, 7]},
								"down": {"uv": [11, 15], "uv_size": [10, -7]}
							}
						},
						{
							"origin": [-4.75, 4.45191, 5.50141],
							"size": [9.5, 7.25, 3],
							"inflate": -0.01,
							"pivot": [0, 8.07691, 7.00141],
							"rotation": [22.5, 0, 0],
							"uv": {
								"north": {"uv": [11, 16], "uv_size": [10, 7]},
								"east": {"uv": [14, 47], "uv_size": [3, 7]},
								"south": {"uv": [0, 18], "uv_size": [10, 7]},
								"west": {"uv": [18, 47], "uv_size": [3, 7]},
								"up": {"uv": [42, 41], "uv_size": [10, 3]},
								"down": {"uv": [43, 3], "uv_size": [10, -3]}
							}
						}
					]
				},
				{
					"name": "neck",
					"parent": "body",
					"pivot": [0, 7.45545, -4.07481],
					"cubes": [
						{
							"origin": [-2.5, 5.95545, -8.04981],
							"size": [5, 5, 5.75],
							"pivot": [0, 8.45545, -5.17481],
							"rotation": [-45, 0, 0],
							"uv": {
								"north": {"uv": [34, 45], "uv_size": [5, 5]},
								"east": {"uv": [0, 40], "uv_size": [6, 5]},
								"south": {"uv": [40, 45], "uv_size": [5, 5]},
								"west": {"uv": [15, 41], "uv_size": [6, 5]},
								"up": {"uv": [22, 41], "uv_size": [5, 6]},
								"down": {"uv": [28, 47], "uv_size": [5, -6]}
							}
						}
					]
				},
				{
					"name": "head",
					"parent": "neck",
					"pivot": [0, 10.10115, -6.82771],
					"cubes": [
						{
							"origin": [-3, 8.25, -10],
							"size": [6, 5.5, 5],
							"uv": {
								"north": {"uv": [9, 32], "uv_size": [6, 6]},
								"east": {"uv": [43, 4], "uv_size": [5, 6]},
								"south": {"uv": [0, 33], "uv_size": [6, 6]},
								"west": {"uv": [43, 22], "uv_size": [5, 6]},
								"up": {"uv": [7, 45], "uv_size": [6, 5]},
								"down": {"uv": [45, 16], "uv_size": [6, -5]}
							}
						},
						{
							"origin": [-6.79432, 11.4, -2.49249],
							"size": [1.75, 2, 1.25],
							"pivot": [1.83068, 23.4, -1.56749],
							"rotation": [0, -92.5, 0],
							"uv": {
								"north": {"uv": [48, 62], "uv_size": [2, 2]},
								"east": {"uv": [7, 33], "uv_size": [1, 2]},
								"south": {"uv": [0, 63], "uv_size": [2, 2]},
								"west": {"uv": [7, 36], "uv_size": [1, 2]},
								"up": {"uv": [31, 64], "uv_size": [2, 1]},
								"down": {"uv": [65, 16], "uv_size": [2, -1]}
							}
						},
						{
							"origin": [-6.79432, 11.4, -2.49249],
							"size": [1.75, 2, 1.25],
							"inflate": 0.2,
							"pivot": [1.83068, 23.4, -1.56749],
							"rotation": [0, -92.5, 0],
							"uv": {
								"north": {"uv": [40, 62], "uv_size": [2, 2]},
								"east": {"uv": [9, 26], "uv_size": [1, 2]},
								"south": {"uv": [62, 40], "uv_size": [2, 2]},
								"west": {"uv": [9, 29], "uv_size": [1, 2]},
								"up": {"uv": [19, 24], "uv_size": [2, 1]},
								"down": {"uv": [52, 57], "uv_size": [2, -1]}
							}
						},
						{
							"origin": [5.04432, 11.4, -2.49249],
							"size": [1.75, 2, 1.25],
							"inflate": 0.2,
							"pivot": [-1.83068, 23.4, -1.56749],
							"rotation": [0, 92.5, 0],
							"uv": {
								"north": {"uv": [43, 63], "uv_size": [2, 2]},
								"east": {"uv": [5, 46], "uv_size": [1, 2]},
								"south": {"uv": [63, 43], "uv_size": [2, 2]},
								"west": {"uv": [49, 52], "uv_size": [1, 2]},
								"up": {"uv": [65, 21], "uv_size": [2, 1]},
								"down": {"uv": [34, 66], "uv_size": [2, -1]}
							}
						},
						{
							"origin": [5.04432, 11.4, -2.49249],
							"size": [1.75, 2, 1.25],
							"pivot": [-1.83068, 23.4, -1.56749],
							"rotation": [0, 92.5, 0],
							"uv": {
								"north": {"uv": [3, 63], "uv_size": [2, 2]},
								"east": {"uv": [34, 41], "uv_size": [1, 2]},
								"south": {"uv": [6, 63], "uv_size": [2, 2]},
								"west": {"uv": [43, 11], "uv_size": [1, 2]},
								"up": {"uv": [65, 17], "uv_size": [2, 1]},
								"down": {"uv": [65, 20], "uv_size": [2, -1]}
							}
						},
						{
							"origin": [3.3232, 13.03061, -8.18966],
							"size": [0, 4.5, 3],
							"pivot": [3.3232, 15.78061, -6.68966],
							"rotation": [-15, 12.5, 10],
							"uv": {
								"north": {"uv": [35, 29], "uv_size": [0, 5]},
								"east": {"uv": [51, 50], "uv_size": [3, 5]},
								"south": {"uv": [51, 62], "uv_size": [0, 5]},
								"west": {"uv": [52, 10], "uv_size": [3, 5]},
								"up": {"uv": [9, 56], "uv_size": [0, 3]},
								"down": {"uv": [10, 59], "uv_size": [0, -3]}
							}
						},
						{
							"origin": [-3.3232, 13.03061, -8.18966],
							"size": [0, 4.5, 3],
							"pivot": [-3.3232, 15.78061, -6.68966],
							"rotation": [-15, -12.5, -10],
							"uv": {
								"north": {"uv": [46, 63], "uv_size": [0, 5]},
								"east": {"uv": [45, 52], "uv_size": [3, 5]},
								"south": {"uv": [47, 63], "uv_size": [0, 5]},
								"west": {"uv": [0, 53], "uv_size": [3, 5]},
								"up": {"uv": [48, 58], "uv_size": [0, 3]},
								"down": {"uv": [40, 68], "uv_size": [0, -3]}
							}
						},
						{
							"origin": [-2, 9, -12.5],
							"size": [4, 1.75, 2.5],
							"uv": {
								"north": {"uv": [59, 4], "uv_size": [4, 2]},
								"east": {"uv": [60, 28], "uv_size": [3, 2]},
								"south": {"uv": [59, 7], "uv_size": [4, 2]},
								"west": {"uv": [60, 31], "uv_size": [3, 2]},
								"up": {"uv": [55, 28], "uv_size": [4, 3]},
								"down": {"uv": [55, 35], "uv_size": [4, -3]}
							}
						},
						{
							"origin": [-2, 9.76537, -12.17467],
							"size": [4, 1.75, 3],
							"inflate": -0.01,
							"pivot": [0, 10.3149, -10.41345],
							"rotation": [22.5, 0, 0],
							"uv": {
								"north": {"uv": [0, 60], "uv_size": [4, 2]},
								"east": {"uv": [60, 34], "uv_size": [3, 2]},
								"south": {"uv": [5, 60], "uv_size": [4, 2]},
								"west": {"uv": [60, 37], "uv_size": [3, 2]},
								"up": {"uv": [55, 36], "uv_size": [4, 3]},
								"down": {"uv": [55, 53], "uv_size": [4, -3]}
							}
						}
					]
				},
				{
					"name": "jaw",
					"parent": "head",
					"pivot": [0, 8.75, -10],
					"cubes": [
						{
							"origin": [-1.5, 8.25, -12.25],
							"size": [3, 1, 2.25],
							"uv": {
								"north": {"uv": [64, 31], "uv_size": [3, 1]},
								"east": {"uv": [37, 65], "uv_size": [2, 1]},
								"south": {"uv": [64, 33], "uv_size": [3, 1]},
								"west": {"uv": [65, 39], "uv_size": [2, 1]},
								"up": {"uv": [61, 14], "uv_size": [3, 2]},
								"down": {"uv": [61, 19], "uv_size": [3, -2]}
							}
						}
					]
				},
				{
					"name": "tail",
					"parent": "body",
					"pivot": [0, 6, 9],
					"cubes": [
						{
							"origin": [-1, 5, 9],
							"size": [2, 2, 4],
							"uv": {
								"north": {"uv": [34, 62], "uv_size": [2, 2]},
								"east": {"uv": [30, 23], "uv_size": [4, 2]},
								"south": {"uv": [37, 62], "uv_size": [2, 2]},
								"west": {"uv": [52, 58], "uv_size": [4, 2]},
								"up": {"uv": [45, 58], "uv_size": [2, 4]},
								"down": {"uv": [57, 62], "uv_size": [2, -4]}
							}
						}
					]
				},
				{
					"name": "tail2",
					"parent": "tail",
					"pivot": [0, 6, 10.75],
					"cubes": [
						{
							"origin": [-2, 3.75, 10.75],
							"size": [4, 4.5, 6],
							"uv": {
								"north": {"uv": [49, 4], "uv_size": [4, 5]},
								"east": {"uv": [42, 29], "uv_size": [6, 5]},
								"south": {"uv": [49, 25], "uv_size": [4, 5]},
								"west": {"uv": [42, 35], "uv_size": [6, 5]},
								"up": {"uv": [0, 46], "uv_size": [4, 6]},
								"down": {"uv": [46, 51], "uv_size": [4, -6]}
							}
						}
					]
				},
				{
					"name": "tail3",
					"parent": "tail2",
					"pivot": [0, 6, 15.75],
					"cubes": [
						{
							"origin": [-3, 3, 15.75],
							"size": [6, 6, 8],
							"uv": {
								"north": {"uv": [30, 9], "uv_size": [6, 6]},
								"east": {"uv": [0, 26], "uv_size": [8, 6]},
								"south": {"uv": [30, 16], "uv_size": [6, 6]},
								"west": {"uv": [19, 26], "uv_size": [8, 6]},
								"up": {"uv": [28, 26], "uv_size": [6, 8]},
								"down": {"uv": [30, 8], "uv_size": [6, -8]}
							}
						}
					]
				},
				{
					"name": "tail4",
					"parent": "tail3",
					"pivot": [0, 6, 23.75],
					"cubes": [
						{
							"origin": [-2.25, 4, 22.75],
							"size": [4.5, 4, 4],
							"uv": {
								"north": {"uv": [49, 31], "uv_size": [5, 4]},
								"east": {"uv": [40, 51], "uv_size": [4, 4]},
								"south": {"uv": [49, 36], "uv_size": [5, 4]},
								"west": {"uv": [51, 45], "uv_size": [4, 4]},
								"up": {"uv": [5, 51], "uv_size": [5, 4]},
								"down": {"uv": [34, 55], "uv_size": [5, -4]}
							}
						}
					]
				},
				{
					"name": "tail5",
					"parent": "tail4",
					"pivot": [0, 6, 26.75],
					"cubes": [
						{
							"origin": [-1.5, 4.75, 25.25],
							"size": [3, 2.5, 4],
							"uv": {
								"north": {"uv": [56, 45], "uv_size": [3, 3]},
								"east": {"uv": [53, 41], "uv_size": [4, 3]},
								"south": {"uv": [57, 14], "uv_size": [3, 3]},
								"west": {"uv": [54, 6], "uv_size": [4, 3]},
								"up": {"uv": [45, 17], "uv_size": [3, 4]},
								"down": {"uv": [15, 59], "uv_size": [3, -4]}
							}
						}
					]
				},
				{
					"name": "arm_right",
					"parent": "body",
					"pivot": [-3.5, 7.95864, -3.06158],
					"cubes": [
						{
							"origin": [-4.5, 3.5, -4],
							"size": [2, 5, 2],
							"uv": {
								"north": {"uv": [26, 56], "uv_size": [-2, 5]},
								"east": {"uv": [35, 56], "uv_size": [-2, 5]},
								"south": {"uv": [32, 56], "uv_size": [-2, 5]},
								"west": {"uv": [29, 56], "uv_size": [-2, 5]},
								"up": {"uv": [65, 55], "uv_size": [-2, 2]},
								"down": {"uv": [65, 60], "uv_size": [-2, -2]}
							}
						}
					]
				},
				{
					"name": "armfore_right",
					"parent": "arm_right",
					"pivot": [-3.5, 3.85092, -3.14236],
					"cubes": [
						{
							"origin": [-4.5, 0.62592, -4.44236],
							"size": [2, 3.25, 2],
							"inflate": -0.01,
							"pivot": [-3.5, 2.25092, -3.44236],
							"rotation": [-17.5, 0, 0],
							"uv": {
								"north": {"uv": [54, 61], "uv_size": [-2, 3]},
								"east": {"uv": [18, 62], "uv_size": [-2, 3]},
								"south": {"uv": [15, 62], "uv_size": [-2, 3]},
								"west": {"uv": [64, 0], "uv_size": [-2, 3]},
								"up": {"uv": [65, 61], "uv_size": [-2, 2]},
								"down": {"uv": [66, 6], "uv_size": [-2, -2]}
							}
						}
					]
				},
				{
					"name": "hand_right",
					"parent": "armfore_right",
					"pivot": [-3.5, 0.925, -3.69236],
					"cubes": [
						{
							"origin": [-4.75, 0, -5.34236],
							"size": [2.5, 1.25, 2.5],
							"uv": {
								"north": {"uv": [67, 35], "uv_size": [-3, 1]},
								"east": {"uv": [65, 64], "uv_size": [-3, 1]},
								"south": {"uv": [61, 64], "uv_size": [-3, 1]},
								"west": {"uv": [67, 37], "uv_size": [-3, 1]},
								"up": {"uv": [60, 18], "uv_size": [-3, 3]},
								"down": {"uv": [61, 3], "uv_size": [-3, -3]}
							}
						}
					]
				},
				{
					"name": "arm_left",
					"parent": "body",
					"pivot": [3.5, 7.95864, -3.06158],
					"cubes": [
						{
							"origin": [2.5, 3.5, -4],
							"size": [2, 5, 2],
							"uv": {
								"north": {"uv": [24, 56], "uv_size": [2, 5]},
								"east": {"uv": [27, 56], "uv_size": [2, 5]},
								"south": {"uv": [30, 56], "uv_size": [2, 5]},
								"west": {"uv": [33, 56], "uv_size": [2, 5]},
								"up": {"uv": [63, 55], "uv_size": [2, 2]},
								"down": {"uv": [63, 60], "uv_size": [2, -2]}
							}
						}
					]
				},
				{
					"name": "armfore_left",
					"parent": "arm_left",
					"pivot": [3.5, 3.85092, -3.14236],
					"cubes": [
						{
							"origin": [2.5, 0.62592, -4.44236],
							"size": [2, 3.25, 2],
							"inflate": -0.01,
							"pivot": [3.5, 2.25092, -3.44236],
							"rotation": [-17.5, 0, 0],
							"uv": {
								"north": {"uv": [52, 61], "uv_size": [2, 3]},
								"east": {"uv": [62, 0], "uv_size": [2, 3]},
								"south": {"uv": [13, 62], "uv_size": [2, 3]},
								"west": {"uv": [16, 62], "uv_size": [2, 3]},
								"up": {"uv": [63, 61], "uv_size": [2, 2]},
								"down": {"uv": [64, 6], "uv_size": [2, -2]}
							}
						}
					]
				},
				{
					"name": "hand_left",
					"parent": "armfore_left",
					"pivot": [3.5, 0.925, -3.69236],
					"cubes": [
						{
							"origin": [2.25, 0, -5.34236],
							"size": [2.5, 1.25, 2.5],
							"uv": {
								"north": {"uv": [64, 35], "uv_size": [3, 1]},
								"east": {"uv": [64, 37], "uv_size": [3, 1]},
								"south": {"uv": [58, 64], "uv_size": [3, 1]},
								"west": {"uv": [62, 64], "uv_size": [3, 1]},
								"up": {"uv": [57, 18], "uv_size": [3, 3]},
								"down": {"uv": [58, 3], "uv_size": [3, -3]}
							}
						}
					]
				},
				{
					"name": "leg_right",
					"parent": "root",
					"pivot": [-4.5, 7.66667, 4.70833],
					"cubes": [
						{
							"origin": [-6, 3, 2],
							"size": [3, 7, 5],
							"uv": {
								"north": {"uv": [25, 48], "uv_size": [-3, 7]},
								"east": {"uv": [42, 0], "uv_size": [-5, 7]},
								"south": {"uv": [29, 48], "uv_size": [-3, 7]},
								"west": {"uv": [41, 29], "uv_size": [-5, 7]},
								"up": {"uv": [56, 16], "uv_size": [-3, 5]},
								"down": {"uv": [57, 5], "uv_size": [-3, -5]}
							}
						}
					]
				},
				{
					"name": "legfore_right",
					"parent": "leg_right",
					"pivot": [-4.5, 3.25, 6.0125],
					"cubes": [
						{
							"origin": [-5.5, 0, 5],
							"size": [2, 3, 2],
							"uv": {
								"north": {"uv": [13, 51], "uv_size": [-2, 3]},
								"east": {"uv": [62, 52], "uv_size": [-2, 3]},
								"south": {"uv": [62, 48], "uv_size": [-2, 3]},
								"west": {"uv": [62, 44], "uv_size": [-2, 3]},
								"up": {"uv": [65, 46], "uv_size": [-2, 2]},
								"down": {"uv": [65, 51], "uv_size": [-2, -2]}
							}
						},
						{
							"origin": [-6.25, 0, 2.25],
							"size": [3.5, 0, 2.75],
							"uv": {
								"north": {"uv": [41, 22], "uv_size": [-4, 0]},
								"east": {"uv": [3, 59], "uv_size": [-3, 0]},
								"south": {"uv": [69, 23], "uv_size": [-4, 0]},
								"west": {"uv": [59, 49], "uv_size": [-3, 0]},
								"up": {"uv": [59, 54], "uv_size": [-4, 3]},
								"down": {"uv": [8, 59], "uv_size": [-4, -3]}
							}
						}
					]
				},
				{
					"name": "leg_left",
					"parent": "root",
					"pivot": [4.5, 7.66667, 4.70833],
					"cubes": [
						{
							"origin": [3, 3, 2],
							"size": [3, 7, 5],
							"uv": {
								"north": {"uv": [22, 48], "uv_size": [3, 7]},
								"east": {"uv": [36, 29], "uv_size": [5, 7]},
								"south": {"uv": [26, 48], "uv_size": [3, 7]},
								"west": {"uv": [37, 0], "uv_size": [5, 7]},
								"up": {"uv": [53, 16], "uv_size": [3, 5]},
								"down": {"uv": [54, 5], "uv_size": [3, -5]}
							}
						}
					]
				},
				{
					"name": "legfore_left",
					"parent": "leg_left",
					"pivot": [4.5, 3.25, 6.0125],
					"cubes": [
						{
							"origin": [3.5, 0, 5],
							"size": [2, 3, 2],
							"uv": {
								"north": {"uv": [11, 51], "uv_size": [2, 3]},
								"east": {"uv": [60, 44], "uv_size": [2, 3]},
								"south": {"uv": [60, 48], "uv_size": [2, 3]},
								"west": {"uv": [60, 52], "uv_size": [2, 3]},
								"up": {"uv": [63, 46], "uv_size": [2, 2]},
								"down": {"uv": [63, 51], "uv_size": [2, -2]}
							}
						},
						{
							"origin": [2.75, 0, 2.25],
							"size": [3.5, 0, 2.75],
							"uv": {
								"north": {"uv": [37, 22], "uv_size": [4, 0]},
								"east": {"uv": [56, 49], "uv_size": [3, 0]},
								"south": {"uv": [65, 23], "uv_size": [4, 0]},
								"west": {"uv": [0, 59], "uv_size": [3, 0]},
								"up": {"uv": [55, 54], "uv_size": [4, 3]},
								"down": {"uv": [4, 59], "uv_size": [4, -3]}
							}
						}
					]
				}
			]
		}
	]
}