{
	"format_version": "1.12.0",
	"minecraft:geometry": [
		{
			"description": {
				"identifier": "geometry.wacky_animals.t-rex",
				"texture_width": 128,
				"texture_height": 128,
				"visible_bounds_width": 7,
				"visible_bounds_height": 3.5,
				"visible_bounds_offset": [0, 1.25, 0]
			},
			"bones": [
				{
					"name": "root",
					"pivot": [0, 0, 0]
				},
				{
					"name": "body",
					"parent": "root",
					"pivot": [0, 23.40014, -2.16877],
					"cubes": [
						{
							"origin": [-6, 14.73962, -6.74503],
							"size": [12, 16.5, 9],
							"pivot": [0, 22.98962, -2.24503],
							"rotation": [-15, 0, 0],
							"uv": {
								"north": {"uv": [0, 0], "uv_size": [12, 17]},
								"east": {"uv": [24, 18], "uv_size": [9, 17]},
								"south": {"uv": [13, 0], "uv_size": [12, 17]},
								"west": {"uv": [26, 0], "uv_size": [9, 17]},
								"up": {"uv": [44, 14], "uv_size": [12, 9]},
								"down": {"uv": [44, 33], "uv_size": [12, -9]}
							}
						},
						{
							"origin": [-5, 17.7133, 2.64647],
							"size": [10, 11.5, 6],
							"pivot": [0, 23.4633, 5.64647],
							"rotation": [-15, 0, 0],
							"uv": {
								"north": {"uv": [0, 33], "uv_size": [10, 12]},
								"east": {"uv": [54, 0], "uv_size": [6, 12]},
								"south": {"uv": [11, 33], "uv_size": [10, 12]},
								"west": {"uv": [54, 34], "uv_size": [6, 12]},
								"up": {"uv": [63, 16], "uv_size": [10, 6]},
								"down": {"uv": [60, 70], "uv_size": [10, -6]}
							}
						},
						{
							"origin": [-4.25, 16.28822, -0.92964],
							"size": [8.5, 3.5, 6.75],
							"inflate": -0.01,
							"pivot": [0, 18.03822, 2.44536],
							"rotation": [17.5, 0, 0],
							"uv": {
								"north": {"uv": [85, 68], "uv_size": [9, 4]},
								"east": {"uv": [90, 48], "uv_size": [7, 4]},
								"south": {"uv": [85, 73], "uv_size": [9, 4]},
								"west": {"uv": [90, 53], "uv_size": [7, 4]},
								"up": {"uv": [60, 56], "uv_size": [9, 7]},
								"down": {"uv": [61, 7], "uv_size": [9, -7]}
							}
						}
					]
				},
				{
					"name": "body2",
					"parent": "body",
					"pivot": [0, 24.1393, -4.99228],
					"cubes": [
						{
							"origin": [-5.25, 19.51332, -13.11656],
							"size": [10.5, 13.75, 7],
							"pivot": [0, 26.38832, -9.61656],
							"rotation": [-15, 0, 0],
							"uv": {
								"north": {"uv": [0, 18], "uv_size": [11, 14]},
								"east": {"uv": [10, 46], "uv_size": [7, 14]},
								"south": {"uv": [12, 18], "uv_size": [11, 14]},
								"west": {"uv": [32, 46], "uv_size": [7, 14]},
								"up": {"uv": [48, 47], "uv_size": [11, 7]},
								"down": {"uv": [18, 57], "uv_size": [11, -7]}
							}
						},
						{
							"origin": [-4.25, 18.31527, -14.06801],
							"size": [8.5, 2.75, 7],
							"inflate": -0.01,
							"pivot": [0, 19.69027, -10.56801],
							"rotation": [-35, 0, 0],
							"uv": {
								"north": {"uv": [43, 93], "uv_size": [9, 3]},
								"east": {"uv": [63, 23], "uv_size": [7, 3]},
								"south": {"uv": [93, 78], "uv_size": [9, 3]},
								"west": {"uv": [95, 44], "uv_size": [7, 3]},
								"up": {"uv": [61, 35], "uv_size": [9, 7]},
								"down": {"uv": [63, 15], "uv_size": [9, -7]}
							}
						}
					]
				},
				{
					"name": "body3",
					"parent": "body2",
					"pivot": [0, 27.70006, -12.07804],
					"cubes": [
						{
							"origin": [-4.25, 22.32506, -19.87804],
							"size": [8.5, 11.75, 7],
							"pivot": [0, 28.20006, -16.37804],
							"rotation": [-15, 0, 0],
							"uv": {
								"north": {"uv": [44, 34], "uv_size": [9, 12]},
								"east": {"uv": [46, 0], "uv_size": [7, 12]},
								"south": {"uv": [0, 46], "uv_size": [9, 12]},
								"west": {"uv": [40, 47], "uv_size": [7, 12]},
								"up": {"uv": [24, 61], "uv_size": [9, 7]},
								"down": {"uv": [61, 34], "uv_size": [9, -7]}
							}
						}
					]
				},
				{
					"name": "neck",
					"parent": "body3",
					"pivot": [0, 29.80395, -18.79688],
					"cubes": [
						{
							"origin": [-3.5, 26.90634, -25.45019],
							"size": [7, 6, 9],
							"pivot": [0, 29.90634, -20.82519],
							"rotation": [55, 0, 0],
							"uv": {
								"north": {"uv": [80, 7], "uv_size": [7, 6]},
								"east": {"uv": [71, 0], "uv_size": [9, 6]},
								"south": {"uv": [81, 0], "uv_size": [7, 6]},
								"west": {"uv": [14, 72], "uv_size": [9, 6]},
								"up": {"uv": [40, 60], "uv_size": [7, 9]},
								"down": {"uv": [9, 70], "uv_size": [7, -9]}
							}
						}
					]
				},
				{
					"name": "head",
					"parent": "neck",
					"pivot": [0, 31.57925, -22.82768],
					"cubes": [
						{
							"origin": [-3, 29.78074, -28.59915],
							"size": [6, 6.75, 7.5],
							"inflate": 0.01,
							"pivot": [0, 33.15574, -24.84915],
							"rotation": [40, 0, 0],
							"uv": {
								"north": {"uv": [79, 81], "uv_size": [6, 7]},
								"east": {"uv": [48, 69], "uv_size": [8, 7]},
								"south": {"uv": [21, 82], "uv_size": [6, 7]},
								"west": {"uv": [70, 56], "uv_size": [8, 7]},
								"up": {"uv": [73, 7], "uv_size": [6, 8]},
								"down": {"uv": [65, 81], "uv_size": [6, -8]}
							}
						},
						{
							"origin": [-3, 33.56146, -30.54719],
							"size": [6, 3.75, 7],
							"pivot": [0, 35.43646, -27.04719],
							"rotation": [15, 0, 0],
							"uv": {
								"north": {"uv": [94, 10], "uv_size": [6, 4]},
								"east": {"uv": [54, 90], "uv_size": [7, 4]},
								"south": {"uv": [94, 15], "uv_size": [6, 4]},
								"west": {"uv": [62, 90], "uv_size": [7, 4]},
								"up": {"uv": [61, 82], "uv_size": [6, 7]},
								"down": {"uv": [68, 89], "uv_size": [6, -7]}
							}
						},
						{
							"origin": [-2.4, 35.35972, -34.22919],
							"size": [4.8, 2.25, 2.75],
							"pivot": [0, 36.48472, -32.85419],
							"rotation": [17.5, 0, 0],
							"uv": {
								"north": {"uv": [102, 56], "uv_size": [5, 2]},
								"east": {"uv": [105, 69], "uv_size": [3, 2]},
								"south": {"uv": [57, 102], "uv_size": [5, 2]},
								"west": {"uv": [105, 89], "uv_size": [3, 2]},
								"up": {"uv": [99, 69], "uv_size": [5, 3]},
								"down": {"uv": [83, 103], "uv_size": [5, -3]}
							}
						},
						{
							"origin": [1.10807, 35.28235, -34.44622],
							"size": [1.5, 2, 1.75],
							"pivot": [1.85807, 36.28235, -33.57122],
							"rotation": [148.75705, -75.43862, -149.25121],
							"uv": {
								"north": {"uv": [30, 50], "uv_size": [1, 2]},
								"east": {"uv": [108, 18], "uv_size": [2, 2]},
								"south": {"uv": [30, 53], "uv_size": [1, 2]},
								"west": {"uv": [108, 29], "uv_size": [2, 2]},
								"up": {"uv": [61, 8], "uv_size": [1, 2]},
								"down": {"uv": [55, 79], "uv_size": [1, -2]}
							}
						},
						{
							"origin": [1.10807, 35.28235, -34.44622],
							"size": [1.5, 2, 1.75],
							"inflate": 0.2,
							"pivot": [1.85807, 36.28235, -33.57122],
							"rotation": [148.75705, -75.43862, -149.25121],
							"uv": {
								"north": {"uv": [22, 33], "uv_size": [1, 2]},
								"east": {"uv": [12, 108], "uv_size": [2, 2]},
								"south": {"uv": [32, 36], "uv_size": [1, 2]},
								"west": {"uv": [15, 108], "uv_size": [2, 2]},
								"up": {"uv": [32, 39], "uv_size": [1, 2]},
								"down": {"uv": [32, 44], "uv_size": [1, -2]}
							}
						},
						{
							"origin": [-2.60807, 35.28235, -34.44622],
							"size": [1.5, 2, 1.75],
							"inflate": 0.2,
							"pivot": [-1.85807, 36.28235, -33.57122],
							"rotation": [148.75705, 75.43862, 149.25121],
							"uv": {
								"north": {"uv": [89, 95], "uv_size": [1, 2]},
								"east": {"uv": [108, 56], "uv_size": [2, 2]},
								"south": {"uv": [89, 98], "uv_size": [1, 2]},
								"west": {"uv": [57, 108], "uv_size": [2, 2]},
								"up": {"uv": [25, 99], "uv_size": [1, 2]},
								"down": {"uv": [47, 104], "uv_size": [1, -2]}
							}
						},
						{
							"origin": [-2.60807, 35.28235, -34.44622],
							"size": [1.5, 2, 1.75],
							"pivot": [-1.85807, 36.28235, -33.57122],
							"rotation": [148.75705, 75.43862, 149.25121],
							"uv": {
								"north": {"uv": [12, 80], "uv_size": [1, 2]},
								"east": {"uv": [108, 32], "uv_size": [2, 2]},
								"south": {"uv": [12, 83], "uv_size": [1, 2]},
								"west": {"uv": [108, 35], "uv_size": [2, 2]},
								"up": {"uv": [84, 89], "uv_size": [1, 2]},
								"down": {"uv": [84, 94], "uv_size": [1, -2]}
							}
						},
						{
							"origin": [-2.4, 32.94474, -38.54966],
							"size": [4.8, 2.5, 7.75],
							"pivot": [0, 33.94474, -34.67466],
							"rotation": [17.5, 0, 0],
							"uv": {
								"north": {"uv": [103, 78], "uv_size": [5, 2]},
								"east": {"uv": [99, 35], "uv_size": [8, 2]},
								"south": {"uv": [89, 103], "uv_size": [5, 2]},
								"west": {"uv": [99, 66], "uv_size": [8, 2]},
								"up": {"uv": [84, 50], "uv_size": [5, 8]},
								"down": {"uv": [85, 67], "uv_size": [5, -8]}
							}
						},
						{
							"origin": [-1.9, 31.76416, -37.8486],
							"size": [3.8, 1.5, 7.5],
							"pivot": [0, 32.51416, -34.2236],
							"rotation": [17.5, 0, 0],
							"uv": {
								"north": {"uv": [108, 3], "uv_size": [4, 1]},
								"east": {"uv": [104, 8], "uv_size": [8, 1]},
								"south": {"uv": [108, 5], "uv_size": [4, 1]},
								"west": {"uv": [104, 22], "uv_size": [8, 1]},
								"up": {"uv": [22, 90], "uv_size": [4, 8]},
								"down": {"uv": [90, 47], "uv_size": [4, -8]}
							}
						},
						{
							"origin": [-2.65, 33.87112, -31.88113],
							"size": [5.3, 4.25, 7.6],
							"uv": {
								"north": {"uv": [83, 95], "uv_size": [5, 4]},
								"east": {"uv": [75, 89], "uv_size": [8, 4]},
								"south": {"uv": [95, 93], "uv_size": [5, 4]},
								"west": {"uv": [0, 90], "uv_size": [8, 4]},
								"up": {"uv": [0, 81], "uv_size": [5, 8]},
								"down": {"uv": [83, 22], "uv_size": [5, -8]}
							}
						},
						{
							"origin": [-2.65, 37.39922, -31.74711],
							"size": [5.3, 1.35, 4],
							"inflate": -0.01,
							"pivot": [0, 37.62422, -29.74711],
							"rotation": [17.5, 0, 0],
							"uv": {
								"north": {"uv": [65, 71], "uv_size": [5, 1]},
								"east": {"uv": [99, 73], "uv_size": [4, 1]},
								"south": {"uv": [105, 64], "uv_size": [5, 1]},
								"west": {"uv": [107, 16], "uv_size": [4, 1]},
								"up": {"uv": [96, 58], "uv_size": [5, 4]},
								"down": {"uv": [43, 101], "uv_size": [5, -4]}
							}
						},
						{
							"origin": [-2.65, 37.69922, -28.60883],
							"size": [5.3, 1.05, 4],
							"inflate": -0.02,
							"pivot": [0, 37.62422, -26.60883],
							"rotation": [-17.5, 0, 0],
							"uv": {
								"north": {"uv": [106, 27], "uv_size": [5, 1]},
								"east": {"uv": [36, 107], "uv_size": [4, 1]},
								"south": {"uv": [106, 41], "uv_size": [5, 1]},
								"west": {"uv": [107, 52], "uv_size": [4, 1]},
								"up": {"uv": [98, 0], "uv_size": [5, 4]},
								"down": {"uv": [98, 9], "uv_size": [5, -4]}
							}
						}
					]
				},
				{
					"name": "tongue",
					"parent": "head",
					"pivot": [0, 32.70493, -31.02445],
					"cubes": [
						{
							"origin": [-1, 32.95493, -36.32445],
							"size": [2, 0, 6],
							"pivot": [0, 32.20493, -33.32445],
							"rotation": [22.5, 0, 0],
							"uv": {
								"north": {"uv": [46, 13], "uv_size": [2, 0]},
								"east": {"uv": [49, 13], "uv_size": [6, 0]},
								"south": {"uv": [40, 46], "uv_size": [2, 0]},
								"west": {"uv": [103, 81], "uv_size": [6, 0]},
								"up": {"uv": [9, 90], "uv_size": [2, 6]},
								"down": {"uv": [25, 108], "uv_size": [2, -6]}
							}
						}
					]
				},
				{
					"name": "jaw",
					"parent": "head",
					"pivot": [0, 33.65098, -30.2788],
					"cubes": [
						{
							"origin": [-2.05, 31.78543, -38.20674],
							"size": [4.1, 1.75, 7.5],
							"pivot": [0, 32.99912, -32.41608],
							"rotation": [17.5, 0, 0],
							"uv": {
								"north": {"uv": [20, 104], "uv_size": [4, 2]},
								"east": {"uv": [93, 82], "uv_size": [8, 2]},
								"south": {"uv": [104, 46], "uv_size": [4, 2]},
								"west": {"uv": [95, 75], "uv_size": [8, 2]},
								"up": {"uv": [17, 90], "uv_size": [4, 8]},
								"down": {"uv": [90, 28], "uv_size": [4, -8]}
							}
						},
						{
							"origin": [-1.8, 33.53543, -37.95674],
							"size": [3.6, 1, 7.25],
							"pivot": [0, 32.99912, -32.41608],
							"rotation": [17.5, 0, 0],
							"uv": {
								"north": {"uv": [107, 54], "uv_size": [4, 1]},
								"east": {"uv": [104, 76], "uv_size": [7, 1]},
								"south": {"uv": [3, 108], "uv_size": [4, 1]},
								"west": {"uv": [105, 62], "uv_size": [7, 1]},
								"up": {"uv": [70, 90], "uv_size": [4, 7]},
								"down": {"uv": [91, 65], "uv_size": [4, -7]}
							}
						},
						{
							"origin": [-2.55, 30.71937, -31.77473],
							"size": [5.1, 2.7, 2.5],
							"pivot": [0, 32.99912, -32.41608],
							"rotation": [45, 0, 0],
							"uv": {
								"north": {"uv": [100, 98], "uv_size": [5, 3]},
								"east": {"uv": [18, 46], "uv_size": [3, 3]},
								"south": {"uv": [101, 10], "uv_size": [5, 3]},
								"west": {"uv": [104, 0], "uv_size": [3, 3]},
								"up": {"uv": [101, 14], "uv_size": [5, 3]},
								"down": {"uv": [101, 88], "uv_size": [5, -3]}
							}
						}
					]
				},
				{
					"name": "arm_right",
					"parent": "neck",
					"pivot": [-4.53821, 26.55594, -21.88245],
					"cubes": [
						{
							"origin": [-7.00354, 19.38676, -23.87728],
							"size": [2.5, 8.25, 2.5],
							"pivot": [-4.72411, 19.39266, -22.69747],
							"rotation": [59.15536, 86.51941, 61.14194],
							"uv": {
								"north": {"uv": [63, 95], "uv_size": [3, 8]},
								"east": {"uv": [72, 98], "uv_size": [2, 8]},
								"south": {"uv": [95, 66], "uv_size": [3, 8]},
								"west": {"uv": [5, 99], "uv_size": [2, 8]},
								"up": {"uv": [50, 106], "uv_size": [3, 2]},
								"down": {"uv": [75, 108], "uv_size": [3, -2]}
							}
						}
					]
				},
				{
					"name": "armfore_right",
					"parent": "arm_right",
					"pivot": [-4.70301, 19.62521, -21.88025],
					"cubes": [
						{
							"origin": [-5.65935, 16.30036, -23.90725],
							"size": [2, 4.45, 2],
							"inflate": 0.01,
							"pivot": [-4.65935, 18.52536, -22.90725],
							"rotation": [-38.59395, 1.93933, 1.26298],
							"uv": {
								"north": {"uv": [81, 104], "uv_size": [2, 4]},
								"east": {"uv": [84, 104], "uv_size": [2, 4]},
								"south": {"uv": [95, 104], "uv_size": [2, 4]},
								"west": {"uv": [0, 105], "uv_size": [2, 4]},
								"up": {"uv": [72, 107], "uv_size": [2, 2]},
								"down": {"uv": [107, 87], "uv_size": [2, -2]}
							}
						},
						{
							"origin": [-6.24668, 15.22506, -25.05325],
							"size": [3, 2.2, 2],
							"inflate": 0.01,
							"pivot": [-4.74668, 16.32506, -24.05325],
							"rotation": [1.40605, 1.93933, 1.26298],
							"uv": {
								"north": {"uv": [87, 106], "uv_size": [3, 2]},
								"east": {"uv": [106, 107], "uv_size": [2, 2]},
								"south": {"uv": [91, 106], "uv_size": [3, 2]},
								"west": {"uv": [108, 0], "uv_size": [2, 2]},
								"up": {"uv": [106, 98], "uv_size": [3, 2]},
								"down": {"uv": [106, 103], "uv_size": [3, -2]}
							}
						}
					]
				},
				{
					"name": "arm_left",
					"parent": "neck",
					"pivot": [4.53821, 26.55594, -21.88245],
					"cubes": [
						{
							"origin": [4.50354, 19.38676, -23.87728],
							"size": [2.5, 8.25, 2.5],
							"pivot": [4.72411, 19.39266, -22.69747],
							"rotation": [59.15536, -86.51941, -61.14194],
							"uv": {
								"north": {"uv": [66, 95], "uv_size": [-3, 8]},
								"east": {"uv": [7, 99], "uv_size": [-2, 8]},
								"south": {"uv": [98, 66], "uv_size": [-3, 8]},
								"west": {"uv": [74, 98], "uv_size": [-2, 8]},
								"up": {"uv": [53, 106], "uv_size": [-3, 2]},
								"down": {"uv": [78, 108], "uv_size": [-3, -2]}
							}
						}
					]
				},
				{
					"name": "armfore_left",
					"parent": "arm_left",
					"pivot": [4.70301, 19.62521, -21.88025],
					"cubes": [
						{
							"origin": [3.65935, 16.30036, -23.90725],
							"size": [2, 4.45, 2],
							"inflate": 0.01,
							"pivot": [4.65935, 18.52536, -22.90725],
							"rotation": [-38.59395, -1.93933, -1.26298],
							"uv": {
								"north": {"uv": [83, 104], "uv_size": [-2, 4]},
								"east": {"uv": [2, 105], "uv_size": [-2, 4]},
								"south": {"uv": [97, 104], "uv_size": [-2, 4]},
								"west": {"uv": [86, 104], "uv_size": [-2, 4]},
								"up": {"uv": [74, 107], "uv_size": [-2, 2]},
								"down": {"uv": [109, 87], "uv_size": [-2, -2]}
							}
						},
						{
							"origin": [3.24668, 15.22506, -25.05325],
							"size": [3, 2.2, 2],
							"inflate": 0.01,
							"pivot": [4.74668, 16.32506, -24.05325],
							"rotation": [1.40605, -1.93933, -1.26298],
							"uv": {
								"north": {"uv": [90, 106], "uv_size": [-3, 2]},
								"east": {"uv": [110, 0], "uv_size": [-2, 2]},
								"south": {"uv": [94, 106], "uv_size": [-3, 2]},
								"west": {"uv": [108, 107], "uv_size": [-2, 2]},
								"up": {"uv": [109, 98], "uv_size": [-3, 2]},
								"down": {"uv": [109, 103], "uv_size": [-3, -2]}
							}
						}
					]
				},
				{
					"name": "tail1",
					"parent": "body",
					"pivot": [0, 23.50563, 8.10196],
					"cubes": [
						{
							"origin": [-3.5, 24.64539, 7.07427],
							"size": [7, 2.5, 8],
							"inflate": -0.01,
							"pivot": [0, 25.89539, 11.07427],
							"rotation": [-12.5, 0, 0],
							"uv": {
								"north": {"uv": [36, 14], "uv_size": [7, 3]},
								"east": {"uv": [0, 95], "uv_size": [8, 3]},
								"south": {"uv": [61, 43], "uv_size": [7, 3]},
								"west": {"uv": [95, 20], "uv_size": [8, 3]},
								"up": {"uv": [40, 70], "uv_size": [7, 8]},
								"down": {"uv": [6, 79], "uv_size": [7, -8]}
							}
						},
						{
							"origin": [-3.5, 18.75, 7.25],
							"size": [7, 7.5, 8],
							"uv": {
								"north": {"uv": [71, 23], "uv_size": [7, 8]},
								"east": {"uv": [0, 59], "uv_size": [8, 8]},
								"south": {"uv": [71, 32], "uv_size": [7, 8]},
								"west": {"uv": [60, 47], "uv_size": [8, 8]},
								"up": {"uv": [57, 71], "uv_size": [7, 8]},
								"down": {"uv": [71, 72], "uv_size": [7, -8]}
							}
						}
					]
				},
				{
					"name": "tail2",
					"parent": "tail1",
					"pivot": [0, 22.39293, 15.18125],
					"cubes": [
						{
							"origin": [-3, 23.94839, 15.01736],
							"size": [6, 1.5, 8.25],
							"inflate": -0.01,
							"pivot": [0, 25.19839, 19.26736],
							"rotation": [-10, 0, 0],
							"uv": {
								"north": {"uv": [24, 58], "uv_size": [6, 2]},
								"east": {"uv": [96, 63], "uv_size": [8, 2]},
								"south": {"uv": [101, 95], "uv_size": [6, 2]},
								"west": {"uv": [98, 53], "uv_size": [8, 2]},
								"up": {"uv": [72, 73], "uv_size": [6, 8]},
								"down": {"uv": [30, 82], "uv_size": [6, -8]}
							}
						},
						{
							"origin": [-3, 19.25, 15],
							"size": [6, 5.5, 8.25],
							"uv": {
								"north": {"uv": [47, 86], "uv_size": [6, 6]},
								"east": {"uv": [74, 16], "uv_size": [8, 6]},
								"south": {"uv": [86, 78], "uv_size": [6, 6]},
								"west": {"uv": [75, 41], "uv_size": [8, 6]},
								"up": {"uv": [48, 77], "uv_size": [6, 8]},
								"down": {"uv": [14, 87], "uv_size": [6, -8]}
							}
						}
					]
				},
				{
					"name": "tail3",
					"parent": "tail2",
					"pivot": [0, 21.72627, 23.18125],
					"cubes": [
						{
							"origin": [-2.5, 22.44839, 23.01736],
							"size": [5, 1.5, 8.25],
							"inflate": -0.01,
							"pivot": [0, 23.69839, 27.26736],
							"rotation": [-10, 0, 0],
							"uv": {
								"north": {"uv": [102, 59], "uv_size": [5, 2]},
								"east": {"uv": [99, 29], "uv_size": [8, 2]},
								"south": {"uv": [102, 82], "uv_size": [5, 2]},
								"west": {"uv": [99, 32], "uv_size": [8, 2]},
								"up": {"uv": [28, 83], "uv_size": [5, 8]},
								"down": {"uv": [84, 31], "uv_size": [5, -8]}
							}
						},
						{
							"origin": [-2.5, 19.75, 23],
							"size": [5, 3.5, 8.25],
							"uv": {
								"north": {"uv": [9, 98], "uv_size": [5, 4]},
								"east": {"uv": [90, 29], "uv_size": [8, 4]},
								"south": {"uv": [98, 48], "uv_size": [5, 4]},
								"west": {"uv": [90, 34], "uv_size": [8, 4]},
								"up": {"uv": [84, 32], "uv_size": [5, 8]},
								"down": {"uv": [84, 49], "uv_size": [5, -8]}
							}
						}
					]
				},
				{
					"name": "tail4",
					"parent": "tail3",
					"pivot": [0, 21.05, 31.375],
					"cubes": [
						{
							"origin": [-2, 19.75, 31.25],
							"size": [4, 3.5, 6.25],
							"uv": {
								"north": {"uv": [79, 36], "uv_size": [4, 4]},
								"east": {"uv": [95, 24], "uv_size": [6, 4]},
								"south": {"uv": [20, 99], "uv_size": [4, 4]},
								"west": {"uv": [95, 39], "uv_size": [6, 4]},
								"up": {"uv": [53, 95], "uv_size": [4, 6]},
								"down": {"uv": [58, 101], "uv_size": [4, -6]}
							}
						}
					]
				},
				{
					"name": "tail5",
					"parent": "tail4",
					"pivot": [0, 21.625, 37.125],
					"cubes": [
						{
							"origin": [-1.25, 20.25, 37.5],
							"size": [2.5, 2.5, 9.25],
							"uv": {
								"north": {"uv": [104, 4], "uv_size": [3, 3]},
								"east": {"uv": [91, 85], "uv_size": [9, 3]},
								"south": {"uv": [104, 18], "uv_size": [3, 3]},
								"west": {"uv": [91, 89], "uv_size": [9, 3]},
								"up": {"uv": [27, 92], "uv_size": [3, 9]},
								"down": {"uv": [31, 101], "uv_size": [3, -9]}
							}
						}
					]
				},
				{
					"name": "leg_right",
					"parent": "root",
					"pivot": [-6.5, 21.80571, -2.60994],
					"cubes": [
						{
							"origin": [-9.25, 13.85721, -7.33939],
							"size": [5, 13, 9],
							"pivot": [-6.75, 20.35721, -3.08939],
							"rotation": [-5, 0, 0],
							"uv": {
								"north": {"uv": [57, 13], "uv_size": [5, 13]},
								"east": {"uv": [36, 0], "uv_size": [9, 13]},
								"south": {"uv": [18, 58], "uv_size": [5, 13]},
								"west": {"uv": [22, 36], "uv_size": [9, 13]},
								"up": {"uv": [6, 80], "uv_size": [5, 9]},
								"down": {"uv": [55, 89], "uv_size": [5, -9]}
							}
						}
					]
				},
				{
					"name": "legfore_right",
					"parent": "leg_right",
					"pivot": [-6.5, 15.20571, -3.60994],
					"cubes": [
						{
							"origin": [-8.75, 4.70323, -3.21428],
							"size": [4, 12.25, 5.25],
							"inflate": 0.01,
							"pivot": [-6.75, 10.82823, -1.83928],
							"rotation": [45, 0, 0],
							"uv": {
								"north": {"uv": [42, 79], "uv_size": [4, 12]},
								"east": {"uv": [24, 69], "uv_size": [5, 12]},
								"south": {"uv": [79, 48], "uv_size": [4, 12]},
								"west": {"uv": [69, 43], "uv_size": [5, 12]},
								"up": {"uv": [0, 99], "uv_size": [4, 5]},
								"down": {"uv": [15, 104], "uv_size": [4, -5]}
							}
						}
					]
				},
				{
					"name": "legfore_right2",
					"parent": "legfore_right",
					"pivot": [-6.75, 8.22572, 2.6626],
					"cubes": [
						{
							"origin": [-8.25, 0.80072, -0.3124],
							"size": [3, 9.25, 3.75],
							"inflate": -0.01,
							"pivot": [-6.75, 4.42572, 1.0626],
							"rotation": [-17.5, 0, 0],
							"uv": {
								"north": {"uv": [91, 93], "uv_size": [3, 9]},
								"east": {"uv": [89, 0], "uv_size": [4, 9]},
								"south": {"uv": [94, 0], "uv_size": [3, 9]},
								"west": {"uv": [89, 10], "uv_size": [4, 9]},
								"up": {"uv": [38, 102], "uv_size": [3, 4]},
								"down": {"uv": [102, 42], "uv_size": [3, -4]}
							}
						}
					]
				},
				{
					"name": "sole_right",
					"parent": "legfore_right2",
					"pivot": [-6.70714, 1.18758, 1.02527],
					"cubes": [
						{
							"origin": [-8.25, 0, -2.3124],
							"size": [3, 2.25, 4.75],
							"inflate": 0.01,
							"uv": {
								"north": {"uv": [106, 104], "uv_size": [3, 2]},
								"east": {"uv": [103, 43], "uv_size": [5, 2]},
								"south": {"uv": [107, 10], "uv_size": [3, 2]},
								"west": {"uv": [75, 103], "uv_size": [5, 2]},
								"up": {"uv": [75, 82], "uv_size": [3, 5]},
								"down": {"uv": [101, 94], "uv_size": [3, -5]}
							}
						},
						{
							"origin": [-8.75, -0.56641, -4.25566],
							"size": [4, 2.25, 2.75],
							"inflate": 0.01,
							"pivot": [-6.75, 0.55859, -2.88066],
							"rotation": [32.5, 0, 0],
							"uv": {
								"north": {"uv": [14, 105], "uv_size": [4, 2]},
								"east": {"uv": [107, 13], "uv_size": [3, 2]},
								"south": {"uv": [57, 105], "uv_size": [4, 2]},
								"west": {"uv": [19, 107], "uv_size": [3, 2]},
								"up": {"uv": [42, 102], "uv_size": [4, 3]},
								"down": {"uv": [52, 105], "uv_size": [4, -3]}
							}
						}
					]
				},
				{
					"name": "leg_left",
					"parent": "root",
					"pivot": [6.5, 21.80571, -2.60994],
					"cubes": [
						{
							"origin": [4.25, 13.85721, -7.33939],
							"size": [5, 13, 9],
							"pivot": [6.75, 20.35721, -3.08939],
							"rotation": [-5, 0, 0],
							"uv": {
								"north": {"uv": [62, 13], "uv_size": [-5, 13]},
								"east": {"uv": [31, 36], "uv_size": [-9, 13]},
								"south": {"uv": [23, 58], "uv_size": [-5, 13]},
								"west": {"uv": [45, 0], "uv_size": [-9, 13]},
								"up": {"uv": [11, 80], "uv_size": [-5, 9]},
								"down": {"uv": [60, 89], "uv_size": [-5, -9]}
							}
						}
					]
				},
				{
					"name": "legfore_left",
					"parent": "leg_left",
					"pivot": [6.5, 15.20571, -3.60994],
					"cubes": [
						{
							"origin": [4.75, 4.70323, -3.21428],
							"size": [4, 12.25, 5.25],
							"inflate": 0.01,
							"pivot": [6.75, 10.82823, -1.83928],
							"rotation": [45, 0, 0],
							"uv": {
								"north": {"uv": [46, 79], "uv_size": [-4, 12]},
								"east": {"uv": [74, 43], "uv_size": [-5, 12]},
								"south": {"uv": [83, 48], "uv_size": [-4, 12]},
								"west": {"uv": [29, 69], "uv_size": [-5, 12]},
								"up": {"uv": [4, 99], "uv_size": [-4, 5]},
								"down": {"uv": [19, 104], "uv_size": [-4, -5]}
							}
						}
					]
				},
				{
					"name": "legfore_left2",
					"parent": "legfore_left",
					"pivot": [6.75, 8.22572, 2.6626],
					"cubes": [
						{
							"origin": [5.25, 0.80072, -0.3124],
							"size": [3, 9.25, 3.75],
							"inflate": -0.01,
							"pivot": [6.75, 4.42572, 1.0626],
							"rotation": [-17.5, 0, 0],
							"uv": {
								"north": {"uv": [94, 93], "uv_size": [-3, 9]},
								"east": {"uv": [93, 10], "uv_size": [-4, 9]},
								"south": {"uv": [97, 0], "uv_size": [-3, 9]},
								"west": {"uv": [93, 0], "uv_size": [-4, 9]},
								"up": {"uv": [41, 102], "uv_size": [-3, 4]},
								"down": {"uv": [105, 42], "uv_size": [-3, -4]}
							}
						}
					]
				},
				{
					"name": "sole_left",
					"parent": "legfore_left2",
					"pivot": [6.70714, 1.18758, 1.02527],
					"cubes": [
						{
							"origin": [5.25, 0, -2.3124],
							"size": [3, 2.25, 4.75],
							"inflate": 0.01,
							"uv": {
								"north": {"uv": [109, 104], "uv_size": [-3, 2]},
								"east": {"uv": [80, 103], "uv_size": [-5, 2]},
								"south": {"uv": [110, 10], "uv_size": [-3, 2]},
								"west": {"uv": [108, 43], "uv_size": [-5, 2]},
								"up": {"uv": [78, 82], "uv_size": [-3, 5]},
								"down": {"uv": [104, 94], "uv_size": [-3, -5]}
							}
						},
						{
							"origin": [4.75, -0.56641, -4.25566],
							"size": [4, 2.25, 2.75],
							"inflate": 0.01,
							"pivot": [6.75, 0.55859, -2.88066],
							"rotation": [32.5, 0, 0],
							"uv": {
								"north": {"uv": [18, 105], "uv_size": [-4, 2]},
								"east": {"uv": [22, 107], "uv_size": [-3, 2]},
								"south": {"uv": [61, 105], "uv_size": [-4, 2]},
								"west": {"uv": [110, 13], "uv_size": [-3, 2]},
								"up": {"uv": [46, 102], "uv_size": [-4, 3]},
								"down": {"uv": [56, 105], "uv_size": [-4, -3]}
							}
						}
					]
				}
			]
		}
	]
}