{
	"format_version": "1.12.0",
	"minecraft:geometry": [
		{
			"description": {
				"identifier": "geometry.wacky_animals.wacky_fish_1",
				"texture_width": 40,
				"texture_height": 40,
				"visible_bounds_width": 3,
				"visible_bounds_height": 2.5,
				"visible_bounds_offset": [0, 0.75, 0]
			},
			"bones": [
				{
					"name": "total",
					"pivot": [0, 0, 0]
				},
				{
					"name": "body",
					"parent": "total",
					"pivot": [0, 5.45714, 0.07143],
					"cubes": [
						{
							"origin": [-1, 2.4, -4],
							"size": [2, 6.6, 9],
							"uv": {
								"north": {"uv": [12, 23], "uv_size": [2, 6.5]},
								"east": {"uv": [0, 10], "uv_size": [9, 6.5]},
								"south": {"uv": [14, 23], "uv_size": [2, 6.5]},
								"west": {"uv": [9, 10], "uv_size": [9, 6.5]},
								"up": {"uv": [21, 16], "uv_size": [2, 9]},
								"down": {"uv": [22, 9], "uv_size": [2, -9]}
							}
						}
					]
				},
				{
					"name": "head",
					"parent": "body",
					"pivot": [-0.5, 5.95872, -1.47546],
					"cubes": [
						{
							"origin": [-1.2, 3.85872, -4.17546],
							"size": [2.4, 0.5, 2.7],
							"pivot": [-0.5, 5.95872, -3.97546],
							"rotation": [-9, 0, 0],
							"uv": {
								"north": {"uv": [4, 31], "uv_size": [2.5, 0.5]},
								"east": {"uv": [7, 31], "uv_size": [2.5, 0.5]},
								"south": {"uv": [31, 7], "uv_size": [2.5, 0.5]},
								"west": {"uv": [31, 8], "uv_size": [2.5, 0.5]},
								"up": {"uv": [27, 4], "uv_size": [2.5, 2.5]},
								"down": {"uv": [27, 16.5], "uv_size": [2.5, -2.5]}
							}
						},
						{
							"origin": [-1.5, 3.95872, -4.47546],
							"size": [3, 1, 3],
							"pivot": [-0.5, 5.95872, -3.97546],
							"rotation": [-9, 0, 0],
							"uv": {
								"north": {"uv": [18, 16], "uv_size": [3, 1]},
								"east": {"uv": [22, 9], "uv_size": [3, 1]},
								"south": {"uv": [29, 23], "uv_size": [3, 1]},
								"west": {"uv": [29, 24], "uv_size": [3, 1]},
								"up": {"uv": [20, 25], "uv_size": [3, 3]},
								"down": {"uv": [0, 29], "uv_size": [3, -3]}
							}
						},
						{
							"origin": [-1.5, 4.95872, -4.47546],
							"size": [3, 4, 3],
							"pivot": [-0.5, 5.95872, -3.97546],
							"rotation": [-9, 0, 0],
							"uv": {
								"north": {"uv": [23, 20], "uv_size": [3, 4]},
								"east": {"uv": [24, 0], "uv_size": [3, 4]},
								"south": {"uv": [24, 4], "uv_size": [3, 4]},
								"west": {"uv": [23, 24], "uv_size": [3, 4]},
								"up": {"uv": [25, 8], "uv_size": [3, 3]},
								"down": {"uv": [25, 14], "uv_size": [3, -3]}
							}
						}
					]
				},
				{
					"name": "left_eyes",
					"parent": "head",
					"pivot": [1.25, 6.94043, -4.01989],
					"cubes": [
						{
							"origin": [0.7377, 5.99043, -4.84218],
							"size": [1.3, 1.5, 1.8],
							"pivot": [1.3877, 6.04043, -3.94218],
							"rotation": [0, -11, 0],
							"uv": {
								"north": {"uv": [30, 14], "uv_size": [1.5, 1.5]},
								"east": {"uv": [10, 29], "uv_size": [2, 1.5]},
								"south": {"uv": [15, 30], "uv_size": [1.5, 1.5]},
								"west": {"uv": [29, 17], "uv_size": [2, 1.5]},
								"up": {"uv": [29, 19], "uv_size": [1.5, 2]},
								"down": {"uv": [29, 23], "uv_size": [1.5, -2]}
							}
						}
					]
				},
				{
					"name": "up",
					"parent": "left_eyes",
					"pivot": [1.43678, 7.24043, -3.93264],
					"cubes": [
						{
							"origin": [0.63678, 7.19043, -4.93264],
							"size": [1.5, 0.7, 2],
							"pivot": [1.43678, 7.14043, -3.93264],
							"rotation": [0, -11, 0],
							"uv": {
								"north": {"uv": [31, 22], "uv_size": [1.5, 0.5]},
								"east": {"uv": [31, 9], "uv_size": [2, 0.5]},
								"south": {"uv": [28, 31], "uv_size": [1.5, 0.5]},
								"west": {"uv": [10, 31], "uv_size": [2, 0.5]},
								"up": {"uv": [25, 14], "uv_size": [1.5, 2]},
								"down": {"uv": [4, 31], "uv_size": [1.5, -2]}
							}
						}
					]
				},
				{
					"name": "down",
					"parent": "left_eyes",
					"pivot": [1.3877, 6.24043, -3.94218],
					"cubes": [
						{
							"origin": [0.6377, 5.69043, -4.94218],
							"size": [1.5, 0.7, 2],
							"pivot": [1.3877, 6.04043, -3.94218],
							"rotation": [0, -11, 0],
							"uv": {
								"north": {"uv": [30, 31], "uv_size": [1.5, 0.5]},
								"east": {"uv": [31, 10], "uv_size": [2, 0.5]},
								"south": {"uv": [0, 32], "uv_size": [1.5, 0.5]},
								"west": {"uv": [31, 11], "uv_size": [2, 0.5]},
								"up": {"uv": [6, 29], "uv_size": [1.5, 2]},
								"down": {"uv": [8, 31], "uv_size": [1.5, -2]}
							}
						}
					]
				},
				{
					"name": "left_iris",
					"parent": "left_eyes",
					"pivot": [1.8751, 6.74043, -4.4841],
					"cubes": [
						{
							"origin": [1.57507, 6.44043, -4.78415],
							"size": [0.6, 0.6, 0.6],
							"pivot": [1.87507, 6.74043, -4.48415],
							"rotation": [0, -11, 0],
							"uv": {
								"north": {"uv": [24, 8], "uv_size": [0.5, 0.5]},
								"east": {"uv": [27, 7], "uv_size": [0.5, 0.5]},
								"south": {"uv": [32, 3], "uv_size": [0.5, 0.5]},
								"west": {"uv": [4, 32], "uv_size": [0.5, 0.5]},
								"up": {"uv": [32, 4], "uv_size": [0.5, 0.5]},
								"down": {"uv": [5, 32.5], "uv_size": [0.5, -0.5]}
							}
						}
					]
				},
				{
					"name": "right_eyes",
					"parent": "head",
					"pivot": [-1.25, 6.94043, -4.01989],
					"cubes": [
						{
							"origin": [-2.0377, 5.99043, -4.84218],
							"size": [1.3, 1.5, 1.8],
							"pivot": [-1.3877, 6.04043, -3.94218],
							"rotation": [0, 11, 0],
							"uv": {
								"north": {"uv": [17, 30], "uv_size": [1.5, 1.5]},
								"east": {"uv": [2, 30], "uv_size": [2, 1.5]},
								"south": {"uv": [19, 30], "uv_size": [1.5, 1.5]},
								"west": {"uv": [30, 2], "uv_size": [2, 1.5]},
								"up": {"uv": [30, 4], "uv_size": [1.5, 2]},
								"down": {"uv": [12, 32], "uv_size": [1.5, -2]}
							}
						}
					]
				},
				{
					"name": "up2",
					"parent": "right_eyes",
					"pivot": [-1.43678, 7.24043, -3.93264],
					"cubes": [
						{
							"origin": [-2.13678, 7.19043, -4.93264],
							"size": [1.5, 0.7, 2],
							"pivot": [-1.43678, 7.14043, -3.93264],
							"rotation": [0, 11, 0],
							"uv": {
								"north": {"uv": [32, 0], "uv_size": [1.5, 0.5]},
								"east": {"uv": [31, 12], "uv_size": [2, 0.5]},
								"south": {"uv": [32, 1], "uv_size": [1.5, 0.5]},
								"west": {"uv": [31, 19], "uv_size": [2, 0.5]},
								"up": {"uv": [29, 25], "uv_size": [1.5, 2]},
								"down": {"uv": [28, 31], "uv_size": [1.5, -2]}
							}
						}
					]
				},
				{
					"name": "down2",
					"parent": "right_eyes",
					"pivot": [-1.3877, 6.24043, -3.94218],
					"cubes": [
						{
							"origin": [-2.1377, 5.69043, -4.94218],
							"size": [1.5, 0.7, 2],
							"pivot": [-1.3877, 6.04043, -3.94218],
							"rotation": [0, 11, 0],
							"uv": {
								"north": {"uv": [2, 32], "uv_size": [1.5, 0.5]},
								"east": {"uv": [31, 20], "uv_size": [2, 0.5]},
								"south": {"uv": [32, 2], "uv_size": [1.5, 0.5]},
								"west": {"uv": [31, 21], "uv_size": [2, 0.5]},
								"up": {"uv": [0, 30], "uv_size": [1.5, 2]},
								"down": {"uv": [30, 2], "uv_size": [1.5, -2]}
							}
						}
					]
				},
				{
					"name": "right_iris",
					"parent": "right_eyes",
					"pivot": [-1.8751, 6.74043, -4.4841],
					"cubes": [
						{
							"origin": [-2.17507, 6.44043, -4.78415],
							"size": [0.6, 0.6, 0.6],
							"pivot": [-1.87507, 6.74043, -4.48415],
							"rotation": [0, 11, 0],
							"uv": {
								"north": {"uv": [32, 5], "uv_size": [0.5, 0.5]},
								"east": {"uv": [6, 32], "uv_size": [0.5, 0.5]},
								"south": {"uv": [7, 32], "uv_size": [0.5, 0.5]},
								"west": {"uv": [8, 32], "uv_size": [0.5, 0.5]},
								"up": {"uv": [9, 32], "uv_size": [0.5, 0.5]},
								"down": {"uv": [10, 32.5], "uv_size": [0.5, -0.5]}
							}
						}
					]
				},
				{
					"name": "claw_lower",
					"parent": "head",
					"pivot": [-0.05, 3.53922, -1.95707],
					"cubes": [
						{
							"origin": [-1.85, 2.60457, -5.43861],
							"size": [3.7, 1, 3.6],
							"pivot": [-0.15, 2.83922, -1.95707],
							"rotation": [-9, 0, 0],
							"uv": {
								"north": {"uv": [28, 13], "uv_size": [3.5, 1]},
								"east": {"uv": [28, 27], "uv_size": [3.5, 1]},
								"south": {"uv": [28, 28], "uv_size": [3.5, 1]},
								"west": {"uv": [0, 29], "uv_size": [3.5, 1]},
								"up": {"uv": [16, 23], "uv_size": [3.5, 3.5]},
								"down": {"uv": [23, 19.5], "uv_size": [3.5, -3.5]}
							}
						},
						{
							"origin": [-1.5, 1.60457, -4.93861],
							"size": [3, 1.6, 3],
							"pivot": [0, 2.83922, -1.95707],
							"rotation": [-9, 0, 0],
							"uv": {
								"north": {"uv": [28, 7], "uv_size": [3, 1.5]},
								"east": {"uv": [28, 9], "uv_size": [3, 1.5]},
								"south": {"uv": [28, 11], "uv_size": [3, 1.5]},
								"west": {"uv": [20, 28], "uv_size": [3, 1.5]},
								"up": {"uv": [3, 26], "uv_size": [3, 3]},
								"down": {"uv": [6, 29], "uv_size": [3, -3]}
							}
						},
						{
							"origin": [-1.55, 3.10457, -5.03861],
							"size": [3.1, 0.6, 3],
							"pivot": [-0.05, 2.83922, -1.95707],
							"rotation": [-9, 0, 0],
							"uv": {
								"north": {"uv": [30, 6], "uv_size": [3, 0.5]},
								"east": {"uv": [30, 16], "uv_size": [3, 0.5]},
								"south": {"uv": [30, 29], "uv_size": [3, 0.5]},
								"west": {"uv": [30, 30], "uv_size": [3, 0.5]},
								"up": {"uv": [9, 26], "uv_size": [3, 3]},
								"down": {"uv": [26, 23], "uv_size": [3, -3]}
							}
						}
					]
				},
				{
					"name": "fin_left",
					"parent": "body",
					"pivot": [1.15, 5.45, -0.9],
					"cubes": [
						{
							"origin": [2.4, 4, -1.2],
							"size": [0.6, 2.6, 2],
							"pivot": [3, 5.8, 5.5],
							"rotation": [0, 16, 0],
							"uv": {
								"north": {"uv": [21, 30], "uv_size": [0.5, 2.5]},
								"east": {"uv": [16, 27], "uv_size": [2, 2.5]},
								"south": {"uv": [22, 30], "uv_size": [0.5, 2.5]},
								"west": {"uv": [27, 17], "uv_size": [2, 2.5]},
								"up": {"uv": [20, 23], "uv_size": [0.5, 2]},
								"down": {"uv": [31, 19], "uv_size": [0.5, -2]}
							}
						}
					]
				},
				{
					"name": "fin_left2",
					"parent": "fin_left",
					"pivot": [1.2, 5.4, 0.2],
					"cubes": [
						{
							"origin": [2.7, 3, -1.8],
							"size": [0, 5.6, 6.6],
							"pivot": [3, 5.8, 5.5],
							"rotation": [0, 16, 0],
							"uv": {
								"north": {"uv": [0, 0], "uv_size": [0, 5.5]},
								"east": {"uv": [0, 17], "uv_size": [6.5, 5.5]},
								"south": {"uv": [0, 0], "uv_size": [0, 5.5]},
								"west": {"uv": [7, 17], "uv_size": [6.5, 5.5]},
								"up": {"uv": [0, 0], "uv_size": [0, 6.5]},
								"down": {"uv": [0, 6.5], "uv_size": [0, -6.5]}
							}
						}
					]
				},
				{
					"name": "fin_right3",
					"parent": "body",
					"pivot": [-1.15, 5.45, -0.9],
					"cubes": [
						{
							"origin": [-3, 4, -1.2],
							"size": [0.6, 2.6, 2],
							"pivot": [-3, 5.8, 5.5],
							"rotation": [0, -16, 0],
							"uv": {
								"north": {"uv": [26, 30], "uv_size": [0.5, 2.5]},
								"east": {"uv": [18, 27], "uv_size": [2, 2.5]},
								"south": {"uv": [27, 30], "uv_size": [0.5, 2.5]},
								"west": {"uv": [26, 27], "uv_size": [2, 2.5]},
								"up": {"uv": [25, 31], "uv_size": [0.5, 2]},
								"down": {"uv": [31, 27], "uv_size": [0.5, -2]}
							}
						}
					]
				},
				{
					"name": "fin_right4",
					"parent": "fin_right3",
					"pivot": [-1.2, 5.4, 0.2],
					"cubes": [
						{
							"origin": [-2.7, 3, -1.8],
							"size": [0, 5.6, 6.6],
							"pivot": [-3, 5.8, 5.5],
							"rotation": [0, -16, 0],
							"uv": {
								"north": {"uv": [0, 0], "uv_size": [0, 5.5]},
								"east": {"uv": [14, 17], "uv_size": [6.5, 5.5]},
								"south": {"uv": [0, 0], "uv_size": [0, 5.5]},
								"west": {"uv": [18, 10], "uv_size": [6.5, 5.5]},
								"up": {"uv": [0, 0], "uv_size": [0, 6.5]},
								"down": {"uv": [0, 6.5], "uv_size": [0, -6.5]}
							}
						}
					]
				},
				{
					"name": "fin_back",
					"parent": "body",
					"pivot": [0, 5.9, 4.95],
					"cubes": [
						{
							"origin": [-0.5, 4, 4],
							"size": [1, 3.6, 2.6],
							"uv": {
								"north": {"uv": [23, 28], "uv_size": [1, 3.5]},
								"east": {"uv": [26, 23], "uv_size": [2.5, 3.5]},
								"south": {"uv": [24, 28], "uv_size": [1, 3.5]},
								"west": {"uv": [27, 0], "uv_size": [2.5, 3.5]},
								"up": {"uv": [25, 28], "uv_size": [1, 2.5]},
								"down": {"uv": [14, 32.5], "uv_size": [1, -2.5]}
							}
						}
					]
				},
				{
					"name": "fin_back2",
					"parent": "fin_back",
					"pivot": [0, 5.8, 6],
					"cubes": [
						{
							"origin": [0, 1, 6],
							"size": [0, 9.6, 6.6],
							"uv": {
								"north": {"uv": [0, 0], "uv_size": [0, 9.5]},
								"east": {"uv": [0, 0], "uv_size": [6.5, 9.5]},
								"south": {"uv": [0, 0], "uv_size": [0, 9.5]},
								"west": {"uv": [7, 0], "uv_size": [6.5, 9.5]},
								"up": {"uv": [0, 0], "uv_size": [0, 6.5]},
								"down": {"uv": [0, 6.5], "uv_size": [0, -6.5]}
							}
						}
					]
				},
				{
					"name": "fin_upper",
					"parent": "body",
					"pivot": [0, 8.9, 1.2],
					"cubes": [
						{
							"origin": [0, 7.7, -2.8],
							"size": [0, 4.6, 8],
							"pivot": [0, 10.7, 1],
							"rotation": [-14, 0, 0],
							"uv": {
								"north": {"uv": [0, 0], "uv_size": [0, 4.5]},
								"east": {"uv": [14, 0], "uv_size": [8, 4.5]},
								"south": {"uv": [0, 0], "uv_size": [0, 4.5]},
								"west": {"uv": [14, 5], "uv_size": [8, 4.5]},
								"up": {"uv": [0, 0], "uv_size": [0, 8]},
								"down": {"uv": [0, 8], "uv_size": [0, -8]}
							}
						}
					]
				},
				{
					"name": "fin_lower",
					"parent": "body",
					"pivot": [0, 2.5, 1.45],
					"cubes": [
						{
							"origin": [0, 0, -1.4],
							"size": [0, 2.6, 5.7],
							"uv": {
								"north": {"uv": [0, 0], "uv_size": [0, 2.5]},
								"east": {"uv": [0, 23], "uv_size": [5.5, 2.5]},
								"south": {"uv": [0, 0], "uv_size": [0, 2.5]},
								"west": {"uv": [6, 23], "uv_size": [5.5, 2.5]},
								"up": {"uv": [0, 0], "uv_size": [0, 5.5]},
								"down": {"uv": [0, 5.5], "uv_size": [0, -5.5]}
							}
						}
					]
				}
			]
		}
	]
}