{
	"format_version": "1.12.0",
	"minecraft:geometry": [
		{
			"description": {
				"identifier": "geometry.wacky_animals.wacky_ferret",
				"texture_width": 32,
				"texture_height": 32,
				"visible_bounds_width": 3,
				"visible_bounds_height": 1.5,
				"visible_bounds_offset": [0, 0.25, 0]
			},
			"bones": [
				{
					"name": "body1",
					"pivot": [0, 2, 0],
					"cubes": [
						{
							"origin": [-1, 1, -4],
							"size": [2, 2, 4],
							"uv": {
								"north": {"uv": [4, 6], "uv_size": [2, 2]},
								"east": {"uv": [0, 0], "uv_size": [4, 2]},
								"south": {"uv": [6, 6], "uv_size": [2, 2]},
								"west": {"uv": [0, 2], "uv_size": [4, 2]},
								"up": {"uv": [0, 4], "uv_size": [2, 4]},
								"down": {"uv": [4, 4], "uv_size": [2, -4]}
							}
						}
					]
				},
				{
					"name": "body2",
					"parent": "body1",
					"pivot": [1.5, 0, 0],
					"cubes": [
						{
							"origin": [-1, 1, 0],
							"size": [2, 2, 4],
							"uv": {
								"north": {"uv": [0, 8], "uv_size": [2, 2]},
								"east": {"uv": [2, 4], "uv_size": [4, 2]},
								"south": {"uv": [8, 2], "uv_size": [2, 2]},
								"west": {"uv": [6, 0], "uv_size": [4, 2]},
								"up": {"uv": [2, 6], "uv_size": [2, 4]},
								"down": {"uv": [6, 6], "uv_size": [2, -4]}
							}
						}
					]
				},
				{
					"name": "tail",
					"parent": "body2",
					"pivot": [0, 2.5, 4],
					"cubes": [
						{
							"origin": [-0.5, 1.9, 4],
							"size": [1, 1, 3],
							"uv": {
								"north": {"uv": [9, 10], "uv_size": [1, 1]},
								"east": {"uv": [10, 6], "uv_size": [3, 1]},
								"south": {"uv": [12, 5], "uv_size": [1, 1]},
								"west": {"uv": [10, 7], "uv_size": [3, 1]},
								"up": {"uv": [8, 10], "uv_size": [1, 3]},
								"down": {"uv": [10, 11], "uv_size": [1, -3]}
							}
						}
					]
				},
				{
					"name": "tail2",
					"parent": "tail",
					"pivot": [0, 2.5, 7],
					"cubes": [
						{
							"origin": [-0.5, 1.9, 7],
							"size": [1, 1, 3],
							"uv": {
								"north": {"uv": [7, 12], "uv_size": [1, 1]},
								"east": {"uv": [11, 8], "uv_size": [3, 1]},
								"south": {"uv": [12, 11], "uv_size": [1, 1]},
								"west": {"uv": [9, 11], "uv_size": [3, 1]},
								"up": {"uv": [0, 12], "uv_size": [1, 3]},
								"down": {"uv": [12, 3], "uv_size": [1, -3]}
							}
						}
					]
				},
				{
					"name": "back_right_leg3",
					"parent": "body2",
					"pivot": [-1.1, 1.7, 2.2],
					"cubes": [
						{
							"origin": [-1.6, 1.1, 1.4],
							"size": [1, 1.5, 1.5],
							"uv": {
								"north": {"uv": [2, 17], "uv_size": [1, 1.5]},
								"east": {"uv": [0, 15], "uv_size": [1.5, 1.5]},
								"south": {"uv": [17, 2], "uv_size": [1, 1.5]},
								"west": {"uv": [15, 0], "uv_size": [1.5, 1.5]},
								"up": {"uv": [17, 4], "uv_size": [1, 1.5]},
								"down": {"uv": [7, 18.5], "uv_size": [1, -1.5]}
							}
						}
					]
				},
				{
					"name": "back_right_leg4",
					"parent": "back_right_leg3",
					"pivot": [-1.1, 1.1, 2.2],
					"cubes": [
						{
							"origin": [-1.5, 0, 1.8],
							"size": [0.8, 1.3, 0.8],
							"uv": {
								"north": {"uv": [17, 7], "uv_size": [1, 1.5]},
								"east": {"uv": [8, 17], "uv_size": [1, 1.5]},
								"south": {"uv": [17, 9], "uv_size": [1, 1.5]},
								"west": {"uv": [17, 11], "uv_size": [1, 1.5]},
								"up": {"uv": [18, 15], "uv_size": [1, 1]},
								"down": {"uv": [16, 19], "uv_size": [1, -1]}
							}
						}
					]
				},
				{
					"name": "back_right_leg2",
					"parent": "back_right_leg4",
					"pivot": [-1.1, 0, 2.2],
					"cubes": [
						{
							"origin": [-1.8, 0, 1],
							"size": [1.4, 0, 1.6],
							"uv": {
								"north": {"uv": [0, 0], "uv_size": [1.5, 0]},
								"east": {"uv": [0, 0], "uv_size": [1.5, 0]},
								"south": {"uv": [0, 0], "uv_size": [1.5, 0]},
								"west": {"uv": [0, 0], "uv_size": [1.5, 0]},
								"up": {"uv": [15, 4], "uv_size": [1.5, 1.5]},
								"down": {"uv": [7, 16.5], "uv_size": [1.5, -1.5]}
							}
						}
					]
				},
				{
					"name": "back_left_leg5",
					"parent": "body2",
					"pivot": [1.1, 1.7, 2.2],
					"cubes": [
						{
							"origin": [0.6, 1.1, 1.4],
							"size": [1, 1.5, 1.5],
							"uv": {
								"north": {"uv": [13, 17], "uv_size": [1, 1.5]},
								"east": {"uv": [15, 9], "uv_size": [1.5, 1.5]},
								"south": {"uv": [17, 13], "uv_size": [1, 1.5]},
								"west": {"uv": [15, 11], "uv_size": [1.5, 1.5]},
								"up": {"uv": [14, 17], "uv_size": [1, 1.5]},
								"down": {"uv": [17, 17.5], "uv_size": [1, -1.5]}
							}
						}
					]
				},
				{
					"name": "back_left_leg6",
					"parent": "back_left_leg5",
					"pivot": [1.1, 1.1, 2.2],
					"cubes": [
						{
							"origin": [0.7, 0, 1.8],
							"size": [0.8, 1.3, 0.8],
							"uv": {
								"north": {"uv": [18, 0], "uv_size": [1, 1.5]},
								"east": {"uv": [18, 2], "uv_size": [1, 1.5]},
								"south": {"uv": [3, 18], "uv_size": [1, 1.5]},
								"west": {"uv": [4, 18], "uv_size": [1, 1.5]},
								"up": {"uv": [18, 16], "uv_size": [1, 1]},
								"down": {"uv": [17, 19], "uv_size": [1, -1]}
							}
						}
					]
				},
				{
					"name": "back_left_leg7",
					"parent": "back_left_leg6",
					"pivot": [1.1, 0, 2.2],
					"cubes": [
						{
							"origin": [0.4, 0, 1],
							"size": [1.4, 0, 1.6],
							"uv": {
								"north": {"uv": [0, 0], "uv_size": [1.5, 0]},
								"east": {"uv": [0, 0], "uv_size": [1.5, 0]},
								"south": {"uv": [0, 0], "uv_size": [1.5, 0]},
								"west": {"uv": [0, 0], "uv_size": [1.5, 0]},
								"up": {"uv": [13, 15], "uv_size": [1.5, 1.5]},
								"down": {"uv": [15, 14.5], "uv_size": [1.5, -1.5]}
							}
						}
					]
				},
				{
					"name": "front_left_leg1",
					"parent": "body1",
					"pivot": [1.1, 1.7, -2.8],
					"cubes": [
						{
							"origin": [0.6, 1.1, -3.6],
							"size": [1, 1.5, 1.5],
							"uv": {
								"north": {"uv": [2, 15], "uv_size": [1, 1.5]},
								"east": {"uv": [13, 11], "uv_size": [1.5, 1.5]},
								"south": {"uv": [16, 2], "uv_size": [1, 1.5]},
								"west": {"uv": [13, 13], "uv_size": [1.5, 1.5]},
								"up": {"uv": [3, 16], "uv_size": [1, 1.5]},
								"down": {"uv": [4, 17.5], "uv_size": [1, -1.5]}
							}
						}
					]
				},
				{
					"name": "front_left_leg2",
					"parent": "front_left_leg1",
					"pivot": [1.1, 1.1, -2.8],
					"cubes": [
						{
							"origin": [0.7, 0, -3.2],
							"size": [0.8, 1.3, 0.8],
							"uv": {
								"north": {"uv": [5, 16], "uv_size": [1, 1.5]},
								"east": {"uv": [6, 16], "uv_size": [1, 1.5]},
								"south": {"uv": [16, 7], "uv_size": [1, 1.5]},
								"west": {"uv": [9, 16], "uv_size": [1, 1.5]},
								"up": {"uv": [18, 12], "uv_size": [1, 1]},
								"down": {"uv": [18, 14], "uv_size": [1, -1]}
							}
						}
					]
				},
				{
					"name": "front_left_leg3",
					"parent": "front_left_leg2",
					"pivot": [1.1, 0, -2.8],
					"cubes": [
						{
							"origin": [0.4, 0, -4],
							"size": [1.4, 0, 1.6],
							"uv": {
								"north": {"uv": [0, 0], "uv_size": [1.5, 0]},
								"east": {"uv": [0, 0], "uv_size": [1.5, 0]},
								"south": {"uv": [0, 0], "uv_size": [1.5, 0]},
								"west": {"uv": [0, 0], "uv_size": [1.5, 0]},
								"up": {"uv": [14, 2], "uv_size": [1.5, 1.5]},
								"down": {"uv": [3, 15.5], "uv_size": [1.5, -1.5]}
							}
						}
					]
				},
				{
					"name": "front_right_leg1",
					"parent": "body1",
					"pivot": [-1.1, 1.7, -2.8],
					"cubes": [
						{
							"origin": [-1.6, 1.1, -3.6],
							"size": [1, 1.5, 1.5],
							"uv": {
								"north": {"uv": [10, 16], "uv_size": [1, 1.5]},
								"east": {"uv": [5, 14], "uv_size": [1.5, 1.5]},
								"south": {"uv": [11, 16], "uv_size": [1, 1.5]},
								"west": {"uv": [14, 7], "uv_size": [1.5, 1.5]},
								"up": {"uv": [12, 16], "uv_size": [1, 1.5]},
								"down": {"uv": [15, 17.5], "uv_size": [1, -1.5]}
							}
						}
					]
				},
				{
					"name": "front_right_leg2",
					"parent": "front_right_leg1",
					"pivot": [-1.1, 1.1, -2.8],
					"cubes": [
						{
							"origin": [-1.5, 0, -3.2],
							"size": [0.8, 1.3, 0.8],
							"uv": {
								"north": {"uv": [16, 16], "uv_size": [1, 1.5]},
								"east": {"uv": [0, 17], "uv_size": [1, 1.5]},
								"south": {"uv": [17, 0], "uv_size": [1, 1.5]},
								"west": {"uv": [1, 17], "uv_size": [1, 1.5]},
								"up": {"uv": [18, 14], "uv_size": [1, 1]},
								"down": {"uv": [15, 19], "uv_size": [1, -1]}
							}
						}
					]
				},
				{
					"name": "front_right_leg3",
					"parent": "front_right_leg2",
					"pivot": [-1.1, 0, -2.8],
					"cubes": [
						{
							"origin": [-1.8, 0, -4],
							"size": [1.4, 0, 1.6],
							"uv": {
								"north": {"uv": [0, 0], "uv_size": [1.5, 0]},
								"east": {"uv": [0, 0], "uv_size": [1.5, 0]},
								"south": {"uv": [0, 0], "uv_size": [1.5, 0]},
								"west": {"uv": [0, 0], "uv_size": [1.5, 0]},
								"up": {"uv": [9, 14], "uv_size": [1.5, 1.5]},
								"down": {"uv": [11, 15.5], "uv_size": [1.5, -1.5]}
							}
						}
					]
				},
				{
					"name": "neck",
					"parent": "body1",
					"pivot": [0, 2, -4.25],
					"cubes": [
						{
							"origin": [-0.8, 1.2, -5],
							"size": [1.6, 1.6, 2],
							"uv": {
								"north": {"uv": [11, 9], "uv_size": [1.5, 1.5]},
								"east": {"uv": [10, 2], "uv_size": [2, 1.5]},
								"south": {"uv": [3, 12], "uv_size": [1.5, 1.5]},
								"west": {"uv": [4, 10], "uv_size": [2, 1.5]},
								"up": {"uv": [10, 4], "uv_size": [1.5, 2]},
								"down": {"uv": [6, 12], "uv_size": [1.5, -2]}
							}
						}
					]
				},
				{
					"name": "head",
					"parent": "neck",
					"pivot": [0, 2, -5],
					"cubes": [
						{
							"origin": [-1, 1, -6.5],
							"size": [2, 2, 2],
							"uv": {
								"north": {"uv": [4, 8], "uv_size": [2, 2]},
								"east": {"uv": [8, 4], "uv_size": [2, 2]},
								"south": {"uv": [6, 8], "uv_size": [2, 2]},
								"west": {"uv": [8, 6], "uv_size": [2, 2]},
								"up": {"uv": [8, 8], "uv_size": [2, 2]},
								"down": {"uv": [0, 12], "uv_size": [2, -2]}
							}
						},
						{
							"origin": [-0.6, 1.525, -7.3],
							"size": [1.2, 0.5, 2.8],
							"uv": {
								"north": {"uv": [19, 14], "uv_size": [1, 0.5]},
								"east": {"uv": [15, 6], "uv_size": [3, 0.5]},
								"south": {"uv": [15, 19], "uv_size": [1, 0.5]},
								"west": {"uv": [15, 15], "uv_size": [3, 0.5]},
								"up": {"uv": [1, 12], "uv_size": [1, 3]},
								"down": {"uv": [2, 15], "uv_size": [1, -3]}
							}
						},
						{
							"origin": [-0.2, 1.825, -7.4],
							"size": [0.4, 0.4, 1],
							"uv": {
								"north": {"uv": [20, 6], "uv_size": [0.5, 0.5]},
								"east": {"uv": [19, 15], "uv_size": [1, 0.5]},
								"south": {"uv": [7, 20], "uv_size": [0.5, 0.5]},
								"west": {"uv": [16, 19], "uv_size": [1, 0.5]},
								"up": {"uv": [19, 16], "uv_size": [0.5, 1]},
								"down": {"uv": [17, 20], "uv_size": [0.5, -1]}
							}
						}
					]
				},
				{
					"name": "claw_low",
					"parent": "head",
					"pivot": [0, 1.2, -6.3],
					"rotation": [47.5, 0, 0],
					"cubes": [
						{
							"origin": [-0.9, 1.025, -7.5],
							"size": [1.8, 0.5, 2],
							"uv": {
								"north": {"uv": [18, 6], "uv_size": [2, 0.5]},
								"east": {"uv": [18, 7], "uv_size": [2, 0.5]},
								"south": {"uv": [18, 8], "uv_size": [2, 0.5]},
								"west": {"uv": [9, 18], "uv_size": [2, 0.5]},
								"up": {"uv": [10, 0], "uv_size": [2, 2]},
								"down": {"uv": [2, 12], "uv_size": [2, -2]}
							}
						}
					]
				},
				{
					"name": "tong",
					"parent": "claw_low",
					"pivot": [0, 1.65, -6.25],
					"cubes": [
						{
							"origin": [-0.5, 1.5, -7.2],
							"size": [1, 0.2, 1.2],
							"uv": {
								"north": {"uv": [19, 17], "uv_size": [1, 0.5]},
								"east": {"uv": [18, 19], "uv_size": [1, 0.5]},
								"south": {"uv": [19, 18], "uv_size": [1, 0.5]},
								"west": {"uv": [19, 19], "uv_size": [1, 0.5]},
								"up": {"uv": [18, 17], "uv_size": [1, 1]},
								"down": {"uv": [18, 19], "uv_size": [1, -1]}
							}
						}
					]
				},
				{
					"name": "tong2",
					"parent": "tong",
					"pivot": [0, 1.6, -7.2],
					"cubes": [
						{
							"origin": [-0.5, 1.625, -7.8],
							"size": [1, 0, 0.6],
							"uv": {
								"north": {"uv": [0, 0], "uv_size": [1, 0]},
								"east": {"uv": [0, 0], "uv_size": [0.5, 0]},
								"south": {"uv": [0, 0], "uv_size": [1, 0]},
								"west": {"uv": [0, 0], "uv_size": [0.5, 0]},
								"up": {"uv": [0, 20], "uv_size": [1, 0.5]},
								"down": {"uv": [20, 0.5], "uv_size": [1, -0.5]}
							}
						}
					]
				},
				{
					"name": "tong3",
					"parent": "tong2",
					"pivot": [0, 1.6, -7.8],
					"cubes": [
						{
							"origin": [-0.5, 1.625, -8.6],
							"size": [1, 0, 0.8],
							"uv": {
								"north": {"uv": [0, 0], "uv_size": [1, 0]},
								"east": {"uv": [0, 0], "uv_size": [1, 0]},
								"south": {"uv": [0, 0], "uv_size": [1, 0]},
								"west": {"uv": [0, 0], "uv_size": [1, 0]},
								"up": {"uv": [0, 19], "uv_size": [1, 1]},
								"down": {"uv": [19, 1], "uv_size": [1, -1]}
							}
						}
					]
				},
				{
					"name": "left_eyes",
					"parent": "head",
					"pivot": [0.85, 3.44043, -1.81989],
					"cubes": [
						{
							"origin": [0.55, 1.99043, -6.66989],
							"size": [1.1, 1, 1.1],
							"uv": {
								"north": {"uv": [13, 2], "uv_size": [1, 1]},
								"east": {"uv": [13, 7], "uv_size": [1, 1]},
								"south": {"uv": [14, 4], "uv_size": [1, 1]},
								"west": {"uv": [18, 4], "uv_size": [1, 1]},
								"up": {"uv": [5, 18], "uv_size": [1, 1]},
								"down": {"uv": [18, 6], "uv_size": [1, -1]}
							}
						}
					]
				},
				{
					"name": "up3",
					"parent": "left_eyes",
					"pivot": [1.03678, 3.64043, -1.73264],
					"cubes": [
						{
							"origin": [0.43678, 2.89043, -6.73264],
							"size": [1.3, 0.5, 1.3],
							"uv": {
								"north": {"uv": [1, 19], "uv_size": [1.5, 0.5]},
								"east": {"uv": [19, 1], "uv_size": [1.5, 0.5]},
								"south": {"uv": [19, 2], "uv_size": [1.5, 0.5]},
								"west": {"uv": [19, 3], "uv_size": [1.5, 0.5]},
								"up": {"uv": [12, 3], "uv_size": [1.5, 1.5]},
								"down": {"uv": [5, 13.5], "uv_size": [1.5, -1.5]}
							}
						}
					]
				},
				{
					"name": "down3",
					"parent": "left_eyes",
					"pivot": [1, 2.49043, -1.76989],
					"cubes": [
						{
							"origin": [0.4377, 1.59043, -6.74218],
							"size": [1.3, 0.5, 1.3],
							"uv": {
								"north": {"uv": [19, 4], "uv_size": [1.5, 0.5]},
								"east": {"uv": [5, 19], "uv_size": [1.5, 0.5]},
								"south": {"uv": [19, 5], "uv_size": [1.5, 0.5]},
								"west": {"uv": [7, 19], "uv_size": [1.5, 0.5]},
								"up": {"uv": [9, 12], "uv_size": [1.5, 1.5]},
								"down": {"uv": [11, 13.5], "uv_size": [1.5, -1.5]}
							}
						}
					]
				},
				{
					"name": "left_iris",
					"parent": "left_eyes",
					"pivot": [1.375, 3.24043, -2.39489],
					"cubes": [
						{
							"origin": [1.175, 2.24043, -6.69489],
							"size": [0.5, 0.5, 0.5],
							"uv": {
								"north": {"uv": [1, 20], "uv_size": [0.5, 0.5]},
								"east": {"uv": [2, 20], "uv_size": [0.5, 0.5]},
								"south": {"uv": [3, 20], "uv_size": [0.5, 0.5]},
								"west": {"uv": [4, 20], "uv_size": [0.5, 0.5]},
								"up": {"uv": [5, 20], "uv_size": [0.5, 0.5]},
								"down": {"uv": [6, 20.5], "uv_size": [0.5, -0.5]}
							}
						}
					]
				},
				{
					"name": "right_eyes",
					"parent": "head",
					"pivot": [-0.85, 3.44043, -1.81989],
					"cubes": [
						{
							"origin": [-1.65, 1.99043, -6.66989],
							"size": [1.1, 1, 1.1],
							"uv": {
								"north": {"uv": [6, 18], "uv_size": [1, 1]},
								"east": {"uv": [18, 9], "uv_size": [1, 1]},
								"south": {"uv": [18, 10], "uv_size": [1, 1]},
								"west": {"uv": [11, 18], "uv_size": [1, 1]},
								"up": {"uv": [18, 11], "uv_size": [1, 1]},
								"down": {"uv": [12, 19], "uv_size": [1, -1]}
							}
						}
					]
				},
				{
					"name": "up2",
					"parent": "right_eyes",
					"pivot": [-1.03678, 3.64043, -1.73264],
					"cubes": [
						{
							"origin": [-1.73678, 2.89043, -6.73264],
							"size": [1.3, 0.5, 1.3],
							"uv": {
								"north": {"uv": [9, 19], "uv_size": [1.5, 0.5]},
								"east": {"uv": [19, 9], "uv_size": [1.5, 0.5]},
								"south": {"uv": [19, 10], "uv_size": [1.5, 0.5]},
								"west": {"uv": [11, 19], "uv_size": [1.5, 0.5]},
								"up": {"uv": [13, 0], "uv_size": [1.5, 1.5]},
								"down": {"uv": [13, 6.5], "uv_size": [1.5, -1.5]}
							}
						}
					]
				},
				{
					"name": "down2",
					"parent": "right_eyes",
					"pivot": [-1, 2.49043, -1.76989],
					"cubes": [
						{
							"origin": [-1.7377, 1.59043, -6.74218],
							"size": [1.3, 0.5, 1.3],
							"uv": {
								"north": {"uv": [19, 11], "uv_size": [1.5, 0.5]},
								"east": {"uv": [19, 12], "uv_size": [1.5, 0.5]},
								"south": {"uv": [13, 19], "uv_size": [1.5, 0.5]},
								"west": {"uv": [19, 13], "uv_size": [1.5, 0.5]},
								"up": {"uv": [7, 13], "uv_size": [1.5, 1.5]},
								"down": {"uv": [13, 10.5], "uv_size": [1.5, -1.5]}
							}
						}
					]
				},
				{
					"name": "right_iris",
					"parent": "right_eyes",
					"pivot": [-1.375, 3.24043, -2.39489],
					"cubes": [
						{
							"origin": [-1.675, 2.24043, -6.69489],
							"size": [0.5, 0.5, 0.5],
							"uv": {
								"north": {"uv": [20, 7], "uv_size": [0.5, 0.5]},
								"east": {"uv": [8, 20], "uv_size": [0.5, 0.5]},
								"south": {"uv": [20, 8], "uv_size": [0.5, 0.5]},
								"west": {"uv": [9, 20], "uv_size": [0.5, 0.5]},
								"up": {"uv": [10, 20], "uv_size": [0.5, 0.5]},
								"down": {"uv": [11, 20.5], "uv_size": [0.5, -0.5]}
							}
						}
					]
				}
			]
		}
	]
}