{
	"format_version": "1.12.0",
	"minecraft:geometry": [
		{
			"description": {
				"identifier": "geometry.wacky_animals.wacky_cat",
				"texture_width": 64,
				"texture_height": 64,
				"visible_bounds_width": 3,
				"visible_bounds_height": 2.5,
				"visible_bounds_offset": [0, 0.75, 0]
			},
			"bones": [
				{
					"name": "total",
					"pivot": [0, -0.7, 0]
				},
				{
					"name": "body1",
					"parent": "total",
					"pivot": [0, 5.3, 0],
					"cubes": [
						{
							"origin": [-2.2, 3.1, -5],
							"size": [4.4, 4.4, 5],
							"uv": {
								"north": {"uv": [0, 10], "uv_size": [4.5, 4.5]},
								"east": {"uv": [0, 0], "uv_size": [5, 4.5]},
								"south": {"uv": [10, 0], "uv_size": [4.5, 4.5]},
								"west": {"uv": [0, 5], "uv_size": [5, 4.5]},
								"up": {"uv": [5, 0], "uv_size": [4.5, 5]},
								"down": {"uv": [5, 10], "uv_size": [4.5, -5]}
							}
						}
					]
				},
				{
					"name": "front_right_leg",
					"parent": "body1",
					"pivot": [-1.75, 4.25, -2.75],
					"cubes": [
						{
							"origin": [-2.7, 3, -4],
							"size": [2, 2.5, 2.5],
							"uv": {
								"north": {"uv": [25, 21], "uv_size": [2, 2.5]},
								"east": {"uv": [21, 10], "uv_size": [2.5, 2.5]},
								"south": {"uv": [25, 24], "uv_size": [2, 2.5]},
								"west": {"uv": [21, 13], "uv_size": [2.5, 2.5]},
								"up": {"uv": [2, 26], "uv_size": [2, 2.5]},
								"down": {"uv": [26, 5.5], "uv_size": [2, -2.5]}
							}
						}
					]
				},
				{
					"name": "right_front_leg4",
					"parent": "front_right_leg",
					"pivot": [-1.85, 4.3, -3.3],
					"cubes": [
						{
							"origin": [-2.3, 0.1, -3.3],
							"size": [1.3, 3.8, 1.3],
							"uv": {
								"north": {"uv": [17, 22], "uv_size": [1.5, 4]},
								"east": {"uv": [19, 22], "uv_size": [1.5, 4]},
								"south": {"uv": [21, 22], "uv_size": [1.5, 4]},
								"west": {"uv": [23, 16], "uv_size": [1.5, 4]},
								"up": {"uv": [26, 30], "uv_size": [1.5, 1.5]},
								"down": {"uv": [30, 27.5], "uv_size": [1.5, -1.5]}
							}
						}
					]
				},
				{
					"name": "right_front_leg5",
					"parent": "right_front_leg4",
					"pivot": [-1.85, 2.3, -3.3]
				},
				{
					"name": "right_front_foot3",
					"parent": "right_front_leg5",
					"pivot": [-1.85, 0.4, -2.8],
					"cubes": [
						{
							"origin": [-2.45, 0, -3.7],
							"size": [1.6, 0.7, 1.5],
							"uv": {
								"north": {"uv": [33, 4], "uv_size": [1.5, 0.5]},
								"east": {"uv": [33, 5], "uv_size": [1.5, 0.5]},
								"south": {"uv": [6, 33], "uv_size": [1.5, 0.5]},
								"west": {"uv": [33, 6], "uv_size": [1.5, 0.5]},
								"up": {"uv": [28, 30], "uv_size": [1.5, 1.5]},
								"down": {"uv": [30, 29.5], "uv_size": [1.5, -1.5]}
							}
						}
					]
				},
				{
					"name": "right_front_feet3",
					"parent": "right_front_foot3",
					"pivot": [-1.85, 0.1, -3.7],
					"cubes": [
						{
							"origin": [-2.55, 0, -4.6],
							"size": [1.8, 0.9, 0.9],
							"uv": {
								"north": {"uv": [31, 5], "uv_size": [2, 1]},
								"east": {"uv": [29, 32], "uv_size": [1, 1]},
								"south": {"uv": [6, 31], "uv_size": [2, 1]},
								"west": {"uv": [32, 29], "uv_size": [1, 1]},
								"up": {"uv": [31, 6], "uv_size": [2, 1]},
								"down": {"uv": [31, 8], "uv_size": [2, -1]}
							}
						}
					]
				},
				{
					"name": "front_left_leg",
					"parent": "body1",
					"pivot": [2, 4, -2.5],
					"cubes": [
						{
							"origin": [0.7, 3, -4],
							"size": [2, 2.5, 2.5],
							"uv": {
								"north": {"uv": [27, 21], "uv_size": [-2, 2.5]},
								"east": {"uv": [23.5, 13], "uv_size": [-2.5, 2.5]},
								"south": {"uv": [27, 24], "uv_size": [-2, 2.5]},
								"west": {"uv": [23.5, 10], "uv_size": [-2.5, 2.5]},
								"up": {"uv": [4, 26], "uv_size": [-2, 2.5]},
								"down": {"uv": [28, 5.5], "uv_size": [-2, -2.5]}
							}
						}
					]
				},
				{
					"name": "left_front_leg",
					"parent": "front_left_leg",
					"pivot": [1.85, 4.3, -3.3],
					"cubes": [
						{
							"origin": [1, 0.1, -3.3],
							"size": [1.3, 3.8, 1.3],
							"uv": {
								"north": {"uv": [18.5, 22], "uv_size": [-1.5, 4]},
								"east": {"uv": [24.5, 16], "uv_size": [-1.5, 4]},
								"south": {"uv": [22.5, 22], "uv_size": [-1.5, 4]},
								"west": {"uv": [20.5, 22], "uv_size": [-1.5, 4]},
								"up": {"uv": [27.5, 30], "uv_size": [-1.5, 1.5]},
								"down": {"uv": [31.5, 27.5], "uv_size": [-1.5, -1.5]}
							}
						}
					]
				},
				{
					"name": "left_front_leg3",
					"parent": "left_front_leg",
					"pivot": [1.85, 2.3, -3.3]
				},
				{
					"name": "left_front_foot",
					"parent": "left_front_leg3",
					"pivot": [1.85, 0.4, -2.8],
					"cubes": [
						{
							"origin": [0.85, 0, -3.7],
							"size": [1.6, 0.7, 1.5],
							"uv": {
								"north": {"uv": [34.5, 4], "uv_size": [-1.5, 0.5]},
								"east": {"uv": [34.5, 6], "uv_size": [-1.5, 0.5]},
								"south": {"uv": [7.5, 33], "uv_size": [-1.5, 0.5]},
								"west": {"uv": [34.5, 5], "uv_size": [-1.5, 0.5]},
								"up": {"uv": [29.5, 30], "uv_size": [-1.5, 1.5]},
								"down": {"uv": [31.5, 29.5], "uv_size": [-1.5, -1.5]}
							}
						}
					]
				},
				{
					"name": "left_front_feet",
					"parent": "left_front_foot",
					"pivot": [1.85, 0.1, -3.7],
					"cubes": [
						{
							"origin": [0.75, 0, -4.6],
							"size": [1.8, 0.9, 0.9],
							"uv": {
								"north": {"uv": [33, 5], "uv_size": [-2, 1]},
								"east": {"uv": [33, 29], "uv_size": [-1, 1]},
								"south": {"uv": [8, 31], "uv_size": [-2, 1]},
								"west": {"uv": [30, 32], "uv_size": [-1, 1]},
								"up": {"uv": [33, 6], "uv_size": [-2, 1]},
								"down": {"uv": [33, 8], "uv_size": [-2, -1]}
							}
						}
					]
				},
				{
					"name": "neck",
					"parent": "body1",
					"pivot": [0, 5.6, -4.8],
					"cubes": [
						{
							"origin": [-1, 4, -6.7],
							"size": [2, 3, 3.4],
							"uv": {
								"north": {"uv": [24, 6], "uv_size": [2, 3]},
								"east": {"uv": [17, 10], "uv_size": [3.5, 3]},
								"south": {"uv": [8, 24], "uv_size": [2, 3]},
								"west": {"uv": [17, 13], "uv_size": [3.5, 3]},
								"up": {"uv": [3, 15], "uv_size": [2, 3.5]},
								"down": {"uv": [20, 9.5], "uv_size": [2, -3.5]}
							}
						}
					]
				},
				{
					"name": "head",
					"parent": "neck",
					"pivot": [0, 5.7, -7],
					"cubes": [
						{
							"origin": [-2, 3.7, -9],
							"size": [4, 4, 3],
							"uv": {
								"north": {"uv": [10, 9], "uv_size": [4, 4]},
								"east": {"uv": [14, 14], "uv_size": [3, 4]},
								"south": {"uv": [10, 13], "uv_size": [4, 4]},
								"west": {"uv": [0, 15], "uv_size": [3, 4]},
								"up": {"uv": [15, 0], "uv_size": [4, 3]},
								"down": {"uv": [15, 6], "uv_size": [4, -3]}
							}
						},
						{
							"origin": [-1.5, 4.8, -10.3],
							"size": [3, 1, 1.3],
							"uv": {
								"north": {"uv": [8, 29], "uv_size": [3, 1]},
								"east": {"uv": [24, 31], "uv_size": [1.5, 1]},
								"south": {"uv": [29, 8], "uv_size": [3, 1]},
								"west": {"uv": [2, 32], "uv_size": [1.5, 1]},
								"up": {"uv": [10, 26], "uv_size": [3, 1.5]},
								"down": {"uv": [13, 27.5], "uv_size": [3, -1.5]}
							}
						}
					]
				},
				{
					"name": "left_mustache",
					"parent": "head",
					"pivot": [1.5, 5.05, -9.8],
					"rotation": [0, 0, 0],
					"cubes": [
						{
							"origin": [0.2, 3.6, -9.8],
							"size": [4, 2.5, 0],
							"uv": {
								"north": {"uv": [17, 16], "uv_size": [4, 2.5]},
								"east": {"uv": [0, 0], "uv_size": [0, 2.5]},
								"south": {"uv": [11, 18], "uv_size": [4, 2.5]},
								"west": {"uv": [0, 0], "uv_size": [0, 2.5]},
								"up": {"uv": [0, 0], "uv_size": [4, 0]},
								"down": {"uv": [0, 0], "uv_size": [4, 0]}
							}
						}
					]
				},
				{
					"name": "right_mustache",
					"parent": "head",
					"pivot": [-1.5, 5.05, -9.8],
					"rotation": [0, 0, 0],
					"cubes": [
						{
							"origin": [-4.2, 3.6, -9.8],
							"size": [4, 2.5, 0],
							"uv": {
								"north": {"uv": [21, 16], "uv_size": [-4, 2.5]},
								"east": {"uv": [0, 0], "uv_size": [0, 2.5]},
								"south": {"uv": [15, 18], "uv_size": [-4, 2.5]},
								"west": {"uv": [0, 0], "uv_size": [0, 2.5]},
								"up": {"uv": [4, 0], "uv_size": [-4, 0]},
								"down": {"uv": [4, 0], "uv_size": [-4, 0]}
							}
						}
					]
				},
				{
					"name": "right_mustache",
					"parent": "head",
					"pivot": [-1.5, 5.05, -9.8]
				},
				{
					"name": "noze",
					"parent": "head",
					"pivot": [0, 5.6, -10.15],
					"cubes": [
						{
							"origin": [-0.5, 5.1, -10.6],
							"size": [1, 1, 0.9],
							"uv": {
								"north": {"uv": [26, 32], "uv_size": [1, 1]},
								"east": {"uv": [32, 26], "uv_size": [1, 1]},
								"south": {"uv": [27, 32], "uv_size": [1, 1]},
								"west": {"uv": [32, 27], "uv_size": [1, 1]},
								"up": {"uv": [28, 32], "uv_size": [1, 1]},
								"down": {"uv": [32, 29], "uv_size": [1, -1]}
							}
						}
					]
				},
				{
					"name": "left_eyes",
					"parent": "head",
					"pivot": [1.75, 6.64043, -8.51989],
					"cubes": [
						{
							"origin": [0.95, 5.49043, -9.16989],
							"size": [1.6, 1.5, 1.8],
							"pivot": [1.75, 6.44043, -8.31989],
							"rotation": [0, -11, 0],
							"uv": {
								"north": {"uv": [30, 19], "uv_size": [1.5, 1.5]},
								"east": {"uv": [22, 28], "uv_size": [2, 1.5]},
								"south": {"uv": [20, 30], "uv_size": [1.5, 1.5]},
								"west": {"uv": [26, 28], "uv_size": [2, 1.5]},
								"up": {"uv": [28, 28], "uv_size": [1.5, 2]},
								"down": {"uv": [29, 2], "uv_size": [1.5, -2]}
							}
						}
					]
				},
				{
					"name": "up",
					"parent": "left_eyes",
					"pivot": [1.93678, 6.84043, -8.43264],
					"cubes": [
						{
							"origin": [0.83678, 6.69043, -9.23264],
							"size": [1.8, 0.7, 2],
							"pivot": [1.93678, 6.64043, -8.23264],
							"rotation": [0, -11, 0],
							"uv": {
								"north": {"uv": [14, 32], "uv_size": [2, 0.5]},
								"east": {"uv": [32, 14], "uv_size": [2, 0.5]},
								"south": {"uv": [32, 15], "uv_size": [2, 0.5]},
								"west": {"uv": [16, 32], "uv_size": [2, 0.5]},
								"up": {"uv": [20, 26], "uv_size": [2, 2]},
								"down": {"uv": [22, 28], "uv_size": [2, -2]}
							}
						}
					]
				},
				{
					"name": "down",
					"parent": "left_eyes",
					"pivot": [1.9, 5.69043, -8.46989],
					"cubes": [
						{
							"origin": [0.8377, 5.19043, -9.24218],
							"size": [1.8, 0.7, 2],
							"pivot": [1.8877, 5.64043, -8.24218],
							"rotation": [0, -11, 0],
							"uv": {
								"north": {"uv": [32, 16], "uv_size": [2, 0.5]},
								"east": {"uv": [32, 17], "uv_size": [2, 0.5]},
								"south": {"uv": [18, 32], "uv_size": [2, 0.5]},
								"west": {"uv": [32, 18], "uv_size": [2, 0.5]},
								"up": {"uv": [27, 0], "uv_size": [2, 2]},
								"down": {"uv": [6, 29], "uv_size": [2, -2]}
							}
						}
					]
				},
				{
					"name": "left_iris",
					"parent": "left_eyes",
					"pivot": [2.275, 6.44043, -9.09489],
					"cubes": [
						{
							"origin": [1.975, 5.94043, -9.19489],
							"size": [0.6, 0.6, 0.6],
							"pivot": [1.75, 6.74043, -8.31989],
							"rotation": [0, -11, 0],
							"uv": {
								"north": {"uv": [33, 11], "uv_size": [0.5, 0.5]},
								"east": {"uv": [12, 33], "uv_size": [0.5, 0.5]},
								"south": {"uv": [33, 12], "uv_size": [0.5, 0.5]},
								"west": {"uv": [13, 33], "uv_size": [0.5, 0.5]},
								"up": {"uv": [33, 13], "uv_size": [0.5, 0.5]},
								"down": {"uv": [14, 33.5], "uv_size": [0.5, -0.5]}
							}
						}
					]
				},
				{
					"name": "right_eyes",
					"parent": "head",
					"pivot": [-1.75, 6.64043, -8.51989],
					"cubes": [
						{
							"origin": [-2.55, 5.49043, -9.16989],
							"size": [1.6, 1.5, 1.8],
							"pivot": [-1.75, 6.44043, -8.31989],
							"rotation": [0, 11, 0],
							"uv": {
								"north": {"uv": [30, 21], "uv_size": [1.5, 1.5]},
								"east": {"uv": [2, 29], "uv_size": [2, 1.5]},
								"south": {"uv": [22, 30], "uv_size": [1.5, 1.5]},
								"west": {"uv": [4, 29], "uv_size": [2, 1.5]},
								"up": {"uv": [6, 29], "uv_size": [1.5, 2]},
								"down": {"uv": [29, 8], "uv_size": [1.5, -2]}
							}
						}
					]
				},
				{
					"name": "up2",
					"parent": "right_eyes",
					"pivot": [-1.93678, 6.84043, -8.43264],
					"cubes": [
						{
							"origin": [-2.63678, 6.69043, -9.23264],
							"size": [1.8, 0.7, 2],
							"pivot": [-1.93678, 6.64043, -8.23264],
							"rotation": [0, 11, 0],
							"uv": {
								"north": {"uv": [32, 19], "uv_size": [2, 0.5]},
								"east": {"uv": [20, 32], "uv_size": [2, 0.5]},
								"south": {"uv": [32, 20], "uv_size": [2, 0.5]},
								"west": {"uv": [32, 21], "uv_size": [2, 0.5]},
								"up": {"uv": [8, 27], "uv_size": [2, 2]},
								"down": {"uv": [27, 17], "uv_size": [2, -2]}
							}
						}
					]
				},
				{
					"name": "down2",
					"parent": "right_eyes",
					"pivot": [-1.9, 5.69043, -8.46989],
					"cubes": [
						{
							"origin": [-2.6377, 5.19043, -9.24218],
							"size": [1.8, 0.7, 2],
							"pivot": [-1.8877, 5.64043, -8.24218],
							"rotation": [0, 11, 0],
							"uv": {
								"north": {"uv": [22, 32], "uv_size": [2, 0.5]},
								"east": {"uv": [32, 22], "uv_size": [2, 0.5]},
								"south": {"uv": [32, 23], "uv_size": [2, 0.5]},
								"west": {"uv": [24, 32], "uv_size": [2, 0.5]},
								"up": {"uv": [27, 17], "uv_size": [2, 2]},
								"down": {"uv": [27, 21], "uv_size": [2, -2]}
							}
						}
					]
				},
				{
					"name": "right_iris",
					"parent": "right_eyes",
					"pivot": [-2.275, 6.44043, -9.09489],
					"cubes": [
						{
							"origin": [-2.575, 5.94043, -9.19489],
							"size": [0.6, 0.6, 0.6],
							"pivot": [-1.75, 6.74043, -8.31989],
							"rotation": [0, 11, 0],
							"uv": {
								"north": {"uv": [15, 33], "uv_size": [0.5, 0.5]},
								"east": {"uv": [16, 33], "uv_size": [0.5, 0.5]},
								"south": {"uv": [17, 33], "uv_size": [0.5, 0.5]},
								"west": {"uv": [18, 33], "uv_size": [0.5, 0.5]},
								"up": {"uv": [19, 33], "uv_size": [0.5, 0.5]},
								"down": {"uv": [20, 33.5], "uv_size": [0.5, -0.5]}
							}
						}
					]
				},
				{
					"name": "left_hear",
					"parent": "head",
					"pivot": [1, 8.7, -6.5],
					"cubes": [
						{
							"origin": [1, 6.7, -7.3],
							"size": [2, 2, 1],
							"pivot": [1, 8.7, -6.6],
							"rotation": [0, 0, 24],
							"uv": {
								"north": {"uv": [27, 21], "uv_size": [2, 2]},
								"east": {"uv": [7, 19], "uv_size": [1, 2]},
								"south": {"uv": [27, 23], "uv_size": [2, 2]},
								"west": {"uv": [6, 22], "uv_size": [1, 2]},
								"up": {"uv": [4, 31], "uv_size": [2, 1]},
								"down": {"uv": [31, 5], "uv_size": [2, -1]}
							}
						}
					]
				},
				{
					"name": "right_hear",
					"parent": "head",
					"pivot": [-1, 8.7, -6.5],
					"cubes": [
						{
							"origin": [-3, 6.7, -7.3],
							"size": [2, 2, 1],
							"pivot": [-1, 8.7, -6.6],
							"rotation": [0, 0, -24],
							"uv": {
								"north": {"uv": [24, 27], "uv_size": [2, 2]},
								"east": {"uv": [14, 24], "uv_size": [1, 2]},
								"south": {"uv": [27, 25], "uv_size": [2, 2]},
								"west": {"uv": [12, 31], "uv_size": [1, 2]},
								"up": {"uv": [31, 12], "uv_size": [2, 1]},
								"down": {"uv": [13, 32], "uv_size": [2, -1]}
							}
						}
					]
				},
				{
					"name": "claw_down",
					"parent": "head",
					"pivot": [0, 4.8, -8.8],
					"cubes": [
						{
							"origin": [-1.8, 3.8, -10.6],
							"size": [3.6, 1, 1.6],
							"uv": {
								"north": {"uv": [27, 2], "uv_size": [3.5, 1]},
								"east": {"uv": [4, 32], "uv_size": [1.5, 1]},
								"south": {"uv": [26, 27], "uv_size": [3.5, 1]},
								"west": {"uv": [6, 32], "uv_size": [1.5, 1]},
								"up": {"uv": [24, 9], "uv_size": [3.5, 1.5]},
								"down": {"uv": [10, 25.5], "uv_size": [3.5, -1.5]}
							}
						},
						{
							"origin": [-1.7, 4.8, -10.5],
							"size": [3.4, 0.3, 1.5],
							"uv": {
								"north": {"uv": [31, 24], "uv_size": [3.5, 0.5]},
								"east": {"uv": [10, 33], "uv_size": [1.5, 0.5]},
								"south": {"uv": [31, 25], "uv_size": [3.5, 0.5]},
								"west": {"uv": [33, 10], "uv_size": [1.5, 0.5]},
								"up": {"uv": [24, 11], "uv_size": [3.5, 1.5]},
								"down": {"uv": [24, 14.5], "uv_size": [3.5, -1.5]}
							}
						}
					]
				},
				{
					"name": "body2",
					"parent": "total",
					"pivot": [-0.5, 5.3, 0],
					"cubes": [
						{
							"origin": [-1.5, 3.6, 0],
							"size": [3, 3.7, 5],
							"uv": {
								"north": {"uv": [17, 6], "uv_size": [3, 3.5]},
								"east": {"uv": [5, 10], "uv_size": [5, 3.5]},
								"south": {"uv": [8, 17], "uv_size": [3, 3.5]},
								"west": {"uv": [10, 5], "uv_size": [5, 3.5]},
								"up": {"uv": [5, 14], "uv_size": [3, 5]},
								"down": {"uv": [14, 14], "uv_size": [3, -5]}
							}
						}
					]
				},
				{
					"name": "tail1",
					"parent": "body2",
					"pivot": [-0.5, 6.3, 5],
					"cubes": [
						{
							"origin": [-0.5, 5.8, 5],
							"size": [1, 1, 3],
							"uv": {
								"north": {"uv": [24, 15], "uv_size": [1, 1]},
								"east": {"uv": [11, 17], "uv_size": [3, 1]},
								"south": {"uv": [24, 26], "uv_size": [1, 1]},
								"west": {"uv": [28, 3], "uv_size": [3, 1]},
								"up": {"uv": [0, 28], "uv_size": [1, 3]},
								"down": {"uv": [1, 31], "uv_size": [1, -3]}
							}
						}
					]
				},
				{
					"name": "tail2",
					"parent": "tail1",
					"pivot": [-0.5, 6.3, 8],
					"cubes": [
						{
							"origin": [-0.5, 5.8, 8],
							"size": [1, 1, 3],
							"uv": {
								"north": {"uv": [29, 26], "uv_size": [1, 1]},
								"east": {"uv": [28, 4], "uv_size": [3, 1]},
								"south": {"uv": [10, 30], "uv_size": [1, 1]},
								"west": {"uv": [28, 5], "uv_size": [3, 1]},
								"up": {"uv": [28, 6], "uv_size": [1, 3]},
								"down": {"uv": [28, 12], "uv_size": [1, -3]}
							}
						}
					]
				},
				{
					"name": "tail3",
					"parent": "tail2",
					"pivot": [-0.5, 6.3, 11],
					"cubes": [
						{
							"origin": [-0.5, 5.8, 11],
							"size": [1, 1, 3],
							"uv": {
								"north": {"uv": [15, 31], "uv_size": [1, 1]},
								"east": {"uv": [10, 28], "uv_size": [3, 1]},
								"south": {"uv": [8, 32], "uv_size": [1, 1]},
								"west": {"uv": [28, 12], "uv_size": [3, 1]},
								"up": {"uv": [13, 28], "uv_size": [1, 3]},
								"down": {"uv": [14, 31], "uv_size": [1, -3]}
							}
						}
					]
				},
				{
					"name": "left_back_leg1",
					"parent": "body2",
					"pivot": [2, 5.1, 3.2],
					"rotation": [-25, 0, 0],
					"cubes": [
						{
							"origin": [1, 3.6, 1.7],
							"size": [2, 3, 3],
							"uv": {
								"north": {"uv": [8, 14], "uv_size": [2, 3]},
								"east": {"uv": [19, 3], "uv_size": [3, 3]},
								"south": {"uv": [15, 6], "uv_size": [2, 3]},
								"west": {"uv": [4, 19], "uv_size": [3, 3]},
								"up": {"uv": [13, 21], "uv_size": [2, 3]},
								"down": {"uv": [21, 19], "uv_size": [2, -3]}
							}
						}
					]
				},
				{
					"name": "left_back_leg2",
					"parent": "left_back_leg1",
					"pivot": [1.85, 3.6, 2.7],
					"rotation": [77.5, 0, 0],
					"cubes": [
						{
							"origin": [1.1, 1.1, 2.2],
							"size": [1.5, 3, 2],
							"uv": {
								"north": {"uv": [4, 26], "uv_size": [1.5, 3]},
								"east": {"uv": [21, 19], "uv_size": [2, 3]},
								"south": {"uv": [26, 6], "uv_size": [1.5, 3]},
								"west": {"uv": [0, 22], "uv_size": [2, 3]},
								"up": {"uv": [28, 13], "uv_size": [1.5, 2]},
								"down": {"uv": [20, 30], "uv_size": [1.5, -2]}
							}
						}
					]
				},
				{
					"name": "left_back_leg3",
					"parent": "left_back_leg2",
					"pivot": [1.85, 1.6, 2.7],
					"rotation": [-70, 0, 0],
					"cubes": [
						{
							"origin": [1.35, -0.2, 2.7],
							"size": [1, 2.5, 1],
							"uv": {
								"north": {"uv": [15, 28], "uv_size": [1, 2.5]},
								"east": {"uv": [29, 15], "uv_size": [1, 2.5]},
								"south": {"uv": [16, 29], "uv_size": [1, 2.5]},
								"west": {"uv": [17, 29], "uv_size": [1, 2.5]},
								"up": {"uv": [32, 8], "uv_size": [1, 1]},
								"down": {"uv": [9, 33], "uv_size": [1, -1]}
							}
						}
					]
				},
				{
					"name": "left_back_foot",
					"parent": "left_back_leg3",
					"pivot": [1.85, -0.3, 3.2],
					"rotation": [43.5, 0, 0],
					"cubes": [
						{
							"origin": [1.15, -0.7, 2.3],
							"size": [1.4, 0.7, 1.5],
							"uv": {
								"north": {"uv": [32, 32], "uv_size": [1.5, 0.5]},
								"east": {"uv": [0, 33], "uv_size": [1.5, 0.5]},
								"south": {"uv": [33, 0], "uv_size": [1.5, 0.5]},
								"west": {"uv": [33, 1], "uv_size": [1.5, 0.5]},
								"up": {"uv": [24, 29], "uv_size": [1.5, 1.5]},
								"down": {"uv": [29, 25.5], "uv_size": [1.5, -1.5]}
							}
						}
					]
				},
				{
					"name": "left_back_feet",
					"parent": "left_back_foot",
					"pivot": [1.85, -0.6, 2.3],
					"rotation": [-24.5, 0, 0],
					"cubes": [
						{
							"origin": [0.95, -0.7, 1.4],
							"size": [1.8, 0.9, 0.9],
							"uv": {
								"north": {"uv": [15, 18], "uv_size": [2, 1]},
								"east": {"uv": [10, 32], "uv_size": [1, 1]},
								"south": {"uv": [29, 11], "uv_size": [2, 1]},
								"west": {"uv": [11, 32], "uv_size": [1, 1]},
								"up": {"uv": [30, 23], "uv_size": [2, 1]},
								"down": {"uv": [31, 1], "uv_size": [2, -1]}
							}
						}
					]
				},
				{
					"name": "right_back_leg4",
					"parent": "body2",
					"pivot": [-2, 5.1, 3.2],
					"rotation": [-25, 0, 0],
					"cubes": [
						{
							"origin": [-3, 3.6, 1.7],
							"size": [2, 3, 3],
							"uv": {
								"north": {"uv": [10, 14], "uv_size": [-2, 3]},
								"east": {"uv": [7, 19], "uv_size": [-3, 3]},
								"south": {"uv": [17, 6], "uv_size": [-2, 3]},
								"west": {"uv": [22, 3], "uv_size": [-3, 3]},
								"up": {"uv": [15, 21], "uv_size": [-2, 3]},
								"down": {"uv": [23, 19], "uv_size": [-2, -3]}
							}
						}
					]
				},
				{
					"name": "right_back_leg5",
					"parent": "right_back_leg4",
					"pivot": [-1.85, 3.6, 2.7],
					"rotation": [77.5, 0, 0],
					"cubes": [
						{
							"origin": [-2.6, 1.1, 2.2],
							"size": [1.5, 3, 2],
							"uv": {
								"north": {"uv": [5.5, 26], "uv_size": [-1.5, 3]},
								"east": {"uv": [2, 22], "uv_size": [-2, 3]},
								"south": {"uv": [27.5, 6], "uv_size": [-1.5, 3]},
								"west": {"uv": [23, 19], "uv_size": [-2, 3]},
								"up": {"uv": [29.5, 13], "uv_size": [-1.5, 2]},
								"down": {"uv": [21.5, 30], "uv_size": [-1.5, -2]}
							}
						}
					]
				},
				{
					"name": "right_back_leg6",
					"parent": "right_back_leg5",
					"pivot": [-1.85, 1.6, 2.7],
					"rotation": [-70, 0, 0],
					"cubes": [
						{
							"origin": [-2.35, -0.2, 2.7],
							"size": [1, 2.5, 1],
							"uv": {
								"north": {"uv": [16, 28], "uv_size": [-1, 2.5]},
								"east": {"uv": [18, 29], "uv_size": [-1, 2.5]},
								"south": {"uv": [17, 29], "uv_size": [-1, 2.5]},
								"west": {"uv": [30, 15], "uv_size": [-1, 2.5]},
								"up": {"uv": [33, 8], "uv_size": [-1, 1]},
								"down": {"uv": [10, 33], "uv_size": [-1, -1]}
							}
						}
					]
				},
				{
					"name": "right_back_foot3",
					"parent": "right_back_leg6",
					"pivot": [-1.85, -0.3, 3.2],
					"rotation": [43.5, 0, 0],
					"cubes": [
						{
							"origin": [-2.55, -0.7, 2.3],
							"size": [1.4, 0.7, 1.5],
							"uv": {
								"north": {"uv": [33.5, 32], "uv_size": [-1.5, 0.5]},
								"east": {"uv": [34.5, 1], "uv_size": [-1.5, 0.5]},
								"south": {"uv": [34.5, 0], "uv_size": [-1.5, 0.5]},
								"west": {"uv": [1.5, 33], "uv_size": [-1.5, 0.5]},
								"up": {"uv": [25.5, 29], "uv_size": [-1.5, 1.5]},
								"down": {"uv": [30.5, 25.5], "uv_size": [-1.5, -1.5]}
							}
						}
					]
				},
				{
					"name": "right_back_feet3",
					"parent": "right_back_foot3",
					"pivot": [-1.85, -0.6, 2.3],
					"rotation": [-24.5, 0, 0],
					"cubes": [
						{
							"origin": [-2.75, -0.7, 1.4],
							"size": [1.8, 0.9, 0.9],
							"uv": {
								"north": {"uv": [17, 18], "uv_size": [-2, 1]},
								"east": {"uv": [12, 32], "uv_size": [-1, 1]},
								"south": {"uv": [31, 11], "uv_size": [-2, 1]},
								"west": {"uv": [11, 32], "uv_size": [-1, 1]},
								"up": {"uv": [32, 23], "uv_size": [-2, 1]},
								"down": {"uv": [33, 1], "uv_size": [-2, -1]}
							}
						}
					]
				}
			]
		}
	]
}