{
	"format_version": "1.12.0",
	"minecraft:geometry": [
		{
			"description": {
				"identifier": "geometry.wacky_animals.wacky_fish_4",
				"texture_width": 32,
				"texture_height": 32,
				"visible_bounds_width": 2,
				"visible_bounds_height": 2.5,
				"visible_bounds_offset": [0, 0.75, 0]
			},
			"bones": [
				{
					"name": "total",
					"pivot": [0, 0, 0]
				},
				{
					"name": "body",
					"parent": "total",
					"pivot": [0, 6.45714, 0.07143],
					"cubes": [
						{
							"origin": [-1, 4.2, -4],
							"size": [2, 2.6, 6],
							"uv": {
								"north": {"uv": [10, 5], "uv_size": [2, 2.5]},
								"east": {"uv": [12, 14], "uv_size": [6, 2.5]},
								"south": {"uv": [8, 22], "uv_size": [2, 2.5]},
								"west": {"uv": [15, 0], "uv_size": [6, 2.5]},
								"up": {"uv": [0, 17], "uv_size": [2, 6]},
								"down": {"uv": [2, 23], "uv_size": [2, -6]}
							}
						}
					]
				},
				{
					"name": "head",
					"parent": "body",
					"pivot": [-0.5, 6.95872, -1.47546],
					"cubes": [
						{
							"origin": [-1.2, 4.65872, -4.17546],
							"size": [2.4, 0.5, 2.7],
							"pivot": [-0.5, 6.95872, -3.97546],
							"rotation": [-9, 0, 0],
							"uv": {
								"north": {"uv": [9, 25], "uv_size": [2.5, 0.5]},
								"east": {"uv": [25, 11], "uv_size": [2.5, 0.5]},
								"south": {"uv": [25, 12], "uv_size": [2.5, 0.5]},
								"west": {"uv": [25, 13], "uv_size": [2.5, 0.5]},
								"up": {"uv": [13, 17], "uv_size": [2.5, 2.5]},
								"down": {"uv": [16, 19.5], "uv_size": [2.5, -2.5]}
							}
						},
						{
							"origin": [-1.5, 4.95872, -4.47546],
							"size": [3, 0.6, 3],
							"pivot": [-0.5, 6.95872, -3.97546],
							"rotation": [-9, 0, 0],
							"uv": {
								"north": {"uv": [22, 11], "uv_size": [3, 0.5]},
								"east": {"uv": [20, 24], "uv_size": [3, 0.5]},
								"south": {"uv": [23, 24], "uv_size": [3, 0.5]},
								"west": {"uv": [0, 25], "uv_size": [3, 0.5]},
								"up": {"uv": [4, 17], "uv_size": [3, 3]},
								"down": {"uv": [17, 9], "uv_size": [3, -3]}
							}
						},
						{
							"origin": [-1.5, 5.56364, -4.53803],
							"size": [3, 2, 3],
							"pivot": [-0.5, 6.56364, -4.03803],
							"rotation": [-9, 0, 0],
							"uv": {
								"north": {"uv": [19, 16], "uv_size": [3, 2]},
								"east": {"uv": [19, 18], "uv_size": [3, 2]},
								"south": {"uv": [20, 3], "uv_size": [3, 2]},
								"west": {"uv": [4, 20], "uv_size": [3, 2]},
								"up": {"uv": [16, 10], "uv_size": [3, 3]},
								"down": {"uv": [17, 6], "uv_size": [3, -3]}
							}
						}
					]
				},
				{
					"name": "left_eyes",
					"parent": "head",
					"pivot": [1.54693, 6.16011, -3.88555],
					"cubes": [
						{
							"origin": [0.7377, 5.49043, -4.84218],
							"size": [1.3, 1.5, 1.8],
							"pivot": [1.3877, 5.54043, -3.94218],
							"rotation": [0, -11, 0],
							"uv": {
								"north": {"uv": [6, 24], "uv_size": [1.5, 1.5]},
								"east": {"uv": [22, 18], "uv_size": [2, 1.5]},
								"south": {"uv": [24, 7], "uv_size": [1.5, 1.5]},
								"west": {"uv": [19, 22], "uv_size": [2, 1.5]},
								"up": {"uv": [21, 22], "uv_size": [1.5, 2]},
								"down": {"uv": [0, 25], "uv_size": [1.5, -2]}
							}
						}
					]
				},
				{
					"name": "up",
					"parent": "left_eyes",
					"pivot": [1.38678, 6.74043, -3.93264],
					"cubes": [
						{
							"origin": [0.63678, 6.69043, -4.93264],
							"size": [1.5, 0.7, 2],
							"pivot": [1.43678, 6.64043, -3.93264],
							"rotation": [0, -11, 0],
							"uv": {
								"north": {"uv": [25, 18], "uv_size": [1.5, 0.5]},
								"east": {"uv": [16, 13], "uv_size": [2, 0.5]},
								"south": {"uv": [25, 19], "uv_size": [1.5, 0.5]},
								"west": {"uv": [17, 9], "uv_size": [2, 0.5]},
								"up": {"uv": [15, 3], "uv_size": [1.5, 2]},
								"down": {"uv": [15, 24], "uv_size": [1.5, -2]}
							}
						}
					]
				},
				{
					"name": "down",
					"parent": "left_eyes",
					"pivot": [1.3877, 5.74043, -3.94218],
					"cubes": [
						{
							"origin": [0.6377, 5.19043, -4.94218],
							"size": [1.5, 0.7, 2],
							"pivot": [1.3877, 5.54043, -3.94218],
							"rotation": [0, -11, 0],
							"uv": {
								"north": {"uv": [20, 25], "uv_size": [1.5, 0.5]},
								"east": {"uv": [19, 12], "uv_size": [2, 0.5]},
								"south": {"uv": [25, 20], "uv_size": [1.5, 0.5]},
								"west": {"uv": [12, 25], "uv_size": [2, 0.5]},
								"up": {"uv": [22, 16], "uv_size": [1.5, 2]},
								"down": {"uv": [17, 24], "uv_size": [1.5, -2]}
							}
						}
					]
				},
				{
					"name": "left_iris",
					"parent": "left_eyes",
					"pivot": [1.87507, 6.24043, -4.48415],
					"cubes": [
						{
							"origin": [1.57507, 5.94043, -4.78415],
							"size": [0.6, 0.6, 0.6],
							"pivot": [1.87507, 6.24043, -4.48415],
							"rotation": [0, -11, 0],
							"uv": {
								"north": {"uv": [5, 26], "uv_size": [0.5, 0.5]},
								"east": {"uv": [26, 5], "uv_size": [0.5, 0.5]},
								"south": {"uv": [6, 26], "uv_size": [0.5, 0.5]},
								"west": {"uv": [26, 6], "uv_size": [0.5, 0.5]},
								"up": {"uv": [7, 26], "uv_size": [0.5, 0.5]},
								"down": {"uv": [26, 7.5], "uv_size": [0.5, -0.5]}
							}
						}
					]
				},
				{
					"name": "right_eyes",
					"parent": "head",
					"pivot": [-1.54693, 6.16011, -3.88555],
					"cubes": [
						{
							"origin": [-2.0377, 5.49043, -4.84218],
							"size": [1.3, 1.5, 1.8],
							"pivot": [-1.3877, 5.54043, -3.94218],
							"rotation": [0, 11, 0],
							"uv": {
								"north": {"uv": [7.5, 24], "uv_size": [-1.5, 1.5]},
								"east": {"uv": [21, 22], "uv_size": [-2, 1.5]},
								"south": {"uv": [25.5, 7], "uv_size": [-1.5, 1.5]},
								"west": {"uv": [24, 18], "uv_size": [-2, 1.5]},
								"up": {"uv": [22.5, 22], "uv_size": [-1.5, 2]},
								"down": {"uv": [1.5, 25], "uv_size": [-1.5, -2]}
							}
						}
					]
				},
				{
					"name": "up2",
					"parent": "right_eyes",
					"pivot": [-1.38678, 6.74043, -3.93264],
					"cubes": [
						{
							"origin": [-2.13678, 6.69043, -4.93264],
							"size": [1.5, 0.7, 2],
							"pivot": [-1.43678, 6.64043, -3.93264],
							"rotation": [0, 11, 0],
							"uv": {
								"north": {"uv": [26.5, 18], "uv_size": [-1.5, 0.5]},
								"east": {"uv": [19, 9], "uv_size": [-2, 0.5]},
								"south": {"uv": [26.5, 19], "uv_size": [-1.5, 0.5]},
								"west": {"uv": [18, 13], "uv_size": [-2, 0.5]},
								"up": {"uv": [16.5, 3], "uv_size": [-1.5, 2]},
								"down": {"uv": [16.5, 24], "uv_size": [-1.5, -2]}
							}
						}
					]
				},
				{
					"name": "down2",
					"parent": "right_eyes",
					"pivot": [-1.3877, 5.74043, -3.94218],
					"cubes": [
						{
							"origin": [-2.1377, 5.19043, -4.94218],
							"size": [1.5, 0.7, 2],
							"pivot": [-1.3877, 5.54043, -3.94218],
							"rotation": [0, 11, 0],
							"uv": {
								"north": {"uv": [21.5, 25], "uv_size": [-1.5, 0.5]},
								"east": {"uv": [14, 25], "uv_size": [-2, 0.5]},
								"south": {"uv": [26.5, 20], "uv_size": [-1.5, 0.5]},
								"west": {"uv": [21, 12], "uv_size": [-2, 0.5]},
								"up": {"uv": [23.5, 16], "uv_size": [-1.5, 2]},
								"down": {"uv": [18.5, 24], "uv_size": [-1.5, -2]}
							}
						}
					]
				},
				{
					"name": "right_iris",
					"parent": "right_eyes",
					"pivot": [-1.87507, 6.24043, -4.48415],
					"cubes": [
						{
							"origin": [-2.17507, 5.94043, -4.78415],
							"size": [0.6, 0.6, 0.6],
							"pivot": [-1.87507, 6.24043, -4.48415],
							"rotation": [0, 11, 0],
							"uv": {
								"north": {"uv": [5.5, 26], "uv_size": [-0.5, 0.5]},
								"east": {"uv": [26.5, 6], "uv_size": [-0.5, 0.5]},
								"south": {"uv": [6.5, 26], "uv_size": [-0.5, 0.5]},
								"west": {"uv": [26.5, 5], "uv_size": [-0.5, 0.5]},
								"up": {"uv": [7.5, 26], "uv_size": [-0.5, 0.5]},
								"down": {"uv": [26.5, 7.5], "uv_size": [-0.5, -0.5]}
							}
						}
					]
				},
				{
					"name": "claw_lower",
					"parent": "head",
					"pivot": [-0.05, 4.53922, -1.95707],
					"cubes": [
						{
							"origin": [-2.35, 3.60457, -6.43861],
							"size": [4.7, 1, 4.6],
							"pivot": [-0.65, 3.83922, -1.95707],
							"rotation": [-9, 0, 0],
							"uv": {
								"north": {"uv": [21, 2], "uv_size": [4.5, 1]},
								"east": {"uv": [22, 9], "uv_size": [4.5, 1]},
								"south": {"uv": [10, 22], "uv_size": [4.5, 1]},
								"west": {"uv": [22, 10], "uv_size": [4.5, 1]},
								"up": {"uv": [10, 0], "uv_size": [4.5, 4.5]},
								"down": {"uv": [12, 9.5], "uv_size": [4.5, -4.5]}
							}
						},
						{
							"origin": [-2, 2.60457, -5.93861],
							"size": [4, 1.6, 4],
							"pivot": [-0.5, 3.83922, -1.95707],
							"rotation": [-9, 0, 0],
							"uv": {
								"north": {"uv": [20, 5], "uv_size": [4, 1.5]},
								"east": {"uv": [7, 20], "uv_size": [4, 1.5]},
								"south": {"uv": [20, 7], "uv_size": [4, 1.5]},
								"west": {"uv": [11, 20], "uv_size": [4, 1.5]},
								"up": {"uv": [12, 10], "uv_size": [4, 4]},
								"down": {"uv": [0, 17], "uv_size": [4, -4]}
							}
						},
						{
							"origin": [-2.05, 4.10457, -6.03861],
							"size": [4.1, 1.6, 4],
							"pivot": [-0.55, 3.83922, -1.95707],
							"rotation": [-9, 0, 0],
							"uv": {
								"north": {"uv": [15, 20], "uv_size": [4, 1.5]},
								"east": {"uv": [19, 20], "uv_size": [4, 1.5]},
								"south": {"uv": [21, 0], "uv_size": [4, 1.5]},
								"west": {"uv": [21, 12], "uv_size": [4, 1.5]},
								"up": {"uv": [4, 13], "uv_size": [4, 4]},
								"down": {"uv": [8, 17], "uv_size": [4, -4]}
							}
						}
					]
				},
				{
					"name": "fin_left",
					"parent": "body",
					"pivot": [1.15, 5.55, -1.6],
					"cubes": [
						{
							"origin": [2.4, 4.9, -1.9],
							"size": [0.6, 1.3, 0.9],
							"pivot": [3, 6, 4.8],
							"rotation": [0, 16, 0],
							"uv": {
								"north": {"uv": [25, 21], "uv_size": [0.5, 1.5]},
								"east": {"uv": [25, 0], "uv_size": [1, 1.5]},
								"south": {"uv": [22, 25], "uv_size": [0.5, 1.5]},
								"west": {"uv": [3, 25], "uv_size": [1, 1.5]},
								"up": {"uv": [26, 2], "uv_size": [0.5, 1]},
								"down": {"uv": [26, 4], "uv_size": [0.5, -1]}
							}
						}
					]
				},
				{
					"name": "fin_left2",
					"parent": "fin_left",
					"pivot": [1.2, 5.5, -0.7],
					"cubes": [
						{
							"origin": [2.7, 4.2, -1.2],
							"size": [0, 2.7, 2.6],
							"pivot": [3, 6, 4.8],
							"rotation": [0, 16, 0],
							"uv": {
								"north": {"uv": [0, 0], "uv_size": [0, 2.5]},
								"east": {"uv": [7, 17], "uv_size": [2.5, 2.5]},
								"south": {"uv": [0, 0], "uv_size": [0, 2.5]},
								"west": {"uv": [10, 17], "uv_size": [2.5, 2.5]},
								"up": {"uv": [0, 0], "uv_size": [0, 2.5]},
								"down": {"uv": [0, 2.5], "uv_size": [0, -2.5]}
							}
						}
					]
				},
				{
					"name": "fin_right3",
					"parent": "body",
					"pivot": [-1.15, 5.55, -1.6],
					"cubes": [
						{
							"origin": [-3, 4.9, -1.9],
							"size": [0.6, 1.3, 0.9],
							"pivot": [-3, 6, 4.8],
							"rotation": [0, -16, 0],
							"uv": {
								"north": {"uv": [25.5, 21], "uv_size": [-0.5, 1.5]},
								"east": {"uv": [4, 25], "uv_size": [-1, 1.5]},
								"south": {"uv": [22.5, 25], "uv_size": [-0.5, 1.5]},
								"west": {"uv": [26, 0], "uv_size": [-1, 1.5]},
								"up": {"uv": [26.5, 2], "uv_size": [-0.5, 1]},
								"down": {"uv": [26.5, 4], "uv_size": [-0.5, -1]}
							}
						}
					]
				},
				{
					"name": "fin_right4",
					"parent": "fin_right3",
					"pivot": [-1.2, 5.5, -0.7],
					"cubes": [
						{
							"origin": [-2.7, 4.2, -1.2],
							"size": [0, 2.7, 2.6],
							"pivot": [-3, 6, 4.8],
							"rotation": [0, -16, 0],
							"uv": {
								"north": {"uv": [0, 0], "uv_size": [0, 2.5]},
								"east": {"uv": [12.5, 17], "uv_size": [-2.5, 2.5]},
								"south": {"uv": [0, 0], "uv_size": [0, 2.5]},
								"west": {"uv": [9.5, 17], "uv_size": [-2.5, 2.5]},
								"up": {"uv": [0, 0], "uv_size": [0, 2.5]},
								"down": {"uv": [0, 2.5], "uv_size": [0, -2.5]}
							}
						}
					]
				},
				{
					"name": "fin_back",
					"parent": "body",
					"pivot": [0, 5.5, 1.95],
					"cubes": [
						{
							"origin": [-0.5, 4.6, 2],
							"size": [1, 1.8, 1],
							"uv": {
								"north": {"uv": [24, 16], "uv_size": [1, 2]},
								"east": {"uv": [18, 24], "uv_size": [1, 2]},
								"south": {"uv": [24, 18], "uv_size": [1, 2]},
								"west": {"uv": [19, 24], "uv_size": [1, 2]},
								"up": {"uv": [18, 16], "uv_size": [1, 1]},
								"down": {"uv": [14, 24], "uv_size": [1, -1]}
							}
						}
					]
				},
				{
					"name": "fin_back2",
					"parent": "fin_back",
					"pivot": [0, 5.5, 3],
					"cubes": [
						{
							"origin": [0, 1.9, 2.3],
							"size": [0, 7.3, 5],
							"uv": {
								"north": {"uv": [0, 0], "uv_size": [0, 7.5]},
								"east": {"uv": [0, 0], "uv_size": [5, 7.5]},
								"south": {"uv": [0, 0], "uv_size": [0, 7.5]},
								"west": {"uv": [5, 0], "uv_size": [5, 7.5]},
								"up": {"uv": [0, 0], "uv_size": [0, 5]},
								"down": {"uv": [0, 5], "uv_size": [0, -5]}
							}
						}
					]
				},
				{
					"name": "fin_upper",
					"parent": "body",
					"pivot": [0, 6.7, -1.1],
					"cubes": [
						{
							"origin": [0, 5.1, -2.7],
							"size": [0, 5.2, 5.7],
							"pivot": [0, 11.7, 1],
							"rotation": [-14, 0, 0],
							"uv": {
								"north": {"uv": [0, 0], "uv_size": [0, 5]},
								"east": {"uv": [0, 8], "uv_size": [5.5, 5]},
								"south": {"uv": [0, 0], "uv_size": [0, 5]},
								"west": {"uv": [6, 8], "uv_size": [5.5, 5]},
								"up": {"uv": [0, 0], "uv_size": [0, 5.5]},
								"down": {"uv": [0, 5.5], "uv_size": [0, -5.5]}
							}
						}
					]
				},
				{
					"name": "fin_lower",
					"parent": "body",
					"pivot": [0, 4.3, -0.55],
					"cubes": [
						{
							"origin": [0, 2.9, -1.8],
							"size": [0, 1.5, 3.7],
							"uv": {
								"north": {"uv": [0, 0], "uv_size": [0, 1.5]},
								"east": {"uv": [21, 14], "uv_size": [3.5, 1.5]},
								"south": {"uv": [0, 0], "uv_size": [0, 1.5]},
								"west": {"uv": [4, 22], "uv_size": [3.5, 1.5]},
								"up": {"uv": [0, 0], "uv_size": [0, 3.5]},
								"down": {"uv": [0, 3.5], "uv_size": [0, -3.5]}
							}
						}
					]
				}
			]
		}
	]
}