{
	"format_version": "1.12.0",
	"minecraft:geometry": [
		{
			"description": {
				"identifier": "geometry.wacky_animals.wacky_sloth",
				"texture_width": 64,
				"texture_height": 64,
				"visible_bounds_width": 2,
				"visible_bounds_height": 2.5,
				"visible_bounds_offset": [0, 0.75, 0]
			},
			"bones": [
				{
					"name": "total",
					"pivot": [0, 0, 0]
				},
				{
					"name": "body1",
					"parent": "total",
					"pivot": [0.5, 2.4, -2.2],
					"cubes": [
						{
							"origin": [-2.5, 0.2, -4.9],
							"size": [5, 4.5, 4.9],
							"uv": {
								"north": {"uv": [14, 10], "uv_size": [5, 4.5]},
								"east": {"uv": [7, 15], "uv_size": [5, 4.5]},
								"south": {"uv": [12, 15], "uv_size": [5, 4.5]},
								"west": {"uv": [17, 15], "uv_size": [5, 4.5]},
								"up": {"uv": [14, 0], "uv_size": [5, 5]},
								"down": {"uv": [14, 10], "uv_size": [5, -5]}
							}
						}
					]
				},
				{
					"name": "body2",
					"parent": "body1",
					"pivot": [0.5, 2.5, 0.2],
					"cubes": [
						{
							"origin": [-3.5, 0, 0],
							"size": [7, 5, 7],
							"uv": {
								"north": {"uv": [7, 0], "uv_size": [7, 5]},
								"east": {"uv": [7, 5], "uv_size": [7, 5]},
								"south": {"uv": [7, 10], "uv_size": [7, 5]},
								"west": {"uv": [0, 14], "uv_size": [7, 5]},
								"up": {"uv": [0, 0], "uv_size": [7, 7]},
								"down": {"uv": [0, 14], "uv_size": [7, -7]}
							}
						}
					]
				},
				{
					"name": "back_right_arm1",
					"parent": "body2",
					"pivot": [-3.9, 1.3, 5],
					"cubes": [
						{
							"origin": [-7, 0.5, 3.1],
							"size": [4, 2.5, 2.9],
							"uv": {
								"north": {"uv": [22, 13], "uv_size": [4, 2.5]},
								"east": {"uv": [11, 25], "uv_size": [3, 2.5]},
								"south": {"uv": [22, 16], "uv_size": [4, 2.5]},
								"west": {"uv": [26, 0], "uv_size": [3, 2.5]},
								"up": {"uv": [19, 4], "uv_size": [4, 3]},
								"down": {"uv": [19, 10], "uv_size": [4, -3]}
							}
						}
					]
				},
				{
					"name": "back_right_arm2",
					"parent": "back_right_arm1",
					"pivot": [-7.9, 1.2, 5.1],
					"cubes": [
						{
							"origin": [-12, 1.2, 3.9],
							"size": [5, 1, 1.5],
							"uv": {
								"north": {"uv": [29, 2], "uv_size": [5, 1]},
								"east": {"uv": [33, 32], "uv_size": [1.5, 1]},
								"south": {"uv": [13, 29], "uv_size": [5, 1]},
								"west": {"uv": [0, 34], "uv_size": [1.5, 1]},
								"up": {"uv": [26, 3], "uv_size": [5, 1.5]},
								"down": {"uv": [26, 13.5], "uv_size": [5, -1.5]}
							}
						}
					]
				},
				{
					"name": "back_right_arm3",
					"parent": "back_right_arm2",
					"pivot": [-13.1, 1.2, 5.1],
					"cubes": [
						{
							"origin": [-13.1, 0.5, 3.8],
							"size": [1.4, 1.6, 1.7],
							"uv": {
								"north": {"uv": [2, 32], "uv_size": [1.5, 1.5]},
								"east": {"uv": [4, 32], "uv_size": [1.5, 1.5]},
								"south": {"uv": [32, 5], "uv_size": [1.5, 1.5]},
								"west": {"uv": [32, 7], "uv_size": [1.5, 1.5]},
								"up": {"uv": [8, 32], "uv_size": [1.5, 1.5]},
								"down": {"uv": [32, 10.5], "uv_size": [1.5, -1.5]}
							}
						},
						{
							"origin": [-12.48716, -0.81423, 3.8],
							"size": [0, 1.6, 1.7],
							"pivot": [-12.48716, -0.01423, 4.65],
							"rotation": [0, 0, -50],
							"uv": {
								"north": {"uv": [0, 0], "uv_size": [0, 1.5]},
								"east": {"uv": [26, 33], "uv_size": [1.5, 1.5]},
								"south": {"uv": [0, 0], "uv_size": [0, 1.5]},
								"west": {"uv": [33, 27], "uv_size": [1.5, 1.5]},
								"up": {"uv": [0, 0], "uv_size": [0, 1.5]},
								"down": {"uv": [0, 1.5], "uv_size": [0, -1.5]}
							}
						}
					]
				},
				{
					"name": "back_left_arm3",
					"parent": "body2",
					"pivot": [3.9, 1.3, 5],
					"cubes": [
						{
							"origin": [3, 0.5, 3.1],
							"size": [4, 2.5, 2.9],
							"uv": {
								"north": {"uv": [22, 19], "uv_size": [4, 2.5]},
								"east": {"uv": [14, 26], "uv_size": [3, 2.5]},
								"south": {"uv": [22, 22], "uv_size": [4, 2.5]},
								"west": {"uv": [26, 14], "uv_size": [3, 2.5]},
								"up": {"uv": [19, 10], "uv_size": [4, 3]},
								"down": {"uv": [4, 23], "uv_size": [4, -3]}
							}
						}
					]
				},
				{
					"name": "back_left_arm4",
					"parent": "back_left_arm3",
					"pivot": [7.9, 1.2, 5.1],
					"cubes": [
						{
							"origin": [7, 1.2, 3.9],
							"size": [5, 1, 1.5],
							"uv": {
								"north": {"uv": [29, 14], "uv_size": [5, 1]},
								"east": {"uv": [34, 0], "uv_size": [1.5, 1]},
								"south": {"uv": [29, 15], "uv_size": [5, 1]},
								"west": {"uv": [34, 1], "uv_size": [1.5, 1]},
								"up": {"uv": [26, 17], "uv_size": [5, 1.5]},
								"down": {"uv": [26, 20.5], "uv_size": [5, -1.5]}
							}
						}
					]
				},
				{
					"name": "back_left_arm5",
					"parent": "back_left_arm4",
					"pivot": [13.1, 1.2, 5.1],
					"cubes": [
						{
							"origin": [11.7, 0.5, 3.8],
							"size": [1.4, 1.6, 1.7],
							"uv": {
								"north": {"uv": [3.5, 32], "uv_size": [-1.5, 1.5]},
								"east": {"uv": [33.5, 7], "uv_size": [-1.5, 1.5]},
								"south": {"uv": [33.5, 5], "uv_size": [-1.5, 1.5]},
								"west": {"uv": [5.5, 32], "uv_size": [-1.5, 1.5]},
								"up": {"uv": [9.5, 32], "uv_size": [-1.5, 1.5]},
								"down": {"uv": [33.5, 10.5], "uv_size": [-1.5, -1.5]}
							}
						},
						{
							"origin": [12.48716, -0.81423, 3.8],
							"size": [0, 1.6, 1.7],
							"pivot": [12.48716, -0.01423, 4.65],
							"rotation": [0, 0, 50],
							"uv": {
								"north": {"uv": [0, 0], "uv_size": [0, 1.5]},
								"east": {"uv": [34.5, 27], "uv_size": [-1.5, 1.5]},
								"south": {"uv": [0, 0], "uv_size": [0, 1.5]},
								"west": {"uv": [27.5, 33], "uv_size": [-1.5, 1.5]},
								"up": {"uv": [0, 0], "uv_size": [0, 1.5]},
								"down": {"uv": [0, 1.5], "uv_size": [0, -1.5]}
							}
						}
					]
				},
				{
					"name": "tail",
					"parent": "body2",
					"pivot": [0.5, 0, 0],
					"cubes": [
						{
							"origin": [-1.5, 1, 7],
							"size": [3, 3, 1],
							"uv": {
								"north": {"uv": [0, 23], "uv_size": [3, 3]},
								"east": {"uv": [6, 30], "uv_size": [1, 3]},
								"south": {"uv": [23, 0], "uv_size": [3, 3]},
								"west": {"uv": [7, 30], "uv_size": [1, 3]},
								"up": {"uv": [4, 19], "uv_size": [3, 1]},
								"down": {"uv": [23, 13], "uv_size": [3, -1]}
							}
						}
					]
				},
				{
					"name": "front_left_arm",
					"parent": "body1",
					"pivot": [1.9, 1.3, -3],
					"cubes": [
						{
							"origin": [2, 0.5, -3.9],
							"size": [4, 1.5, 1.9],
							"uv": {
								"north": {"uv": [17, 27], "uv_size": [4, 1.5]},
								"east": {"uv": [0, 30], "uv_size": [2, 1.5]},
								"south": {"uv": [21, 27], "uv_size": [4, 1.5]},
								"west": {"uv": [2, 30], "uv_size": [2, 1.5]},
								"up": {"uv": [23, 8], "uv_size": [4, 2]},
								"down": {"uv": [23, 12], "uv_size": [4, -2]}
							}
						}
					]
				},
				{
					"name": "front_left_arm2",
					"parent": "front_left_arm",
					"pivot": [5.9, 1.2, -2.9],
					"cubes": [
						{
							"origin": [6, 0.7, -3.7],
							"size": [5, 1, 1.5],
							"uv": {
								"north": {"uv": [26, 24], "uv_size": [5, 1]},
								"east": {"uv": [33, 13], "uv_size": [1.5, 1]},
								"south": {"uv": [27, 11], "uv_size": [5, 1]},
								"west": {"uv": [30, 33], "uv_size": [1.5, 1]},
								"up": {"uv": [6, 25], "uv_size": [5, 1.5]},
								"down": {"uv": [19, 26.5], "uv_size": [5, -1.5]}
							}
						}
					]
				},
				{
					"name": "front_left_arm3",
					"parent": "front_left_arm2",
					"pivot": [11.1, 1.2, -2.9],
					"cubes": [
						{
							"origin": [10.8, 0, -3.8],
							"size": [1.4, 1.6, 1.7],
							"uv": {
								"north": {"uv": [31, 19], "uv_size": [1.5, 1.5]},
								"east": {"uv": [31, 21], "uv_size": [1.5, 1.5]},
								"south": {"uv": [23, 31], "uv_size": [1.5, 1.5]},
								"west": {"uv": [31, 23], "uv_size": [1.5, 1.5]},
								"up": {"uv": [25, 31], "uv_size": [1.5, 1.5]},
								"down": {"uv": [31, 26.5], "uv_size": [1.5, -1.5]}
							}
						},
						{
							"origin": [11.58781, -1.315, -3.8],
							"size": [0, 1.6, 1.7],
							"pivot": [11.58781, -0.515, -2.95],
							"rotation": [0, 0, 50],
							"uv": {
								"north": {"uv": [0, 0], "uv_size": [0, 1.5]},
								"east": {"uv": [22, 33], "uv_size": [1.5, 1.5]},
								"south": {"uv": [0, 0], "uv_size": [0, 1.5]},
								"west": {"uv": [33, 23], "uv_size": [1.5, 1.5]},
								"up": {"uv": [0, 0], "uv_size": [0, 1.5]},
								"down": {"uv": [0, 1.5], "uv_size": [0, -1.5]}
							}
						}
					]
				},
				{
					"name": "front_right_arm",
					"parent": "body1",
					"pivot": [-1.9, 1.3, -3],
					"cubes": [
						{
							"origin": [-6, 0.5, -3.9],
							"size": [4, 1.5, 1.9],
							"uv": {
								"north": {"uv": [25, 27], "uv_size": [4, 1.5]},
								"east": {"uv": [4, 30], "uv_size": [2, 1.5]},
								"south": {"uv": [0, 28], "uv_size": [4, 1.5]},
								"west": {"uv": [30, 5], "uv_size": [2, 1.5]},
								"up": {"uv": [11, 23], "uv_size": [4, 2]},
								"down": {"uv": [15, 26], "uv_size": [4, -2]}
							}
						}
					]
				},
				{
					"name": "front_right_arm2",
					"parent": "front_right_arm",
					"pivot": [-5.9, 1.2, -2.9],
					"cubes": [
						{
							"origin": [-11, 0.7, -3.7],
							"size": [5, 1, 1.5],
							"uv": {
								"north": {"uv": [29, 0], "uv_size": [5, 1]},
								"east": {"uv": [33, 31], "uv_size": [1.5, 1]},
								"south": {"uv": [29, 1], "uv_size": [5, 1]},
								"west": {"uv": [32, 33], "uv_size": [1.5, 1]},
								"up": {"uv": [24, 25], "uv_size": [5, 1.5]},
								"down": {"uv": [0, 27.5], "uv_size": [5, -1.5]}
							}
						}
					]
				},
				{
					"name": "front_right_arm3",
					"parent": "front_right_arm2",
					"pivot": [-11.1, 1.2, -2.9],
					"cubes": [
						{
							"origin": [-12.2, 0, -3.8],
							"size": [1.4, 1.6, 1.7],
							"uv": {
								"north": {"uv": [27, 31], "uv_size": [1.5, 1.5]},
								"east": {"uv": [31, 27], "uv_size": [1.5, 1.5]},
								"south": {"uv": [29, 31], "uv_size": [1.5, 1.5]},
								"west": {"uv": [31, 29], "uv_size": [1.5, 1.5]},
								"up": {"uv": [31, 31], "uv_size": [1.5, 1.5]},
								"down": {"uv": [0, 33.5], "uv_size": [1.5, -1.5]}
							}
						},
						{
							"origin": [-11.58716, -1.31423, -3.8],
							"size": [0, 1.6, 1.7],
							"pivot": [-11.58716, -0.51423, -2.95],
							"rotation": [0, 0, -50],
							"uv": {
								"north": {"uv": [0, 0], "uv_size": [0, 1.5]},
								"east": {"uv": [28, 33], "uv_size": [1.5, 1.5]},
								"south": {"uv": [0, 0], "uv_size": [0, 1.5]},
								"west": {"uv": [33, 29], "uv_size": [1.5, 1.5]},
								"up": {"uv": [0, 0], "uv_size": [0, 1.5]},
								"down": {"uv": [0, 1.5], "uv_size": [0, -1.5]}
							}
						}
					]
				},
				{
					"name": "neck",
					"parent": "body1",
					"pivot": [0, 2.5, -4.9],
					"cubes": [
						{
							"origin": [-1.5, 1.2, -6.9],
							"size": [3, 2.5, 2.9],
							"uv": {
								"north": {"uv": [26, 21], "uv_size": [3, 2.5]},
								"east": {"uv": [5, 27], "uv_size": [3, 2.5]},
								"south": {"uv": [8, 27], "uv_size": [3, 2.5]},
								"west": {"uv": [27, 8], "uv_size": [3, 2.5]},
								"up": {"uv": [3, 23], "uv_size": [3, 3]},
								"down": {"uv": [23, 6], "uv_size": [3, -3]}
							}
						}
					]
				},
				{
					"name": "head",
					"parent": "neck",
					"pivot": [0, 2.6, -6.6],
					"cubes": [
						{
							"origin": [-2, 0.8, -9.4],
							"size": [4, 3.5, 3],
							"uv": {
								"north": {"uv": [0, 19], "uv_size": [4, 3.5]},
								"east": {"uv": [16, 20], "uv_size": [3, 3.5]},
								"south": {"uv": [19, 0], "uv_size": [4, 3.5]},
								"west": {"uv": [19, 20], "uv_size": [3, 3.5]},
								"up": {"uv": [8, 20], "uv_size": [4, 3]},
								"down": {"uv": [12, 23], "uv_size": [4, -3]}
							}
						},
						{
							"origin": [-0.7, 2.3, -9.6],
							"size": [1.4, 1, 2],
							"uv": {
								"north": {"uv": [34, 5], "uv_size": [1.5, 1]},
								"east": {"uv": [17, 26], "uv_size": [2, 1]},
								"south": {"uv": [34, 6], "uv_size": [1.5, 1]},
								"west": {"uv": [29, 23], "uv_size": [2, 1]},
								"up": {"uv": [31, 12], "uv_size": [1.5, 2]},
								"down": {"uv": [31, 19], "uv_size": [1.5, -2]}
							}
						}
					]
				},
				{
					"name": "left_eyes",
					"parent": "head",
					"pivot": [1.75, 6.64043, -8.51989],
					"cubes": [
						{
							"origin": [0.95, 1.99043, -9.76989],
							"size": [1.6, 1.5, 1.8],
							"uv": {
								"north": {"uv": [6, 33], "uv_size": [1.5, 1.5]},
								"east": {"uv": [30, 7], "uv_size": [2, 1.5]},
								"south": {"uv": [10, 33], "uv_size": [1.5, 1.5]},
								"west": {"uv": [8, 30], "uv_size": [2, 1.5]},
								"up": {"uv": [30, 9], "uv_size": [1.5, 2]},
								"down": {"uv": [13, 32], "uv_size": [1.5, -2]}
							}
						}
					]
				},
				{
					"name": "up",
					"parent": "left_eyes",
					"pivot": [1.93678, 6.84043, -8.43264],
					"cubes": [
						{
							"origin": [0.83678, 3.19043, -9.83264],
							"size": [1.8, 0.7, 2],
							"uv": {
								"north": {"uv": [34, 7], "uv_size": [2, 0.5]},
								"east": {"uv": [8, 34], "uv_size": [2, 0.5]},
								"south": {"uv": [34, 8], "uv_size": [2, 0.5]},
								"west": {"uv": [34, 9], "uv_size": [2, 0.5]},
								"up": {"uv": [19, 13], "uv_size": [2, 2]},
								"down": {"uv": [29, 23], "uv_size": [2, -2]}
							}
						}
					]
				},
				{
					"name": "down",
					"parent": "left_eyes",
					"pivot": [1.9, 5.69043, -8.46989],
					"cubes": [
						{
							"origin": [0.8377, 1.69043, -9.84218],
							"size": [1.8, 0.7, 2],
							"uv": {
								"north": {"uv": [34, 10], "uv_size": [2, 0.5]},
								"east": {"uv": [12, 34], "uv_size": [2, 0.5]},
								"south": {"uv": [14, 34], "uv_size": [2, 0.5]},
								"west": {"uv": [34, 14], "uv_size": [2, 0.5]},
								"up": {"uv": [23, 29], "uv_size": [2, 2]},
								"down": {"uv": [25, 31], "uv_size": [2, -2]}
							}
						}
					]
				},
				{
					"name": "left_iris",
					"parent": "left_eyes",
					"pivot": [2.275, 6.44043, -9.09489],
					"cubes": [
						{
							"origin": [1.975, 2.44043, -9.79489],
							"size": [0.6, 0.6, 0.6],
							"uv": {
								"north": {"uv": [21, 13], "uv_size": [0.5, 0.5]},
								"east": {"uv": [21, 14], "uv_size": [0.5, 0.5]},
								"south": {"uv": [15, 23], "uv_size": [0.5, 0.5]},
								"west": {"uv": [21, 24], "uv_size": [0.5, 0.5]},
								"up": {"uv": [14, 25], "uv_size": [0.5, 0.5]},
								"down": {"uv": [5, 26.5], "uv_size": [0.5, -0.5]}
							}
						}
					]
				},
				{
					"name": "right_eyes",
					"parent": "head",
					"pivot": [-1.75, 6.64043, -8.51989],
					"cubes": [
						{
							"origin": [-2.55, 1.99043, -9.76989],
							"size": [1.6, 1.5, 1.8],
							"uv": {
								"north": {"uv": [33, 11], "uv_size": [1.5, 1.5]},
								"east": {"uv": [15, 30], "uv_size": [2, 1.5]},
								"south": {"uv": [33, 17], "uv_size": [1.5, 1.5]},
								"west": {"uv": [17, 30], "uv_size": [2, 1.5]},
								"up": {"uv": [19, 30], "uv_size": [1.5, 2]},
								"down": {"uv": [21, 32], "uv_size": [1.5, -2]}
							}
						}
					]
				},
				{
					"name": "up2",
					"parent": "right_eyes",
					"pivot": [-1.93678, 6.84043, -8.43264],
					"cubes": [
						{
							"origin": [-2.63678, 3.19043, -9.83264],
							"size": [1.8, 0.7, 2],
							"uv": {
								"north": {"uv": [34, 15], "uv_size": [2, 0.5]},
								"east": {"uv": [16, 34], "uv_size": [2, 0.5]},
								"south": {"uv": [34, 16], "uv_size": [2, 0.5]},
								"west": {"uv": [18, 34], "uv_size": [2, 0.5]},
								"up": {"uv": [29, 25], "uv_size": [2, 2]},
								"down": {"uv": [27, 31], "uv_size": [2, -2]}
							}
						}
					]
				},
				{
					"name": "down2",
					"parent": "right_eyes",
					"pivot": [-1.9, 5.69043, -8.46989],
					"cubes": [
						{
							"origin": [-2.6377, 1.69043, -9.84218],
							"size": [1.8, 0.7, 2],
							"uv": {
								"north": {"uv": [20, 34], "uv_size": [2, 0.5]},
								"east": {"uv": [30, 34], "uv_size": [2, 0.5]},
								"south": {"uv": [32, 34], "uv_size": [2, 0.5]},
								"west": {"uv": [34, 33], "uv_size": [2, 0.5]},
								"up": {"uv": [29, 27], "uv_size": [2, 2]},
								"down": {"uv": [29, 31], "uv_size": [2, -2]}
							}
						}
					]
				},
				{
					"name": "right_iris",
					"parent": "right_eyes",
					"pivot": [-2.275, 6.44043, -9.09489],
					"cubes": [
						{
							"origin": [-2.575, 2.44043, -9.79489],
							"size": [0.6, 0.6, 0.6],
							"uv": {
								"north": {"uv": [4, 28], "uv_size": [0.5, 0.5]},
								"east": {"uv": [13, 28], "uv_size": [0.5, 0.5]},
								"south": {"uv": [4, 29], "uv_size": [0.5, 0.5]},
								"west": {"uv": [10, 30], "uv_size": [0.5, 0.5]},
								"up": {"uv": [12, 31], "uv_size": [0.5, 0.5]},
								"down": {"uv": [32, 11.5], "uv_size": [0.5, -0.5]}
							}
						}
					]
				},
				{
					"name": "clawn_down",
					"parent": "head",
					"pivot": [0, 0.8, -8],
					"cubes": [
						{
							"origin": [-2.2, 0.3, -9.9],
							"size": [4.4, 1, 2],
							"uv": {
								"north": {"uv": [29, 16], "uv_size": [4.5, 1]},
								"east": {"uv": [19, 24], "uv_size": [2, 1]},
								"south": {"uv": [18, 29], "uv_size": [4.5, 1]},
								"west": {"uv": [26, 5], "uv_size": [2, 1]},
								"up": {"uv": [6, 23], "uv_size": [4.5, 2]},
								"down": {"uv": [23, 8], "uv_size": [4.5, -2]}
							}
						}
					]
				},
				{
					"name": "tong",
					"parent": "clawn_down",
					"pivot": [0, 1.4, -8.3],
					"cubes": [
						{
							"origin": [-1, 1.2, -10],
							"size": [2, 0.5, 3],
							"uv": {
								"north": {"uv": [34, 34], "uv_size": [2, 0.5]},
								"east": {"uv": [2, 34], "uv_size": [3, 0.5]},
								"south": {"uv": [0, 35], "uv_size": [2, 0.5]},
								"west": {"uv": [34, 2], "uv_size": [3, 0.5]},
								"up": {"uv": [28, 5], "uv_size": [2, 3]},
								"down": {"uv": [11, 31], "uv_size": [2, -3]}
							}
						}
					]
				},
				{
					"name": "tong2",
					"parent": "tong",
					"pivot": [0, 1.425, -10.025],
					"cubes": [
						{
							"origin": [-0.7, 1.3, -11.5],
							"size": [1.4, 0.3, 1.5],
							"uv": {
								"north": {"uv": [2, 35], "uv_size": [1.5, 0.5]},
								"east": {"uv": [35, 3], "uv_size": [1.5, 0.5]},
								"south": {"uv": [4, 35], "uv_size": [1.5, 0.5]},
								"west": {"uv": [35, 4], "uv_size": [1.5, 0.5]},
								"up": {"uv": [33, 19], "uv_size": [1.5, 1.5]},
								"down": {"uv": [33, 22.5], "uv_size": [1.5, -1.5]}
							}
						}
					]
				},
				{
					"name": "tong3",
					"parent": "tong2",
					"pivot": [0, 1.425, -11.5],
					"cubes": [
						{
							"origin": [-0.9, 1.425, -13.1],
							"size": [1.8, 0, 1.7],
							"uv": {
								"north": {"uv": [0, 0], "uv_size": [2, 0]},
								"east": {"uv": [0, 0], "uv_size": [1.5, 0]},
								"south": {"uv": [0, 0], "uv_size": [2, 0]},
								"west": {"uv": [0, 0], "uv_size": [1.5, 0]},
								"up": {"uv": [31, 3], "uv_size": [2, 1.5]},
								"down": {"uv": [10, 32.5], "uv_size": [2, -1.5]}
							}
						}
					]
				}
			]
		}
	]
}