{
	"format_version": "1.12.0",
	"minecraft:geometry": [
		{
			"description": {
				"identifier": "geometry.wacky_animals.wacky_turtle",
				"texture_width": 64,
				"texture_height": 64,
				"visible_bounds_width": 3,
				"visible_bounds_height": 1.5,
				"visible_bounds_offset": [0, 0.25, 0]
			},
			"bones": [
				{
					"name": "total",
					"pivot": [0.5, 0, 0]
				},
				{
					"name": "body",
					"parent": "total",
					"pivot": [0.5, 0, 0],
					"cubes": [
						{
							"origin": [-4.1, 0.3, -6.6],
							"size": [8.2, 0.7, 12.2],
							"uv": {
								"north": {"uv": [35, 33], "uv_size": [8, 0.5]},
								"east": {"uv": [33, 8], "uv_size": [12, 0.5]},
								"south": {"uv": [35, 35], "uv_size": [8, 0.5]},
								"west": {"uv": [33, 9], "uv_size": [12, 0.5]},
								"up": {"uv": [18, 14], "uv_size": [8, 12]},
								"down": {"uv": [20, 12], "uv_size": [8, -12]}
							}
						},
						{
							"origin": [-5, 1, -7.5],
							"size": [10, 1, 14],
							"uv": {
								"north": {"uv": [31, 24], "uv_size": [10, 1]},
								"east": {"uv": [25, 29], "uv_size": [14, 1]},
								"south": {"uv": [25, 31], "uv_size": [10, 1]},
								"west": {"uv": [25, 30], "uv_size": [14, 1]},
								"up": {"uv": [0, 0], "uv_size": [10, 14]},
								"down": {"uv": [10, 14], "uv_size": [10, -14]}
							}
						},
						{
							"origin": [-4.5, 2, -7],
							"size": [9, 3, 13],
							"uv": {
								"north": {"uv": [18, 26], "uv_size": [9, 3]},
								"east": {"uv": [26, 12], "uv_size": [13, 3]},
								"south": {"uv": [26, 18], "uv_size": [9, 3]},
								"west": {"uv": [26, 15], "uv_size": [13, 3]},
								"up": {"uv": [0, 14], "uv_size": [9, 13]},
								"down": {"uv": [9, 27], "uv_size": [9, -13]}
							}
						}
					]
				},
				{
					"name": "head",
					"parent": "body",
					"pivot": [0, 3, -7],
					"cubes": [
						{
							"origin": [-2, 2, -10],
							"size": [4, 2.5, 3],
							"uv": {
								"north": {"uv": [8, 31], "uv_size": [4, 2.5]},
								"east": {"uv": [12, 31], "uv_size": [3, 2.5]},
								"south": {"uv": [31, 21], "uv_size": [4, 2.5]},
								"west": {"uv": [25, 32], "uv_size": [3, 2.5]},
								"up": {"uv": [0, 31], "uv_size": [4, 3]},
								"down": {"uv": [4, 34], "uv_size": [4, -3]}
							}
						}
					]
				},
				{
					"name": "claw_down",
					"parent": "head",
					"pivot": [0, 2, -8],
					"rotation": [35, 0, 0],
					"cubes": [
						{
							"origin": [-2.4, 0.5, -10.4],
							"size": [4.8, 1.5, 3.4],
							"uv": {
								"north": {"uv": [20, 12], "uv_size": [5, 1.5]},
								"east": {"uv": [33, 10], "uv_size": [3.5, 1.5]},
								"south": {"uv": [32, 25], "uv_size": [5, 1.5]},
								"west": {"uv": [15, 33], "uv_size": [3.5, 1.5]},
								"up": {"uv": [15, 29], "uv_size": [5, 3.5]},
								"down": {"uv": [20, 32.5], "uv_size": [5, -3.5]}
							}
						}
					]
				},
				{
					"name": "tong",
					"parent": "claw_down",
					"pivot": [0, 2, -8],
					"cubes": [
						{
							"origin": [-1, 2, -10],
							"size": [2, 0.5, 2],
							"uv": {
								"north": {"uv": [37, 36], "uv_size": [2, 0.5]},
								"east": {"uv": [37, 37], "uv_size": [2, 0.5]},
								"south": {"uv": [0, 38], "uv_size": [2, 0.5]},
								"west": {"uv": [38, 0], "uv_size": [2, 0.5]},
								"up": {"uv": [35, 31], "uv_size": [2, 2]},
								"down": {"uv": [33, 37], "uv_size": [2, -2]}
							}
						}
					]
				},
				{
					"name": "tong2",
					"parent": "tong",
					"pivot": [0, 2.3, -10],
					"cubes": [
						{
							"origin": [-0.8, 2.1, -12],
							"size": [1.6, 0.3, 2],
							"uv": {
								"north": {"uv": [6, 38], "uv_size": [1.5, 0.5]},
								"east": {"uv": [38, 1], "uv_size": [2, 0.5]},
								"south": {"uv": [8, 38], "uv_size": [1.5, 0.5]},
								"west": {"uv": [2, 38], "uv_size": [2, 0.5]},
								"up": {"uv": [31, 36], "uv_size": [1.5, 2]},
								"down": {"uv": [35, 38], "uv_size": [1.5, -2]}
							}
						}
					]
				},
				{
					"name": "tong3",
					"parent": "tong2",
					"pivot": [0, 2.25, -12],
					"cubes": [
						{
							"origin": [-1, 2.25, -13.6],
							"size": [2, 0, 1.6],
							"uv": {
								"north": {"uv": [0, 0], "uv_size": [2, 0]},
								"east": {"uv": [0, 0], "uv_size": [1.5, 0]},
								"south": {"uv": [0, 0], "uv_size": [2, 0]},
								"west": {"uv": [0, 0], "uv_size": [1.5, 0]},
								"up": {"uv": [4, 37], "uv_size": [2, 1.5]},
								"down": {"uv": [37, 6.5], "uv_size": [2, -1.5]}
							}
						}
					]
				},
				{
					"name": "left_eyes",
					"parent": "head",
					"pivot": [1.75, 6.64043, -8.51989],
					"cubes": [
						{
							"origin": [0.95, 2.39043, -10.16989],
							"size": [1.6, 1.5, 1.8],
							"uv": {
								"north": {"uv": [37, 10], "uv_size": [1.5, 1.5]},
								"east": {"uv": [0, 36], "uv_size": [2, 1.5]},
								"south": {"uv": [11, 37], "uv_size": [1.5, 1.5]},
								"west": {"uv": [36, 0], "uv_size": [2, 1.5]},
								"up": {"uv": [2, 36], "uv_size": [1.5, 2]},
								"down": {"uv": [7, 38], "uv_size": [1.5, -2]}
							}
						}
					]
				},
				{
					"name": "up",
					"parent": "left_eyes",
					"pivot": [1.93678, 6.84043, -8.43264],
					"cubes": [
						{
							"origin": [0.83678, 3.59043, -10.23264],
							"size": [1.8, 0.7, 2],
							"uv": {
								"north": {"uv": [17, 37], "uv_size": [2, 0.5]},
								"east": {"uv": [37, 18], "uv_size": [2, 0.5]},
								"south": {"uv": [19, 37], "uv_size": [2, 0.5]},
								"west": {"uv": [37, 19], "uv_size": [2, 0.5]},
								"up": {"uv": [11, 35], "uv_size": [2, 2]},
								"down": {"uv": [13, 37], "uv_size": [2, -2]}
							}
						}
					]
				},
				{
					"name": "down",
					"parent": "left_eyes",
					"pivot": [1.9, 5.69043, -8.46989],
					"cubes": [
						{
							"origin": [0.8377, 2.09043, -10.24218],
							"size": [1.8, 0.7, 2],
							"uv": {
								"north": {"uv": [37, 20], "uv_size": [2, 0.5]},
								"east": {"uv": [21, 37], "uv_size": [2, 0.5]},
								"south": {"uv": [37, 21], "uv_size": [2, 0.5]},
								"west": {"uv": [37, 22], "uv_size": [2, 0.5]},
								"up": {"uv": [15, 35], "uv_size": [2, 2]},
								"down": {"uv": [17, 37], "uv_size": [2, -2]}
							}
						}
					]
				},
				{
					"name": "left_iris",
					"parent": "left_eyes",
					"pivot": [2.275, 6.44043, -9.09489],
					"cubes": [
						{
							"origin": [1.975, 2.84043, -10.19489],
							"size": [0.6, 0.6, 0.6],
							"uv": {
								"north": {"uv": [25, 12], "uv_size": [0.5, 0.5]},
								"east": {"uv": [25, 13], "uv_size": [0.5, 0.5]},
								"south": {"uv": [26, 25], "uv_size": [0.5, 0.5]},
								"west": {"uv": [24, 33], "uv_size": [0.5, 0.5]},
								"up": {"uv": [24, 34], "uv_size": [0.5, 0.5]},
								"down": {"uv": [4, 36.5], "uv_size": [0.5, -0.5]}
							}
						}
					]
				},
				{
					"name": "right_eyes",
					"parent": "head",
					"pivot": [-1.75, 6.64043, -8.51989],
					"cubes": [
						{
							"origin": [-2.55, 2.39043, -10.16989],
							"size": [1.6, 1.5, 1.8],
							"uv": {
								"north": {"uv": [13, 37], "uv_size": [1.5, 1.5]},
								"east": {"uv": [9, 36], "uv_size": [2, 1.5]},
								"south": {"uv": [15, 37], "uv_size": [1.5, 1.5]},
								"west": {"uv": [25, 36], "uv_size": [2, 1.5]},
								"up": {"uv": [27, 36], "uv_size": [1.5, 2]},
								"down": {"uv": [29, 38], "uv_size": [1.5, -2]}
							}
						}
					]
				},
				{
					"name": "up2",
					"parent": "right_eyes",
					"pivot": [-1.93678, 6.84043, -8.43264],
					"cubes": [
						{
							"origin": [-2.63678, 3.59043, -10.23264],
							"size": [1.8, 0.7, 2],
							"uv": {
								"north": {"uv": [23, 37], "uv_size": [2, 0.5]},
								"east": {"uv": [37, 23], "uv_size": [2, 0.5]},
								"south": {"uv": [37, 25], "uv_size": [2, 0.5]},
								"west": {"uv": [37, 26], "uv_size": [2, 0.5]},
								"up": {"uv": [35, 18], "uv_size": [2, 2]},
								"down": {"uv": [19, 37], "uv_size": [2, -2]}
							}
						}
					]
				},
				{
					"name": "down2",
					"parent": "right_eyes",
					"pivot": [-1.9, 5.69043, -8.46989],
					"cubes": [
						{
							"origin": [-2.6377, 2.09043, -10.24218],
							"size": [1.8, 0.7, 2],
							"uv": {
								"north": {"uv": [37, 31], "uv_size": [2, 0.5]},
								"east": {"uv": [37, 32], "uv_size": [2, 0.5]},
								"south": {"uv": [33, 37], "uv_size": [2, 0.5]},
								"west": {"uv": [37, 34], "uv_size": [2, 0.5]},
								"up": {"uv": [35, 20], "uv_size": [2, 2]},
								"down": {"uv": [21, 37], "uv_size": [2, -2]}
							}
						}
					]
				},
				{
					"name": "right_iris",
					"parent": "right_eyes",
					"pivot": [-2.275, 6.44043, -9.09489],
					"cubes": [
						{
							"origin": [-2.575, 2.84043, -10.19489],
							"size": [0.6, 0.6, 0.6],
							"uv": {
								"north": {"uv": [6, 37], "uv_size": [0.5, 0.5]},
								"east": {"uv": [10, 38], "uv_size": [0.5, 0.5]},
								"south": {"uv": [17, 38], "uv_size": [0.5, 0.5]},
								"west": {"uv": [18, 38], "uv_size": [0.5, 0.5]},
								"up": {"uv": [19, 38], "uv_size": [0.5, 0.5]},
								"down": {"uv": [20, 38.5], "uv_size": [0.5, -0.5]}
							}
						}
					]
				},
				{
					"name": "front_right_leg",
					"parent": "body",
					"pivot": [-4.5, 1.3, -4.5],
					"rotation": [32.5, 0, -17.5],
					"cubes": [
						{
							"origin": [-6.5, 0.3, -6],
							"size": [2, 2, 3],
							"uv": {
								"north": {"uv": [5, 35], "uv_size": [2, 2]},
								"east": {"uv": [15, 27], "uv_size": [3, 2]},
								"south": {"uv": [35, 5], "uv_size": [2, 2]},
								"west": {"uv": [32, 27], "uv_size": [3, 2]},
								"up": {"uv": [28, 32], "uv_size": [2, 3]},
								"down": {"uv": [30, 35], "uv_size": [2, -3]}
							}
						}
					]
				},
				{
					"name": "front_right_leg2",
					"parent": "front_right_leg",
					"pivot": [-6.5, 1.2, -4.6],
					"rotation": [0, 27.5, -17.5],
					"cubes": [
						{
							"origin": [-11.5, 0.7, -6],
							"size": [5, 1, 4],
							"uv": {
								"north": {"uv": [19, 33], "uv_size": [5, 1]},
								"east": {"uv": [35, 3], "uv_size": [4, 1]},
								"south": {"uv": [0, 34], "uv_size": [5, 1]},
								"west": {"uv": [35, 4], "uv_size": [4, 1]},
								"up": {"uv": [26, 21], "uv_size": [5, 4]},
								"down": {"uv": [0, 31], "uv_size": [5, -4]}
							}
						}
					]
				},
				{
					"name": "back_left_leg",
					"parent": "body",
					"pivot": [3.1, 1.2, 4.9],
					"rotation": [-63.56404, -58.95768, 59.87373],
					"cubes": [
						{
							"origin": [2.5, 0.7, 3],
							"size": [5, 1, 4],
							"uv": {
								"north": {"uv": [0, 35], "uv_size": [5, 1]},
								"east": {"uv": [35, 28], "uv_size": [4, 1]},
								"south": {"uv": [35, 2], "uv_size": [5, 1]},
								"west": {"uv": [29, 35], "uv_size": [4, 1]},
								"up": {"uv": [28, 4], "uv_size": [5, 4]},
								"down": {"uv": [28, 12], "uv_size": [5, -4]}
							}
						}
					]
				},
				{
					"name": "front_left_leg3",
					"parent": "body",
					"pivot": [4.5, 1.3, -4.5],
					"rotation": [32.5, 0, 17.5],
					"cubes": [
						{
							"origin": [4.5, 0.3, -6],
							"size": [2, 2, 3],
							"uv": {
								"north": {"uv": [35, 22], "uv_size": [2, 2]},
								"east": {"uv": [32, 32], "uv_size": [3, 2]},
								"south": {"uv": [23, 35], "uv_size": [2, 2]},
								"west": {"uv": [33, 0], "uv_size": [3, 2]},
								"up": {"uv": [33, 2], "uv_size": [2, 3]},
								"down": {"uv": [33, 8], "uv_size": [2, -3]}
							}
						}
					]
				},
				{
					"name": "front_left_leg4",
					"parent": "front_left_leg3",
					"pivot": [6.5, 1.2, -4.6],
					"rotation": [0, -27.5, 17.5],
					"cubes": [
						{
							"origin": [6.5, 0.7, -6],
							"size": [5, 1, 4],
							"uv": {
								"north": {"uv": [19, 34], "uv_size": [5, 1]},
								"east": {"uv": [25, 35], "uv_size": [4, 1]},
								"south": {"uv": [32, 34], "uv_size": [5, 1]},
								"west": {"uv": [35, 27], "uv_size": [4, 1]},
								"up": {"uv": [27, 25], "uv_size": [5, 4]},
								"down": {"uv": [28, 4], "uv_size": [5, -4]}
							}
						}
					]
				},
				{
					"name": "back_right_leg",
					"parent": "body",
					"pivot": [-3.1, 1.2, 4.9],
					"rotation": [-59.9871, 57.77464, -55.67331],
					"cubes": [
						{
							"origin": [-7.5, 0.7, 3],
							"size": [5, 1, 4],
							"uv": {
								"north": {"uv": [5, 34], "uv_size": [5, 1]},
								"east": {"uv": [7, 35], "uv_size": [4, 1]},
								"south": {"uv": [10, 34], "uv_size": [5, 1]},
								"west": {"uv": [35, 7], "uv_size": [4, 1]},
								"up": {"uv": [5, 27], "uv_size": [5, 4]},
								"down": {"uv": [10, 31], "uv_size": [5, -4]}
							}
						}
					]
				}
			]
		}
	]
}