{
	"format_version": "1.12.0",
	"minecraft:geometry": [
		{
			"description": {
				"identifier": "geometry.wacky_animals.wacky_mouse",
				"texture_width": 32,
				"texture_height": 32,
				"visible_bounds_width": 3,
				"visible_bounds_height": 1.5,
				"visible_bounds_offset": [0, 0.25, 0]
			},
			"bones": [
				{
					"name": "total",
					"pivot": [0, 0, 0]
				},
				{
					"name": "body",
					"parent": "total",
					"pivot": [-0.05, -0.03052, -0.30524],
					"cubes": [
						{
							"origin": [-2, 1.2, -2],
							"size": [4, 3.5, 4.8],
							"uv": {
								"north": {"uv": [8, 0], "uv_size": [4, 3.5]},
								"east": {"uv": [0, 5], "uv_size": [5, 3.5]},
								"south": {"uv": [0, 9], "uv_size": [4, 3.5]},
								"west": {"uv": [5, 5], "uv_size": [5, 3.5]},
								"up": {"uv": [0, 0], "uv_size": [4, 5]},
								"down": {"uv": [4, 5], "uv_size": [4, -5]}
							}
						},
						{
							"origin": [-2.05, 4.36948, -0.80524],
							"size": [4.1, 0.6, 1.7],
							"pivot": [-0.05, -0.03052, -0.30524],
							"rotation": [14, 0, 0],
							"uv": {
								"north": {"uv": [18, 3], "uv_size": [4, 0.5]},
								"east": {"uv": [22, 22], "uv_size": [1.5, 0.5]},
								"south": {"uv": [18, 4], "uv_size": [4, 0.5]},
								"west": {"uv": [23, 0], "uv_size": [1.5, 0.5]},
								"up": {"uv": [13, 6], "uv_size": [4, 1.5]},
								"down": {"uv": [13, 9.5], "uv_size": [4, -1.5]}
							}
						}
					]
				},
				{
					"name": "head",
					"parent": "body",
					"pivot": [0, 2.7, -1.96],
					"cubes": [
						{
							"origin": [-1.5, 1.3, -3.6],
							"size": [3, 2.4, 1.6],
							"uv": {
								"north": {"uv": [10, 4], "uv_size": [3, 2.5]},
								"east": {"uv": [15, 12], "uv_size": [1.5, 2.5]},
								"south": {"uv": [10, 7], "uv_size": [3, 2.5]},
								"west": {"uv": [15, 15], "uv_size": [1.5, 2.5]},
								"up": {"uv": [9, 15], "uv_size": [3, 1.5]},
								"down": {"uv": [12, 16.5], "uv_size": [3, -1.5]}
							}
						}
					]
				},
				{
					"name": "claw_down",
					"parent": "head",
					"pivot": [0, 1.85, -3.5],
					"cubes": [
						{
							"origin": [-1.2, 1.6, -5],
							"size": [2.4, 0.5, 3],
							"uv": {
								"north": {"uv": [21, 10], "uv_size": [2.5, 0.5]},
								"east": {"uv": [19, 2], "uv_size": [3, 0.5]},
								"south": {"uv": [11, 21], "uv_size": [2.5, 0.5]},
								"west": {"uv": [20, 11], "uv_size": [3, 0.5]},
								"up": {"uv": [10, 10], "uv_size": [2.5, 3]},
								"down": {"uv": [12, 3], "uv_size": [2.5, -3]}
							}
						}
					]
				},
				{
					"name": "tong1",
					"parent": "claw_down",
					"pivot": [0.05, 2.21543, -2.71989],
					"cubes": [
						{
							"origin": [-0.6, 2.06543, -4.96989],
							"size": [1.2, 0.3, 1.4],
							"uv": {
								"north": {"uv": [12, 23], "uv_size": [1, 0.5]},
								"east": {"uv": [23, 4], "uv_size": [1.5, 0.5]},
								"south": {"uv": [23, 12], "uv_size": [1, 0.5]},
								"west": {"uv": [5, 23], "uv_size": [1.5, 0.5]},
								"up": {"uv": [9, 21], "uv_size": [1, 1.5]},
								"down": {"uv": [10, 22.5], "uv_size": [1, -1.5]}
							}
						}
					]
				},
				{
					"name": "tong2",
					"parent": "tong1",
					"pivot": [0.05, 2.21543, -4.91989],
					"cubes": [
						{
							"origin": [-0.5, 2.14534, -5.78819],
							"size": [1, 0.2, 0.9],
							"uv": {
								"north": {"uv": [13, 23], "uv_size": [1, 0.5]},
								"east": {"uv": [23, 13], "uv_size": [1, 0.5]},
								"south": {"uv": [16, 23], "uv_size": [1, 0.5]},
								"west": {"uv": [23, 16], "uv_size": [1, 0.5]},
								"up": {"uv": [15, 28], "uv_size": [1, 1]},
								"down": {"uv": [28, 28], "uv_size": [1, -1]}
							}
						}
					]
				},
				{
					"name": "tong3",
					"parent": "tong2",
					"pivot": [0.025, 2.21543, -5.69489],
					"cubes": [
						{
							"origin": [-0.4, 2.24534, -6.68819],
							"size": [0.8, 0, 1],
							"uv": {
								"north": {"uv": [0, 0], "uv_size": [1, 0]},
								"east": {"uv": [0, 0], "uv_size": [1, 0]},
								"south": {"uv": [0, 0], "uv_size": [1, 0]},
								"west": {"uv": [0, 0], "uv_size": [1, 0]},
								"up": {"uv": [22, 18], "uv_size": [1, 1]},
								"down": {"uv": [19, 23], "uv_size": [1, -1]}
							}
						}
					]
				},
				{
					"name": "claw_up",
					"parent": "head",
					"pivot": [0, 2.53333, -3.48333],
					"cubes": [
						{
							"origin": [-1.3, 2.1, -5.6],
							"size": [2.6, 1, 3.6],
							"uv": {
								"north": {"uv": [17, 9], "uv_size": [2.5, 1]},
								"east": {"uv": [15, 2], "uv_size": [3.5, 1]},
								"south": {"uv": [12, 17], "uv_size": [2.5, 1]},
								"west": {"uv": [0, 16], "uv_size": [3.5, 1]},
								"up": {"uv": [4, 9], "uv_size": [2.5, 3.5]},
								"down": {"uv": [7, 12.5], "uv_size": [2.5, -3.5]}
							}
						},
						{
							"origin": [-0.45, 2.6, -5.8],
							"size": [0.9, 0.7, 2.3],
							"uv": {
								"north": {"uv": [8, 23], "uv_size": [1, 0.5]},
								"east": {"uv": [21, 14], "uv_size": [2.5, 0.5]},
								"south": {"uv": [23, 8], "uv_size": [1, 0.5]},
								"west": {"uv": [21, 15], "uv_size": [2.5, 0.5]},
								"up": {"uv": [17, 12], "uv_size": [1, 2.5]},
								"down": {"uv": [17, 17.5], "uv_size": [1, -2.5]}
							}
						},
						{
							"origin": [-0.8, 1, -5.3],
							"size": [1.6, 2.1, 0],
							"uv": {
								"north": {"uv": [16, 3], "uv_size": [1.5, 2]},
								"east": {"uv": [0, 0], "uv_size": [0, 2]},
								"south": {"uv": [4, 16], "uv_size": [1.5, 2]},
								"west": {"uv": [0, 0], "uv_size": [0, 2]},
								"up": {"uv": [0, 0], "uv_size": [1.5, 0]},
								"down": {"uv": [0, 0], "uv_size": [1.5, 0]}
							}
						}
					]
				},
				{
					"name": "left_eyes",
					"parent": "head",
					"pivot": [0.35409, 0.83349, -0.833],
					"cubes": [
						{
							"origin": [0.60492, 2.51898, -4.06999],
							"size": [1.066, 1.23, 1.476],
							"pivot": [1.13792, 2.55998, -3.33199],
							"rotation": [0, -11, 0],
							"uv": {
								"north": {"uv": [12, 3], "uv_size": [1, 1]},
								"east": {"uv": [8, 4], "uv_size": [1.5, 1]},
								"south": {"uv": [16, 5], "uv_size": [1, 1]},
								"west": {"uv": [13, 12], "uv_size": [1.5, 1]},
								"up": {"uv": [20, 7], "uv_size": [1, 1.5]},
								"down": {"uv": [20, 10.5], "uv_size": [1, -1.5]}
							}
						}
					]
				},
				{
					"name": "up",
					"parent": "left_eyes",
					"pivot": [1.13716, 3.58998, -3.32417],
					"cubes": [
						{
							"origin": [0.52216, 3.50298, -4.14417],
							"size": [1.23, 0.574, 1.64],
							"pivot": [1.17816, 3.46198, -3.32417],
							"rotation": [0, -11, 0],
							"uv": {
								"north": {"uv": [23, 5], "uv_size": [1, 0.5]},
								"east": {"uv": [22, 19], "uv_size": [1.5, 0.5]},
								"south": {"uv": [23, 6], "uv_size": [1, 0.5]},
								"west": {"uv": [20, 22], "uv_size": [1.5, 0.5]},
								"up": {"uv": [19, 14], "uv_size": [1, 1.5]},
								"down": {"uv": [19, 17.5], "uv_size": [1, -1.5]}
							}
						}
					]
				},
				{
					"name": "down",
					"parent": "left_eyes",
					"pivot": [1.13792, 2.75998, -3.33199],
					"cubes": [
						{
							"origin": [0.52292, 2.27298, -4.15199],
							"size": [1.23, 0.574, 1.64],
							"pivot": [1.13792, 2.55998, -3.33199],
							"rotation": [0, -11, 0],
							"uv": {
								"north": {"uv": [7, 23], "uv_size": [1, 0.5]},
								"east": {"uv": [22, 20], "uv_size": [1.5, 0.5]},
								"south": {"uv": [23, 7], "uv_size": [1, 0.5]},
								"west": {"uv": [22, 21], "uv_size": [1.5, 0.5]},
								"up": {"uv": [19, 18], "uv_size": [1, 1.5]},
								"down": {"uv": [20, 6.5], "uv_size": [1, -1.5]}
							}
						}
					]
				},
				{
					"name": "left_iris",
					"parent": "left_eyes",
					"pivot": [1.53756, 3.13398, -3.7764],
					"cubes": [
						{
							"origin": [1.29156, 2.88798, -4.0224],
							"size": [0.492, 0.492, 0.492],
							"pivot": [1.53756, 3.13398, -3.7764],
							"rotation": [0, -11, 0],
							"uv": {
								"north": {"uv": [23, 17], "uv_size": [0.5, 0.5]},
								"east": {"uv": [23, 18], "uv_size": [0.5, 0.5]},
								"south": {"uv": [19, 23], "uv_size": [0.5, 0.5]},
								"west": {"uv": [20, 23], "uv_size": [0.5, 0.5]},
								"up": {"uv": [21, 23], "uv_size": [0.5, 0.5]},
								"down": {"uv": [22, 23.5], "uv_size": [0.5, -0.5]}
							}
						}
					]
				},
				{
					"name": "right_eyes",
					"parent": "head",
					"pivot": [-0.35409, 0.83349, -0.833],
					"cubes": [
						{
							"origin": [-1.67092, 2.51898, -4.06999],
							"size": [1.066, 1.23, 1.476],
							"pivot": [-1.13792, 2.55998, -3.33199],
							"rotation": [0, 11, 0],
							"uv": {
								"north": {"uv": [22, 2], "uv_size": [1, 1]},
								"east": {"uv": [21, 1], "uv_size": [1.5, 1]},
								"south": {"uv": [22, 3], "uv_size": [1, 1]},
								"west": {"uv": [21, 7], "uv_size": [1.5, 1]},
								"up": {"uv": [8, 21], "uv_size": [1, 1.5]},
								"down": {"uv": [21, 9.5], "uv_size": [1, -1.5]}
							}
						}
					]
				},
				{
					"name": "up2",
					"parent": "right_eyes",
					"pivot": [-1.13716, 3.58998, -3.32417],
					"cubes": [
						{
							"origin": [-1.75216, 3.50298, -4.14417],
							"size": [1.23, 0.574, 1.64],
							"pivot": [-1.17816, 3.46198, -3.32417],
							"rotation": [0, 11, 0],
							"uv": {
								"north": {"uv": [9, 23], "uv_size": [1, 0.5]},
								"east": {"uv": [23, 1], "uv_size": [1.5, 0.5]},
								"south": {"uv": [23, 9], "uv_size": [1, 0.5]},
								"west": {"uv": [23, 2], "uv_size": [1.5, 0.5]},
								"up": {"uv": [5, 21], "uv_size": [1, 1.5]},
								"down": {"uv": [21, 6.5], "uv_size": [1, -1.5]}
							}
						}
					]
				},
				{
					"name": "down2",
					"parent": "right_eyes",
					"pivot": [-1.13792, 2.75998, -3.33199],
					"cubes": [
						{
							"origin": [-1.75292, 2.27298, -4.15199],
							"size": [1.23, 0.574, 1.64],
							"pivot": [-1.13792, 2.55998, -3.33199],
							"rotation": [0, 11, 0],
							"uv": {
								"north": {"uv": [10, 23], "uv_size": [1, 0.5]},
								"east": {"uv": [3, 23], "uv_size": [1.5, 0.5]},
								"south": {"uv": [23, 11], "uv_size": [1, 0.5]},
								"west": {"uv": [23, 3], "uv_size": [1.5, 0.5]},
								"up": {"uv": [6, 21], "uv_size": [1, 1.5]},
								"down": {"uv": [7, 22.5], "uv_size": [1, -1.5]}
							}
						}
					]
				},
				{
					"name": "right_iris",
					"parent": "right_eyes",
					"pivot": [-1.53756, 3.13398, -3.7764],
					"cubes": [
						{
							"origin": [-1.78356, 2.88798, -4.0224],
							"size": [0.492, 0.492, 0.492],
							"pivot": [-1.53756, 3.13398, -3.7764],
							"rotation": [0, 11, 0],
							"uv": {
								"north": {"uv": [3, 24], "uv_size": [0.5, 0.5]},
								"east": {"uv": [4, 24], "uv_size": [0.5, 0.5]},
								"south": {"uv": [5, 24], "uv_size": [0.5, 0.5]},
								"west": {"uv": [24, 5], "uv_size": [0.5, 0.5]},
								"up": {"uv": [6, 24], "uv_size": [0.5, 0.5]},
								"down": {"uv": [24, 6.5], "uv_size": [0.5, -0.5]}
							}
						}
					]
				},
				{
					"name": "left_back_leg",
					"parent": "body",
					"pivot": [2.00923, 2.73691, 1.2],
					"cubes": [
						{
							"origin": [1.2, 1.4, -0.3],
							"size": [1.2, 2.7, 2.7],
							"uv": {
								"north": {"uv": [6, 18], "uv_size": [1, 2.5]},
								"east": {"uv": [0, 13], "uv_size": [2.5, 2.5]},
								"south": {"uv": [7, 18], "uv_size": [1, 2.5]},
								"west": {"uv": [3, 13], "uv_size": [2.5, 2.5]},
								"up": {"uv": [18, 10], "uv_size": [1, 2.5]},
								"down": {"uv": [12, 20.5], "uv_size": [1, -2.5]}
							}
						},
						{
							"origin": [2.98693, 1.44764, -0.2],
							"size": [0.5, 2.1, 2.7],
							"pivot": [0.28693, -0.55236, -1.4],
							"rotation": [0, 0, -14],
							"uv": {
								"north": {"uv": [1, 22], "uv_size": [0.5, 2]},
								"east": {"uv": [9, 13], "uv_size": [2.5, 2]},
								"south": {"uv": [2, 22], "uv_size": [0.5, 2]},
								"west": {"uv": [13, 10], "uv_size": [2.5, 2]},
								"up": {"uv": [14, 21], "uv_size": [0.5, 2.5]},
								"down": {"uv": [15, 23.5], "uv_size": [0.5, -2.5]}
							}
						}
					]
				},
				{
					"name": "left_back_leg2",
					"parent": "left_back_leg",
					"pivot": [1.7, 1.35, 1.3],
					"cubes": [
						{
							"origin": [1.3, 0.2, 0.9],
							"size": [0.8, 1.8, 0.8],
							"uv": {
								"north": {"uv": [0, 19], "uv_size": [1, 2]},
								"east": {"uv": [1, 19], "uv_size": [1, 2]},
								"south": {"uv": [2, 19], "uv_size": [1, 2]},
								"west": {"uv": [3, 19], "uv_size": [1, 2]},
								"up": {"uv": [21, 20], "uv_size": [1, 1]},
								"down": {"uv": [21, 22], "uv_size": [1, -1]}
							}
						},
						{
							"origin": [0.9, 0.2, 0.3],
							"size": [1.6, 0, 2],
							"uv": {
								"north": {"uv": [0, 0], "uv_size": [1.5, 0]},
								"east": {"uv": [0, 0], "uv_size": [2, 0]},
								"south": {"uv": [0, 0], "uv_size": [1.5, 0]},
								"west": {"uv": [0, 0], "uv_size": [2, 0]},
								"up": {"uv": [0, 17], "uv_size": [1.5, 2]},
								"down": {"uv": [2, 19], "uv_size": [1.5, -2]}
							}
						}
					]
				},
				{
					"name": "right_back_leg3",
					"parent": "body",
					"pivot": [-2.00923, 2.73691, 1.2],
					"cubes": [
						{
							"origin": [-2.4, 1.4, -0.3],
							"size": [1.2, 2.7, 2.7],
							"uv": {
								"north": {"uv": [13, 18], "uv_size": [1, 2.5]},
								"east": {"uv": [13, 3], "uv_size": [2.5, 2.5]},
								"south": {"uv": [18, 13], "uv_size": [1, 2.5]},
								"west": {"uv": [6, 13], "uv_size": [2.5, 2.5]},
								"up": {"uv": [14, 18], "uv_size": [1, 2.5]},
								"down": {"uv": [15, 20.5], "uv_size": [1, -2.5]}
							}
						},
						{
							"origin": [-3.48693, 1.44764, -0.2],
							"size": [0.5, 2.1, 2.7],
							"pivot": [-0.28693, -0.55236, -1.4],
							"rotation": [0, 0, 14],
							"uv": {
								"north": {"uv": [22, 8], "uv_size": [0.5, 2]},
								"east": {"uv": [12, 13], "uv_size": [2.5, 2]},
								"south": {"uv": [11, 22], "uv_size": [0.5, 2]},
								"west": {"uv": [15, 0], "uv_size": [2.5, 2]},
								"up": {"uv": [17, 21], "uv_size": [0.5, 2.5]},
								"down": {"uv": [18, 23.5], "uv_size": [0.5, -2.5]}
							}
						}
					]
				},
				{
					"name": "right_back_leg4",
					"parent": "right_back_leg3",
					"pivot": [-1.7, 1.35, 1.3],
					"cubes": [
						{
							"origin": [-2.1, 0.2, 0.9],
							"size": [0.8, 1.8, 0.8],
							"uv": {
								"north": {"uv": [19, 5], "uv_size": [1, 2]},
								"east": {"uv": [19, 7], "uv_size": [1, 2]},
								"south": {"uv": [8, 19], "uv_size": [1, 2]},
								"west": {"uv": [9, 19], "uv_size": [1, 2]},
								"up": {"uv": [22, 4], "uv_size": [1, 1]},
								"down": {"uv": [22, 6], "uv_size": [1, -1]}
							}
						},
						{
							"origin": [-2.5, 0.2, 0.3],
							"size": [1.6, 0, 2],
							"uv": {
								"north": {"uv": [0, 0], "uv_size": [1.5, 0]},
								"east": {"uv": [0, 0], "uv_size": [2, 0]},
								"south": {"uv": [0, 0], "uv_size": [1.5, 0]},
								"west": {"uv": [0, 0], "uv_size": [2, 0]},
								"up": {"uv": [17, 5], "uv_size": [1.5, 2]},
								"down": {"uv": [17, 9], "uv_size": [1.5, -2]}
							}
						}
					]
				},
				{
					"name": "left_front_leg",
					"parent": "body",
					"pivot": [1, 1.15, -1.2],
					"cubes": [
						{
							"origin": [0.6, 0.2, -1.6],
							"size": [0.8, 1.8, 0.8],
							"uv": {
								"north": {"uv": [16, 18], "uv_size": [1, 2]},
								"east": {"uv": [18, 16], "uv_size": [1, 2]},
								"south": {"uv": [17, 18], "uv_size": [1, 2]},
								"west": {"uv": [18, 18], "uv_size": [1, 2]},
								"up": {"uv": [21, 19], "uv_size": [1, 1]},
								"down": {"uv": [20, 22], "uv_size": [1, -1]}
							}
						},
						{
							"origin": [0.2, 0.2, -2.2],
							"size": [1.6, 0, 2],
							"uv": {
								"north": {"uv": [0, 0], "uv_size": [1.5, 0]},
								"east": {"uv": [0, 0], "uv_size": [2, 0]},
								"south": {"uv": [0, 0], "uv_size": [1.5, 0]},
								"west": {"uv": [0, 0], "uv_size": [2, 0]},
								"up": {"uv": [6, 16], "uv_size": [1.5, 2]},
								"down": {"uv": [16, 12], "uv_size": [1.5, -2]}
							}
						}
					]
				},
				{
					"name": "tail",
					"parent": "body",
					"pivot": [0, 1.9, 2.75],
					"cubes": [
						{
							"origin": [-0.45, 1.5, 2.1],
							"size": [0.9, 0.9, 2.3],
							"uv": {
								"north": {"uv": [8, 16], "uv_size": [1, 1]},
								"east": {"uv": [18, 0], "uv_size": [2.5, 1]},
								"south": {"uv": [21, 16], "uv_size": [1, 1]},
								"west": {"uv": [18, 1], "uv_size": [2.5, 1]},
								"up": {"uv": [4, 18], "uv_size": [1, 2.5]},
								"down": {"uv": [5, 20.5], "uv_size": [1, -2.5]}
							}
						},
						{
							"origin": [-0.55, 1.4, 2.1],
							"size": [1.1, 1.1, 1.6],
							"uv": {
								"north": {"uv": [21, 18], "uv_size": [1, 1]},
								"east": {"uv": [21, 0], "uv_size": [1.5, 1]},
								"south": {"uv": [19, 21], "uv_size": [1, 1]},
								"west": {"uv": [1, 21], "uv_size": [1.5, 1]},
								"up": {"uv": [3, 21], "uv_size": [1, 1.5]},
								"down": {"uv": [4, 22.5], "uv_size": [1, -1.5]}
							}
						}
					]
				},
				{
					"name": "tail2",
					"parent": "tail",
					"pivot": [0, 1.975, 4.325],
					"cubes": [
						{
							"origin": [-0.35, 1.6, 4.4],
							"size": [0.7, 0.7, 2.9],
							"uv": {
								"north": {"uv": [23, 23], "uv_size": [0.5, 0.5]},
								"east": {"uv": [20, 12], "uv_size": [3, 0.5]},
								"south": {"uv": [0, 24], "uv_size": [0.5, 0.5]},
								"west": {"uv": [20, 13], "uv_size": [3, 0.5]},
								"up": {"uv": [20, 14], "uv_size": [0.5, 3]},
								"down": {"uv": [16, 23], "uv_size": [0.5, -3]}
							}
						}
					]
				},
				{
					"name": "tail3",
					"parent": "tail2",
					"pivot": [0, 1.95, 7.25],
					"cubes": [
						{
							"origin": [-0.25, 1.7, 7.3],
							"size": [0.5, 0.5, 2.9],
							"uv": {
								"north": {"uv": [1, 24], "uv_size": [0.5, 0.5]},
								"east": {"uv": [17, 20], "uv_size": [3, 0.5]},
								"south": {"uv": [2, 24], "uv_size": [0.5, 0.5]},
								"west": {"uv": [20, 17], "uv_size": [3, 0.5]},
								"up": {"uv": [20, 18], "uv_size": [0.5, 3]},
								"down": {"uv": [0, 24], "uv_size": [0.5, -3]}
							}
						}
					]
				},
				{
					"name": "right_front_leg",
					"parent": "body",
					"pivot": [-1, 1.15, -1.2],
					"cubes": [
						{
							"origin": [-1.4, 0.2, -1.6],
							"size": [0.8, 1.8, 0.8],
							"uv": {
								"north": {"uv": [10, 19], "uv_size": [1, 2]},
								"east": {"uv": [19, 10], "uv_size": [1, 2]},
								"south": {"uv": [11, 19], "uv_size": [1, 2]},
								"west": {"uv": [19, 12], "uv_size": [1, 2]},
								"up": {"uv": [22, 6], "uv_size": [1, 1]},
								"down": {"uv": [12, 23], "uv_size": [1, -1]}
							}
						},
						{
							"origin": [-1.8, 0.2, -2.2],
							"size": [1.6, 0, 2],
							"uv": {
								"north": {"uv": [0, 0], "uv_size": [1.5, 0]},
								"east": {"uv": [0, 0], "uv_size": [2, 0]},
								"south": {"uv": [0, 0], "uv_size": [1.5, 0]},
								"west": {"uv": [0, 0], "uv_size": [2, 0]},
								"up": {"uv": [8, 17], "uv_size": [1.5, 2]},
								"down": {"uv": [10, 19], "uv_size": [1.5, -2]}
							}
						}
					]
				}
			]
		}
	]
}