{
	"format_version": "1.12.0",
	"minecraft:geometry": [
		{
			"description": {
				"identifier": "geometry.wacky_animals.wacky_flamingo",
				"texture_width": 64,
				"texture_height": 64,
				"visible_bounds_width": 3,
				"visible_bounds_height": 3.5,
				"visible_bounds_offset": [0, 1.25, 0]
			},
			"bones": [
				{
					"name": "body",
					"pivot": [0, 0, 0],
					"cubes": [
						{
							"origin": [-3, 11, -3],
							"size": [6, 6, 7],
							"uv": {
								"north": {"uv": [0, 12], "uv_size": [6, 6]},
								"east": {"uv": [0, 0], "uv_size": [7, 6]},
								"south": {"uv": [13, 0], "uv_size": [6, 6]},
								"west": {"uv": [0, 6], "uv_size": [7, 6]},
								"up": {"uv": [7, 0], "uv_size": [6, 7]},
								"down": {"uv": [7, 14], "uv_size": [6, -7]}
							}
						}
					]
				},
				{
					"name": "neck1",
					"parent": "body",
					"pivot": [0, 14.1, -2],
					"rotation": [60, 0, 0],
					"cubes": [
						{
							"origin": [-1.5, 12.1, -3.5],
							"size": [3, 6, 3],
							"uv": {
								"north": {"uv": [12, 22], "uv_size": [3, 6]},
								"east": {"uv": [22, 12], "uv_size": [3, 6]},
								"south": {"uv": [15, 22], "uv_size": [3, 6]},
								"west": {"uv": [18, 22], "uv_size": [3, 6]},
								"up": {"uv": [26, 9], "uv_size": [3, 3]},
								"down": {"uv": [0, 31], "uv_size": [3, -3]}
							}
						}
					]
				},
				{
					"name": "neck2",
					"parent": "neck1",
					"pivot": [0, 18.1, -2.2],
					"rotation": [-45, 0, 0],
					"cubes": [
						{
							"origin": [-0.75, 18.1, -3],
							"size": [1.5, 4, 2],
							"uv": {
								"north": {"uv": [12, 31], "uv_size": [1.5, 4]},
								"east": {"uv": [28, 28], "uv_size": [2, 4]},
								"south": {"uv": [14, 31], "uv_size": [1.5, 4]},
								"west": {"uv": [29, 3], "uv_size": [2, 4]},
								"up": {"uv": [36, 23], "uv_size": [1.5, 2]},
								"down": {"uv": [36, 27], "uv_size": [1.5, -2]}
							}
						}
					]
				},
				{
					"name": "neck3",
					"parent": "neck2",
					"pivot": [0, 22.1, -2],
					"rotation": [-60, 0, 0],
					"cubes": [
						{
							"origin": [-0.7, 22.1, -3],
							"size": [1.4, 4, 1.5],
							"uv": {
								"north": {"uv": [16, 31], "uv_size": [1.5, 4]},
								"east": {"uv": [18, 31], "uv_size": [1.5, 4]},
								"south": {"uv": [21, 31], "uv_size": [1.5, 4]},
								"west": {"uv": [23, 31], "uv_size": [1.5, 4]},
								"up": {"uv": [37, 15], "uv_size": [1.5, 1.5]},
								"down": {"uv": [17, 38.5], "uv_size": [1.5, -1.5]}
							}
						}
					]
				},
				{
					"name": "neck4",
					"parent": "neck3",
					"pivot": [0, 26.2, -2],
					"rotation": [30, 0, 0],
					"cubes": [
						{
							"origin": [-0.65, 26.1, -3],
							"size": [1.3, 4, 1.5],
							"uv": {
								"north": {"uv": [25, 31], "uv_size": [1.5, 4]},
								"east": {"uv": [32, 11], "uv_size": [1.5, 4]},
								"south": {"uv": [32, 15], "uv_size": [1.5, 4]},
								"west": {"uv": [32, 25], "uv_size": [1.5, 4]},
								"up": {"uv": [21, 37], "uv_size": [1.5, 1.5]},
								"down": {"uv": [37, 22.5], "uv_size": [1.5, -1.5]}
							}
						}
					]
				},
				{
					"name": "head",
					"parent": "neck4",
					"pivot": [0.25, 30.42884, -1.81914],
					"rotation": [30, 0, 0],
					"cubes": [
						{
							"origin": [-1.5, 30.1, -5],
							"size": [3, 3, 5],
							"uv": {
								"north": {"uv": [28, 0], "uv_size": [3, 3]},
								"east": {"uv": [25, 22], "uv_size": [5, 3]},
								"south": {"uv": [8, 28], "uv_size": [3, 3]},
								"west": {"uv": [25, 25], "uv_size": [5, 3]},
								"up": {"uv": [9, 23], "uv_size": [3, 5]},
								"down": {"uv": [26, 9], "uv_size": [3, -5]}
							}
						},
						{
							"origin": [0, 31.1, -4],
							"size": [0, 4, 6],
							"uv": {
								"north": {"uv": [0, 0], "uv_size": [0, 4]},
								"east": {"uv": [12, 18], "uv_size": [6, 4]},
								"south": {"uv": [0, 0], "uv_size": [0, 4]},
								"west": {"uv": [18, 18], "uv_size": [6, 4]},
								"up": {"uv": [0, 0], "uv_size": [0, 6]},
								"down": {"uv": [0, 6], "uv_size": [0, -6]}
							}
						},
						{
							"origin": [-1.3, 30.23117, -7.06924],
							"size": [2.6, 1.1, 3],
							"pivot": [0, 30.43117, -4.06924],
							"rotation": [17.5, 0, 0],
							"uv": {
								"north": {"uv": [36, 34], "uv_size": [2.5, 1]},
								"east": {"uv": [36, 4], "uv_size": [3, 1]},
								"south": {"uv": [14, 37], "uv_size": [2.5, 1]},
								"west": {"uv": [36, 27], "uv_size": [3, 1]},
								"up": {"uv": [29, 19], "uv_size": [2.5, 3]},
								"down": {"uv": [30, 25], "uv_size": [2.5, -3]}
							}
						},
						{
							"origin": [-1, 31.17107, -8.38369],
							"size": [2, 2, 4],
							"pivot": [0, 32.17107, -4.38369],
							"rotation": [25, 0, 0],
							"uv": {
								"north": {"uv": [35, 11], "uv_size": [2, 2]},
								"east": {"uv": [29, 7], "uv_size": [4, 2]},
								"south": {"uv": [12, 35], "uv_size": [2, 2]},
								"west": {"uv": [29, 9], "uv_size": [4, 2]},
								"up": {"uv": [29, 11], "uv_size": [2, 4]},
								"down": {"uv": [29, 19], "uv_size": [2, -4]}
							}
						},
						{
							"origin": [-0.75, 30.42884, -8.11914],
							"size": [1.5, 1.4, 1],
							"pivot": [0.25, 30.42884, -7.21914],
							"rotation": [57.5, 0, 0],
							"uv": {
								"north": {"uv": [37, 17], "uv_size": [1.5, 1.5]},
								"east": {"uv": [6, 12], "uv_size": [1, 1.5]},
								"south": {"uv": [37, 19], "uv_size": [1.5, 1.5]},
								"west": {"uv": [25, 4], "uv_size": [1, 1.5]},
								"up": {"uv": [38, 25], "uv_size": [1.5, 1]},
								"down": {"uv": [38, 27], "uv_size": [1.5, -1]}
							}
						}
					]
				},
				{
					"name": "left_eyes",
					"parent": "head",
					"pivot": [-0.05, 22.94043, -2.01989],
					"cubes": [
						{
							"origin": [0.95, 30.99043, -2.86989],
							"size": [1.8, 1.5, 1.8],
							"pivot": [1.95, 31.94043, -2.01989],
							"rotation": [0, -11, 0],
							"uv": {
								"north": {"uv": [32, 35], "uv_size": [2, 1.5]},
								"east": {"uv": [35, 35], "uv_size": [2, 1.5]},
								"south": {"uv": [36, 0], "uv_size": [2, 1.5]},
								"west": {"uv": [36, 2], "uv_size": [2, 1.5]},
								"up": {"uv": [8, 35], "uv_size": [2, 2]},
								"down": {"uv": [35, 11], "uv_size": [2, -2]}
							}
						}
					]
				},
				{
					"name": "up",
					"parent": "left_eyes",
					"pivot": [0.13678, 23.14043, -1.93264],
					"cubes": [
						{
							"origin": [0.83678, 32.19043, -2.93264],
							"size": [2, 0.7, 2],
							"pivot": [2.13678, 32.14043, -1.93264],
							"rotation": [0, -11, 0],
							"uv": {
								"north": {"uv": [38, 28], "uv_size": [2, 0.5]},
								"east": {"uv": [38, 29], "uv_size": [2, 0.5]},
								"south": {"uv": [38, 30], "uv_size": [2, 0.5]},
								"west": {"uv": [38, 31], "uv_size": [2, 0.5]},
								"up": {"uv": [23, 4], "uv_size": [2, 2]},
								"down": {"uv": [35, 7], "uv_size": [2, -2]}
							}
						}
					]
				},
				{
					"name": "down",
					"parent": "left_eyes",
					"pivot": [0.1, 21.99043, -1.96989],
					"cubes": [
						{
							"origin": [0.8377, 30.69043, -2.94218],
							"size": [2, 0.7, 2],
							"pivot": [2.0877, 31.14043, -1.94218],
							"rotation": [0, -11, 0],
							"uv": {
								"north": {"uv": [38, 32], "uv_size": [2, 0.5]},
								"east": {"uv": [38, 33], "uv_size": [2, 0.5]},
								"south": {"uv": [37, 38], "uv_size": [2, 0.5]},
								"west": {"uv": [39, 4], "uv_size": [2, 0.5]},
								"up": {"uv": [6, 35], "uv_size": [2, 2]},
								"down": {"uv": [35, 9], "uv_size": [2, -2]}
							}
						}
					]
				},
				{
					"name": "left_iris",
					"parent": "left_eyes",
					"pivot": [0.475, 22.74043, -2.59489],
					"cubes": [
						{
							"origin": [1.975, 31.44043, -2.89489],
							"size": [0.8, 0.8, 0.8],
							"pivot": [1.95, 32.24043, -2.01989],
							"rotation": [0, -11, 0],
							"uv": {
								"north": {"uv": [33, 9], "uv_size": [0.5, 0.5]},
								"east": {"uv": [33, 10], "uv_size": [0.5, 0.5]},
								"south": {"uv": [33, 22], "uv_size": [0.5, 0.5]},
								"west": {"uv": [33, 23], "uv_size": [0.5, 0.5]},
								"up": {"uv": [33, 24], "uv_size": [0.5, 0.5]},
								"down": {"uv": [19, 37.5], "uv_size": [0.5, -0.5]}
							}
						}
					]
				},
				{
					"name": "right_eyes",
					"parent": "head",
					"pivot": [0.05, 22.94043, -2.01989],
					"cubes": [
						{
							"origin": [-2.75, 30.99043, -2.86989],
							"size": [1.8, 1.5, 1.8],
							"pivot": [-1.95, 31.94043, -2.01989],
							"rotation": [0, 11, 0],
							"uv": {
								"north": {"uv": [34, 35], "uv_size": [-2, 1.5]},
								"east": {"uv": [38, 2], "uv_size": [-2, 1.5]},
								"south": {"uv": [38, 0], "uv_size": [-2, 1.5]},
								"west": {"uv": [37, 35], "uv_size": [-2, 1.5]},
								"up": {"uv": [10, 35], "uv_size": [-2, 2]},
								"down": {"uv": [37, 11], "uv_size": [-2, -2]}
							}
						}
					]
				},
				{
					"name": "up2",
					"parent": "right_eyes",
					"pivot": [-0.13678, 23.14043, -1.93264],
					"cubes": [
						{
							"origin": [-2.83678, 32.19043, -2.93264],
							"size": [2, 0.7, 2],
							"pivot": [-2.13678, 32.14043, -1.93264],
							"rotation": [0, 11, 0],
							"uv": {
								"north": {"uv": [40, 28], "uv_size": [-2, 0.5]},
								"east": {"uv": [40, 31], "uv_size": [-2, 0.5]},
								"south": {"uv": [40, 30], "uv_size": [-2, 0.5]},
								"west": {"uv": [40, 29], "uv_size": [-2, 0.5]},
								"up": {"uv": [25, 4], "uv_size": [-2, 2]},
								"down": {"uv": [37, 7], "uv_size": [-2, -2]}
							}
						}
					]
				},
				{
					"name": "down2",
					"parent": "right_eyes",
					"pivot": [-0.1, 21.99043, -1.96989],
					"cubes": [
						{
							"origin": [-2.8377, 30.69043, -2.94218],
							"size": [2, 0.7, 2],
							"pivot": [-2.0877, 31.14043, -1.94218],
							"rotation": [0, 11, 0],
							"uv": {
								"north": {"uv": [40, 32], "uv_size": [-2, 0.5]},
								"east": {"uv": [41, 4], "uv_size": [-2, 0.5]},
								"south": {"uv": [39, 38], "uv_size": [-2, 0.5]},
								"west": {"uv": [40, 33], "uv_size": [-2, 0.5]},
								"up": {"uv": [8, 35], "uv_size": [-2, 2]},
								"down": {"uv": [37, 9], "uv_size": [-2, -2]}
							}
						}
					]
				},
				{
					"name": "right_iris",
					"parent": "right_eyes",
					"pivot": [-0.475, 22.74043, -2.59489],
					"cubes": [
						{
							"origin": [-2.775, 31.44043, -2.89489],
							"size": [0.8, 0.8, 0.8],
							"pivot": [-1.95, 32.24043, -2.01989],
							"rotation": [0, 11, 0],
							"uv": {
								"north": {"uv": [33.5, 9], "uv_size": [-0.5, 0.5]},
								"east": {"uv": [33.5, 23], "uv_size": [-0.5, 0.5]},
								"south": {"uv": [33.5, 22], "uv_size": [-0.5, 0.5]},
								"west": {"uv": [33.5, 10], "uv_size": [-0.5, 0.5]},
								"up": {"uv": [33.5, 24], "uv_size": [-0.5, 0.5]},
								"down": {"uv": [19.5, 37.5], "uv_size": [-0.5, -0.5]}
							}
						}
					]
				},
				{
					"name": "left_leg",
					"parent": "body",
					"pivot": [1.5, 11, 0.6],
					"rotation": [100.08453, -7.38542, -1.30962],
					"cubes": [
						{
							"origin": [1, 6, 0],
							"size": [1, 5, 1],
							"uv": {
								"north": {"uv": [34, 33], "uv_size": [1, 5]},
								"east": {"uv": [0, 35], "uv_size": [1, 5]},
								"south": {"uv": [35, 0], "uv_size": [1, 5]},
								"west": {"uv": [1, 35], "uv_size": [1, 5]},
								"up": {"uv": [28, 3], "uv_size": [1, 1]},
								"down": {"uv": [3, 30], "uv_size": [1, -1]}
							}
						},
						{
							"origin": [0.7, 9, -0.3],
							"size": [1.6, 2, 1.6],
							"uv": {
								"north": {"uv": [6, 37], "uv_size": [1.5, 2]},
								"east": {"uv": [37, 7], "uv_size": [1.5, 2]},
								"south": {"uv": [8, 37], "uv_size": [1.5, 2]},
								"west": {"uv": [37, 9], "uv_size": [1.5, 2]},
								"up": {"uv": [23, 37], "uv_size": [1.5, 1.5]},
								"down": {"uv": [32, 38.5], "uv_size": [1.5, -1.5]}
							}
						}
					]
				},
				{
					"name": "left_tibiat",
					"parent": "left_leg",
					"pivot": [1.5, 6, 0.5],
					"rotation": [-120, 0, 0],
					"cubes": [
						{
							"origin": [1, 0, 0],
							"size": [1, 6, 1],
							"uv": {
								"north": {"uv": [20, 28], "uv_size": [1, 6]},
								"east": {"uv": [10, 31], "uv_size": [1, 6]},
								"south": {"uv": [11, 31], "uv_size": [1, 6]},
								"west": {"uv": [31, 11], "uv_size": [1, 6]},
								"up": {"uv": [8, 27], "uv_size": [1, 1]},
								"down": {"uv": [3, 29], "uv_size": [1, -1]}
							}
						}
					]
				},
				{
					"name": "left_foot",
					"parent": "left_tibiat",
					"pivot": [1.5, 0.9005, 0.40906],
					"rotation": [57.5, 0, 0],
					"cubes": [
						{
							"origin": [0.5, 0, -0.8],
							"size": [2, 1, 2],
							"uv": {
								"north": {"uv": [37, 37], "uv_size": [2, 1]},
								"east": {"uv": [38, 0], "uv_size": [2, 1]},
								"south": {"uv": [38, 1], "uv_size": [2, 1]},
								"west": {"uv": [38, 2], "uv_size": [2, 1]},
								"up": {"uv": [35, 13], "uv_size": [2, 2]},
								"down": {"uv": [14, 37], "uv_size": [2, -2]}
							}
						},
						{
							"origin": [1.1, 0.05, -3.1],
							"size": [0.8, 0, 5.3],
							"uv": {
								"north": {"uv": [0, 0], "uv_size": [1, 0]},
								"east": {"uv": [0, 0], "uv_size": [5.5, 0]},
								"south": {"uv": [0, 0], "uv_size": [1, 0]},
								"west": {"uv": [0, 0], "uv_size": [5.5, 0]},
								"up": {"uv": [34, 15], "uv_size": [1, 5.5]},
								"down": {"uv": [20, 39.5], "uv_size": [1, -5.5]}
							}
						},
						{
							"origin": [2, 0.05, -2.5],
							"size": [0.8, 0, 3.3],
							"pivot": [3, 0.05, -0.25],
							"rotation": [0, -21.5, 0],
							"uv": {
								"north": {"uv": [0, 0], "uv_size": [1, 0]},
								"east": {"uv": [0, 0], "uv_size": [3.5, 0]},
								"south": {"uv": [0, 0], "uv_size": [1, 0]},
								"west": {"uv": [0, 0], "uv_size": [3.5, 0]},
								"up": {"uv": [24, 18], "uv_size": [1, 3.5]},
								"down": {"uv": [35, 26.5], "uv_size": [1, -3.5]}
							}
						},
						{
							"origin": [0.2, 0.05, -2.5],
							"size": [0.8, 0, 3.3],
							"pivot": [0, 0.05, -0.25],
							"rotation": [0, 21.5, 0],
							"uv": {
								"north": {"uv": [0, 0], "uv_size": [1, 0]},
								"east": {"uv": [0, 0], "uv_size": [3.5, 0]},
								"south": {"uv": [0, 0], "uv_size": [1, 0]},
								"west": {"uv": [0, 0], "uv_size": [3.5, 0]},
								"up": {"uv": [25, 35], "uv_size": [1, 3.5]},
								"down": {"uv": [26, 38.5], "uv_size": [1, -3.5]}
							}
						},
						{
							"origin": [-0.05109, 0.026, -2.71469],
							"size": [2, 0, 3.5],
							"pivot": [1.5, 0.0255, -1.29094],
							"rotation": [0, 17.5, 0],
							"uv": {
								"north": {"uv": [0, 0], "uv_size": [2, 0]},
								"east": {"uv": [0, 0], "uv_size": [3.5, 0]},
								"south": {"uv": [0, 0], "uv_size": [2, 0]},
								"west": {"uv": [0, 0], "uv_size": [3.5, 0]},
								"up": {"uv": [0, 31], "uv_size": [2, 3.5]},
								"down": {"uv": [31, 3.5], "uv_size": [2, -3.5]}
							}
						},
						{
							"origin": [1.05109, 0.025, -2.71469],
							"size": [2, 0, 3.5],
							"pivot": [1.5, 0.0255, -1.29094],
							"rotation": [0, -17.5, 0],
							"uv": {
								"north": {"uv": [0, 0], "uv_size": [2, 0]},
								"east": {"uv": [0, 0], "uv_size": [3.5, 0]},
								"south": {"uv": [0, 0], "uv_size": [2, 0]},
								"west": {"uv": [0, 0], "uv_size": [3.5, 0]},
								"up": {"uv": [30, 25], "uv_size": [2, 3.5]},
								"down": {"uv": [30, 32.5], "uv_size": [2, -3.5]}
							}
						}
					]
				},
				{
					"name": "right_wing",
					"parent": "body",
					"pivot": [-3, 15, -3],
					"cubes": [
						{
							"origin": [-3.3, 12.5, -3.5],
							"size": [0, 4, 8],
							"uv": {
								"north": {"uv": [0, 0], "uv_size": [0, 4]},
								"east": {"uv": [22, 14], "uv_size": [-8, 4]},
								"south": {"uv": [0, 0], "uv_size": [0, 4]},
								"west": {"uv": [14, 14], "uv_size": [-8, 4]},
								"up": {"uv": [0, 0], "uv_size": [0, 8]},
								"down": {"uv": [0, 8], "uv_size": [0, -8]}
							}
						},
						{
							"origin": [-4, 13, -3.5],
							"size": [2, 3, 3],
							"uv": {
								"north": {"uv": [33, 4], "uv_size": [-2, 3]},
								"east": {"uv": [17, 28], "uv_size": [-3, 3]},
								"south": {"uv": [34, 19], "uv_size": [-2, 3]},
								"west": {"uv": [14, 28], "uv_size": [-3, 3]},
								"up": {"uv": [29, 32], "uv_size": [-2, 3]},
								"down": {"uv": [34, 32], "uv_size": [-2, -3]}
							}
						}
					]
				},
				{
					"name": "tail",
					"parent": "body",
					"pivot": [0.5, 14, 4],
					"rotation": [-15, 0, 0],
					"cubes": [
						{
							"origin": [-2, 11.8, 2.7],
							"size": [4, 4.5, 6],
							"uv": {
								"north": {"uv": [21, 22], "uv_size": [4, 4.5]},
								"east": {"uv": [0, 18], "uv_size": [6, 4.5]},
								"south": {"uv": [0, 23], "uv_size": [4, 4.5]},
								"west": {"uv": [6, 18], "uv_size": [6, 4.5]},
								"up": {"uv": [19, 0], "uv_size": [4, 6]},
								"down": {"uv": [22, 12], "uv_size": [4, -6]}
							}
						},
						{
							"origin": [-1.7, 12.3, 2.7],
							"size": [3.4, 3.5, 5],
							"uv": {
								"north": {"uv": [4, 27], "uv_size": [3.5, 3.5]},
								"east": {"uv": [23, 0], "uv_size": [5, 3.5]},
								"south": {"uv": [21, 27], "uv_size": [3.5, 3.5]},
								"west": {"uv": [4, 23], "uv_size": [5, 3.5]},
								"up": {"uv": [25, 12], "uv_size": [3.5, 5]},
								"down": {"uv": [25, 22], "uv_size": [3.5, -5]}
							}
						}
					]
				},
				{
					"name": "tail2",
					"parent": "tail",
					"pivot": [0.5, 13.7, 6.5],
					"rotation": [-15, 0, 0]
				},
				{
					"name": "right_leg",
					"parent": "body",
					"pivot": [-1.5, 11, 0.6],
					"rotation": [0, 12.5, 0],
					"cubes": [
						{
							"origin": [-2, 6, 0],
							"size": [1, 5, 1],
							"uv": {
								"north": {"uv": [2, 35], "uv_size": [1, 5]},
								"east": {"uv": [3, 35], "uv_size": [1, 5]},
								"south": {"uv": [4, 35], "uv_size": [1, 5]},
								"west": {"uv": [5, 35], "uv_size": [1, 5]},
								"up": {"uv": [3, 30], "uv_size": [1, 1]},
								"down": {"uv": [31, 18], "uv_size": [1, -1]}
							}
						},
						{
							"origin": [-2.3, 9, -0.3],
							"size": [1.6, 2, 1.6],
							"uv": {
								"north": {"uv": [10, 37], "uv_size": [1.5, 2]},
								"east": {"uv": [37, 11], "uv_size": [1.5, 2]},
								"south": {"uv": [12, 37], "uv_size": [1.5, 2]},
								"west": {"uv": [37, 13], "uv_size": [1.5, 2]},
								"up": {"uv": [35, 37], "uv_size": [1.5, 1.5]},
								"down": {"uv": [37, 36.5], "uv_size": [1.5, -1.5]}
							}
						}
					]
				},
				{
					"name": "right_tibiat",
					"parent": "right_leg",
					"pivot": [-1.5, 6, 0.5],
					"cubes": [
						{
							"origin": [-2, 0, 0],
							"size": [1, 6, 1],
							"uv": {
								"north": {"uv": [29, 32], "uv_size": [1, 6]},
								"east": {"uv": [30, 33], "uv_size": [1, 6]},
								"south": {"uv": [31, 33], "uv_size": [1, 6]},
								"west": {"uv": [34, 9], "uv_size": [1, 6]},
								"up": {"uv": [31, 18], "uv_size": [1, 1]},
								"down": {"uv": [27, 32], "uv_size": [1, -1]}
							}
						}
					]
				},
				{
					"name": "right_foot",
					"parent": "right_tibiat",
					"pivot": [-1.5, 0.9005, 0.40906],
					"cubes": [
						{
							"origin": [-2.5, 0, -0.8],
							"size": [2, 1, 2],
							"uv": {
								"north": {"uv": [38, 3], "uv_size": [2, 1]},
								"east": {"uv": [14, 38], "uv_size": [2, 1]},
								"south": {"uv": [38, 23], "uv_size": [2, 1]},
								"west": {"uv": [38, 24], "uv_size": [2, 1]},
								"up": {"uv": [35, 21], "uv_size": [2, 2]},
								"down": {"uv": [23, 37], "uv_size": [2, -2]}
							}
						},
						{
							"origin": [-1.9, 0.05, -3.1],
							"size": [0.8, 0, 5.3],
							"uv": {
								"north": {"uv": [0, 0], "uv_size": [1, 0]},
								"east": {"uv": [0, 0], "uv_size": [5.5, 0]},
								"south": {"uv": [0, 0], "uv_size": [1, 0]},
								"west": {"uv": [0, 0], "uv_size": [5.5, 0]},
								"up": {"uv": [34, 21], "uv_size": [1, 5.5]},
								"down": {"uv": [34, 32.5], "uv_size": [1, -5.5]}
							}
						},
						{
							"origin": [-2.8, 0.05, -2.5],
							"size": [0.8, 0, 3.3],
							"pivot": [-3, 0.05, -0.25],
							"rotation": [0, 21.5, 0],
							"uv": {
								"north": {"uv": [0, 0], "uv_size": [1, 0]},
								"east": {"uv": [0, 0], "uv_size": [3.5, 0]},
								"south": {"uv": [0, 0], "uv_size": [1, 0]},
								"west": {"uv": [0, 0], "uv_size": [3.5, 0]},
								"up": {"uv": [27, 35], "uv_size": [1, 3.5]},
								"down": {"uv": [35, 30.5], "uv_size": [1, -3.5]}
							}
						},
						{
							"origin": [-1, 0.05, -2.5],
							"size": [0.8, 0, 3.3],
							"pivot": [0, 0.05, -0.25],
							"rotation": [0, -21.5, 0],
							"uv": {
								"north": {"uv": [0, 0], "uv_size": [1, 0]},
								"east": {"uv": [0, 0], "uv_size": [3.5, 0]},
								"south": {"uv": [0, 0], "uv_size": [1, 0]},
								"west": {"uv": [0, 0], "uv_size": [3.5, 0]},
								"up": {"uv": [28, 35], "uv_size": [1, 3.5]},
								"down": {"uv": [35, 34.5], "uv_size": [1, -3.5]}
							}
						},
						{
							"origin": [-1.94891, 0.026, -2.71469],
							"size": [2, 0, 3.5],
							"pivot": [-1.5, 0.0255, -1.29094],
							"rotation": [0, -17.5, 0],
							"uv": {
								"north": {"uv": [0, 0], "uv_size": [2, 0]},
								"east": {"uv": [0, 0], "uv_size": [3.5, 0]},
								"south": {"uv": [0, 0], "uv_size": [2, 0]},
								"west": {"uv": [0, 0], "uv_size": [3.5, 0]},
								"up": {"uv": [2, 31], "uv_size": [2, 3.5]},
								"down": {"uv": [4, 34.5], "uv_size": [2, -3.5]}
							}
						},
						{
							"origin": [-3.05109, 0.025, -2.71469],
							"size": [2, 0, 3.5],
							"pivot": [-1.5, 0.0255, -1.29094],
							"rotation": [0, 17.5, 0],
							"uv": {
								"north": {"uv": [0, 0], "uv_size": [2, 0]},
								"east": {"uv": [0, 0], "uv_size": [3.5, 0]},
								"south": {"uv": [0, 0], "uv_size": [2, 0]},
								"west": {"uv": [0, 0], "uv_size": [3.5, 0]},
								"up": {"uv": [6, 31], "uv_size": [2, 3.5]},
								"down": {"uv": [8, 34.5], "uv_size": [2, -3.5]}
							}
						}
					]
				},
				{
					"name": "left_wing",
					"parent": "body",
					"pivot": [3, 15, -3],
					"cubes": [
						{
							"origin": [3.3, 12.5, -3.5],
							"size": [0, 4, 8],
							"uv": {
								"north": {"uv": [0, 0], "uv_size": [0, 4]},
								"east": {"uv": [6, 14], "uv_size": [8, 4]},
								"south": {"uv": [0, 0], "uv_size": [0, 4]},
								"west": {"uv": [14, 14], "uv_size": [8, 4]},
								"up": {"uv": [0, 0], "uv_size": [0, 8]},
								"down": {"uv": [0, 8], "uv_size": [0, -8]}
							}
						},
						{
							"origin": [2, 13, -3.5],
							"size": [2, 3, 3],
							"uv": {
								"north": {"uv": [31, 4], "uv_size": [2, 3]},
								"east": {"uv": [11, 28], "uv_size": [3, 3]},
								"south": {"uv": [32, 19], "uv_size": [2, 3]},
								"west": {"uv": [14, 28], "uv_size": [3, 3]},
								"up": {"uv": [27, 32], "uv_size": [2, 3]},
								"down": {"uv": [32, 32], "uv_size": [2, -3]}
							}
						}
					]
				}
			]
		}
	]
}