{
	"format_version": "1.12.0",
	"minecraft:geometry": [
		{
			"description": {
				"identifier": "geometry.wacky_animals.wacky_hamster",
				"texture_width": 32,
				"texture_height": 32,
				"visible_bounds_width": 2,
				"visible_bounds_height": 1.5,
				"visible_bounds_offset": [0, 0.25, 0]
			},
			"bones": [
				{
					"name": "total",
					"pivot": [0, 2, 0]
				},
				{
					"name": "body",
					"parent": "total",
					"pivot": [0, 0, 0],
					"cubes": [
						{
							"origin": [-1.5, 0.8, -1.2],
							"size": [3, 3, 3.2],
							"uv": {
								"north": {"uv": [0, 0], "uv_size": [3, 3]},
								"east": {"uv": [0, 3], "uv_size": [3, 3]},
								"south": {"uv": [3, 0], "uv_size": [3, 3]},
								"west": {"uv": [3, 3], "uv_size": [3, 3]},
								"up": {"uv": [0, 6], "uv_size": [3, 3]},
								"down": {"uv": [6, 3], "uv_size": [3, -3]}
							}
						}
					]
				},
				{
					"name": "head",
					"parent": "body",
					"pivot": [0, 2.1, -1.35],
					"rotation": [0, 0, 0],
					"cubes": [
						{
							"origin": [-1.3, 0.9, -2.2],
							"size": [2.6, 2.4, 1.7],
							"uv": {
								"north": {"uv": [3, 6], "uv_size": [2.5, 2.5]},
								"east": {"uv": [5, 10], "uv_size": [1.5, 2.5]},
								"south": {"uv": [6, 3], "uv_size": [2.5, 2.5]},
								"west": {"uv": [10, 5], "uv_size": [1.5, 2.5]},
								"up": {"uv": [7, 10], "uv_size": [2.5, 1.5]},
								"down": {"uv": [10, 9.5], "uv_size": [2.5, -1.5]}
							}
						}
					]
				},
				{
					"name": "claw_up",
					"parent": "head",
					"pivot": [1.25, 0.1, 0],
					"cubes": [
						{
							"origin": [-1, 1.5, -3.1],
							"size": [2, 1, 1.1],
							"uv": {
								"north": {"uv": [14, 10], "uv_size": [2, 1]},
								"east": {"uv": [5, 9], "uv_size": [1, 1]},
								"south": {"uv": [11, 14], "uv_size": [2, 1]},
								"west": {"uv": [9, 5], "uv_size": [1, 1]},
								"up": {"uv": [14, 11], "uv_size": [2, 1]},
								"down": {"uv": [14, 13], "uv_size": [2, -1]}
							}
						},
						{
							"origin": [-0.35, 1.9, -3.2],
							"size": [0.7, 0.7, 0.8],
							"uv": {
								"north": {"uv": [18, 14], "uv_size": [0.5, 0.5]},
								"east": {"uv": [18, 1], "uv_size": [1, 0.5]},
								"south": {"uv": [15, 18], "uv_size": [0.5, 0.5]},
								"west": {"uv": [4, 18], "uv_size": [1, 0.5]},
								"up": {"uv": [5, 18], "uv_size": [0.5, 1]},
								"down": {"uv": [6, 19], "uv_size": [0.5, -1]}
							}
						}
					]
				},
				{
					"name": "claw_down",
					"parent": "head",
					"pivot": [0, 1.25, -2.15],
					"cubes": [
						{
							"origin": [-1.2, 1, -3.3],
							"size": [2.4, 0.5, 1.3],
							"uv": {
								"north": {"uv": [10, 15], "uv_size": [2.5, 0.5]},
								"east": {"uv": [14, 16], "uv_size": [1.5, 0.5]},
								"south": {"uv": [13, 15], "uv_size": [2.5, 0.5]},
								"west": {"uv": [16, 14], "uv_size": [1.5, 0.5]},
								"up": {"uv": [0, 9], "uv_size": [2.5, 1.5]},
								"down": {"uv": [9, 1.5], "uv_size": [2.5, -1.5]}
							}
						}
					]
				},
				{
					"name": "tong",
					"parent": "claw_down",
					"pivot": [1, 0.1, 0],
					"cubes": [
						{
							"origin": [-0.6, 1.4, -2.8],
							"size": [1.2, 0.4, 1],
							"uv": {
								"north": {"uv": [20, 4], "uv_size": [1.2, 0.4]},
								"east": {"uv": [22, 0], "uv_size": [1, 0.4]},
								"south": {"uv": [22, 1], "uv_size": [1.2, 0.4]},
								"west": {"uv": [22, 3], "uv_size": [1, 0.4]},
								"up": {"uv": [21.2, 1], "uv_size": [-1.2, -1]},
								"down": {"uv": [21.2, 3], "uv_size": [-1.2, -1]}
							}
						}
					]
				},
				{
					"name": "tong2",
					"parent": "tong",
					"pivot": [0.6, 0.1, 0],
					"cubes": [
						{
							"origin": [-0.6, 1.6, -4],
							"size": [1.2, 0, 1.4],
							"uv": {
								"north": {"uv": [0, 0], "uv_size": [1.2, 0]},
								"east": {"uv": [0, 0], "uv_size": [1.4, 0]},
								"south": {"uv": [0, 0], "uv_size": [1.2, 0]},
								"west": {"uv": [0, 0], "uv_size": [1.4, 0]},
								"up": {"uv": [21.2, 6.4], "uv_size": [-1.2, -1.4]},
								"down": {"uv": [23.2, 6.4], "uv_size": [-1.2, -1.4]}
							}
						}
					]
				},
				{
					"name": "right_eyes",
					"parent": "head",
					"pivot": [-0.85, 3.44043, -1.81989],
					"cubes": [
						{
							"origin": [-1.65, 2.79043, -2.66989],
							"size": [1.1, 1, 1.1],
							"uv": {
								"north": {"uv": [8, 14], "uv_size": [1, 1]},
								"east": {"uv": [15, 14], "uv_size": [1, 1]},
								"south": {"uv": [16, 0], "uv_size": [1, 1]},
								"west": {"uv": [16, 1], "uv_size": [1, 1]},
								"up": {"uv": [4, 16], "uv_size": [1, 1]},
								"down": {"uv": [16, 5], "uv_size": [1, -1]}
							}
						}
					]
				},
				{
					"name": "up2",
					"parent": "right_eyes",
					"pivot": [-1.03678, 3.64043, -1.73264],
					"cubes": [
						{
							"origin": [-1.73678, 3.69043, -2.73264],
							"size": [1.3, 0.5, 1.3],
							"uv": {
								"north": {"uv": [4, 17], "uv_size": [1.5, 0.5]},
								"east": {"uv": [17, 4], "uv_size": [1.5, 0.5]},
								"south": {"uv": [17, 5], "uv_size": [1.5, 0.5]},
								"west": {"uv": [6, 17], "uv_size": [1.5, 0.5]},
								"up": {"uv": [13, 8], "uv_size": [1.5, 1.5]},
								"down": {"uv": [9, 14.5], "uv_size": [1.5, -1.5]}
							}
						}
					]
				},
				{
					"name": "down2",
					"parent": "right_eyes",
					"pivot": [-1, 2.49043, -1.76989],
					"cubes": [
						{
							"origin": [-1.7377, 2.39043, -2.74218],
							"size": [1.3, 0.5, 1.3],
							"uv": {
								"north": {"uv": [17, 6], "uv_size": [1.5, 0.5]},
								"east": {"uv": [17, 7], "uv_size": [1.5, 0.5]},
								"south": {"uv": [8, 17], "uv_size": [1.5, 0.5]},
								"west": {"uv": [17, 8], "uv_size": [1.5, 0.5]},
								"up": {"uv": [0, 14], "uv_size": [1.5, 1.5]},
								"down": {"uv": [14, 1.5], "uv_size": [1.5, -1.5]}
							}
						}
					]
				},
				{
					"name": "right_iris",
					"parent": "right_eyes",
					"pivot": [-1.375, 3.24043, -2.39489],
					"cubes": [
						{
							"origin": [-1.675, 3.04043, -2.69489],
							"size": [0.5, 0.5, 0.5],
							"uv": {
								"north": {"uv": [16, 18], "uv_size": [0.5, 0.5]},
								"east": {"uv": [17, 18], "uv_size": [0.5, 0.5]},
								"south": {"uv": [18, 17], "uv_size": [0.5, 0.5]},
								"west": {"uv": [18, 18], "uv_size": [0.5, 0.5]},
								"up": {"uv": [0, 19], "uv_size": [0.5, 0.5]},
								"down": {"uv": [1, 19.5], "uv_size": [0.5, -0.5]}
							}
						}
					]
				},
				{
					"name": "left_eyes",
					"parent": "head",
					"pivot": [0.85, 3.44043, -1.81989],
					"cubes": [
						{
							"origin": [0.55, 2.79043, -2.66989],
							"size": [1.1, 1, 1.1],
							"uv": {
								"north": {"uv": [5, 16], "uv_size": [1, 1]},
								"east": {"uv": [16, 5], "uv_size": [1, 1]},
								"south": {"uv": [6, 16], "uv_size": [1, 1]},
								"west": {"uv": [16, 6], "uv_size": [1, 1]},
								"up": {"uv": [7, 16], "uv_size": [1, 1]},
								"down": {"uv": [16, 8], "uv_size": [1, -1]}
							}
						}
					]
				},
				{
					"name": "up3",
					"parent": "left_eyes",
					"pivot": [1.03678, 3.64043, -1.73264],
					"cubes": [
						{
							"origin": [0.43678, 3.69043, -2.73264],
							"size": [1.3, 0.5, 1.3],
							"uv": {
								"north": {"uv": [17, 9], "uv_size": [1.5, 0.5]},
								"east": {"uv": [10, 17], "uv_size": [1.5, 0.5]},
								"south": {"uv": [17, 10], "uv_size": [1.5, 0.5]},
								"west": {"uv": [17, 11], "uv_size": [1.5, 0.5]},
								"up": {"uv": [2, 14], "uv_size": [1.5, 1.5]},
								"down": {"uv": [14, 5.5], "uv_size": [1.5, -1.5]}
							}
						}
					]
				},
				{
					"name": "down3",
					"parent": "left_eyes",
					"pivot": [1, 2.49043, -1.76989],
					"cubes": [
						{
							"origin": [0.4377, 2.39043, -2.74218],
							"size": [1.3, 0.5, 1.3],
							"uv": {
								"north": {"uv": [12, 17], "uv_size": [1.5, 0.5]},
								"east": {"uv": [17, 12], "uv_size": [1.5, 0.5]},
								"south": {"uv": [17, 13], "uv_size": [1.5, 0.5]},
								"west": {"uv": [14, 17], "uv_size": [1.5, 0.5]},
								"up": {"uv": [6, 14], "uv_size": [1.5, 1.5]},
								"down": {"uv": [14, 7.5], "uv_size": [1.5, -1.5]}
							}
						}
					]
				},
				{
					"name": "left_iris",
					"parent": "left_eyes",
					"pivot": [1.375, 3.24043, -2.39489],
					"cubes": [
						{
							"origin": [1.175, 3.04043, -2.69489],
							"size": [0.5, 0.5, 0.5],
							"uv": {
								"north": {"uv": [19, 1], "uv_size": [0.5, 0.5]},
								"east": {"uv": [2, 19], "uv_size": [0.5, 0.5]},
								"south": {"uv": [19, 2], "uv_size": [0.5, 0.5]},
								"west": {"uv": [3, 19], "uv_size": [0.5, 0.5]},
								"up": {"uv": [19, 3], "uv_size": [0.5, 0.5]},
								"down": {"uv": [4, 19.5], "uv_size": [0.5, -0.5]}
							}
						}
					]
				},
				{
					"name": "right_hear",
					"parent": "head",
					"pivot": [-1, 4.1, -1.25],
					"cubes": [
						{
							"origin": [-2.3, 2.3, -1.5],
							"size": [1.5, 2.5, 0.5],
							"pivot": [-1, 3.9, -1.25],
							"rotation": [0, 0, -40],
							"uv": {
								"north": {"uv": [10, 10], "uv_size": [1.5, 2.5]},
								"east": {"uv": [2, 16], "uv_size": [0.5, 2.5]},
								"south": {"uv": [0, 11], "uv_size": [1.5, 2.5]},
								"west": {"uv": [3, 16], "uv_size": [0.5, 2.5]},
								"up": {"uv": [17, 16], "uv_size": [1.5, 0.5]},
								"down": {"uv": [18, 0.5], "uv_size": [1.5, -0.5]}
							}
						}
					]
				},
				{
					"name": "left_hear",
					"parent": "head",
					"pivot": [1, 4.1, -1.25],
					"cubes": [
						{
							"origin": [0.8, 2.3, -1.5],
							"size": [1.5, 2.5, 0.5],
							"pivot": [1, 3.9, -1.25],
							"rotation": [0, 0, 40],
							"uv": {
								"north": {"uv": [9, 2], "uv_size": [1.5, 2.5]},
								"east": {"uv": [0, 16], "uv_size": [0.5, 2.5]},
								"south": {"uv": [3, 9], "uv_size": [1.5, 2.5]},
								"west": {"uv": [1, 16], "uv_size": [0.5, 2.5]},
								"up": {"uv": [17, 15], "uv_size": [1.5, 0.5]},
								"down": {"uv": [16, 17.5], "uv_size": [1.5, -0.5]}
							}
						}
					]
				},
				{
					"name": "front_right_leg",
					"parent": "body",
					"pivot": [-0.7, 0.8, -1],
					"rotation": [0, 0, 0],
					"cubes": [
						{
							"origin": [-1.2, 0, -1],
							"size": [1, 1, 1],
							"uv": {
								"north": {"uv": [11, 16], "uv_size": [1, 1]},
								"east": {"uv": [16, 11], "uv_size": [1, 1]},
								"south": {"uv": [12, 16], "uv_size": [1, 1]},
								"west": {"uv": [16, 12], "uv_size": [1, 1]},
								"up": {"uv": [13, 16], "uv_size": [1, 1]},
								"down": {"uv": [16, 14], "uv_size": [1, -1]}
							}
						},
						{
							"origin": [-1.6, 0, -1.5],
							"size": [1.8, 0, 1],
							"uv": {
								"north": {"uv": [0, 0], "uv_size": [2, 0]},
								"east": {"uv": [0, 0], "uv_size": [1, 0]},
								"south": {"uv": [0, 0], "uv_size": [2, 0]},
								"west": {"uv": [0, 0], "uv_size": [1, 0]},
								"up": {"uv": [15, 8], "uv_size": [2, 1]},
								"down": {"uv": [15, 10], "uv_size": [2, -1]}
							}
						}
					]
				},
				{
					"name": "back_right_leg",
					"parent": "body",
					"pivot": [-1.2, 1.7, 1.6],
					"cubes": [
						{
							"origin": [-1.5, 0, 1.2],
							"size": [1, 0.7, 1],
							"uv": {
								"north": {"uv": [11, 18], "uv_size": [1, 0.5]},
								"east": {"uv": [12, 18], "uv_size": [1, 0.5]},
								"south": {"uv": [13, 18], "uv_size": [1, 0.5]},
								"west": {"uv": [14, 18], "uv_size": [1, 0.5]},
								"up": {"uv": [10, 16], "uv_size": [1, 1]},
								"down": {"uv": [16, 11], "uv_size": [1, -1]}
							}
						},
						{
							"origin": [-1.8, 0.7, 0.5],
							"size": [1.6, 2, 2],
							"uv": {
								"north": {"uv": [12, 6], "uv_size": [1.5, 2]},
								"east": {"uv": [8, 6], "uv_size": [2, 2]},
								"south": {"uv": [7, 12], "uv_size": [1.5, 2]},
								"west": {"uv": [8, 8], "uv_size": [2, 2]},
								"up": {"uv": [12, 10], "uv_size": [1.5, 2]},
								"down": {"uv": [12, 14], "uv_size": [1.5, -2]}
							}
						},
						{
							"origin": [-1.9, 0, 0.8],
							"size": [1.8, 0, 1],
							"uv": {
								"north": {"uv": [0, 0], "uv_size": [2, 0]},
								"east": {"uv": [0, 0], "uv_size": [1, 0]},
								"south": {"uv": [0, 0], "uv_size": [2, 0]},
								"west": {"uv": [0, 0], "uv_size": [1, 0]},
								"up": {"uv": [4, 15], "uv_size": [2, 1]},
								"down": {"uv": [8, 16], "uv_size": [2, -1]}
							}
						}
					]
				},
				{
					"name": "front_left_leg",
					"parent": "body",
					"pivot": [0.7, 1, -0.5],
					"cubes": [
						{
							"origin": [0.2, 0, -1],
							"size": [1, 1, 1],
							"uv": {
								"north": {"uv": [2, 11], "uv_size": [1, 1]},
								"east": {"uv": [11, 4], "uv_size": [1, 1]},
								"south": {"uv": [4, 12], "uv_size": [1, 1]},
								"west": {"uv": [9, 12], "uv_size": [1, 1]},
								"up": {"uv": [6, 13], "uv_size": [1, 1]},
								"down": {"uv": [11, 14], "uv_size": [1, -1]}
							}
						},
						{
							"origin": [-0.2, 0, -1.5],
							"size": [1.8, 0, 1],
							"uv": {
								"north": {"uv": [0, 0], "uv_size": [2, 0]},
								"east": {"uv": [0, 0], "uv_size": [1, 0]},
								"south": {"uv": [0, 0], "uv_size": [2, 0]},
								"west": {"uv": [0, 0], "uv_size": [1, 0]},
								"up": {"uv": [13, 14], "uv_size": [2, 1]},
								"down": {"uv": [14, 14], "uv_size": [2, -1]}
							}
						}
					]
				},
				{
					"name": "back_left_leg",
					"parent": "body",
					"pivot": [1.2, 1.7, 1.6],
					"cubes": [
						{
							"origin": [0.5, 0, 1.2],
							"size": [1, 0.7, 1],
							"uv": {
								"north": {"uv": [7, 18], "uv_size": [1, 0.5]},
								"east": {"uv": [8, 18], "uv_size": [1, 0.5]},
								"south": {"uv": [9, 18], "uv_size": [1, 0.5]},
								"west": {"uv": [10, 18], "uv_size": [1, 0.5]},
								"up": {"uv": [8, 16], "uv_size": [1, 1]},
								"down": {"uv": [9, 17], "uv_size": [1, -1]}
							}
						},
						{
							"origin": [0.2, 0.7, 0.5],
							"size": [1.6, 2, 2],
							"uv": {
								"north": {"uv": [11, 2], "uv_size": [1.5, 2]},
								"east": {"uv": [6, 6], "uv_size": [2, 2]},
								"south": {"uv": [12, 0], "uv_size": [1.5, 2]},
								"west": {"uv": [6, 8], "uv_size": [2, 2]},
								"up": {"uv": [2, 12], "uv_size": [1.5, 2]},
								"down": {"uv": [12, 6], "uv_size": [1.5, -2]}
							}
						},
						{
							"origin": [0.1, 0, 0.8],
							"size": [1.8, 0, 1],
							"uv": {
								"north": {"uv": [0, 0], "uv_size": [2, 0]},
								"east": {"uv": [0, 0], "uv_size": [1, 0]},
								"south": {"uv": [0, 0], "uv_size": [2, 0]},
								"west": {"uv": [0, 0], "uv_size": [1, 0]},
								"up": {"uv": [15, 2], "uv_size": [2, 1]},
								"down": {"uv": [15, 4], "uv_size": [2, -1]}
							}
						}
					]
				},
				{
					"name": "tail",
					"parent": "body",
					"pivot": [0.55, 0, 0],
					"cubes": [
						{
							"origin": [-0.85, 1.5, 2],
							"size": [1.7, 1.7, 0.7],
							"uv": {
								"north": {"uv": [13, 2], "uv_size": [1.5, 1.5]},
								"east": {"uv": [16, 15], "uv_size": [0.5, 1.5]},
								"south": {"uv": [4, 13], "uv_size": [1.5, 1.5]},
								"west": {"uv": [17, 0], "uv_size": [0.5, 1.5]},
								"up": {"uv": [17, 2], "uv_size": [1.5, 0.5]},
								"down": {"uv": [17, 3.5], "uv_size": [1.5, -0.5]}
							}
						}
					]
				}
			]
		}
	]
}