{
	"format_version": "1.12.0",
	"minecraft:geometry": [
		{
			"description": {
				"identifier": "geometry.wacky_animals.wacky_lizard",
				"texture_width": 32,
				"texture_height": 32,
				"visible_bounds_width": 3,
				"visible_bounds_height": 1.5,
				"visible_bounds_offset": [0, 0.25, 0]
			},
			"bones": [
				{
					"name": "total",
					"pivot": [0, -1, 2]
				},
				{
					"name": "body1",
					"parent": "total",
					"pivot": [0, 1.5, -1.1],
					"cubes": [
						{
							"origin": [-1.5, 0, -5],
							"size": [3, 2.9, 7],
							"uv": {
								"north": {"uv": [6, 6], "uv_size": [3, 3]},
								"east": {"uv": [0, 0], "uv_size": [7, 3]},
								"south": {"uv": [7, 0], "uv_size": [3, 3]},
								"west": {"uv": [0, 3], "uv_size": [7, 3]},
								"up": {"uv": [0, 6], "uv_size": [3, 7]},
								"down": {"uv": [3, 13], "uv_size": [3, -7]}
							}
						},
						{
							"origin": [0, 2.9, -4.5],
							"size": [0, 1, 7],
							"uv": {
								"north": {"uv": [0, 0], "uv_size": [0, 1]},
								"east": {"uv": [11, 4], "uv_size": [7, 1]},
								"south": {"uv": [0, 0], "uv_size": [0, 1]},
								"west": {"uv": [8, 11], "uv_size": [7, 1]},
								"up": {"uv": [0, 0], "uv_size": [0, 7]},
								"down": {"uv": [0, 7], "uv_size": [0, -7]}
							}
						}
					]
				},
				{
					"name": "body2",
					"parent": "body1",
					"pivot": [0, 1, 2],
					"cubes": [
						{
							"origin": [-1, 0.2, 2],
							"size": [2, 1.9, 4],
							"uv": {
								"north": {"uv": [16, 9], "uv_size": [2, 2]},
								"east": {"uv": [7, 3], "uv_size": [4, 2]},
								"south": {"uv": [16, 12], "uv_size": [2, 2]},
								"west": {"uv": [9, 5], "uv_size": [4, 2]},
								"up": {"uv": [6, 9], "uv_size": [2, 4]},
								"down": {"uv": [9, 11], "uv_size": [2, -4]}
							}
						},
						{
							"origin": [0, 2.1, 1.5],
							"size": [0, 1, 4],
							"uv": {
								"north": {"uv": [0, 0], "uv_size": [0, 1]},
								"east": {"uv": [16, 14], "uv_size": [4, 1]},
								"south": {"uv": [0, 0], "uv_size": [0, 1]},
								"west": {"uv": [16, 15], "uv_size": [4, 1]},
								"up": {"uv": [0, 0], "uv_size": [0, 4]},
								"down": {"uv": [0, 4], "uv_size": [0, -4]}
							}
						}
					]
				},
				{
					"name": "body3",
					"parent": "body2",
					"pivot": [0, 0.8, 6],
					"cubes": [
						{
							"origin": [-0.5, 0.4, 6],
							"size": [1, 0.9, 5],
							"uv": {
								"north": {"uv": [8, 9], "uv_size": [1, 1]},
								"east": {"uv": [0, 13], "uv_size": [5, 1]},
								"south": {"uv": [10, 0], "uv_size": [1, 1]},
								"west": {"uv": [13, 0], "uv_size": [5, 1]},
								"up": {"uv": [5, 13], "uv_size": [1, 5]},
								"down": {"uv": [13, 10], "uv_size": [1, -5]}
							}
						},
						{
							"origin": [0, 1.2, 6.5],
							"size": [0, 0.9, 5],
							"uv": {
								"north": {"uv": [0, 0], "uv_size": [0, 1]},
								"east": {"uv": [8, 15], "uv_size": [5, 1]},
								"south": {"uv": [0, 0], "uv_size": [0, 1]},
								"west": {"uv": [15, 11], "uv_size": [5, 1]},
								"up": {"uv": [0, 0], "uv_size": [0, 5]},
								"down": {"uv": [0, 5], "uv_size": [0, -5]}
							}
						}
					]
				},
				{
					"name": "head",
					"parent": "body1",
					"pivot": [0, 1.3, -5],
					"cubes": [
						{
							"origin": [-1.2, 0.3, -6.4],
							"size": [2.4, 2.3, 1.4],
							"uv": {
								"north": {"uv": [8, 12], "uv_size": [2.5, 2.5]},
								"east": {"uv": [16, 16], "uv_size": [1.5, 2.5]},
								"south": {"uv": [11, 12], "uv_size": [2.5, 2.5]},
								"west": {"uv": [0, 17], "uv_size": [1.5, 2.5]},
								"up": {"uv": [17, 1], "uv_size": [2.5, 1.5]},
								"down": {"uv": [2, 18.5], "uv_size": [2.5, -1.5]}
							}
						}
					]
				},
				{
					"name": "claw_down",
					"parent": "head",
					"pivot": [0, 1, -6.3],
					"cubes": [
						{
							"origin": [-1, 0.5, -8.9],
							"size": [2, 0.6, 3.5],
							"uv": {
								"north": {"uv": [0, 22], "uv_size": [2, 0.5]},
								"east": {"uv": [20, 3], "uv_size": [3.5, 0.5]},
								"south": {"uv": [22, 1], "uv_size": [2, 0.5]},
								"west": {"uv": [10, 20], "uv_size": [3.5, 0.5]},
								"up": {"uv": [11, 0], "uv_size": [2, 3.5]},
								"down": {"uv": [11, 10.5], "uv_size": [2, -3.5]}
							}
						}
					]
				},
				{
					"name": "tong1",
					"parent": "claw_down",
					"pivot": [0, 1.2, -6.3],
					"cubes": [
						{
							"origin": [-0.5, 1.1, -8],
							"size": [1, 0.5, 1.7],
							"uv": {
								"north": {"uv": [26, 3], "uv_size": [1, 0.5]},
								"east": {"uv": [26, 1], "uv_size": [1.7, 0.5]},
								"south": {"uv": [26, 2], "uv_size": [1, 0.5]},
								"west": {"uv": [26, 0], "uv_size": [1.7, 0.5]},
								"up": {"uv": [26, 1.7], "uv_size": [-1, -1.7]},
								"down": {"uv": [26, 3.7], "uv_size": [-1, -1.7]}
							}
						}
					]
				},
				{
					"name": "tong2",
					"parent": "tong1",
					"pivot": [0, 1.3, -8],
					"cubes": [
						{
							"origin": [-0.5, 1.1, -9.7],
							"size": [1, 0.5, 1.7],
							"uv": {
								"north": {"uv": [26, 6], "uv_size": [1, 0.5]},
								"east": {"uv": [26, 5], "uv_size": [1.7, 0.5]},
								"south": {"uv": [26, 7], "uv_size": [1, 0.5]},
								"west": {"uv": [26, 4], "uv_size": [1.7, 0.5]},
								"up": {"uv": [26, 5.7], "uv_size": [-1, -1.7]},
								"down": {"uv": [26, 7.7], "uv_size": [-1, -1.7]}
							}
						}
					]
				},
				{
					"name": "tong3",
					"parent": "tong2",
					"pivot": [0, 1.4, -9.7],
					"cubes": [
						{
							"origin": [-1, 1.4, -11.7],
							"size": [2, 0, 2],
							"uv": {
								"north": {"uv": [0, 0], "uv_size": [2, 0]},
								"east": {"uv": [0, 0], "uv_size": [2, 0]},
								"south": {"uv": [0, 0], "uv_size": [2, 0]},
								"west": {"uv": [0, 0], "uv_size": [2, 0]},
								"up": {"uv": [27, 10], "uv_size": [-2, -2]},
								"down": {"uv": [27, 12], "uv_size": [-2, -2]}
							}
						}
					]
				},
				{
					"name": "claw_up",
					"parent": "head",
					"pivot": [0, 1.35397, -6.22235],
					"cubes": [
						{
							"origin": [0.275, 2.05397, -8.42235],
							"size": [0.5, 0.5, 0.9],
							"pivot": [0.6, 2.25397, -8.22235],
							"rotation": [-34, 0, 0],
							"uv": {
								"north": {"uv": [10, 23], "uv_size": [0.5, 0.5]},
								"east": {"uv": [22, 16], "uv_size": [1, 0.5]},
								"south": {"uv": [23, 10], "uv_size": [0.5, 0.5]},
								"west": {"uv": [22, 17], "uv_size": [1, 0.5]},
								"up": {"uv": [18, 22], "uv_size": [0.5, 1]},
								"down": {"uv": [22, 19], "uv_size": [0.5, -1]}
							}
						},
						{
							"origin": [-0.775, 2.05397, -8.42235],
							"size": [0.5, 0.5, 0.9],
							"pivot": [-0.6, 2.25397, -8.22235],
							"rotation": [-34, 0, 0],
							"uv": {
								"north": {"uv": [11, 23], "uv_size": [0.5, 0.5]},
								"east": {"uv": [19, 22], "uv_size": [1, 0.5]},
								"south": {"uv": [12, 23], "uv_size": [0.5, 0.5]},
								"west": {"uv": [22, 19], "uv_size": [1, 0.5]},
								"up": {"uv": [20, 22], "uv_size": [0.5, 1]},
								"down": {"uv": [22, 21], "uv_size": [0.5, -1]}
							}
						},
						{
							"origin": [-0.8, 1.1, -8.5],
							"size": [1.6, 1.1, 3.1],
							"uv": {
								"north": {"uv": [20, 15], "uv_size": [1.5, 1]},
								"east": {"uv": [18, 18], "uv_size": [3, 1]},
								"south": {"uv": [21, 0], "uv_size": [1.5, 1]},
								"west": {"uv": [2, 19], "uv_size": [3, 1]},
								"up": {"uv": [9, 16], "uv_size": [1.5, 3]},
								"down": {"uv": [11, 19], "uv_size": [1.5, -3]}
							}
						}
					]
				},
				{
					"name": "right_eyes",
					"parent": "head",
					"pivot": [-0.85, 2.44043, 0.18011],
					"cubes": [
						{
							"origin": [-1.65, 1.79043, -6.66989],
							"size": [1.1, 1, 1.1],
							"uv": {
								"north": {"uv": [21, 18], "uv_size": [1, 1]},
								"east": {"uv": [19, 21], "uv_size": [1, 1]},
								"south": {"uv": [21, 19], "uv_size": [1, 1]},
								"west": {"uv": [20, 21], "uv_size": [1, 1]},
								"up": {"uv": [21, 20], "uv_size": [1, 1]},
								"down": {"uv": [21, 22], "uv_size": [1, -1]}
							}
						}
					]
				},
				{
					"name": "up2",
					"parent": "right_eyes",
					"pivot": [-1.03678, 2.64043, 0.26736],
					"cubes": [
						{
							"origin": [-1.73678, 2.69043, -6.73264],
							"size": [1.3, 0.5, 1.3],
							"uv": {
								"north": {"uv": [22, 8], "uv_size": [1.5, 0.5]},
								"east": {"uv": [10, 22], "uv_size": [1.5, 0.5]},
								"south": {"uv": [22, 11], "uv_size": [1.5, 0.5]},
								"west": {"uv": [12, 22], "uv_size": [1.5, 0.5]},
								"up": {"uv": [2, 20], "uv_size": [1.5, 1.5]},
								"down": {"uv": [4, 21.5], "uv_size": [1.5, -1.5]}
							}
						}
					]
				},
				{
					"name": "down2",
					"parent": "right_eyes",
					"pivot": [-1, 1.49043, 0.23011],
					"cubes": [
						{
							"origin": [-1.7377, 1.39043, -6.74218],
							"size": [1.3, 0.5, 1.3],
							"uv": {
								"north": {"uv": [14, 22], "uv_size": [1.5, 0.5]},
								"east": {"uv": [22, 14], "uv_size": [1.5, 0.5]},
								"south": {"uv": [22, 15], "uv_size": [1.5, 0.5]},
								"west": {"uv": [16, 22], "uv_size": [1.5, 0.5]},
								"up": {"uv": [6, 20], "uv_size": [1.5, 1.5]},
								"down": {"uv": [8, 21.5], "uv_size": [1.5, -1.5]}
							}
						}
					]
				},
				{
					"name": "right_iris",
					"parent": "right_eyes",
					"pivot": [-1.375, 2.24043, -0.39489],
					"cubes": [
						{
							"origin": [-1.675, 2.04043, -6.69489],
							"size": [0.5, 0.5, 0.5],
							"uv": {
								"north": {"uv": [5, 23], "uv_size": [0.5, 0.5]},
								"east": {"uv": [6, 23], "uv_size": [0.5, 0.5]},
								"south": {"uv": [7, 23], "uv_size": [0.5, 0.5]},
								"west": {"uv": [8, 23], "uv_size": [0.5, 0.5]},
								"up": {"uv": [9, 23], "uv_size": [0.5, 0.5]},
								"down": {"uv": [23, 9.5], "uv_size": [0.5, -0.5]}
							}
						}
					]
				},
				{
					"name": "left_eyes",
					"parent": "head",
					"pivot": [0.85, 2.44043, 0.18011],
					"cubes": [
						{
							"origin": [0.55, 1.79043, -6.66989],
							"size": [1.1, 1, 1.1],
							"uv": {
								"north": {"uv": [16, 20], "uv_size": [1, 1]},
								"east": {"uv": [16, 21], "uv_size": [1, 1]},
								"south": {"uv": [21, 16], "uv_size": [1, 1]},
								"west": {"uv": [17, 21], "uv_size": [1, 1]},
								"up": {"uv": [21, 17], "uv_size": [1, 1]},
								"down": {"uv": [18, 22], "uv_size": [1, -1]}
							}
						}
					]
				},
				{
					"name": "up3",
					"parent": "left_eyes",
					"pivot": [1.03678, 2.64043, 0.26736],
					"cubes": [
						{
							"origin": [0.43678, 2.69043, -6.73264],
							"size": [1.3, 0.5, 1.3],
							"uv": {
								"north": {"uv": [2, 22], "uv_size": [1.5, 0.5]},
								"east": {"uv": [22, 2], "uv_size": [1.5, 0.5]},
								"south": {"uv": [4, 22], "uv_size": [1.5, 0.5]},
								"west": {"uv": [22, 5], "uv_size": [1.5, 0.5]},
								"up": {"uv": [17, 19], "uv_size": [1.5, 1.5]},
								"down": {"uv": [19, 20.5], "uv_size": [1.5, -1.5]}
							}
						}
					]
				},
				{
					"name": "down3",
					"parent": "left_eyes",
					"pivot": [1, 1.49043, 0.23011],
					"cubes": [
						{
							"origin": [0.4377, 1.39043, -6.74218],
							"size": [1.3, 0.5, 1.3],
							"uv": {
								"north": {"uv": [6, 22], "uv_size": [1.5, 0.5]},
								"east": {"uv": [22, 6], "uv_size": [1.5, 0.5]},
								"south": {"uv": [22, 7], "uv_size": [1.5, 0.5]},
								"west": {"uv": [8, 22], "uv_size": [1.5, 0.5]},
								"up": {"uv": [0, 20], "uv_size": [1.5, 1.5]},
								"down": {"uv": [20, 2.5], "uv_size": [1.5, -1.5]}
							}
						}
					]
				},
				{
					"name": "left_iris",
					"parent": "left_eyes",
					"pivot": [1.375, 2.24043, -0.39489],
					"cubes": [
						{
							"origin": [1.175, 2.04043, -6.69489],
							"size": [0.5, 0.5, 0.5],
							"uv": {
								"north": {"uv": [23, 0], "uv_size": [0.5, 0.5]},
								"east": {"uv": [1, 23], "uv_size": [0.5, 0.5]},
								"south": {"uv": [2, 23], "uv_size": [0.5, 0.5]},
								"west": {"uv": [3, 23], "uv_size": [0.5, 0.5]},
								"up": {"uv": [4, 23], "uv_size": [0.5, 0.5]},
								"down": {"uv": [23, 4.5], "uv_size": [0.5, -0.5]}
							}
						}
					]
				},
				{
					"name": "front_right_arm1",
					"parent": "body1",
					"pivot": [-1.6, 0.7, -3.4],
					"cubes": [
						{
							"origin": [-3.8, 0.3, -4.2],
							"size": [2.9, 1, 1.5],
							"uv": {
								"north": {"uv": [18, 10], "uv_size": [3, 1]},
								"east": {"uv": [14, 20], "uv_size": [1.5, 1]},
								"south": {"uv": [18, 12], "uv_size": [3, 1]},
								"west": {"uv": [20, 14], "uv_size": [1.5, 1]},
								"up": {"uv": [6, 16], "uv_size": [3, 1.5]},
								"down": {"uv": [16, 8.5], "uv_size": [3, -1.5]}
							}
						}
					]
				},
				{
					"name": "front_right_arm2",
					"parent": "front_right_arm1",
					"pivot": [-3.7, 0.8, -3.6],
					"cubes": [
						{
							"origin": [-5.8, 0.4, -4],
							"size": [2.5, 0.8, 0.8],
							"uv": {
								"north": {"uv": [8, 19], "uv_size": [2.5, 1]},
								"east": {"uv": [4, 14], "uv_size": [1, 1]},
								"south": {"uv": [19, 8], "uv_size": [2.5, 1]},
								"west": {"uv": [4, 15], "uv_size": [1, 1]},
								"up": {"uv": [11, 19], "uv_size": [2.5, 1]},
								"down": {"uv": [14, 20], "uv_size": [2.5, -1]}
							}
						}
					]
				},
				{
					"name": "front_right_arm3",
					"parent": "front_right_arm2",
					"pivot": [-5.6, 0.6, -3.6],
					"cubes": [
						{
							"origin": [-7.5, 0.5, -4.8],
							"size": [2.2, 0, 2.4],
							"uv": {
								"north": {"uv": [0, 0], "uv_size": [2, 0]},
								"east": {"uv": [0, 0], "uv_size": [2.5, 0]},
								"south": {"uv": [0, 0], "uv_size": [2, 0]},
								"west": {"uv": [0, 0], "uv_size": [2.5, 0]},
								"up": {"uv": [14, 5], "uv_size": [2, 2.5]},
								"down": {"uv": [14, 10.5], "uv_size": [2, -2.5]}
							}
						}
					]
				},
				{
					"name": "back_right_arm1",
					"parent": "body1",
					"pivot": [-1.5, 0.8, 1],
					"cubes": [
						{
							"origin": [-3.6, 0.3, 0.5],
							"size": [2.9, 1, 1.2],
							"uv": {
								"north": {"uv": [13, 18], "uv_size": [3, 1]},
								"east": {"uv": [4, 16], "uv_size": [1, 1]},
								"south": {"uv": [18, 13], "uv_size": [3, 1]},
								"west": {"uv": [8, 18], "uv_size": [1, 1]},
								"up": {"uv": [18, 16], "uv_size": [3, 1]},
								"down": {"uv": [18, 18], "uv_size": [3, -1]}
							}
						}
					]
				},
				{
					"name": "back_right_arm2",
					"parent": "back_right_arm1",
					"pivot": [-3.5, 0.7, 1],
					"cubes": [
						{
							"origin": [-5, 0.5, 0.7],
							"size": [1.9, 0.7, 0.7],
							"uv": {
								"north": {"uv": [12, 21], "uv_size": [2, 0.5]},
								"east": {"uv": [22, 22], "uv_size": [0.5, 0.5]},
								"south": {"uv": [21, 12], "uv_size": [2, 0.5]},
								"west": {"uv": [0, 23], "uv_size": [0.5, 0.5]},
								"up": {"uv": [21, 13], "uv_size": [2, 0.5]},
								"down": {"uv": [14, 21.5], "uv_size": [2, -0.5]}
							}
						}
					]
				},
				{
					"name": "back_right_arm3",
					"parent": "back_right_arm2",
					"pivot": [-4.4, 0.5, 1.1],
					"cubes": [
						{
							"origin": [-6.4, 0.6, -0.1],
							"size": [2.2, 0, 2.4],
							"uv": {
								"north": {"uv": [0, 0], "uv_size": [2, 0]},
								"east": {"uv": [0, 0], "uv_size": [2.5, 0]},
								"south": {"uv": [0, 0], "uv_size": [2, 0]},
								"west": {"uv": [0, 0], "uv_size": [2.5, 0]},
								"up": {"uv": [14, 12], "uv_size": [2, 2.5]},
								"down": {"uv": [15, 3.5], "uv_size": [2, -2.5]}
							}
						}
					]
				},
				{
					"name": "back_left_arm4",
					"parent": "body1",
					"pivot": [1.5, 0.8, 1],
					"cubes": [
						{
							"origin": [0.7, 0.3, 0.5],
							"size": [2.9, 1, 1.2],
							"uv": {
								"north": {"uv": [16, 18], "uv_size": [-3, 1]},
								"east": {"uv": [9, 18], "uv_size": [-1, 1]},
								"south": {"uv": [21, 13], "uv_size": [-3, 1]},
								"west": {"uv": [5, 16], "uv_size": [-1, 1]},
								"up": {"uv": [21, 16], "uv_size": [-3, 1]},
								"down": {"uv": [21, 18], "uv_size": [-3, -1]}
							}
						}
					]
				},
				{
					"name": "back_left_arm5",
					"parent": "back_left_arm4",
					"pivot": [3.5, 0.7, 1],
					"cubes": [
						{
							"origin": [3.1, 0.5, 0.7],
							"size": [1.9, 0.7, 0.7],
							"uv": {
								"north": {"uv": [14, 21], "uv_size": [-2, 0.5]},
								"east": {"uv": [0.5, 23], "uv_size": [-0.5, 0.5]},
								"south": {"uv": [23, 12], "uv_size": [-2, 0.5]},
								"west": {"uv": [22.5, 22], "uv_size": [-0.5, 0.5]},
								"up": {"uv": [23, 13], "uv_size": [-2, 0.5]},
								"down": {"uv": [16, 21.5], "uv_size": [-2, -0.5]}
							}
						}
					]
				},
				{
					"name": "back_left_arm6",
					"parent": "back_left_arm5",
					"pivot": [4.4, 0.5, 1.1],
					"cubes": [
						{
							"origin": [4.2, 0.6, -0.1],
							"size": [2.2, 0, 2.4],
							"uv": {
								"north": {"uv": [2, 0], "uv_size": [-2, 0]},
								"east": {"uv": [2.5, 0], "uv_size": [-2.5, 0]},
								"south": {"uv": [2, 0], "uv_size": [-2, 0]},
								"west": {"uv": [2.5, 0], "uv_size": [-2.5, 0]},
								"up": {"uv": [16, 12], "uv_size": [-2, 2.5]},
								"down": {"uv": [17, 3.5], "uv_size": [-2, -2.5]}
							}
						}
					]
				},
				{
					"name": "front_left_arm4",
					"parent": "body1",
					"pivot": [1.6, 0.7, -3.4],
					"cubes": [
						{
							"origin": [0.9, 0.3, -4.2],
							"size": [2.9, 1, 1.5],
							"uv": {
								"north": {"uv": [21, 10], "uv_size": [-3, 1]},
								"east": {"uv": [21.5, 14], "uv_size": [-1.5, 1]},
								"south": {"uv": [21, 12], "uv_size": [-3, 1]},
								"west": {"uv": [15.5, 20], "uv_size": [-1.5, 1]},
								"up": {"uv": [9, 16], "uv_size": [-3, 1.5]},
								"down": {"uv": [19, 8.5], "uv_size": [-3, -1.5]}
							}
						}
					]
				},
				{
					"name": "front_left_arm5",
					"parent": "front_left_arm4",
					"pivot": [3.7, 0.8, -3.6],
					"cubes": [
						{
							"origin": [3.3, 0.4, -4],
							"size": [2.5, 0.8, 0.8],
							"uv": {
								"north": {"uv": [10.5, 19], "uv_size": [-2.5, 1]},
								"east": {"uv": [5, 15], "uv_size": [-1, 1]},
								"south": {"uv": [21.5, 8], "uv_size": [-2.5, 1]},
								"west": {"uv": [5, 14], "uv_size": [-1, 1]},
								"up": {"uv": [13.5, 19], "uv_size": [-2.5, 1]},
								"down": {"uv": [16.5, 20], "uv_size": [-2.5, -1]}
							}
						}
					]
				},
				{
					"name": "front_left_arm6",
					"parent": "front_left_arm5",
					"pivot": [5.6, 0.6, -3.6],
					"cubes": [
						{
							"origin": [5.3, 0.5, -4.8],
							"size": [2.2, 0, 2.4],
							"uv": {
								"north": {"uv": [2, 0], "uv_size": [-2, 0]},
								"east": {"uv": [2.5, 0], "uv_size": [-2.5, 0]},
								"south": {"uv": [2, 0], "uv_size": [-2, 0]},
								"west": {"uv": [2.5, 0], "uv_size": [-2.5, 0]},
								"up": {"uv": [16, 5], "uv_size": [-2, 2.5]},
								"down": {"uv": [16, 10.5], "uv_size": [-2, -2.5]}
							}
						}
					]
				}
			]
		}
	]
}