{
	"format_version": "1.12.0",
	"minecraft:geometry": [
		{
			"description": {
				"identifier": "geometry.wacky_animals.wacky_rabbit",
				"texture_width": 64,
				"texture_height": 64,
				"visible_bounds_width": 3,
				"visible_bounds_height": 2.5,
				"visible_bounds_offset": [0, 0.75, 0]
			},
			"bones": [
				{
					"name": "body1",
					"pivot": [1, 0.2, 0],
					"cubes": [
						{
							"origin": [-2.5, 2.3, -3],
							"size": [5, 5, 4.9],
							"uv": {
								"north": {"uv": [6, 12], "uv_size": [5, 5]},
								"east": {"uv": [12, 6], "uv_size": [5, 5]},
								"south": {"uv": [11, 12], "uv_size": [5, 5]},
								"west": {"uv": [16, 11], "uv_size": [5, 5]},
								"up": {"uv": [16, 16], "uv_size": [5, 5]},
								"down": {"uv": [6, 22], "uv_size": [5, -5]}
							}
						}
					]
				},
				{
					"name": "neck",
					"parent": "body1",
					"pivot": [1.5, 0.2, 0],
					"cubes": [
						{
							"origin": [-1.5, 3.3, -5],
							"size": [3, 3, 3],
							"uv": {
								"north": {"uv": [26, 19], "uv_size": [3, 3]},
								"east": {"uv": [27, 3], "uv_size": [3, 3]},
								"south": {"uv": [27, 6], "uv_size": [3, 3]},
								"west": {"uv": [27, 9], "uv_size": [3, 3]},
								"up": {"uv": [27, 12], "uv_size": [3, 3]},
								"down": {"uv": [25, 30], "uv_size": [3, -3]}
							}
						}
					]
				},
				{
					"name": "head",
					"parent": "neck",
					"pivot": [0, 5.2, -3.75],
					"cubes": [
						{
							"origin": [-1.6, 3.1, -6.6],
							"size": [3.2, 4.1, 3],
							"uv": {
								"north": {"uv": [14, 21], "uv_size": [3, 4]},
								"east": {"uv": [21, 16], "uv_size": [3, 4]},
								"south": {"uv": [17, 21], "uv_size": [3, 4]},
								"west": {"uv": [20, 21], "uv_size": [3, 4]},
								"up": {"uv": [15, 28], "uv_size": [3, 3]},
								"down": {"uv": [28, 18], "uv_size": [3, -3]}
							}
						},
						{
							"origin": [-1.55, 2.93681, -7.3069],
							"size": [3.1, 3.9, 3],
							"pivot": [0.05, 4.78681, -5.8069],
							"rotation": [-18, 0, 0],
							"uv": {
								"north": {"uv": [0, 22], "uv_size": [3, 4]},
								"east": {"uv": [22, 0], "uv_size": [3, 4]},
								"south": {"uv": [3, 22], "uv_size": [3, 4]},
								"west": {"uv": [6, 22], "uv_size": [3, 4]},
								"up": {"uv": [18, 28], "uv_size": [3, 3]},
								"down": {"uv": [28, 25], "uv_size": [3, -3]}
							}
						},
						{
							"origin": [-4.55, 2.93681, -6.8069],
							"size": [9.1, 1.9, 0],
							"pivot": [0.05, 4.78681, -5.8069],
							"rotation": [-18, 0, 0],
							"uv": {
								"north": {"uv": [0, 37], "uv_size": [9.1, 1.9]},
								"east": {"uv": [22, 0], "uv_size": [3, 4]},
								"south": {"uv": [17, 37], "uv_size": [9.1, 1.9]},
								"west": {"uv": [6, 22], "uv_size": [3, 4]},
								"up": {"uv": [18, 28], "uv_size": [3, 3]},
								"down": {"uv": [28, 25], "uv_size": [3, -3]}
							}
						},
						{
							"origin": [-1.1, 1.925, -7.1],
							"size": [2.2, 2.1, 0],
							"uv": {
								"north": {"uv": [31, 20], "uv_size": [2, 2]},
								"east": {"uv": [0, 0], "uv_size": [0, 2]},
								"south": {"uv": [21, 31], "uv_size": [2, 2]},
								"west": {"uv": [0, 0], "uv_size": [0, 2]},
								"up": {"uv": [0, 0], "uv_size": [2, 0]},
								"down": {"uv": [0, 0], "uv_size": [2, 0]}
							}
						}
					]
				},
				{
					"name": "noze",
					"parent": "head",
					"pivot": [0.05, 4.78681, -5.8069],
					"cubes": [
						{
							"origin": [-0.55, 2.73681, -7.6069],
							"size": [1.1, 2.1, 1.2],
							"pivot": [0.05, 4.78681, -5.8069],
							"rotation": [-18, 0, 0],
							"uv": {
								"north": {"uv": [20, 4], "uv_size": [1, 2]},
								"east": {"uv": [34, 13], "uv_size": [1, 2]},
								"south": {"uv": [15, 34], "uv_size": [1, 2]},
								"west": {"uv": [34, 15], "uv_size": [1, 2]},
								"up": {"uv": [16, 35], "uv_size": [1, 1]},
								"down": {"uv": [35, 17], "uv_size": [1, -1]}
							}
						}
					]
				},
				{
					"name": "left_eyes",
					"parent": "head",
					"pivot": [-0.05, -3.05957, -5.61989],
					"cubes": [
						{
							"origin": [0.95, 4.99043, -6.46989],
							"size": [1.8, 1.5, 1.8],
							"uv": {
								"north": {"uv": [17, 32], "uv_size": [2, 1.5]},
								"east": {"uv": [32, 17], "uv_size": [2, 1.5]},
								"south": {"uv": [19, 32], "uv_size": [2, 1.5]},
								"west": {"uv": [23, 32], "uv_size": [2, 1.5]},
								"up": {"uv": [30, 9], "uv_size": [2, 2]},
								"down": {"uv": [30, 13], "uv_size": [2, -2]}
							}
						}
					]
				},
				{
					"name": "up",
					"parent": "left_eyes",
					"pivot": [0.13678, -2.85957, -5.53264],
					"cubes": [
						{
							"origin": [0.83678, 6.19043, -6.53264],
							"size": [2, 0.7, 2],
							"uv": {
								"north": {"uv": [34, 24], "uv_size": [2, 0.5]},
								"east": {"uv": [25, 34], "uv_size": [2, 0.5]},
								"south": {"uv": [34, 25], "uv_size": [2, 0.5]},
								"west": {"uv": [34, 26], "uv_size": [2, 0.5]},
								"up": {"uv": [29, 20], "uv_size": [2, 2]},
								"down": {"uv": [30, 5], "uv_size": [2, -2]}
							}
						}
					]
				},
				{
					"name": "down",
					"parent": "left_eyes",
					"pivot": [0.1, -4.00957, -5.56989],
					"cubes": [
						{
							"origin": [0.8377, 4.69043, -6.54218],
							"size": [2, 0.7, 2],
							"uv": {
								"north": {"uv": [34, 27], "uv_size": [2, 0.5]},
								"east": {"uv": [34, 28], "uv_size": [2, 0.5]},
								"south": {"uv": [34, 29], "uv_size": [2, 0.5]},
								"west": {"uv": [34, 30], "uv_size": [2, 0.5]},
								"up": {"uv": [30, 5], "uv_size": [2, 2]},
								"down": {"uv": [30, 9], "uv_size": [2, -2]}
							}
						}
					]
				},
				{
					"name": "left_iris",
					"parent": "left_eyes",
					"pivot": [0.475, -3.25957, -6.19489],
					"cubes": [
						{
							"origin": [1.975, 5.44043, -6.49489],
							"size": [0.8, 0.8, 0.8],
							"uv": {
								"north": {"uv": [27, 34], "uv_size": [1, 1]},
								"east": {"uv": [31, 34], "uv_size": [1, 1]},
								"south": {"uv": [34, 31], "uv_size": [1, 1]},
								"west": {"uv": [32, 34], "uv_size": [1, 1]},
								"up": {"uv": [34, 32], "uv_size": [1, 1]},
								"down": {"uv": [34, 34], "uv_size": [1, -1]}
							}
						}
					]
				},
				{
					"name": "right_eyes",
					"parent": "head",
					"pivot": [0.05, -3.05957, -5.61989],
					"cubes": [
						{
							"origin": [-2.75, 4.99043, -6.46989],
							"size": [1.8, 1.5, 1.8],
							"uv": {
								"north": {"uv": [19, 32], "uv_size": [-2, 1.5]},
								"east": {"uv": [25, 32], "uv_size": [-2, 1.5]},
								"south": {"uv": [21, 32], "uv_size": [-2, 1.5]},
								"west": {"uv": [34, 17], "uv_size": [-2, 1.5]},
								"up": {"uv": [32, 9], "uv_size": [-2, 2]},
								"down": {"uv": [32, 13], "uv_size": [-2, -2]}
							}
						}
					]
				},
				{
					"name": "up2",
					"parent": "right_eyes",
					"pivot": [-0.13678, -2.85957, -5.53264],
					"cubes": [
						{
							"origin": [-2.83678, 6.19043, -6.53264],
							"size": [2, 0.7, 2],
							"uv": {
								"north": {"uv": [36, 24], "uv_size": [-2, 0.5]},
								"east": {"uv": [36, 26], "uv_size": [-2, 0.5]},
								"south": {"uv": [36, 25], "uv_size": [-2, 0.5]},
								"west": {"uv": [27, 34], "uv_size": [-2, 0.5]},
								"up": {"uv": [31, 20], "uv_size": [-2, 2]},
								"down": {"uv": [32, 5], "uv_size": [-2, -2]}
							}
						}
					]
				},
				{
					"name": "down2",
					"parent": "right_eyes",
					"pivot": [-0.1, -4.00957, -5.56989],
					"cubes": [
						{
							"origin": [-2.8377, 4.69043, -6.54218],
							"size": [2, 0.7, 2],
							"uv": {
								"north": {"uv": [36, 27], "uv_size": [-2, 0.5]},
								"east": {"uv": [36, 30], "uv_size": [-2, 0.5]},
								"south": {"uv": [36, 29], "uv_size": [-2, 0.5]},
								"west": {"uv": [36, 28], "uv_size": [-2, 0.5]},
								"up": {"uv": [32, 5], "uv_size": [-2, 2]},
								"down": {"uv": [32, 9], "uv_size": [-2, -2]}
							}
						}
					]
				},
				{
					"name": "right_iris",
					"parent": "right_eyes",
					"pivot": [-0.475, -3.25957, -6.19489],
					"cubes": [
						{
							"origin": [-2.775, 5.44043, -6.49489],
							"size": [0.8, 0.8, 0.8],
							"uv": {
								"north": {"uv": [28, 34], "uv_size": [-1, 1]},
								"east": {"uv": [33, 34], "uv_size": [-1, 1]},
								"south": {"uv": [35, 31], "uv_size": [-1, 1]},
								"west": {"uv": [32, 34], "uv_size": [-1, 1]},
								"up": {"uv": [35, 32], "uv_size": [-1, 1]},
								"down": {"uv": [35, 34], "uv_size": [-1, -1]}
							}
						}
					]
				},
				{
					"name": "left_hear",
					"parent": "head",
					"pivot": [1.4, 6.9, -4.1],
					"rotation": [-54, 0, 20],
					"cubes": [
						{
							"origin": [0.3, 6.2, -4.7],
							"size": [2.2, 6.1, 1],
							"uv": {
								"north": {"uv": [9, 22], "uv_size": [2, 6]},
								"east": {"uv": [2, 29], "uv_size": [1, 6]},
								"south": {"uv": [23, 24], "uv_size": [2, 6]},
								"west": {"uv": [3, 29], "uv_size": [1, 6]},
								"up": {"uv": [4, 21], "uv_size": [2, 1]},
								"down": {"uv": [21, 21], "uv_size": [2, -1]}
							}
						}
					]
				},
				{
					"name": "right_hear",
					"parent": "head",
					"pivot": [-1.4, 6.9, -4.1],
					"rotation": [-54, 0, -20],
					"cubes": [
						{
							"origin": [-2.5, 6.2, -4.7],
							"size": [2.2, 6.1, 1],
							"uv": {
								"north": {"uv": [11, 22], "uv_size": [-2, 6]},
								"east": {"uv": [4, 29], "uv_size": [-1, 6]},
								"south": {"uv": [25, 24], "uv_size": [-2, 6]},
								"west": {"uv": [3, 29], "uv_size": [-1, 6]},
								"up": {"uv": [6, 21], "uv_size": [-2, 1]},
								"down": {"uv": [23, 21], "uv_size": [-2, -1]}
							}
						}
					]
				},
				{
					"name": "claw_down",
					"parent": "head",
					"pivot": [0, 3.1, -4.8],
					"rotation": [47.5, 0, 0],
					"cubes": [
						{
							"origin": [-1.9, 2.1, -7],
							"size": [3.8, 1.2, 2.6],
							"uv": {
								"north": {"uv": [17, 31], "uv_size": [4, 1]},
								"east": {"uv": [33, 20], "uv_size": [2.5, 1]},
								"south": {"uv": [31, 19], "uv_size": [4, 1]},
								"west": {"uv": [33, 21], "uv_size": [2.5, 1]},
								"up": {"uv": [24, 16], "uv_size": [4, 2.5]},
								"down": {"uv": [25, 2.5], "uv_size": [4, -2.5]}
							}
						}
					]
				},
				{
					"name": "tong1",
					"parent": "claw_down",
					"pivot": [0, 3.5, -5.6],
					"cubes": [
						{
							"origin": [-0.95, 3.3, -6.8],
							"size": [1.9, 0.5, 1.4],
							"uv": {
								"north": {"uv": [5, 41], "uv_size": [1.9, 0.5]},
								"east": {"uv": [20, 37], "uv_size": [1.4, 0.5]},
								"south": {"uv": [23, 37], "uv_size": [1.9, 0.5]},
								"west": {"uv": [1, 40], "uv_size": [1.4, 0.5]},
								"up": {"uv": [10.9, 38.4], "uv_size": [-1.9, -1.4]},
								"down": {"uv": [15.9, 39.4], "uv_size": [-1.9, -1.4]}
							}
						}
					]
				},
				{
					"name": "tong2",
					"parent": "tong1",
					"pivot": [-0.05, 3.5, -6.8],
					"cubes": [
						{
							"origin": [-0.95, 3.5, -8.2],
							"size": [1.9, 0, 1.4],
							"uv": {
								"north": {"uv": [5, 41], "uv_size": [1.9, 0.5]},
								"east": {"uv": [20, 37], "uv_size": [1.4, 0.5]},
								"south": {"uv": [23, 37], "uv_size": [1.9, 0.5]},
								"west": {"uv": [1, 40], "uv_size": [1.4, 0.5]},
								"up": {"uv": [10.9, 40.4], "uv_size": [-1.9, -1.4]},
								"down": {"uv": [15.9, 41.4], "uv_size": [-1.9, -1.4]}
							}
						}
					]
				},
				{
					"name": "body2",
					"parent": "body1",
					"pivot": [1, 4.5, 0],
					"rotation": [11, 0, 0],
					"cubes": [
						{
							"origin": [-3, 1.9, 0],
							"size": [6, 6, 6],
							"uv": {
								"north": {"uv": [0, 0], "uv_size": [6, 6]},
								"east": {"uv": [0, 6], "uv_size": [6, 6]},
								"south": {"uv": [6, 0], "uv_size": [6, 6]},
								"west": {"uv": [6, 6], "uv_size": [6, 6]},
								"up": {"uv": [0, 12], "uv_size": [6, 6]},
								"down": {"uv": [12, 6], "uv_size": [6, -6]}
							}
						}
					]
				},
				{
					"name": "tail",
					"parent": "body2",
					"pivot": [1.5, 0.2, 0],
					"cubes": [
						{
							"origin": [-1.5, 5.6, 3.7],
							"size": [3, 3, 3],
							"uv": {
								"north": {"uv": [15, 25], "uv_size": [3, 3]},
								"east": {"uv": [18, 25], "uv_size": [3, 3]},
								"south": {"uv": [25, 24], "uv_size": [3, 3]},
								"west": {"uv": [0, 26], "uv_size": [3, 3]},
								"up": {"uv": [3, 26], "uv_size": [3, 3]},
								"down": {"uv": [6, 29], "uv_size": [3, -3]}
							}
						}
					]
				},
				{
					"name": "back_left_leg",
					"parent": "body2",
					"pivot": [2.1, 3.9, 4.8],
					"rotation": [-2.33854, -17.95006, 1.69617],
					"cubes": [
						{
							"origin": [0.9, 2.14021, 2.67908],
							"size": [3.1, 4, 4],
							"uv": {
								"north": {"uv": [21, 4], "uv_size": [3, 4]},
								"east": {"uv": [17, 6], "uv_size": [4, 4]},
								"south": {"uv": [21, 8], "uv_size": [3, 4]},
								"west": {"uv": [11, 17], "uv_size": [4, 4]},
								"up": {"uv": [11, 21], "uv_size": [3, 4]},
								"down": {"uv": [21, 16], "uv_size": [3, -4]}
							}
						}
					]
				},
				{
					"name": "back_left_leg2",
					"parent": "back_left_leg",
					"pivot": [2.3, 1.64021, 4.87908],
					"rotation": [58, 0, 0],
					"cubes": [
						{
							"origin": [1.4, -0.45979, 3.77908],
							"size": [2.1, 3, 2],
							"uv": {
								"north": {"uv": [4, 18], "uv_size": [2, 3]},
								"east": {"uv": [21, 25], "uv_size": [2, 3]},
								"south": {"uv": [9, 28], "uv_size": [2, 3]},
								"west": {"uv": [21, 28], "uv_size": [2, 3]},
								"up": {"uv": [18, 4], "uv_size": [2, 2]},
								"down": {"uv": [26, 24], "uv_size": [2, -2]}
							}
						}
					]
				},
				{
					"name": "back_left_leg3",
					"parent": "back_left_leg2",
					"pivot": [2.4, 0.14021, 4.27908],
					"rotation": [-43, 0, 0],
					"cubes": [
						{
							"origin": [1.9, -0.35979, 1.67908],
							"size": [1.1, 1.1, 4.1],
							"uv": {
								"north": {"uv": [27, 15], "uv_size": [1, 1]},
								"east": {"uv": [12, 11], "uv_size": [4, 1]},
								"south": {"uv": [28, 18], "uv_size": [1, 1]},
								"west": {"uv": [17, 10], "uv_size": [4, 1]},
								"up": {"uv": [15, 17], "uv_size": [1, 4]},
								"down": {"uv": [6, 33], "uv_size": [1, -4]}
							}
						}
					]
				},
				{
					"name": "bacl_left_leg4",
					"parent": "back_left_leg3",
					"pivot": [1, 0.04021, 1.97908],
					"rotation": [-22, 0, 0],
					"cubes": [
						{
							"origin": [1.6, -0.45979, -0.22092],
							"size": [1.7, 1.4, 2.3],
							"uv": {
								"north": {"uv": [34, 7], "uv_size": [1.5, 1.5]},
								"east": {"uv": [31, 22], "uv_size": [2.5, 1.5]},
								"south": {"uv": [34, 9], "uv_size": [1.5, 1.5]},
								"west": {"uv": [28, 31], "uv_size": [2.5, 1.5]},
								"up": {"uv": [31, 31], "uv_size": [1.5, 2.5]},
								"down": {"uv": [0, 34.5], "uv_size": [1.5, -2.5]}
							}
						}
					]
				},
				{
					"name": "back_right_leg4",
					"parent": "body2",
					"pivot": [-2.1, 3.9, 4.8],
					"rotation": [-2.33854, 17.95006, -1.69617],
					"cubes": [
						{
							"origin": [-4, 2.14021, 2.67908],
							"size": [3.1, 4, 4],
							"uv": {
								"north": {"uv": [23, 20], "uv_size": [3, 4]},
								"east": {"uv": [0, 18], "uv_size": [4, 4]},
								"south": {"uv": [24, 4], "uv_size": [3, 4]},
								"west": {"uv": [18, 0], "uv_size": [4, 4]},
								"up": {"uv": [24, 8], "uv_size": [3, 4]},
								"down": {"uv": [24, 16], "uv_size": [3, -4]}
							}
						}
					]
				},
				{
					"name": "back_right_leg5",
					"parent": "back_right_leg4",
					"pivot": [-2.3, 1.64021, 4.87908],
					"rotation": [58, 0, 0],
					"cubes": [
						{
							"origin": [-3.5, -0.45979, 3.77908],
							"size": [2.1, 3, 2],
							"uv": {
								"north": {"uv": [28, 25], "uv_size": [2, 3]},
								"east": {"uv": [28, 28], "uv_size": [2, 3]},
								"south": {"uv": [0, 29], "uv_size": [2, 3]},
								"west": {"uv": [29, 0], "uv_size": [2, 3]},
								"up": {"uv": [9, 31], "uv_size": [2, 2]},
								"down": {"uv": [11, 33], "uv_size": [2, -2]}
							}
						}
					]
				},
				{
					"name": "back_right_leg6",
					"parent": "back_right_leg5",
					"pivot": [-2.4, 0.14021, 4.27908],
					"rotation": [-43, 0, 0],
					"cubes": [
						{
							"origin": [-3, -0.35979, 1.67908],
							"size": [1.1, 1.1, 4.1],
							"uv": {
								"north": {"uv": [35, 14], "uv_size": [1, 1]},
								"east": {"uv": [31, 2], "uv_size": [4, 1]},
								"south": {"uv": [35, 15], "uv_size": [1, 1]},
								"west": {"uv": [13, 31], "uv_size": [4, 1]},
								"up": {"uv": [27, 30], "uv_size": [1, 4]},
								"down": {"uv": [31, 19], "uv_size": [1, -4]}
							}
						}
					]
				},
				{
					"name": "bacl_right_leg",
					"parent": "back_right_leg6",
					"pivot": [-1, 0.04021, 1.97908],
					"rotation": [-22, 0, 0],
					"cubes": [
						{
							"origin": [-3.3, -0.45979, -0.22092],
							"size": [1.7, 1.4, 2.3],
							"uv": {
								"north": {"uv": [34, 11], "uv_size": [1.5, 1.5]},
								"east": {"uv": [32, 3], "uv_size": [2.5, 1.5]},
								"south": {"uv": [13, 34], "uv_size": [1.5, 1.5]},
								"west": {"uv": [32, 5], "uv_size": [2.5, 1.5]},
								"up": {"uv": [32, 7], "uv_size": [1.5, 2.5]},
								"down": {"uv": [32, 12.5], "uv_size": [1.5, -2.5]}
							}
						}
					]
				},
				{
					"name": "front_left_leg",
					"parent": "body1",
					"pivot": [2.2, 3.4, -1.3],
					"rotation": [21, 0, 0],
					"cubes": [
						{
							"origin": [1.4, 2.5, -2.5],
							"size": [1.7, 2, 2],
							"uv": {
								"north": {"uv": [13, 32], "uv_size": [1.5, 2]},
								"east": {"uv": [7, 29], "uv_size": [2, 2]},
								"south": {"uv": [32, 13], "uv_size": [1.5, 2]},
								"west": {"uv": [29, 18], "uv_size": [2, 2]},
								"up": {"uv": [15, 32], "uv_size": [1.5, 2]},
								"down": {"uv": [32, 17], "uv_size": [1.5, -2]}
							}
						}
					]
				},
				{
					"name": "front_left_leg2",
					"parent": "front_left_leg",
					"pivot": [2.2, 2.6, -1.5],
					"rotation": [-21, 0, 0],
					"cubes": [
						{
							"origin": [1.7, 0.4, -2],
							"size": [1, 2.3, 1],
							"uv": {
								"north": {"uv": [12, 33], "uv_size": [1, 2.5]},
								"east": {"uv": [21, 33], "uv_size": [1, 2.5]},
								"south": {"uv": [22, 33], "uv_size": [1, 2.5]},
								"west": {"uv": [28, 33], "uv_size": [1, 2.5]},
								"up": {"uv": [31, 24], "uv_size": [1, 1]},
								"down": {"uv": [32, 31], "uv_size": [1, -1]}
							}
						}
					]
				},
				{
					"name": "front_left_leg3",
					"parent": "front_left_leg2",
					"pivot": [2.2, 0.6, -1.3],
					"cubes": [
						{
							"origin": [1.6, 0, -2.6],
							"size": [1.2, 0.9, 1.7],
							"uv": {
								"north": {"uv": [34, 23], "uv_size": [1, 1]},
								"east": {"uv": [16, 34], "uv_size": [1.5, 1]},
								"south": {"uv": [24, 34], "uv_size": [1, 1]},
								"west": {"uv": [34, 17], "uv_size": [1.5, 1]},
								"up": {"uv": [18, 34], "uv_size": [1, 1.5]},
								"down": {"uv": [19, 35.5], "uv_size": [1, -1.5]}
							}
						}
					]
				},
				{
					"name": "front_right_leg4",
					"parent": "body1",
					"pivot": [-2.2, 3.4, -1.3],
					"rotation": [21, 0, 0],
					"cubes": [
						{
							"origin": [-3.1, 2.5, -2.5],
							"size": [1.7, 2, 2],
							"uv": {
								"north": {"uv": [33, 0], "uv_size": [1.5, 2]},
								"east": {"uv": [31, 0], "uv_size": [2, 2]},
								"south": {"uv": [6, 33], "uv_size": [1.5, 2]},
								"west": {"uv": [7, 31], "uv_size": [2, 2]},
								"up": {"uv": [8, 33], "uv_size": [1.5, 2]},
								"down": {"uv": [10, 35], "uv_size": [1.5, -2]}
							}
						}
					]
				},
				{
					"name": "front_right_leg5",
					"parent": "front_right_leg4",
					"pivot": [-2.2, 2.6, -1.5],
					"rotation": [-21, 0, 0],
					"cubes": [
						{
							"origin": [-2.7, 0.4, -2],
							"size": [1, 2.3, 1],
							"uv": {
								"north": {"uv": [29, 33], "uv_size": [1, 2.5]},
								"east": {"uv": [30, 33], "uv_size": [1, 2.5]},
								"south": {"uv": [33, 30], "uv_size": [1, 2.5]},
								"west": {"uv": [33, 33], "uv_size": [1, 2.5]},
								"up": {"uv": [9, 35], "uv_size": [1, 1]},
								"down": {"uv": [10, 36], "uv_size": [1, -1]}
							}
						}
					]
				},
				{
					"name": "front_right_leg6",
					"parent": "front_right_leg5",
					"pivot": [-2.2, 0.6, -1.3],
					"cubes": [
						{
							"origin": [-2.8, 0, -2.6],
							"size": [1.2, 0.9, 1.7],
							"uv": {
								"north": {"uv": [11, 35], "uv_size": [1, 1]},
								"east": {"uv": [34, 18], "uv_size": [1.5, 1]},
								"south": {"uv": [35, 13], "uv_size": [1, 1]},
								"west": {"uv": [34, 22], "uv_size": [1.5, 1]},
								"up": {"uv": [20, 34], "uv_size": [1, 1.5]},
								"down": {"uv": [23, 35.5], "uv_size": [1, -1.5]}
							}
						}
					]
				}
			]
		}
	]
}