{
	"format_version": "1.12.0",
	"minecraft:geometry": [
		{
			"description": {
				"identifier": "geometry.wacky_animals.wacky_dog",
				"texture_width": 64,
				"texture_height": 64,
				"visible_bounds_width": 2,
				"visible_bounds_height": 2.5,
				"visible_bounds_offset": [0, 0.75, 0]
			},
			"bones": [
				{
					"name": "total",
					"pivot": [0, -0.7, 0]
				},
				{
					"name": "body1",
					"parent": "total",
					"pivot": [0, 5.3, 0],
					"cubes": [
						{
							"origin": [-3.7, 3.1, -8],
							"size": [7.4, 7.4, 8],
							"uv": {
								"north": {"uv": [0, 16], "uv_size": [7.5, 7.5]},
								"east": {"uv": [0, 0], "uv_size": [8, 7.5]},
								"south": {"uv": [16, 0], "uv_size": [7.5, 7.5]},
								"west": {"uv": [0, 8], "uv_size": [8, 7.5]},
								"up": {"uv": [8, 0], "uv_size": [7.5, 8]},
								"down": {"uv": [8, 16], "uv_size": [7.5, -8]}
							}
						}
					]
				},
				{
					"name": "front_left_leg",
					"parent": "body1",
					"pivot": [3, 5, -4],
					"cubes": [
						{
							"origin": [2.7, 3, -6],
							"size": [2, 3.5, 3.5],
							"uv": {
								"north": {"uv": [32, 34], "uv_size": [2, 3.5]},
								"east": {"uv": [28, 4], "uv_size": [3.5, 3.5]},
								"south": {"uv": [34, 34], "uv_size": [2, 3.5]},
								"west": {"uv": [29, 12], "uv_size": [3.5, 3.5]},
								"up": {"uv": [0, 35], "uv_size": [2, 3.5]},
								"down": {"uv": [35, 3.5], "uv_size": [2, -3.5]}
							}
						}
					]
				},
				{
					"name": "left_front_leg",
					"parent": "front_left_leg",
					"pivot": [3.85, 4.3, -3.8],
					"cubes": [
						{
							"origin": [3, 0.1, -4.6],
							"size": [1.3, 5.8, 1.6],
							"uv": {
								"north": {"uv": [14, 31], "uv_size": [1.5, 6]},
								"east": {"uv": [3, 32], "uv_size": [1.5, 6]},
								"south": {"uv": [5, 32], "uv_size": [1.5, 6]},
								"west": {"uv": [32, 28], "uv_size": [1.5, 6]},
								"up": {"uv": [20, 39], "uv_size": [1.5, 1.5]},
								"down": {"uv": [39, 21.5], "uv_size": [1.5, -1.5]}
							}
						}
					]
				},
				{
					"name": "left_front_leg3",
					"parent": "left_front_leg",
					"pivot": [3.85, 0.3, -3.3]
				},
				{
					"name": "left_foot",
					"parent": "left_front_leg3",
					"pivot": [3.85, 0.8, -3.7],
					"cubes": [
						{
							"origin": [2.75, 0, -5],
							"size": [1.8, 0.9, 1.5],
							"uv": {
								"north": {"uv": [39, 36], "uv_size": [2, 1]},
								"east": {"uv": [34, 40], "uv_size": [1.5, 1]},
								"south": {"uv": [39, 37], "uv_size": [2, 1]},
								"west": {"uv": [40, 34], "uv_size": [1.5, 1]},
								"up": {"uv": [0, 39], "uv_size": [2, 1.5]},
								"down": {"uv": [39, 5.5], "uv_size": [2, -1.5]}
							}
						}
					]
				},
				{
					"name": "left_feet",
					"parent": "left_foot",
					"pivot": [3.85, 0.1, -5.1],
					"cubes": [
						{
							"origin": [2.65, 0, -6.1],
							"size": [2, 1.1, 1.1],
							"uv": {
								"north": {"uv": [40, 0], "uv_size": [2, 1]},
								"east": {"uv": [41, 18], "uv_size": [1, 1]},
								"south": {"uv": [40, 1], "uv_size": [2, 1]},
								"west": {"uv": [19, 41], "uv_size": [1, 1]},
								"up": {"uv": [2, 40], "uv_size": [2, 1]},
								"down": {"uv": [40, 3], "uv_size": [2, -1]}
							}
						}
					]
				},
				{
					"name": "front_right_leg",
					"parent": "body1",
					"pivot": [-3, 5, -4],
					"cubes": [
						{
							"origin": [-4.7, 3, -6],
							"size": [2, 3.5, 3.5],
							"uv": {
								"north": {"uv": [34, 34], "uv_size": [-2, 3.5]},
								"east": {"uv": [32.5, 12], "uv_size": [-3.5, 3.5]},
								"south": {"uv": [36, 34], "uv_size": [-2, 3.5]},
								"west": {"uv": [31.5, 4], "uv_size": [-3.5, 3.5]},
								"up": {"uv": [2, 35], "uv_size": [-2, 3.5]},
								"down": {"uv": [37, 3.5], "uv_size": [-2, -3.5]}
							}
						}
					]
				},
				{
					"name": "right_front_leg",
					"parent": "front_right_leg",
					"pivot": [-3.85, 4.3, -3.8],
					"cubes": [
						{
							"origin": [-4.3, 0.1, -4.6],
							"size": [1.3, 5.8, 1.6],
							"uv": {
								"north": {"uv": [15.5, 31], "uv_size": [-1.5, 6]},
								"east": {"uv": [33.5, 28], "uv_size": [-1.5, 6]},
								"south": {"uv": [6.5, 32], "uv_size": [-1.5, 6]},
								"west": {"uv": [4.5, 32], "uv_size": [-1.5, 6]},
								"up": {"uv": [21.5, 39], "uv_size": [-1.5, 1.5]},
								"down": {"uv": [40.5, 21.5], "uv_size": [-1.5, -1.5]}
							}
						}
					]
				},
				{
					"name": "right_front_leg4",
					"parent": "right_front_leg",
					"pivot": [-3.85, 0.3, -3.3]
				},
				{
					"name": "right_foot",
					"parent": "right_front_leg4",
					"pivot": [-3.85, 0.8, -3.7],
					"cubes": [
						{
							"origin": [-4.55, 0, -5],
							"size": [1.8, 0.9, 1.5],
							"uv": {
								"north": {"uv": [41, 36], "uv_size": [-2, 1]},
								"east": {"uv": [41.5, 34], "uv_size": [-1.5, 1]},
								"south": {"uv": [41, 37], "uv_size": [-2, 1]},
								"west": {"uv": [35.5, 40], "uv_size": [-1.5, 1]},
								"up": {"uv": [2, 39], "uv_size": [-2, 1.5]},
								"down": {"uv": [41, 5.5], "uv_size": [-2, -1.5]}
							}
						}
					]
				},
				{
					"name": "right_feet",
					"parent": "right_foot",
					"pivot": [-3.85, 0.1, -5.1],
					"cubes": [
						{
							"origin": [-4.65, 0, -6.1],
							"size": [2, 1.1, 1.1],
							"uv": {
								"north": {"uv": [42, 0], "uv_size": [-2, 1]},
								"east": {"uv": [20, 41], "uv_size": [-1, 1]},
								"south": {"uv": [42, 1], "uv_size": [-2, 1]},
								"west": {"uv": [42, 18], "uv_size": [-1, 1]},
								"up": {"uv": [4, 40], "uv_size": [-2, 1]},
								"down": {"uv": [42, 3], "uv_size": [-2, -1]}
							}
						}
					]
				},
				{
					"name": "neck",
					"parent": "body1",
					"pivot": [0, 5.6, -8.8],
					"cubes": [
						{
							"origin": [-2, 4, -10.7],
							"size": [4, 4, 3.4],
							"uv": {
								"north": {"uv": [4, 24], "uv_size": [4, 4]},
								"east": {"uv": [12, 27], "uv_size": [3.5, 4]},
								"south": {"uv": [24, 4], "uv_size": [4, 4]},
								"west": {"uv": [0, 28], "uv_size": [3.5, 4]},
								"up": {"uv": [28, 0], "uv_size": [4, 3.5]},
								"down": {"uv": [4, 31.5], "uv_size": [4, -3.5]}
							}
						}
					]
				},
				{
					"name": "head",
					"parent": "neck",
					"pivot": [0, 5.7, -9],
					"cubes": [
						{
							"origin": [-2.5, 3.7, -11],
							"size": [5, 5, 3],
							"uv": {
								"north": {"uv": [8, 22], "uv_size": [5, 5]},
								"east": {"uv": [23, 25], "uv_size": [3, 5]},
								"south": {"uv": [22, 8], "uv_size": [5, 5]},
								"west": {"uv": [26, 13], "uv_size": [3, 5]},
								"up": {"uv": [26, 23], "uv_size": [5, 3]},
								"down": {"uv": [26, 29], "uv_size": [5, -3]}
							}
						},
						{
							"origin": [-1.5, 5.4, -11.9],
							"size": [3, 2, 0.9],
							"uv": {
								"north": {"uv": [16, 14], "uv_size": [3, 2]},
								"east": {"uv": [19, 14], "uv_size": [1, 2]},
								"south": {"uv": [16, 27], "uv_size": [3, 2]},
								"west": {"uv": [13, 25], "uv_size": [1, 2]},
								"up": {"uv": [26, 18], "uv_size": [3, 1]},
								"down": {"uv": [37, 24], "uv_size": [3, -1]}
							}
						},
						{
							"origin": [-2.5, 5.4, -11.6],
							"size": [5, 2, 0],
							"uv": {
								"north": {"uv": [31, 24], "uv_size": [5, 2]},
								"east": {"uv": [0, 0], "uv_size": [0, 2]},
								"south": {"uv": [31, 26], "uv_size": [5, 2]},
								"west": {"uv": [0, 0], "uv_size": [0, 2]},
								"up": {"uv": [0, 0], "uv_size": [5, 0]},
								"down": {"uv": [0, 0], "uv_size": [5, 0]}
							}
						}
					]
				},
				{
					"name": "right_mustache",
					"parent": "head",
					"pivot": [-1.5, 5.05, -11.8]
				},
				{
					"name": "noze",
					"parent": "head",
					"pivot": [0, 5.6, -12.15],
					"cubes": [
						{
							"origin": [-0.5, 6.6, -12.1],
							"size": [1, 1, 0.9],
							"uv": {
								"north": {"uv": [6, 38], "uv_size": [1, 1]},
								"east": {"uv": [12, 40], "uv_size": [1, 1]},
								"south": {"uv": [15, 40], "uv_size": [1, 1]},
								"west": {"uv": [41, 6], "uv_size": [1, 1]},
								"up": {"uv": [41, 7], "uv_size": [1, 1]},
								"down": {"uv": [8, 42], "uv_size": [1, -1]}
							}
						}
					]
				},
				{
					"name": "left_eyes",
					"parent": "head",
					"pivot": [2.05, 6.64043, -10.51989],
					"cubes": [
						{
							"origin": [1.24046, 5.89043, -11.17081],
							"size": [1.6, 1.5, 1.8],
							"uv": {
								"north": {"uv": [16, 39], "uv_size": [1.5, 1.5]},
								"east": {"uv": [24, 38], "uv_size": [2, 1.5]},
								"south": {"uv": [39, 16], "uv_size": [1.5, 1.5]},
								"west": {"uv": [26, 38], "uv_size": [2, 1.5]},
								"up": {"uv": [28, 38], "uv_size": [1.5, 2]},
								"down": {"uv": [30, 40], "uv_size": [1.5, -2]}
							}
						}
					]
				},
				{
					"name": "up",
					"parent": "left_eyes",
					"pivot": [2.23678, 6.84043, -10.43264],
					"cubes": [
						{
							"origin": [1.14046, 7.09043, -11.27081],
							"size": [1.8, 0.7, 2],
							"uv": {
								"north": {"uv": [40, 39], "uv_size": [2, 0.5]},
								"east": {"uv": [40, 40], "uv_size": [2, 0.5]},
								"south": {"uv": [0, 41], "uv_size": [2, 0.5]},
								"west": {"uv": [2, 41], "uv_size": [2, 0.5]},
								"up": {"uv": [13, 37], "uv_size": [2, 2]},
								"down": {"uv": [37, 16], "uv_size": [2, -2]}
							}
						}
					]
				},
				{
					"name": "down",
					"parent": "left_eyes",
					"pivot": [2.2, 5.69043, -10.46989],
					"cubes": [
						{
							"origin": [1.14046, 5.59043, -11.27081],
							"size": [1.8, 0.7, 2],
							"uv": {
								"north": {"uv": [4, 41], "uv_size": [2, 0.5]},
								"east": {"uv": [41, 4], "uv_size": [2, 0.5]},
								"south": {"uv": [41, 5], "uv_size": [2, 0.5]},
								"west": {"uv": [6, 41], "uv_size": [2, 0.5]},
								"up": {"uv": [37, 18], "uv_size": [2, 2]},
								"down": {"uv": [37, 22], "uv_size": [2, -2]}
							}
						}
					]
				},
				{
					"name": "left_iris",
					"parent": "left_eyes",
					"pivot": [2.575, 6.44043, -11.09489],
					"cubes": [
						{
							"origin": [2.275, 6.34043, -11.19489],
							"size": [0.6, 0.6, 0.6],
							"uv": {
								"north": {"uv": [41, 22], "uv_size": [0.5, 0.5]},
								"east": {"uv": [23, 41], "uv_size": [0.5, 0.5]},
								"south": {"uv": [24, 41], "uv_size": [0.5, 0.5]},
								"west": {"uv": [25, 41], "uv_size": [0.5, 0.5]},
								"up": {"uv": [26, 41], "uv_size": [0.5, 0.5]},
								"down": {"uv": [27, 41.5], "uv_size": [0.5, -0.5]}
							}
						}
					]
				},
				{
					"name": "right_eyes",
					"parent": "head",
					"pivot": [-2.05, 6.64043, -10.51989],
					"cubes": [
						{
							"origin": [-2.84046, 5.89043, -11.17081],
							"size": [1.6, 1.5, 1.8],
							"uv": {
								"north": {"uv": [17.5, 39], "uv_size": [-1.5, 1.5]},
								"east": {"uv": [28, 38], "uv_size": [-2, 1.5]},
								"south": {"uv": [40.5, 16], "uv_size": [-1.5, 1.5]},
								"west": {"uv": [26, 38], "uv_size": [-2, 1.5]},
								"up": {"uv": [29.5, 38], "uv_size": [-1.5, 2]},
								"down": {"uv": [31.5, 40], "uv_size": [-1.5, -2]}
							}
						}
					]
				},
				{
					"name": "up2",
					"parent": "right_eyes",
					"pivot": [-2.23678, 6.84043, -10.43264],
					"cubes": [
						{
							"origin": [-2.94046, 7.09043, -11.27081],
							"size": [1.8, 0.7, 2],
							"uv": {
								"north": {"uv": [42, 39], "uv_size": [-2, 0.5]},
								"east": {"uv": [4, 41], "uv_size": [-2, 0.5]},
								"south": {"uv": [2, 41], "uv_size": [-2, 0.5]},
								"west": {"uv": [42, 40], "uv_size": [-2, 0.5]},
								"up": {"uv": [15, 37], "uv_size": [-2, 2]},
								"down": {"uv": [39, 16], "uv_size": [-2, -2]}
							}
						}
					]
				},
				{
					"name": "down2",
					"parent": "right_eyes",
					"pivot": [-2.2, 5.69043, -10.46989],
					"cubes": [
						{
							"origin": [-2.94046, 5.59043, -11.27081],
							"size": [1.8, 0.7, 2],
							"uv": {
								"north": {"uv": [6, 41], "uv_size": [-2, 0.5]},
								"east": {"uv": [8, 41], "uv_size": [-2, 0.5]},
								"south": {"uv": [43, 5], "uv_size": [-2, 0.5]},
								"west": {"uv": [43, 4], "uv_size": [-2, 0.5]},
								"up": {"uv": [39, 18], "uv_size": [-2, 2]},
								"down": {"uv": [39, 22], "uv_size": [-2, -2]}
							}
						}
					]
				},
				{
					"name": "right_iris",
					"parent": "right_eyes",
					"pivot": [-2.575, 6.44043, -11.09489],
					"cubes": [
						{
							"origin": [-2.875, 6.34043, -11.19489],
							"size": [0.6, 0.6, 0.6],
							"uv": {
								"north": {"uv": [41.5, 22], "uv_size": [-0.5, 0.5]},
								"east": {"uv": [25.5, 41], "uv_size": [-0.5, 0.5]},
								"south": {"uv": [24.5, 41], "uv_size": [-0.5, 0.5]},
								"west": {"uv": [23.5, 41], "uv_size": [-0.5, 0.5]},
								"up": {"uv": [26.5, 41], "uv_size": [-0.5, 0.5]},
								"down": {"uv": [27.5, 41.5], "uv_size": [-0.5, -0.5]}
							}
						}
					]
				},
				{
					"name": "left_hear",
					"parent": "head",
					"pivot": [1, 8.7, -8.5],
					"cubes": [
						{
							"origin": [2.1, 7.5, -9.2],
							"size": [2.5, 2, 1],
							"pivot": [1, 8.7, -8.6],
							"rotation": [0, 0, 41.5],
							"uv": {
								"north": {"uv": [29, 36], "uv_size": [2.5, 2]},
								"east": {"uv": [25, 23], "uv_size": [1, 2]},
								"south": {"uv": [36, 36], "uv_size": [2.5, 2]},
								"west": {"uv": [33, 18], "uv_size": [1, 2]},
								"up": {"uv": [10, 39], "uv_size": [2.5, 1]},
								"down": {"uv": [39, 11], "uv_size": [2.5, -1]}
							}
						}
					]
				},
				{
					"name": "right_hear",
					"parent": "head",
					"pivot": [-1, 8.7, -8.5],
					"cubes": [
						{
							"origin": [-4.6, 7.5, -9.2],
							"size": [2.5, 2, 1],
							"pivot": [-1, 8.7, -8.6],
							"rotation": [0, 0, -41.5],
							"uv": {
								"north": {"uv": [37, 0], "uv_size": [2.5, 2]},
								"east": {"uv": [25, 34], "uv_size": [1, 2]},
								"south": {"uv": [37, 2], "uv_size": [2.5, 2]},
								"west": {"uv": [13, 35], "uv_size": [1, 2]},
								"up": {"uv": [39, 11], "uv_size": [2.5, 1]},
								"down": {"uv": [39, 13], "uv_size": [2.5, -1]}
							}
						}
					]
				},
				{
					"name": "claw_down",
					"parent": "head",
					"pivot": [0, 5.3, -10.8],
					"rotation": [50, 0, 0],
					"cubes": [
						{
							"origin": [-2.1, 3.9, -12.9],
							"size": [4.2, 1.5, 3.5],
							"uv": {
								"north": {"uv": [35, 4], "uv_size": [4, 1.5]},
								"east": {"uv": [36, 26], "uv_size": [3.5, 1.5]},
								"south": {"uv": [35, 16], "uv_size": [4, 1.5]},
								"west": {"uv": [36, 34], "uv_size": [3.5, 1.5]},
								"up": {"uv": [8, 27], "uv_size": [4, 3.5]},
								"down": {"uv": [27, 11.5], "uv_size": [4, -3.5]}
							}
						},
						{
							"origin": [-1.9, 5, -12.5],
							"size": [3.8, 1.1, 1.7],
							"pivot": [0, 5.95, -11.85],
							"rotation": [-17, 0, 0],
							"uv": {
								"north": {"uv": [22, 13], "uv_size": [4, 1]},
								"east": {"uv": [30, 40], "uv_size": [1.5, 1]},
								"south": {"uv": [37, 22], "uv_size": [4, 1]},
								"west": {"uv": [32, 40], "uv_size": [1.5, 1]},
								"up": {"uv": [36, 24], "uv_size": [4, 1.5]},
								"down": {"uv": [25, 37.5], "uv_size": [4, -1.5]}
							}
						}
					]
				},
				{
					"name": "tongue1",
					"parent": "neck",
					"pivot": [0, 5.2, -10.6],
					"cubes": [
						{
							"origin": [-1, 5, -12.6],
							"size": [2, 0.5, 2],
							"uv": {
								"north": {"uv": [0, 44], "uv_size": [2, 0.5]},
								"east": {"uv": [3, 43], "uv_size": [2, 0.5]},
								"south": {"uv": [3, 44], "uv_size": [2, 0.5]},
								"west": {"uv": [3, 42], "uv_size": [2, 0.5]},
								"up": {"uv": [2, 44], "uv_size": [-2, -2]},
								"down": {"uv": [8, 44], "uv_size": [-2, -2]}
							}
						}
					]
				},
				{
					"name": "tongue2",
					"parent": "tongue1",
					"pivot": [-0.05, 5.2, -12.6],
					"cubes": [
						{
							"origin": [-0.75, 5.1, -13.8],
							"size": [1.5, 0.3, 1.3],
							"uv": {
								"north": {"uv": [12, 43], "uv_size": [1.5, 0.3]},
								"east": {"uv": [9, 45], "uv_size": [1.3, 0.3]},
								"south": {"uv": [9, 46], "uv_size": [1.5, 0.3]},
								"west": {"uv": [12, 42], "uv_size": [1.3, 0.3]},
								"up": {"uv": [10.5, 43.3], "uv_size": [-1.5, -1.3]},
								"down": {"uv": [7.5, 46.3], "uv_size": [-1.5, -1.3]}
							}
						}
					]
				},
				{
					"name": "tongue3",
					"parent": "tongue2",
					"pivot": [-0.05, 5.3, -13.5],
					"cubes": [
						{
							"origin": [-1.25, 5.25, -15],
							"size": [2.5, 0, 1.5],
							"uv": {
								"north": {"uv": [0, 44], "uv_size": [2.5, 0]},
								"east": {"uv": [3, 43], "uv_size": [1.5, 0]},
								"south": {"uv": [3, 44], "uv_size": [2.5, 0]},
								"west": {"uv": [3, 42], "uv_size": [1.5, 0]},
								"up": {"uv": [2.5, 46.5], "uv_size": [-2.5, -1.5]},
								"down": {"uv": [5.5, 46.5], "uv_size": [-2.5, -1.5]}
							}
						}
					]
				},
				{
					"name": "body2",
					"parent": "total",
					"pivot": [-0.5, 5.3, 0],
					"cubes": [
						{
							"origin": [-3, 3.6, 0],
							"size": [6, 5.7, 5],
							"uv": {
								"north": {"uv": [8, 16], "uv_size": [6, 5.5]},
								"east": {"uv": [20, 19], "uv_size": [5, 5.5]},
								"south": {"uv": [16, 8], "uv_size": [6, 5.5]},
								"west": {"uv": [14, 21], "uv_size": [5, 5.5]},
								"up": {"uv": [14, 16], "uv_size": [6, 5]},
								"down": {"uv": [20, 19], "uv_size": [6, -5]}
							}
						}
					]
				},
				{
					"name": "tail1",
					"parent": "body2",
					"pivot": [-0.5, 9.3, 5],
					"cubes": [
						{
							"origin": [-1, 7.8, 3.7],
							"size": [2, 2, 2],
							"uv": {
								"north": {"uv": [29, 20], "uv_size": [2, 2]},
								"east": {"uv": [32, 6], "uv_size": [2, 2]},
								"south": {"uv": [37, 6], "uv_size": [2, 2]},
								"west": {"uv": [37, 8], "uv_size": [2, 2]},
								"up": {"uv": [37, 10], "uv_size": [2, 2]},
								"down": {"uv": [37, 14], "uv_size": [2, -2]}
							}
						}
					]
				},
				{
					"name": "left_back_leg1",
					"parent": "body2",
					"pivot": [2.9, 5.6, 3.7],
					"rotation": [-35, 0, 0],
					"cubes": [
						{
							"origin": [0.9, 4.1, 1.2],
							"size": [3, 4, 4],
							"uv": {
								"north": {"uv": [20, 29], "uv_size": [3, 4]},
								"east": {"uv": [0, 24], "uv_size": [4, 4]},
								"south": {"uv": [26, 29], "uv_size": [3, 4]},
								"west": {"uv": [24, 0], "uv_size": [4, 4]},
								"up": {"uv": [29, 29], "uv_size": [3, 4]},
								"down": {"uv": [23, 34], "uv_size": [3, -4]}
							}
						}
					]
				},
				{
					"name": "left_back_leg2",
					"parent": "left_back_leg1",
					"pivot": [2.75, 4.1, 3.2],
					"rotation": [65, 0, 0],
					"cubes": [
						{
							"origin": [1.2, 1.6, 2.7],
							"size": [2.5, 3, 3],
							"uv": {
								"north": {"uv": [29, 33], "uv_size": [2.5, 3]},
								"east": {"uv": [0, 32], "uv_size": [3, 3]},
								"south": {"uv": [34, 6], "uv_size": [2.5, 3]},
								"west": {"uv": [32, 0], "uv_size": [3, 3]},
								"up": {"uv": [34, 9], "uv_size": [2.5, 3]},
								"down": {"uv": [34, 21], "uv_size": [2.5, -3]}
							}
						}
					]
				},
				{
					"name": "left_back_leg3",
					"parent": "left_back_leg2",
					"pivot": [2.75, 1.8, 3.7],
					"rotation": [-30.5, 0, 0],
					"cubes": [
						{
							"origin": [2.05, -0.67752, 3.16994],
							"size": [1, 2.5, 1],
							"uv": {
								"north": {"uv": [19, 21], "uv_size": [1, 2.5]},
								"east": {"uv": [13, 22], "uv_size": [1, 2.5]},
								"south": {"uv": [7, 32], "uv_size": [1, 2.5]},
								"west": {"uv": [2, 35], "uv_size": [1, 2.5]},
								"up": {"uv": [19, 24], "uv_size": [1, 1]},
								"down": {"uv": [31, 29], "uv_size": [1, -1]}
							}
						}
					]
				},
				{
					"name": "left_back_foot",
					"parent": "left_back_leg3",
					"pivot": [2.75, -0.77752, 3.66994],
					"cubes": [
						{
							"origin": [1.65, -1.17752, 2.76994],
							"size": [1.8, 1, 1.5],
							"uv": {
								"north": {"uv": [27, 12], "uv_size": [2, 1]},
								"east": {"uv": [40, 27], "uv_size": [1.5, 1]},
								"south": {"uv": [29, 22], "uv_size": [2, 1]},
								"west": {"uv": [28, 40], "uv_size": [1.5, 1]},
								"up": {"uv": [2, 38], "uv_size": [2, 1.5]},
								"down": {"uv": [4, 39.5], "uv_size": [2, -1.5]}
							}
						}
					]
				},
				{
					"name": "left_back_feet",
					"parent": "left_back_foot",
					"pivot": [2.75, -1.07752, 2.76994],
					"cubes": [
						{
							"origin": [1.45, -1.17752, 1.66994],
							"size": [2.2, 1.1, 1.1],
							"uv": {
								"north": {"uv": [39, 30], "uv_size": [2, 1]},
								"east": {"uv": [22, 33], "uv_size": [1, 1]},
								"south": {"uv": [39, 31], "uv_size": [2, 1]},
								"west": {"uv": [24, 37], "uv_size": [1, 1]},
								"up": {"uv": [39, 32], "uv_size": [2, 1]},
								"down": {"uv": [39, 34], "uv_size": [2, -1]}
							}
						}
					]
				},
				{
					"name": "right_back_leg4",
					"parent": "body2",
					"pivot": [-2.9, 5.6, 3.7],
					"rotation": [-35, 0, 0],
					"cubes": [
						{
							"origin": [-3.9, 4.1, 1.2],
							"size": [3, 4, 4],
							"uv": {
								"north": {"uv": [23, 29], "uv_size": [-3, 4]},
								"east": {"uv": [28, 0], "uv_size": [-4, 4]},
								"south": {"uv": [29, 29], "uv_size": [-3, 4]},
								"west": {"uv": [4, 24], "uv_size": [-4, 4]},
								"up": {"uv": [32, 29], "uv_size": [-3, 4]},
								"down": {"uv": [26, 34], "uv_size": [-3, -4]}
							}
						}
					]
				},
				{
					"name": "right_back_leg5",
					"parent": "right_back_leg4",
					"pivot": [-2.75, 4.1, 3.2],
					"rotation": [65, 0, 0],
					"cubes": [
						{
							"origin": [-3.7, 1.6, 2.7],
							"size": [2.5, 3, 3],
							"uv": {
								"north": {"uv": [31.5, 33], "uv_size": [-2.5, 3]},
								"east": {"uv": [35, 0], "uv_size": [-3, 3]},
								"south": {"uv": [36.5, 6], "uv_size": [-2.5, 3]},
								"west": {"uv": [3, 32], "uv_size": [-3, 3]},
								"up": {"uv": [36.5, 9], "uv_size": [-2.5, 3]},
								"down": {"uv": [36.5, 21], "uv_size": [-2.5, -3]}
							}
						}
					]
				},
				{
					"name": "right_back_leg6",
					"parent": "right_back_leg5",
					"pivot": [-2.75, 1.8, 3.7],
					"rotation": [-30.5, 0, 0],
					"cubes": [
						{
							"origin": [-3.05, -0.67752, 3.16994],
							"size": [1, 2.5, 1],
							"uv": {
								"north": {"uv": [20, 21], "uv_size": [-1, 2.5]},
								"east": {"uv": [3, 35], "uv_size": [-1, 2.5]},
								"south": {"uv": [8, 32], "uv_size": [-1, 2.5]},
								"west": {"uv": [14, 22], "uv_size": [-1, 2.5]},
								"up": {"uv": [20, 24], "uv_size": [-1, 1]},
								"down": {"uv": [32, 29], "uv_size": [-1, -1]}
							}
						}
					]
				},
				{
					"name": "right_back_foot",
					"parent": "right_back_leg6",
					"pivot": [-2.75, -0.77752, 3.66994],
					"cubes": [
						{
							"origin": [-3.45, -1.17752, 2.76994],
							"size": [1.8, 1, 1.5],
							"uv": {
								"north": {"uv": [29, 12], "uv_size": [-2, 1]},
								"east": {"uv": [29.5, 40], "uv_size": [-1.5, 1]},
								"south": {"uv": [31, 22], "uv_size": [-2, 1]},
								"west": {"uv": [41.5, 27], "uv_size": [-1.5, 1]},
								"up": {"uv": [4, 38], "uv_size": [-2, 1.5]},
								"down": {"uv": [6, 39.5], "uv_size": [-2, -1.5]}
							}
						}
					]
				},
				{
					"name": "right_back_feet",
					"parent": "right_back_foot",
					"pivot": [-2.75, -1.07752, 2.76994],
					"cubes": [
						{
							"origin": [-3.65, -1.17752, 1.66994],
							"size": [2.2, 1.1, 1.1],
							"uv": {
								"north": {"uv": [41, 30], "uv_size": [-2, 1]},
								"east": {"uv": [25, 37], "uv_size": [-1, 1]},
								"south": {"uv": [41, 31], "uv_size": [-2, 1]},
								"west": {"uv": [23, 33], "uv_size": [-1, 1]},
								"up": {"uv": [41, 32], "uv_size": [-2, 1]},
								"down": {"uv": [41, 34], "uv_size": [-2, -1]}
							}
						}
					]
				}
			]
		}
	]
}