{
	"format_version": "1.12.0",
	"minecraft:geometry": [
		{
			"description": {
				"identifier": "geometry.wacky_animals.wacky_fish_3",
				"texture_width": 64,
				"texture_height": 64,
				"visible_bounds_width": 3,
				"visible_bounds_height": 2.5,
				"visible_bounds_offset": [0, 0.75, 0]
			},
			"bones": [
				{
					"name": "total",
					"pivot": [0, 0, 0]
				},
				{
					"name": "body",
					"parent": "total",
					"pivot": [0, 9.29829, 0.10286],
					"cubes": [
						{
							"origin": [-4.32, 4.896, -5.76],
							"size": [8.64, 9.504, 12.96],
							"uv": {
								"north": {"uv": [11, 26], "uv_size": [8.5, 9.5]},
								"east": {"uv": [0, 0], "uv_size": [13, 9.5]},
								"south": {"uv": [0, 30], "uv_size": [8.5, 9.5]},
								"west": {"uv": [0, 10], "uv_size": [13, 9.5]},
								"up": {"uv": [13, 0], "uv_size": [8.5, 13]},
								"down": {"uv": [13, 26], "uv_size": [8.5, -13]}
							}
						}
					]
				},
				{
					"name": "head",
					"parent": "body",
					"pivot": [-0.72, 10.02055, -2.12466],
					"cubes": [
						{
							"origin": [-1.728, 6.49655, -6.01266],
							"size": [3.456, 0.72, 3.888],
							"pivot": [-0.72, 10.02055, -5.72466],
							"rotation": [-9, 0, 0],
							"uv": {
								"north": {"uv": [47, 44], "uv_size": [3.5, 0.5]},
								"east": {"uv": [32, 47], "uv_size": [4, 0.5]},
								"south": {"uv": [47, 45], "uv_size": [3.5, 0.5]},
								"west": {"uv": [39, 47], "uv_size": [4, 0.5]},
								"up": {"uv": [43, 8], "uv_size": [3.5, 4]},
								"down": {"uv": [15, 47], "uv_size": [3.5, -4]}
							}
						},
						{
							"origin": [-2.16, 7.14055, -6.44466],
							"size": [4.32, 1.44, 4.32],
							"pivot": [-0.72, 10.02055, -5.72466],
							"rotation": [-9, 0, 0],
							"uv": {
								"north": {"uv": [44, 20], "uv_size": [4.5, 1.5]},
								"east": {"uv": [44, 22], "uv_size": [4.5, 1.5]},
								"south": {"uv": [44, 30], "uv_size": [4.5, 1.5]},
								"west": {"uv": [44, 32], "uv_size": [4.5, 1.5]},
								"up": {"uv": [0, 40], "uv_size": [4.5, 4.5]},
								"down": {"uv": [5, 44.5], "uv_size": [4.5, -4.5]}
							}
						},
						{
							"origin": [-2.16, 8.58055, -6.44466],
							"size": [4.32, 5.76, 4.32],
							"pivot": [-0.72, 10.02055, -5.72466],
							"rotation": [-9, 0, 0],
							"uv": {
								"north": {"uv": [17, 37], "uv_size": [4.5, 6]},
								"east": {"uv": [22, 37], "uv_size": [4.5, 6]},
								"south": {"uv": [27, 37], "uv_size": [4.5, 6]},
								"west": {"uv": [32, 37], "uv_size": [4.5, 6]},
								"up": {"uv": [38, 5], "uv_size": [4.5, 4.5]},
								"down": {"uv": [38, 14.5], "uv_size": [4.5, -4.5]}
							}
						}
					]
				},
				{
					"name": "left_eyes",
					"parent": "head",
					"pivot": [2.664, 11.43422, -5.78864],
					"cubes": [
						{
							"origin": [1.92629, 8.19422, -6.97274],
							"size": [1.872, 2.16, 2.592],
							"pivot": [2.86229, 8.26622, -5.67674],
							"rotation": [0, -11, 0],
							"uv": {
								"north": {"uv": [39, 45], "uv_size": [2, 2]},
								"east": {"uv": [45, 15], "uv_size": [2.5, 2]},
								"south": {"uv": [41, 45], "uv_size": [2, 2]},
								"west": {"uv": [45, 17], "uv_size": [2.5, 2]},
								"up": {"uv": [24, 45], "uv_size": [2, 2.5]},
								"down": {"uv": [45, 26.5], "uv_size": [2, -2.5]}
							}
						}
					]
				},
				{
					"name": "up",
					"parent": "left_eyes",
					"pivot": [2.93297, 11.86622, -5.66301],
					"cubes": [
						{
							"origin": [1.78097, 9.92222, -7.10301],
							"size": [2.16, 1.008, 2.88],
							"pivot": [2.93297, 9.85022, -5.66301],
							"rotation": [0, -11, 0],
							"uv": {
								"north": {"uv": [11, 25], "uv_size": [2, 1]},
								"east": {"uv": [17, 36], "uv_size": [3, 1]},
								"south": {"uv": [20, 29], "uv_size": [2, 1]},
								"west": {"uv": [46, 36], "uv_size": [3, 1]},
								"up": {"uv": [20, 26], "uv_size": [2, 3]},
								"down": {"uv": [15, 43], "uv_size": [2, -3]}
							}
						}
					]
				},
				{
					"name": "down",
					"parent": "left_eyes",
					"pivot": [2.86229, 10.42622, -5.67674],
					"cubes": [
						{
							"origin": [1.78229, 7.76222, -7.11674],
							"size": [2.16, 1.008, 2.88],
							"pivot": [2.86229, 8.26622, -5.67674],
							"rotation": [0, -11, 0],
							"uv": {
								"north": {"uv": [9, 35], "uv_size": [2, 1]},
								"east": {"uv": [15, 47], "uv_size": [3, 1]},
								"south": {"uv": [38, 15], "uv_size": [2, 1]},
								"west": {"uv": [18, 47], "uv_size": [3, 1]},
								"up": {"uv": [44, 34], "uv_size": [2, 3]},
								"down": {"uv": [0, 48], "uv_size": [2, -3]}
							}
						}
					]
				},
				{
					"name": "left_iris",
					"parent": "left_eyes",
					"pivot": [3.56414, 11.14622, -6.4571],
					"cubes": [
						{
							"origin": [3.1321, 8.84222, -6.88917],
							"size": [0.864, 0.864, 0.864],
							"pivot": [3.5641, 9.27422, -6.45717],
							"rotation": [0, -11, 0],
							"uv": {
								"north": {"uv": [40, 25], "uv_size": [1, 1]},
								"east": {"uv": [44, 24], "uv_size": [1, 1]},
								"south": {"uv": [36, 47], "uv_size": [1, 1]},
								"west": {"uv": [45, 47], "uv_size": [1, 1]},
								"up": {"uv": [47, 46], "uv_size": [1, 1]},
								"down": {"uv": [47, 48], "uv_size": [1, -1]}
							}
						}
					]
				},
				{
					"name": "right_eyes",
					"parent": "head",
					"pivot": [-2.664, 11.43422, -5.78864],
					"cubes": [
						{
							"origin": [-3.79829, 8.19422, -6.97274],
							"size": [1.872, 2.16, 2.592],
							"pivot": [-2.86229, 8.26622, -5.67674],
							"rotation": [0, 11, 0],
							"uv": {
								"north": {"uv": [46, 34], "uv_size": [2, 2]},
								"east": {"uv": [26, 45], "uv_size": [2.5, 2]},
								"south": {"uv": [46, 39], "uv_size": [2, 2]},
								"west": {"uv": [45, 27], "uv_size": [2.5, 2]},
								"up": {"uv": [29, 45], "uv_size": [2, 2.5]},
								"down": {"uv": [37, 47.5], "uv_size": [2, -2.5]}
							}
						}
					]
				},
				{
					"name": "up2",
					"parent": "right_eyes",
					"pivot": [-2.93297, 11.86622, -5.66301],
					"cubes": [
						{
							"origin": [-3.94097, 9.92222, -7.10301],
							"size": [2.16, 1.008, 2.88],
							"pivot": [-2.93297, 9.85022, -5.66301],
							"rotation": [0, 11, 0],
							"uv": {
								"north": {"uv": [47, 41], "uv_size": [2, 1]},
								"east": {"uv": [47, 24], "uv_size": [3, 1]},
								"south": {"uv": [47, 42], "uv_size": [2, 1]},
								"west": {"uv": [47, 25], "uv_size": [3, 1]},
								"up": {"uv": [2, 45], "uv_size": [2, 3]},
								"down": {"uv": [4, 48], "uv_size": [2, -3]}
							}
						}
					]
				},
				{
					"name": "down2",
					"parent": "right_eyes",
					"pivot": [-2.86229, 10.42622, -5.67674],
					"cubes": [
						{
							"origin": [-3.94229, 7.76222, -7.11674],
							"size": [2.16, 1.008, 2.88],
							"pivot": [-2.86229, 8.26622, -5.67674],
							"rotation": [0, 11, 0],
							"uv": {
								"north": {"uv": [43, 47], "uv_size": [2, 1]},
								"east": {"uv": [26, 47], "uv_size": [3, 1]},
								"south": {"uv": [47, 43], "uv_size": [2, 1]},
								"west": {"uv": [47, 26], "uv_size": [3, 1]},
								"up": {"uv": [6, 45], "uv_size": [2, 3]},
								"down": {"uv": [8, 48], "uv_size": [2, -3]}
							}
						}
					]
				},
				{
					"name": "right_iris",
					"parent": "right_eyes",
					"pivot": [-3.56414, 11.14622, -6.4571],
					"cubes": [
						{
							"origin": [-3.9961, 8.84222, -6.88917],
							"size": [0.864, 0.864, 0.864],
							"pivot": [-3.5641, 9.27422, -6.45717],
							"rotation": [0, 11, 0],
							"uv": {
								"north": {"uv": [0, 48], "uv_size": [1, 1]},
								"east": {"uv": [1, 48], "uv_size": [1, 1]},
								"south": {"uv": [2, 48], "uv_size": [1, 1]},
								"west": {"uv": [3, 48], "uv_size": [1, 1]},
								"up": {"uv": [4, 48], "uv_size": [1, 1]},
								"down": {"uv": [5, 49], "uv_size": [1, -1]}
							}
						}
					]
				},
				{
					"name": "claw_lower",
					"parent": "head",
					"pivot": [-0.072, 6.53647, -2.81819],
					"cubes": [
						{
							"origin": [-3.384, 5.19058, -7.83159],
							"size": [6.768, 1.44, 5.184],
							"pivot": [-0.936, 5.52847, -2.81819],
							"rotation": [-9, 0, 0],
							"uv": {
								"north": {"uv": [24, 43], "uv_size": [7, 1.5]},
								"east": {"uv": [44, 0], "uv_size": [5, 1.5]},
								"south": {"uv": [43, 37], "uv_size": [7, 1.5]},
								"west": {"uv": [44, 2], "uv_size": [5, 1.5]},
								"up": {"uv": [33, 16], "uv_size": [7, 5]},
								"down": {"uv": [33, 26], "uv_size": [7, -5]}
							}
						},
						{
							"origin": [-2.88, 3.75058, -7.11159],
							"size": [5.76, 2.304, 4.32],
							"pivot": [-0.72, 5.52847, -2.81819],
							"rotation": [-9, 0, 0],
							"uv": {
								"north": {"uv": [37, 42], "uv_size": [6, 2.5]},
								"east": {"uv": [43, 12], "uv_size": [4.5, 2.5]},
								"south": {"uv": [43, 5], "uv_size": [6, 2.5]},
								"west": {"uv": [19, 43], "uv_size": [4.5, 2.5]},
								"up": {"uv": [37, 37], "uv_size": [6, 4.5]},
								"down": {"uv": [38, 4.5], "uv_size": [6, -4.5]}
							}
						},
						{
							"origin": [-2.232, 6.21058, -7.25559],
							"size": [4.464, 0.864, 4.32],
							"pivot": [-0.072, 5.52847, -2.81819],
							"rotation": [-9, 0, 0],
							"uv": {
								"north": {"uv": [44, 4], "uv_size": [4.5, 1]},
								"east": {"uv": [45, 19], "uv_size": [4.5, 1]},
								"south": {"uv": [45, 29], "uv_size": [4.5, 1]},
								"west": {"uv": [19, 46], "uv_size": [4.5, 1]},
								"up": {"uv": [10, 40], "uv_size": [4.5, 4.5]},
								"down": {"uv": [40, 19.5], "uv_size": [4.5, -4.5]}
							}
						}
					]
				},
				{
					"name": "fin_right3",
					"parent": "body",
					"pivot": [-4.536, 9.288, -5.04],
					"cubes": [
						{
							"origin": [-7.2, 7.2, -5.472],
							"size": [0.864, 3.744, 2.88],
							"pivot": [-7.2, 9.792, 4.176],
							"rotation": [0, -16, 0],
							"uv": {
								"north": {"uv": [14, 45], "uv_size": [1, 3.5]},
								"east": {"uv": [31, 43], "uv_size": [3, 3.5]},
								"south": {"uv": [46, 41], "uv_size": [1, 3.5]},
								"west": {"uv": [34, 43], "uv_size": [3, 3.5]},
								"up": {"uv": [21, 47], "uv_size": [1, 3]},
								"down": {"uv": [22, 50], "uv_size": [1, -3]}
							}
						}
					]
				},
				{
					"name": "fin_right4",
					"parent": "fin_right3",
					"pivot": [-4.608, 9.216, -3.456],
					"cubes": [
						{
							"origin": [-6.768, 4.32, -4.464],
							"size": [0, 9.504, 10.512],
							"pivot": [-7.2, 9.792, 4.176],
							"rotation": [0, -16, 0],
							"uv": {
								"north": {"uv": [0, 0], "uv_size": [0, 9.5]},
								"east": {"uv": [0, 20], "uv_size": [10.5, 9.5]},
								"south": {"uv": [0, 0], "uv_size": [0, 9.5]},
								"west": {"uv": [22, 0], "uv_size": [10.5, 9.5]},
								"up": {"uv": [0, 0], "uv_size": [0, 10.5]},
								"down": {"uv": [0, 10.5], "uv_size": [0, -10.5]}
							}
						}
					]
				},
				{
					"name": "fin_left",
					"parent": "body",
					"pivot": [4.536, 9.288, -5.04],
					"cubes": [
						{
							"origin": [6.336, 7.2, -5.472],
							"size": [0.864, 3.744, 2.88],
							"pivot": [7.2, 9.792, 4.176],
							"rotation": [0, 16, 0],
							"uv": {
								"north": {"uv": [46, 45], "uv_size": [1, 3.5]},
								"east": {"uv": [43, 39], "uv_size": [3, 3.5]},
								"south": {"uv": [47, 8], "uv_size": [1, 3.5]},
								"west": {"uv": [43, 43], "uv_size": [3, 3.5]},
								"up": {"uv": [23, 47], "uv_size": [1, 3]},
								"down": {"uv": [31, 50], "uv_size": [1, -3]}
							}
						}
					]
				},
				{
					"name": "fin_left5",
					"parent": "fin_left",
					"pivot": [4.608, 9.216, -3.456],
					"cubes": [
						{
							"origin": [6.768, 4.32, -4.464],
							"size": [0, 9.504, 10.512],
							"pivot": [7.2, 9.792, 4.176],
							"rotation": [0, 16, 0],
							"uv": {
								"north": {"uv": [0, 0], "uv_size": [0, 9.5]},
								"east": {"uv": [22, 10], "uv_size": [10.5, 9.5]},
								"south": {"uv": [0, 0], "uv_size": [0, 9.5]},
								"west": {"uv": [22, 20], "uv_size": [10.5, 9.5]},
								"up": {"uv": [0, 0], "uv_size": [0, 10.5]},
								"down": {"uv": [0, 10.5], "uv_size": [0, -10.5]}
							}
						}
					]
				},
				{
					"name": "fin_back",
					"parent": "body",
					"pivot": [0, 9.936, 7.128],
					"cubes": [
						{
							"origin": [-0.72, 7.2, 5.76],
							"size": [1.44, 5.184, 3.744],
							"uv": {
								"north": {"uv": [11, 20], "uv_size": [1.5, 5]},
								"east": {"uv": [40, 20], "uv_size": [3.5, 5]},
								"south": {"uv": [9, 30], "uv_size": [1.5, 5]},
								"west": {"uv": [41, 25], "uv_size": [3.5, 5]},
								"up": {"uv": [10, 45], "uv_size": [1.5, 3.5]},
								"down": {"uv": [12, 48.5], "uv_size": [1.5, -3.5]}
							}
						}
					]
				},
				{
					"name": "fin_back2",
					"parent": "fin_back",
					"pivot": [0, 9.792, 8.64],
					"cubes": [
						{
							"origin": [0, 5.96, 7.64],
							"size": [0, 8.064, 5.184],
							"uv": {
								"north": {"uv": [0, 0], "uv_size": [0, 8]},
								"east": {"uv": [33, 0], "uv_size": [5, 8]},
								"south": {"uv": [0, 0], "uv_size": [0, 8]},
								"west": {"uv": [33, 8], "uv_size": [5, 8]},
								"up": {"uv": [0, 0], "uv_size": [0, 5]},
								"down": {"uv": [0, 5], "uv_size": [0, -5]}
							}
						}
					]
				},
				{
					"name": "fin_upper",
					"parent": "body",
					"pivot": [0, 14.256, 1.728],
					"cubes": [
						{
							"origin": [0, 11.228, -6.036],
							"size": [0, 6.624, 11.52],
							"pivot": [0, 16.848, 1.44],
							"rotation": [13.5, 0, 0],
							"uv": {
								"north": {"uv": [0, 0], "uv_size": [0, 6.5]},
								"east": {"uv": [20, 30], "uv_size": [11.5, 6.5]},
								"south": {"uv": [0, 0], "uv_size": [0, 6.5]},
								"west": {"uv": [32, 30], "uv_size": [11.5, 6.5]},
								"up": {"uv": [0, 0], "uv_size": [0, 11.5]},
								"down": {"uv": [0, 11.5], "uv_size": [0, -11.5]}
							}
						}
					]
				},
				{
					"name": "fin_lower",
					"parent": "body",
					"pivot": [0, 5.04, 2.088],
					"cubes": [
						{
							"origin": [0, 1.44, -2.016],
							"size": [0, 3.744, 8.208],
							"uv": {
								"north": {"uv": [0, 0], "uv_size": [0, 3.5]},
								"east": {"uv": [33, 26], "uv_size": [8, 3.5]},
								"south": {"uv": [0, 0], "uv_size": [0, 3.5]},
								"west": {"uv": [9, 36], "uv_size": [8, 3.5]},
								"up": {"uv": [0, 0], "uv_size": [0, 8]},
								"down": {"uv": [0, 8], "uv_size": [0, -8]}
							}
						}
					]
				}
			]
		}
	]
}