{
	"format_version": "1.12.0",
	"minecraft:geometry": [
		{
			"description": {
				"identifier": "geometry.wacky_animals.wacky_parrot",
				"texture_width": 32,
				"texture_height": 32,
				"visible_bounds_width": 3,
				"visible_bounds_height": 2.5,
				"visible_bounds_offset": [0, 0.75, 0]
			},
			"bones": [
				{
					"name": "total",
					"pivot": [0, 0, -3]
				},
				{
					"name": "body1",
					"parent": "total",
					"pivot": [0, 3.73014, -0.60663],
					"rotation": [-42.5, 0, 0],
					"cubes": [
						{
							"origin": [-1.7, 3.40763, -3.17436],
							"size": [3.4, 3, 4],
							"uv": {
								"north": {"uv": [4, 16], "uv_size": [3.4, 3]},
								"east": {"uv": [0, 12], "uv_size": [4, 3]},
								"south": {"uv": [8, 16], "uv_size": [3.4, 3]},
								"west": {"uv": [4, 12], "uv_size": [4, 3]},
								"up": {"uv": [16, 8], "uv_size": [3.5, 4]},
								"down": {"uv": [12, 20], "uv_size": [3.4, -4]}
							}
						}
					]
				},
				{
					"name": "body2",
					"parent": "body1",
					"pivot": [-0.4, 3.99043, 0.13011],
					"cubes": [
						{
							"origin": [-1.5, 3.59043, -0.76989],
							"size": [3, 2.4, 4],
							"uv": {
								"north": {"uv": [18, 0], "uv_size": [3, 3.5]},
								"east": {"uv": [14, 4], "uv_size": [4, 2.4]},
								"south": {"uv": [18, 4], "uv_size": [3, 2.4]},
								"west": {"uv": [0, 16], "uv_size": [4, 2.4]},
								"up": {"uv": [16, 12], "uv_size": [3, 4]},
								"down": {"uv": [16, 20], "uv_size": [3, -4]}
							}
						}
					]
				},
				{
					"name": "body3",
					"parent": "body2",
					"pivot": [0, 4.18965, 3.03717],
					"rotation": [34, 0, 0],
					"cubes": [
						{
							"origin": [-0.35, 3.8793, 2.27434],
							"size": [0.7, 2.6, 2.7],
							"uv": {
								"north": {"uv": [26, 14], "uv_size": [0.5, 2.5]},
								"east": {"uv": [16, 20], "uv_size": [2.5, 2.5]},
								"south": {"uv": [26, 17], "uv_size": [0.5, 2.5]},
								"west": {"uv": [19, 20], "uv_size": [2.5, 2.5]},
								"up": {"uv": [26, 25], "uv_size": [0.5, 2.5]},
								"down": {"uv": [4, 29.5], "uv_size": [0.5, -2.5]}
							}
						},
						{
							"origin": [0, 4, 0.2],
							"size": [0, 3.4, 7.3],
							"uv": {
								"north": {"uv": [0, 0], "uv_size": [0, 3.5]},
								"east": {"uv": [0, 0], "uv_size": [7.5, 3.5]},
								"south": {"uv": [0, 0], "uv_size": [0, 3.5]},
								"west": {"uv": [0, 4], "uv_size": [7.5, 3.5]},
								"up": {"uv": [0, 0], "uv_size": [0, 7.5]},
								"down": {"uv": [0, 7.5], "uv_size": [0, -7.5]}
							}
						}
					]
				},
				{
					"name": "head",
					"parent": "body1",
					"pivot": [0, 6.40674, -2.48665],
					"rotation": [42.5, 0, 0],
					"cubes": [
						{
							"origin": [-1.45, 6.19043, -4.46989],
							"size": [2.9, 3.7, 2.7],
							"uv": {
								"north": {"uv": [19, 12], "uv_size": [3, 3.5]},
								"east": {"uv": [0, 20], "uv_size": [2.5, 3.5]},
								"south": {"uv": [19, 16], "uv_size": [3, 3.5]},
								"west": {"uv": [3, 20], "uv_size": [2.5, 3.5]},
								"up": {"uv": [10, 20], "uv_size": [3, 2.5]},
								"down": {"uv": [13, 22.5], "uv_size": [3, -2.5]}
							}
						}
					]
				},
				{
					"name": "left_eyes",
					"parent": "head",
					"pivot": [1.25, 8.34043, -3.81989],
					"cubes": [
						{
							"origin": [0.75, 7.39043, -4.66989],
							"size": [1.3, 1.5, 1.8],
							"uv": {
								"north": {"uv": [22, 25], "uv_size": [1.5, 1.5]},
								"east": {"uv": [23, 19], "uv_size": [2, 1.5]},
								"south": {"uv": [25, 22], "uv_size": [1.5, 1.5]},
								"west": {"uv": [20, 23], "uv_size": [2, 1.5]},
								"up": {"uv": [23, 21], "uv_size": [1.5, 2]},
								"down": {"uv": [23, 25], "uv_size": [1.5, -2]}
							}
						}
					]
				},
				{
					"name": "up",
					"parent": "left_eyes",
					"pivot": [1.43678, 8.54043, -3.73264],
					"cubes": [
						{
							"origin": [0.63678, 8.59043, -4.73264],
							"size": [1.5, 0.7, 2],
							"uv": {
								"north": {"uv": [27, 25], "uv_size": [1.5, 0.5]},
								"east": {"uv": [27, 5], "uv_size": [2, 0.5]},
								"south": {"uv": [27, 26], "uv_size": [1.5, 0.5]},
								"west": {"uv": [27, 6], "uv_size": [2, 0.5]},
								"up": {"uv": [21, 6], "uv_size": [1.5, 2]},
								"down": {"uv": [16, 25], "uv_size": [1.5, -2]}
							}
						}
					]
				},
				{
					"name": "down",
					"parent": "left_eyes",
					"pivot": [1.4, 7.39043, -3.76989],
					"cubes": [
						{
							"origin": [0.6377, 7.09043, -4.74218],
							"size": [1.5, 0.7, 2],
							"uv": {
								"north": {"uv": [27, 27], "uv_size": [1.5, 0.5]},
								"east": {"uv": [27, 7], "uv_size": [2, 0.5]},
								"south": {"uv": [0, 28], "uv_size": [1.5, 0.5]},
								"west": {"uv": [8, 27], "uv_size": [2, 0.5]},
								"up": {"uv": [23, 17], "uv_size": [1.5, 2]},
								"down": {"uv": [18, 25], "uv_size": [1.5, -2]}
							}
						}
					]
				},
				{
					"name": "left_iris",
					"parent": "left_eyes",
					"pivot": [1.775, 8.14043, -4.39489],
					"cubes": [
						{
							"origin": [1.475, 7.84043, -4.69489],
							"size": [0.6, 0.6, 0.6],
							"uv": {
								"north": {"uv": [16, 28], "uv_size": [0.5, 0.5]},
								"east": {"uv": [17, 28], "uv_size": [0.5, 0.5]},
								"south": {"uv": [18, 28], "uv_size": [0.5, 0.5]},
								"west": {"uv": [19, 28], "uv_size": [0.5, 0.5]},
								"up": {"uv": [20, 28], "uv_size": [0.5, 0.5]},
								"down": {"uv": [21, 28.5], "uv_size": [0.5, -0.5]}
							}
						}
					]
				},
				{
					"name": "right_eyes",
					"parent": "head",
					"pivot": [-1.25, 8.34043, -3.81989],
					"cubes": [
						{
							"origin": [-2.05, 7.39043, -4.66989],
							"size": [1.3, 1.5, 1.8],
							"uv": {
								"north": {"uv": [26, 0], "uv_size": [1.5, 1.5]},
								"east": {"uv": [10, 25], "uv_size": [2, 1.5]},
								"south": {"uv": [2, 26], "uv_size": [1.5, 1.5]},
								"west": {"uv": [12, 25], "uv_size": [2, 1.5]},
								"up": {"uv": [14, 25], "uv_size": [1.5, 2]},
								"down": {"uv": [16, 27], "uv_size": [1.5, -2]}
							}
						}
					]
				},
				{
					"name": "up2",
					"parent": "right_eyes",
					"pivot": [-1.43678, 8.54043, -3.73264],
					"cubes": [
						{
							"origin": [-2.13678, 8.59043, -4.73264],
							"size": [1.5, 0.7, 2],
							"uv": {
								"north": {"uv": [7, 28], "uv_size": [1.5, 0.5]},
								"east": {"uv": [27, 16], "uv_size": [2, 0.5]},
								"south": {"uv": [28, 8], "uv_size": [1.5, 0.5]},
								"west": {"uv": [27, 17], "uv_size": [2, 0.5]},
								"up": {"uv": [24, 14], "uv_size": [1.5, 2]},
								"down": {"uv": [25, 6], "uv_size": [1.5, -2]}
							}
						}
					]
				},
				{
					"name": "down2",
					"parent": "right_eyes",
					"pivot": [-1.4, 7.39043, -3.76989],
					"cubes": [
						{
							"origin": [-2.1377, 7.09043, -4.74218],
							"size": [1.5, 0.7, 2],
							"uv": {
								"north": {"uv": [9, 28], "uv_size": [1.5, 0.5]},
								"east": {"uv": [27, 18], "uv_size": [2, 0.5]},
								"south": {"uv": [28, 9], "uv_size": [1.5, 0.5]},
								"west": {"uv": [27, 19], "uv_size": [2, 0.5]},
								"up": {"uv": [25, 6], "uv_size": [1.5, 2]},
								"down": {"uv": [25, 10], "uv_size": [1.5, -2]}
							}
						}
					]
				},
				{
					"name": "right_iris",
					"parent": "right_eyes",
					"pivot": [-1.775, 8.14043, -4.39489],
					"cubes": [
						{
							"origin": [-2.075, 7.84043, -4.69489],
							"size": [0.6, 0.6, 0.6],
							"uv": {
								"north": {"uv": [22, 28], "uv_size": [0.5, 0.5]},
								"east": {"uv": [28, 22], "uv_size": [0.5, 0.5]},
								"south": {"uv": [23, 28], "uv_size": [0.5, 0.5]},
								"west": {"uv": [28, 23], "uv_size": [0.5, 0.5]},
								"up": {"uv": [24, 28], "uv_size": [0.5, 0.5]},
								"down": {"uv": [28, 24.5], "uv_size": [0.5, -0.5]}
							}
						}
					]
				},
				{
					"name": "claw_down",
					"parent": "head",
					"pivot": [0, 6.79043, -4.41989],
					"rotation": [35, 0, 0],
					"cubes": [
						{
							"origin": [-1.25, 6.49043, -5.46989],
							"size": [2.5, 0.6, 1.7],
							"uv": {
								"north": {"uv": [27, 4], "uv_size": [2.5, 0.5]},
								"east": {"uv": [2, 28], "uv_size": [1.5, 0.5]},
								"south": {"uv": [5, 27], "uv_size": [2.5, 0.5]},
								"west": {"uv": [5, 28], "uv_size": [1.5, 0.5]},
								"up": {"uv": [10, 23], "uv_size": [2.5, 1.5]},
								"down": {"uv": [13, 24.5], "uv_size": [2.5, -1.5]}
							}
						}
					]
				},
				{
					"name": "tong1",
					"parent": "claw_down",
					"pivot": [0.05, 7.24043, -4.21989],
					"cubes": [
						{
							"origin": [-0.6, 7.09043, -6.46989],
							"size": [1.2, 0.3, 2.7],
							"uv": {
								"north": {"uv": [28, 11], "uv_size": [1, 0.5]},
								"east": {"uv": [26, 20], "uv_size": [2.5, 0.5]},
								"south": {"uv": [13, 28], "uv_size": [1, 0.5]},
								"west": {"uv": [26, 21], "uv_size": [2.5, 0.5]},
								"up": {"uv": [20, 25], "uv_size": [1, 2.5]},
								"down": {"uv": [21, 27.5], "uv_size": [1, -2.5]}
							}
						}
					]
				},
				{
					"name": "tong2",
					"parent": "tong1",
					"pivot": [0.05, 7.24043, -6.41989],
					"cubes": [
						{
							"origin": [-0.5, 7.17034, -7.28819],
							"size": [1, 0.2, 0.9],
							"uv": {
								"north": {"uv": [14, 28], "uv_size": [1, 0.5]},
								"east": {"uv": [28, 14], "uv_size": [1, 0.5]},
								"south": {"uv": [15, 28], "uv_size": [1, 0.5]},
								"west": {"uv": [28, 15], "uv_size": [1, 0.5]},
								"up": {"uv": [24, 16], "uv_size": [1, 1]},
								"down": {"uv": [27, 9], "uv_size": [1, -1]}
							}
						}
					]
				},
				{
					"name": "tong3",
					"parent": "tong2",
					"pivot": [0.025, 7.24043, -7.19489],
					"cubes": [
						{
							"origin": [-0.4, 7.27034, -8.18819],
							"size": [0.8, 0, 1],
							"uv": {
								"north": {"uv": [0, 0], "uv_size": [1, 0]},
								"east": {"uv": [0, 0], "uv_size": [1, 0]},
								"south": {"uv": [0, 0], "uv_size": [1, 0]},
								"west": {"uv": [0, 0], "uv_size": [1, 0]},
								"up": {"uv": [27, 9], "uv_size": [1, 1]},
								"down": {"uv": [10, 28], "uv_size": [1, -1]}
							}
						}
					]
				},
				{
					"name": "claw_up",
					"parent": "head",
					"pivot": [0, 7.59043, -4.31989],
					"rotation": [18.5, 0, 0],
					"cubes": [
						{
							"origin": [-0.95, 7.09043, -5.36989],
							"size": [1.9, 1.5, 1.4],
							"uv": {
								"north": {"uv": [0, 24], "uv_size": [2, 1.5]},
								"east": {"uv": [24, 25], "uv_size": [1.5, 1.5]},
								"south": {"uv": [24, 0], "uv_size": [2, 1.5]},
								"west": {"uv": [0, 26], "uv_size": [1.5, 1.5]},
								"up": {"uv": [2, 24], "uv_size": [2, 1.5]},
								"down": {"uv": [24, 3.5], "uv_size": [2, -1.5]}
							}
						},
						{
							"origin": [-0.65, 6.85084, -6.36407],
							"size": [1.3, 1, 2.1],
							"pivot": [0, 7.30084, -5.41407],
							"rotation": [62.5, 0, 0],
							"uv": {
								"north": {"uv": [26, 10], "uv_size": [1.5, 1]},
								"east": {"uv": [20, 11], "uv_size": [2, 1]},
								"south": {"uv": [26, 11], "uv_size": [1.5, 1]},
								"west": {"uv": [25, 24], "uv_size": [2, 1]},
								"up": {"uv": [24, 10], "uv_size": [1.5, 2]},
								"down": {"uv": [24, 14], "uv_size": [1.5, -2]}
							}
						}
					]
				},
				{
					"name": "crete",
					"parent": "head",
					"pivot": [0, 9.44043, -2.21989],
					"cubes": [
						{
							"origin": [0, 9.19043, -3.96989],
							"size": [0, 2.7, 3.7],
							"pivot": [0, 10.54043, -2.61989],
							"rotation": [-15, 0, 0],
							"uv": {
								"north": {"uv": [0, 0], "uv_size": [0, 2.5]},
								"east": {"uv": [6, 20], "uv_size": [3.5, 2.5]},
								"south": {"uv": [0, 0], "uv_size": [0, 2.5]},
								"west": {"uv": [20, 8], "uv_size": [3.5, 2.5]},
								"up": {"uv": [0, 0], "uv_size": [0, 3.5]},
								"down": {"uv": [0, 3.5], "uv_size": [0, -3.5]}
							}
						}
					]
				},
				{
					"name": "left_wing3",
					"parent": "body1",
					"pivot": [1.56819, 5.18535, -1.48327],
					"rotation": [160, -70, -90],
					"cubes": [
						{
							"origin": [4.23637, 3.07069, -4.56655],
							"size": [1, 4, 4],
							"pivot": [4.73637, 5.12069, -1.39155],
							"rotation": [-90, 0, -90],
							"uv": {
								"north": {"uv": [6, 23], "uv_size": [1, 4]},
								"east": {"uv": [12, 12], "uv_size": [4, 4]},
								"south": {"uv": [7, 23], "uv_size": [1, 4]},
								"west": {"uv": [14, 0], "uv_size": [4, 4]},
								"up": {"uv": [8, 23], "uv_size": [1, 4]},
								"down": {"uv": [9, 27], "uv_size": [1, -4]}
							}
						}
					]
				},
				{
					"name": "left_wing4",
					"parent": "left_wing3",
					"pivot": [5.53637, 5.19569, -1.54155],
					"cubes": [
						{
							"origin": [4.73637, 1.89569, -1.89155],
							"size": [0, 4, 5.3],
							"pivot": [4.73637, 5.12069, -0.19155],
							"rotation": [-90, 0, -90],
							"uv": {
								"north": {"uv": [0, 0], "uv_size": [0, 4]},
								"east": {"uv": [8, 4], "uv_size": [5.5, 4]},
								"south": {"uv": [0, 0], "uv_size": [0, 4]},
								"west": {"uv": [6, 8], "uv_size": [5.5, 4]},
								"up": {"uv": [0, 0], "uv_size": [0, 5.5]},
								"down": {"uv": [0, 5.5], "uv_size": [0, -5.5]}
							}
						}
					]
				},
				{
					"name": "right_wing",
					"parent": "body1",
					"pivot": [-1.56819, 5.18535, -1.48327],
					"rotation": [160, 70, 90],
					"cubes": [
						{
							"origin": [-5.23637, 3.07069, -4.56655],
							"size": [1, 4, 4],
							"pivot": [-4.73637, 5.12069, -1.39155],
							"rotation": [-90, 0, 90],
							"uv": {
								"north": {"uv": [7, 23], "uv_size": [-1, 4]},
								"east": {"uv": [18, 0], "uv_size": [-4, 4]},
								"south": {"uv": [8, 23], "uv_size": [-1, 4]},
								"west": {"uv": [16, 12], "uv_size": [-4, 4]},
								"up": {"uv": [9, 23], "uv_size": [-1, 4]},
								"down": {"uv": [10, 27], "uv_size": [-1, -4]}
							}
						}
					]
				},
				{
					"name": "right_wing5",
					"parent": "right_wing",
					"pivot": [-5.53637, 5.19569, -1.54155],
					"cubes": [
						{
							"origin": [-4.73637, 1.89569, -1.89155],
							"size": [0, 4, 5.3],
							"pivot": [-4.73637, 5.12069, -0.19155],
							"rotation": [-90, 0, 90],
							"uv": {
								"north": {"uv": [0, 0], "uv_size": [0, 4]},
								"east": {"uv": [11.5, 8], "uv_size": [-5.5, 4]},
								"south": {"uv": [0, 0], "uv_size": [0, 4]},
								"west": {"uv": [13.5, 4], "uv_size": [-5.5, 4]},
								"up": {"uv": [0, 0], "uv_size": [0, 5.5]},
								"down": {"uv": [0, 5.5], "uv_size": [0, -5.5]}
							}
						}
					]
				},
				{
					"name": "left_leg",
					"parent": "total",
					"pivot": [0.8, 3.1, -0.45],
					"cubes": [
						{
							"origin": [0.3, 0.2, 0.2],
							"size": [1, 2.8, 1],
							"uv": {
								"north": {"uv": [4, 24], "uv_size": [1, 3]},
								"east": {"uv": [24, 4], "uv_size": [1, 3]},
								"south": {"uv": [5, 24], "uv_size": [1, 3]},
								"west": {"uv": [24, 7], "uv_size": [1, 3]},
								"up": {"uv": [11, 27], "uv_size": [1, 1]},
								"down": {"uv": [12, 28], "uv_size": [1, -1]}
							}
						},
						{
							"origin": [0.2, 1.5, 0.1],
							"size": [1.2, 1.2, 1.2],
							"uv": {
								"north": {"uv": [13, 27], "uv_size": [1, 1]},
								"east": {"uv": [14, 27], "uv_size": [1, 1]},
								"south": {"uv": [27, 14], "uv_size": [1, 1]},
								"west": {"uv": [15, 27], "uv_size": [1, 1]},
								"up": {"uv": [27, 15], "uv_size": [1, 1]},
								"down": {"uv": [16, 28], "uv_size": [1, -1]}
							}
						}
					]
				},
				{
					"name": "left_feet",
					"parent": "left_leg",
					"pivot": [0.8, 0.2, -0.5],
					"cubes": [
						{
							"origin": [0, -0.1, -1.3],
							"size": [1.6, 0.4, 3],
							"uv": {
								"north": {"uv": [28, 0], "uv_size": [1.5, 0.5]},
								"east": {"uv": [26, 2], "uv_size": [3, 0.5]},
								"south": {"uv": [28, 1], "uv_size": [1.5, 0.5]},
								"west": {"uv": [26, 3], "uv_size": [3, 0.5]},
								"up": {"uv": [21, 0], "uv_size": [1.5, 3]},
								"down": {"uv": [21, 6], "uv_size": [1.5, -3]}
							}
						}
					]
				},
				{
					"name": "right_leg",
					"parent": "total",
					"pivot": [-0.8, 3.1, -0.45],
					"cubes": [
						{
							"origin": [-1.3, 0.2, 0.2],
							"size": [1, 2.8, 1],
							"uv": {
								"north": {"uv": [25, 16], "uv_size": [1, 3]},
								"east": {"uv": [18, 25], "uv_size": [1, 3]},
								"south": {"uv": [19, 25], "uv_size": [1, 3]},
								"west": {"uv": [25, 19], "uv_size": [1, 3]},
								"up": {"uv": [17, 27], "uv_size": [1, 1]},
								"down": {"uv": [22, 28], "uv_size": [1, -1]}
							}
						},
						{
							"origin": [-1.4, 1.5, 0.1],
							"size": [1.2, 1.2, 1.2],
							"uv": {
								"north": {"uv": [27, 22], "uv_size": [1, 1]},
								"east": {"uv": [23, 27], "uv_size": [1, 1]},
								"south": {"uv": [27, 23], "uv_size": [1, 1]},
								"west": {"uv": [24, 27], "uv_size": [1, 1]},
								"up": {"uv": [27, 24], "uv_size": [1, 1]},
								"down": {"uv": [25, 28], "uv_size": [1, -1]}
							}
						}
					]
				},
				{
					"name": "right_feet",
					"parent": "right_leg",
					"pivot": [-0.8, 0.2, -0.5],
					"cubes": [
						{
							"origin": [-1.6, -0.1, -1.3],
							"size": [1.6, 0.4, 3],
							"uv": {
								"north": {"uv": [28, 10], "uv_size": [1.5, 0.5]},
								"east": {"uv": [26, 12], "uv_size": [3, 0.5]},
								"south": {"uv": [11, 28], "uv_size": [1.5, 0.5]},
								"west": {"uv": [26, 13], "uv_size": [3, 0.5]},
								"up": {"uv": [22, 11], "uv_size": [1.5, 3]},
								"down": {"uv": [22, 17], "uv_size": [1.5, -3]}
							}
						}
					]
				}
			]
		}
	]
}