{
	"format_version": "1.12.0",
	"minecraft:geometry": [
		{
			"description": {
				"identifier": "geometry.wacky_animals.wacky_guinea_pig",
				"texture_width": 32,
				"texture_height": 32,
				"visible_bounds_width": 2,
				"visible_bounds_height": 1.5,
				"visible_bounds_offset": [0, 0.25, 0]
			},
			"bones": [
				{
					"name": "total",
					"pivot": [0, 2, 0]
				},
				{
					"name": "body",
					"parent": "total",
					"pivot": [0, 0, 0],
					"cubes": [
						{
							"origin": [-1.5, 0.8, -1.2],
							"size": [3, 3, 5.2],
							"uv": {
								"north": {"uv": [0, 6], "uv_size": [3, 3]},
								"east": {"uv": [0, 0], "uv_size": [5, 3]},
								"south": {"uv": [8, 0], "uv_size": [3, 3]},
								"west": {"uv": [0, 3], "uv_size": [5, 3]},
								"up": {"uv": [5, 0], "uv_size": [3, 5]},
								"down": {"uv": [5, 10], "uv_size": [3, -5]}
							}
						}
					]
				},
				{
					"name": "head",
					"parent": "body",
					"pivot": [0, 2.1, -1.35],
					"rotation": [0, 0, 0],
					"cubes": [
						{
							"origin": [-1.3, 0.9, -2.2],
							"size": [2.6, 2.4, 1.7],
							"uv": {
								"north": {"uv": [8, 3], "uv_size": [2.5, 2.5]},
								"east": {"uv": [3, 6], "uv_size": [1.5, 2.5]},
								"south": {"uv": [8, 6], "uv_size": [2.5, 2.5]},
								"west": {"uv": [0, 10], "uv_size": [1.5, 2.5]},
								"up": {"uv": [2, 10], "uv_size": [2.5, 1.5]},
								"down": {"uv": [5, 11.5], "uv_size": [2.5, -1.5]}
							}
						}
					]
				},
				{
					"name": "claw_up",
					"parent": "head",
					"pivot": [1.25, 0.1, 0],
					"cubes": [
						{
							"origin": [-1, 1.5, -3],
							"size": [2, 1, 1.7],
							"pivot": [0, 2, -2.55],
							"rotation": [51, 0, 0],
							"uv": {
								"north": {"uv": [11, 8], "uv_size": [2, 1]},
								"east": {"uv": [13, 7], "uv_size": [1.5, 1]},
								"south": {"uv": [12, 12], "uv_size": [2, 1]},
								"west": {"uv": [13, 8], "uv_size": [1.5, 1]},
								"up": {"uv": [8, 10], "uv_size": [2, 1.5]},
								"down": {"uv": [10, 11.5], "uv_size": [2, -1.5]}
							}
						},
						{
							"origin": [-2.3, 1.7, -2.85],
							"size": [4.6, 1.1, 0],
							"uv": {
								"north": {"uv": [0, 9], "uv_size": [4.5, 1]},
								"east": {"uv": [0, 0], "uv_size": [0, 1]},
								"south": {"uv": [8, 9], "uv_size": [4.5, 1]},
								"west": {"uv": [0, 0], "uv_size": [0, 1]},
								"up": {"uv": [0, 0], "uv_size": [4.5, 0]},
								"down": {"uv": [0, 0], "uv_size": [4.5, 0]}
							}
						},
						{
							"origin": [-0.35, 1.8, -3.375],
							"size": [0.7, 0.7, 0.7],
							"pivot": [0, 2.25, -2.8],
							"rotation": [51, 0, 0],
							"uv": {
								"north": {"uv": [16, 13], "uv_size": [0.5, 1]},
								"east": {"uv": [2, 14], "uv_size": [0.7, 0.7]},
								"south": {"uv": [14, 16], "uv_size": [0.7, 0.7]},
								"west": {"uv": [3, 14], "uv_size": [0.7, 0.7]},
								"up": {"uv": [16, 14], "uv_size": [0.7, 0.7]},
								"down": {"uv": [16, 15.7], "uv_size": [0.7, -0.7]}
							}
						}
					]
				},
				{
					"name": "claw_down",
					"parent": "head",
					"pivot": [0, 1.25, -2.15],
					"rotation": [-7.5, 0, 0],
					"cubes": [
						{
							"origin": [-0.8, 1, -3],
							"size": [1.6, 0.6, 1],
							"uv": {
								"north": {"uv": [15, 12], "uv_size": [1.5, 0.5]},
								"east": {"uv": [12, 16], "uv_size": [1, 0.5]},
								"south": {"uv": [13, 15], "uv_size": [1.5, 0.5]},
								"west": {"uv": [13, 16], "uv_size": [1, 0.5]},
								"up": {"uv": [13, 9], "uv_size": [1.5, 1]},
								"down": {"uv": [12, 14], "uv_size": [1.5, -1]}
							}
						}
					]
				},
				{
					"name": "tong",
					"parent": "claw_down",
					"pivot": [1, 0.1, 0],
					"cubes": [
						{
							"origin": [-0.6, 1.4, -2.8],
							"size": [1.2, 0.4, 1],
							"uv": {
								"north": {"uv": [16, 16], "uv_size": [1, 0.5]},
								"east": {"uv": [0, 17], "uv_size": [1, 0.5]},
								"south": {"uv": [1, 17], "uv_size": [1, 0.5]},
								"west": {"uv": [2, 17], "uv_size": [1, 0.5]},
								"up": {"uv": [15, 2], "uv_size": [1, 1]},
								"down": {"uv": [3, 16], "uv_size": [1, -1]}
							}
						}
					]
				},
				{
					"name": "tong2",
					"parent": "tong",
					"pivot": [0.6, 0.1, 0],
					"cubes": [
						{
							"origin": [-0.6, 1.6, -4],
							"size": [1.2, 0, 1.4],
							"uv": {
								"north": {"uv": [0, 0], "uv_size": [1, 0]},
								"east": {"uv": [0, 0], "uv_size": [1.5, 0]},
								"south": {"uv": [0, 0], "uv_size": [1, 0]},
								"west": {"uv": [0, 0], "uv_size": [1.5, 0]},
								"up": {"uv": [0, 14], "uv_size": [1, 1.5]},
								"down": {"uv": [1, 15.5], "uv_size": [1, -1.5]}
							}
						}
					]
				},
				{
					"name": "left_eyes",
					"parent": "head",
					"pivot": [0.85, 2.74043, -1.81989],
					"cubes": [
						{
							"origin": [0.55, 2.09043, -2.66989],
							"size": [1.1, 1, 1.1],
							"uv": {
								"north": {"uv": [10, 14], "uv_size": [1, 1]},
								"east": {"uv": [14, 10], "uv_size": [1, 1]},
								"south": {"uv": [11, 14], "uv_size": [1, 1]},
								"west": {"uv": [14, 11], "uv_size": [1, 1]},
								"up": {"uv": [12, 14], "uv_size": [1, 1]},
								"down": {"uv": [14, 13], "uv_size": [1, -1]}
							}
						}
					]
				},
				{
					"name": "up3",
					"parent": "left_eyes",
					"pivot": [1.03678, 2.94043, -1.73264],
					"cubes": [
						{
							"origin": [0.43678, 2.99043, -2.73264],
							"size": [1.3, 0.5, 1.3],
							"uv": {
								"north": {"uv": [16, 1], "uv_size": [1.5, 0.5]},
								"east": {"uv": [2, 16], "uv_size": [1.5, 0.5]},
								"south": {"uv": [16, 2], "uv_size": [1.5, 0.5]},
								"west": {"uv": [16, 3], "uv_size": [1.5, 0.5]},
								"up": {"uv": [11, 4], "uv_size": [1.5, 1.5]},
								"down": {"uv": [11, 7.5], "uv_size": [1.5, -1.5]}
							}
						}
					]
				},
				{
					"name": "down3",
					"parent": "left_eyes",
					"pivot": [1, 1.79043, -1.76989],
					"cubes": [
						{
							"origin": [0.4377, 1.69043, -2.74218],
							"size": [1.3, 0.5, 1.3],
							"uv": {
								"north": {"uv": [4, 16], "uv_size": [1.5, 0.5]},
								"east": {"uv": [16, 4], "uv_size": [1.5, 0.5]},
								"south": {"uv": [16, 5], "uv_size": [1.5, 0.5]},
								"west": {"uv": [6, 16], "uv_size": [1.5, 0.5]},
								"up": {"uv": [2, 12], "uv_size": [1.5, 1.5]},
								"down": {"uv": [4, 13.5], "uv_size": [1.5, -1.5]}
							}
						}
					]
				},
				{
					"name": "left_iris",
					"parent": "left_eyes",
					"pivot": [1.375, 2.54043, -2.39489],
					"cubes": [
						{
							"origin": [1.175, 2.34043, -2.69489],
							"size": [0.5, 0.5, 0.5],
							"uv": {
								"north": {"uv": [3, 17], "uv_size": [0.5, 0.5]},
								"east": {"uv": [4, 17], "uv_size": [0.5, 0.5]},
								"south": {"uv": [5, 17], "uv_size": [0.5, 0.5]},
								"west": {"uv": [6, 17], "uv_size": [0.5, 0.5]},
								"up": {"uv": [7, 17], "uv_size": [0.5, 0.5]},
								"down": {"uv": [8, 17.5], "uv_size": [0.5, -0.5]}
							}
						}
					]
				},
				{
					"name": "right_eyes",
					"parent": "head",
					"pivot": [-0.85, 2.74043, -1.81989],
					"cubes": [
						{
							"origin": [-1.65, 2.09043, -2.66989],
							"size": [1.1, 1, 1.1],
							"uv": {
								"north": {"uv": [15, 3], "uv_size": [1, 1]},
								"east": {"uv": [4, 15], "uv_size": [1, 1]},
								"south": {"uv": [15, 4], "uv_size": [1, 1]},
								"west": {"uv": [5, 15], "uv_size": [1, 1]},
								"up": {"uv": [15, 5], "uv_size": [1, 1]},
								"down": {"uv": [6, 16], "uv_size": [1, -1]}
							}
						}
					]
				},
				{
					"name": "up2",
					"parent": "right_eyes",
					"pivot": [-1.03678, 2.94043, -1.73264],
					"cubes": [
						{
							"origin": [-1.73678, 2.99043, -2.73264],
							"size": [1.3, 0.5, 1.3],
							"uv": {
								"north": {"uv": [16, 6], "uv_size": [1.5, 0.5]},
								"east": {"uv": [16, 7], "uv_size": [1.5, 0.5]},
								"south": {"uv": [8, 16], "uv_size": [1.5, 0.5]},
								"west": {"uv": [16, 8], "uv_size": [1.5, 0.5]},
								"up": {"uv": [6, 12], "uv_size": [1.5, 1.5]},
								"down": {"uv": [8, 13.5], "uv_size": [1.5, -1.5]}
							}
						}
					]
				},
				{
					"name": "down2",
					"parent": "right_eyes",
					"pivot": [-1, 1.79043, -1.76989],
					"cubes": [
						{
							"origin": [-1.7377, 1.69043, -2.74218],
							"size": [1.3, 0.5, 1.3],
							"uv": {
								"north": {"uv": [16, 9], "uv_size": [1.5, 0.5]},
								"east": {"uv": [10, 16], "uv_size": [1.5, 0.5]},
								"south": {"uv": [16, 10], "uv_size": [1.5, 0.5]},
								"west": {"uv": [16, 11], "uv_size": [1.5, 0.5]},
								"up": {"uv": [10, 12], "uv_size": [1.5, 1.5]},
								"down": {"uv": [12, 11.5], "uv_size": [1.5, -1.5]}
							}
						}
					]
				},
				{
					"name": "right_iris",
					"parent": "right_eyes",
					"pivot": [-1.375, 2.54043, -2.39489],
					"cubes": [
						{
							"origin": [-1.675, 2.34043, -2.69489],
							"size": [0.5, 0.5, 0.5],
							"uv": {
								"north": {"uv": [9, 17], "uv_size": [0.5, 0.5]},
								"east": {"uv": [10, 17], "uv_size": [0.5, 0.5]},
								"south": {"uv": [11, 17], "uv_size": [0.5, 0.5]},
								"west": {"uv": [12, 17], "uv_size": [0.5, 0.5]},
								"up": {"uv": [17, 12], "uv_size": [0.5, 0.5]},
								"down": {"uv": [13, 17.5], "uv_size": [0.5, -0.5]}
							}
						}
					]
				},
				{
					"name": "front_right_leg",
					"parent": "body",
					"pivot": [-0.7, 0.8, -1],
					"rotation": [0, 0, 0],
					"cubes": [
						{
							"origin": [-1.2, 0, -1],
							"size": [1, 1, 1],
							"uv": {
								"north": {"uv": [13, 14], "uv_size": [1, 1]},
								"east": {"uv": [14, 13], "uv_size": [1, 1]},
								"south": {"uv": [14, 14], "uv_size": [1, 1]},
								"west": {"uv": [15, 0], "uv_size": [1, 1]},
								"up": {"uv": [15, 1], "uv_size": [1, 1]},
								"down": {"uv": [2, 16], "uv_size": [1, -1]}
							}
						},
						{
							"origin": [-1.6, 0, -1.5],
							"size": [1.8, 0, 1],
							"uv": {
								"north": {"uv": [0, 0], "uv_size": [2, 0]},
								"east": {"uv": [0, 0], "uv_size": [1, 0]},
								"south": {"uv": [0, 0], "uv_size": [2, 0]},
								"west": {"uv": [0, 0], "uv_size": [1, 0]},
								"up": {"uv": [13, 1], "uv_size": [2, 1]},
								"down": {"uv": [13, 3], "uv_size": [2, -1]}
							}
						}
					]
				},
				{
					"name": "front_left_leg",
					"parent": "body",
					"pivot": [0.7, 1, -0.5],
					"cubes": [
						{
							"origin": [0.2, 0, -1],
							"size": [1, 1, 1],
							"uv": {
								"north": {"uv": [4, 14], "uv_size": [1, 1]},
								"east": {"uv": [5, 14], "uv_size": [1, 1]},
								"south": {"uv": [6, 14], "uv_size": [1, 1]},
								"west": {"uv": [7, 14], "uv_size": [1, 1]},
								"up": {"uv": [8, 14], "uv_size": [1, 1]},
								"down": {"uv": [9, 15], "uv_size": [1, -1]}
							}
						},
						{
							"origin": [-0.2, 0, -1.5],
							"size": [1.8, 0, 1],
							"uv": {
								"north": {"uv": [0, 0], "uv_size": [2, 0]},
								"east": {"uv": [0, 0], "uv_size": [1, 0]},
								"south": {"uv": [0, 0], "uv_size": [2, 0]},
								"west": {"uv": [0, 0], "uv_size": [1, 0]},
								"up": {"uv": [0, 13], "uv_size": [2, 1]},
								"down": {"uv": [13, 1], "uv_size": [2, -1]}
							}
						}
					]
				},
				{
					"name": "back_left_leg1",
					"parent": "body",
					"pivot": [0.7, 1, 2.8],
					"cubes": [
						{
							"origin": [0.2, 0, 2.3],
							"size": [1, 1, 1],
							"uv": {
								"north": {"uv": [15, 6], "uv_size": [1, 1]},
								"east": {"uv": [7, 15], "uv_size": [1, 1]},
								"south": {"uv": [15, 7], "uv_size": [1, 1]},
								"west": {"uv": [8, 15], "uv_size": [1, 1]},
								"up": {"uv": [15, 8], "uv_size": [1, 1]},
								"down": {"uv": [9, 16], "uv_size": [1, -1]}
							}
						},
						{
							"origin": [-0.2, 0, 1.8],
							"size": [1.8, 0, 1],
							"uv": {
								"north": {"uv": [0, 0], "uv_size": [2, 0]},
								"east": {"uv": [0, 0], "uv_size": [1, 0]},
								"south": {"uv": [0, 0], "uv_size": [2, 0]},
								"west": {"uv": [0, 0], "uv_size": [1, 0]},
								"up": {"uv": [13, 3], "uv_size": [2, 1]},
								"down": {"uv": [13, 5], "uv_size": [2, -1]}
							}
						}
					]
				},
				{
					"name": "back_right_leg",
					"parent": "body",
					"pivot": [-0.7, 1, 2.8],
					"cubes": [
						{
							"origin": [-1.2, 0, 2.3],
							"size": [1, 1, 1],
							"uv": {
								"north": {"uv": [15, 9], "uv_size": [1, 1]},
								"east": {"uv": [10, 15], "uv_size": [1, 1]},
								"south": {"uv": [15, 10], "uv_size": [1, 1]},
								"west": {"uv": [11, 15], "uv_size": [1, 1]},
								"up": {"uv": [15, 11], "uv_size": [1, 1]},
								"down": {"uv": [12, 16], "uv_size": [1, -1]}
							}
						},
						{
							"origin": [-1.6, 0, 1.8],
							"size": [1.8, 0, 1],
							"uv": {
								"north": {"uv": [0, 0], "uv_size": [2, 0]},
								"east": {"uv": [0, 0], "uv_size": [1, 0]},
								"south": {"uv": [0, 0], "uv_size": [2, 0]},
								"west": {"uv": [0, 0], "uv_size": [1, 0]},
								"up": {"uv": [13, 5], "uv_size": [2, 1]},
								"down": {"uv": [13, 7], "uv_size": [2, -1]}
							}
						}
					]
				},
				{
					"name": "tail",
					"parent": "body",
					"pivot": [0.55, 0, 0],
					"cubes": [
						{
							"origin": [-0.85, 1.5, 4],
							"size": [1.7, 1.7, 0.7],
							"uv": {
								"north": {"uv": [11, 0], "uv_size": [1.5, 1.5]},
								"east": {"uv": [15, 13], "uv_size": [0.5, 1.5]},
								"south": {"uv": [11, 2], "uv_size": [1.5, 1.5]},
								"west": {"uv": [15, 15], "uv_size": [0.5, 1.5]},
								"up": {"uv": [0, 16], "uv_size": [1.5, 0.5]},
								"down": {"uv": [16, 0.5], "uv_size": [1.5, -0.5]}
							}
						}
					]
				}
			]
		}
	]
}