{
	"format_version": "1.12.0",
	"minecraft:geometry": [
		{
			"description": {
				"identifier": "geometry.wacky_animals.wacky_pigeon",
				"texture_width": 32,
				"texture_height": 32,
				"visible_bounds_width": 2,
				"visible_bounds_height": 2.5,
				"visible_bounds_offset": [0, 0.75, 0]
			},
			"bones": [
				{
					"name": "total",
					"pivot": [0, 0, -3]
				},
				{
					"name": "body1",
					"parent": "total",
					"pivot": [0, 4.43014, -0.60663],
					"cubes": [
						{
							"origin": [-1.7, 3.10763, -3.17436],
							"size": [3.4, 4, 4],
							"uv": {
								"north": {"uv": [14, 4], "uv_size": [3.5, 4]},
								"east": {"uv": [0, 12], "uv_size": [4, 4]},
								"south": {"uv": [0, 16], "uv_size": [3.5, 4]},
								"west": {"uv": [4, 12], "uv_size": [4, 4]},
								"up": {"uv": [4, 16], "uv_size": [3.5, 4]},
								"down": {"uv": [8, 20], "uv_size": [3.5, -4]}
							}
						}
					]
				},
				{
					"name": "body2",
					"parent": "body1",
					"pivot": [-0.4, 4.69043, 0.13011],
					"cubes": [
						{
							"origin": [-1.5, 3.29043, -0.76989],
							"size": [3, 3.4, 4],
							"uv": {
								"north": {"uv": [14, 20], "uv_size": [3, 3.5]},
								"east": {"uv": [16, 8], "uv_size": [4, 3.5]},
								"south": {"uv": [20, 16], "uv_size": [3, 3.5]},
								"west": {"uv": [12, 16], "uv_size": [4, 3.5]},
								"up": {"uv": [8, 20], "uv_size": [3, 4]},
								"down": {"uv": [20, 12], "uv_size": [3, -4]}
							}
						}
					]
				},
				{
					"name": "body3",
					"parent": "body2",
					"pivot": [0, 4.88965, 3.03717],
					"cubes": [
						{
							"origin": [-0.35, 3.8793, 2.27434],
							"size": [0.7, 2.6, 2.7],
							"uv": {
								"north": {"uv": [11, 27], "uv_size": [0.5, 2.5]},
								"east": {"uv": [23, 12], "uv_size": [2.5, 2.5]},
								"south": {"uv": [28, 0], "uv_size": [0.5, 2.5]},
								"west": {"uv": [23, 15], "uv_size": [2.5, 2.5]},
								"up": {"uv": [28, 8], "uv_size": [0.5, 2.5]},
								"down": {"uv": [12, 30.5], "uv_size": [0.5, -2.5]}
							}
						},
						{
							"origin": [0, 3.9, 0.2],
							"size": [0, 3.4, 7.3],
							"uv": {
								"north": {"uv": [0, 0], "uv_size": [0, 3.5]},
								"east": {"uv": [0, 0], "uv_size": [7.5, 3.5]},
								"south": {"uv": [0, 0], "uv_size": [0, 3.5]},
								"west": {"uv": [0, 4], "uv_size": [7.5, 3.5]},
								"up": {"uv": [0, 0], "uv_size": [0, 7.5]},
								"down": {"uv": [0, 7.5], "uv_size": [0, -7.5]}
							}
						}
					]
				},
				{
					"name": "neck",
					"parent": "body1",
					"pivot": [0.2, 5.64043, -2.26989],
					"cubes": [
						{
							"origin": [-1.55, 4.79043, -3.56989],
							"size": [3.1, 3.8, 2.5],
							"uv": {
								"north": {"uv": [11, 20], "uv_size": [3, 4]},
								"east": {"uv": [17, 20], "uv_size": [2.5, 4]},
								"south": {"uv": [20, 12], "uv_size": [3, 4]},
								"west": {"uv": [20, 20], "uv_size": [2.5, 4]},
								"up": {"uv": [23, 6], "uv_size": [3, 2.5]},
								"down": {"uv": [23, 11.5], "uv_size": [3, -2.5]}
							}
						}
					]
				},
				{
					"name": "head",
					"parent": "neck",
					"pivot": [0, 8.00674, -2.18665],
					"cubes": [
						{
							"origin": [-1.95, 7.79043, -4.16989],
							"size": [3.9, 3.7, 3.7],
							"uv": {
								"north": {"uv": [16, 12], "uv_size": [4, 3.5]},
								"east": {"uv": [0, 20], "uv_size": [3.5, 3.5]},
								"south": {"uv": [16, 16], "uv_size": [4, 3.5]},
								"west": {"uv": [4, 20], "uv_size": [3.5, 3.5]},
								"up": {"uv": [18, 0], "uv_size": [4, 3.5]},
								"down": {"uv": [18, 7.5], "uv_size": [4, -3.5]}
							}
						}
					]
				},
				{
					"name": "left_eyes",
					"parent": "head",
					"pivot": [1.75, 9.94043, -3.51989],
					"cubes": [
						{
							"origin": [1.25, 8.99043, -4.36989],
							"size": [1.3, 1.5, 1.8],
							"pivot": [1.75, 9.94043, -3.51989],
							"rotation": [0, -11, 0],
							"uv": {
								"north": {"uv": [9, 27], "uv_size": [1.5, 1.5]},
								"east": {"uv": [20, 24], "uv_size": [2, 1.5]},
								"south": {"uv": [27, 11], "uv_size": [1.5, 1.5]},
								"west": {"uv": [22, 24], "uv_size": [2, 1.5]},
								"up": {"uv": [24, 24], "uv_size": [1.5, 2]},
								"down": {"uv": [25, 20], "uv_size": [1.5, -2]}
							}
						}
					]
				},
				{
					"name": "up",
					"parent": "left_eyes",
					"pivot": [1.93678, 10.14043, -3.43264],
					"cubes": [
						{
							"origin": [1.13678, 10.19043, -4.43264],
							"size": [1.5, 0.7, 2],
							"pivot": [1.93678, 10.14043, -3.43264],
							"rotation": [0, -11, 0],
							"uv": {
								"north": {"uv": [29, 12], "uv_size": [1.5, 0.5]},
								"east": {"uv": [24, 28], "uv_size": [2, 0.5]},
								"south": {"uv": [13, 29], "uv_size": [1.5, 0.5]},
								"west": {"uv": [28, 24], "uv_size": [2, 0.5]},
								"up": {"uv": [25, 20], "uv_size": [1.5, 2]},
								"down": {"uv": [25, 24], "uv_size": [1.5, -2]}
							}
						}
					]
				},
				{
					"name": "down",
					"parent": "left_eyes",
					"pivot": [1.9, 8.99043, -3.46989],
					"cubes": [
						{
							"origin": [1.1377, 8.69043, -4.44218],
							"size": [1.5, 0.7, 2],
							"pivot": [1.8877, 9.14043, -3.44218],
							"rotation": [0, -11, 0],
							"uv": {
								"north": {"uv": [29, 13], "uv_size": [1.5, 0.5]},
								"east": {"uv": [28, 25], "uv_size": [2, 0.5]},
								"south": {"uv": [29, 14], "uv_size": [1.5, 0.5]},
								"west": {"uv": [26, 28], "uv_size": [2, 0.5]},
								"up": {"uv": [26, 0], "uv_size": [1.5, 2]},
								"down": {"uv": [26, 4], "uv_size": [1.5, -2]}
							}
						}
					]
				},
				{
					"name": "left_iris",
					"parent": "left_eyes",
					"pivot": [2.275, 9.74043, -4.09489],
					"cubes": [
						{
							"origin": [1.975, 9.44043, -4.39489],
							"size": [0.6, 0.6, 0.6],
							"pivot": [1.75, 10.24043, -3.51989],
							"rotation": [0, -11, 0],
							"uv": {
								"north": {"uv": [29, 28], "uv_size": [0.5, 0.5]},
								"east": {"uv": [29, 29], "uv_size": [0.5, 0.5]},
								"south": {"uv": [0, 30], "uv_size": [0.5, 0.5]},
								"west": {"uv": [30, 0], "uv_size": [0.5, 0.5]},
								"up": {"uv": [1, 30], "uv_size": [0.5, 0.5]},
								"down": {"uv": [30, 1.5], "uv_size": [0.5, -0.5]}
							}
						}
					]
				},
				{
					"name": "right_eyes",
					"parent": "head",
					"pivot": [-1.75, 9.94043, -3.51989],
					"cubes": [
						{
							"origin": [-2.55, 8.99043, -4.36989],
							"size": [1.3, 1.5, 1.8],
							"pivot": [-1.75, 9.94043, -3.51989],
							"rotation": [0, 11, 0],
							"uv": {
								"north": {"uv": [27, 13], "uv_size": [1.5, 1.5]},
								"east": {"uv": [2, 27], "uv_size": [2, 1.5]},
								"south": {"uv": [27, 15], "uv_size": [1.5, 1.5]},
								"west": {"uv": [4, 27], "uv_size": [2, 1.5]},
								"up": {"uv": [6, 27], "uv_size": [1.5, 2]},
								"down": {"uv": [27, 8], "uv_size": [1.5, -2]}
							}
						}
					]
				},
				{
					"name": "up2",
					"parent": "right_eyes",
					"pivot": [-1.93678, 10.14043, -3.43264],
					"cubes": [
						{
							"origin": [-2.63678, 10.19043, -4.43264],
							"size": [1.5, 0.7, 2],
							"pivot": [-1.93678, 10.14043, -3.43264],
							"rotation": [0, 11, 0],
							"uv": {
								"north": {"uv": [29, 17], "uv_size": [1.5, 0.5]},
								"east": {"uv": [9, 29], "uv_size": [2, 0.5]},
								"south": {"uv": [29, 18], "uv_size": [1.5, 0.5]},
								"west": {"uv": [29, 9], "uv_size": [2, 0.5]},
								"up": {"uv": [24, 26], "uv_size": [1.5, 2]},
								"down": {"uv": [26, 26], "uv_size": [1.5, -2]}
							}
						}
					]
				},
				{
					"name": "down2",
					"parent": "right_eyes",
					"pivot": [-1.9, 8.99043, -3.46989],
					"cubes": [
						{
							"origin": [-2.6377, 8.69043, -4.44218],
							"size": [1.5, 0.7, 2],
							"pivot": [-1.8877, 9.14043, -3.44218],
							"rotation": [0, 11, 0],
							"uv": {
								"north": {"uv": [19, 29], "uv_size": [1.5, 0.5]},
								"east": {"uv": [29, 10], "uv_size": [2, 0.5]},
								"south": {"uv": [21, 29], "uv_size": [1.5, 0.5]},
								"west": {"uv": [29, 11], "uv_size": [2, 0.5]},
								"up": {"uv": [26, 26], "uv_size": [1.5, 2]},
								"down": {"uv": [0, 29], "uv_size": [1.5, -2]}
							}
						}
					]
				},
				{
					"name": "right_iris",
					"parent": "right_eyes",
					"pivot": [-2.275, 9.74043, -4.09489],
					"cubes": [
						{
							"origin": [-2.575, 9.44043, -4.39489],
							"size": [0.6, 0.6, 0.6],
							"pivot": [-1.75, 10.24043, -3.51989],
							"rotation": [0, 11, 0],
							"uv": {
								"north": {"uv": [2, 30], "uv_size": [0.5, 0.5]},
								"east": {"uv": [30, 2], "uv_size": [0.5, 0.5]},
								"south": {"uv": [3, 30], "uv_size": [0.5, 0.5]},
								"west": {"uv": [4, 30], "uv_size": [0.5, 0.5]},
								"up": {"uv": [30, 4], "uv_size": [0.5, 0.5]},
								"down": {"uv": [5, 30.5], "uv_size": [0.5, -0.5]}
							}
						}
					]
				},
				{
					"name": "claw_down",
					"parent": "head",
					"pivot": [0, 8.39043, -4.11989],
					"cubes": [
						{
							"origin": [-0.95, 8.09043, -6.16989],
							"size": [1.9, 0.6, 2.7],
							"uv": {
								"north": {"uv": [28, 26], "uv_size": [2, 0.5]},
								"east": {"uv": [27, 23], "uv_size": [2.5, 0.5]},
								"south": {"uv": [28, 27], "uv_size": [2, 0.5]},
								"west": {"uv": [28, 3], "uv_size": [2.5, 0.5]},
								"up": {"uv": [0, 24], "uv_size": [2, 2.5]},
								"down": {"uv": [2, 26.5], "uv_size": [2, -2.5]}
							}
						}
					]
				},
				{
					"name": "tong1",
					"parent": "claw_down",
					"pivot": [0.05, 8.84043, -3.91989],
					"cubes": [
						{
							"origin": [-0.6, 8.69043, -6.16989],
							"size": [1.2, 0.3, 2.7],
							"uv": {
								"north": {"uv": [23, 29], "uv_size": [1, 0.5]},
								"east": {"uv": [13, 28], "uv_size": [2.5, 0.5]},
								"south": {"uv": [24, 29], "uv_size": [1, 0.5]},
								"west": {"uv": [16, 28], "uv_size": [2.5, 0.5]},
								"up": {"uv": [8, 27], "uv_size": [1, 2.5]},
								"down": {"uv": [27, 10.5], "uv_size": [1, -2.5]}
							}
						}
					]
				},
				{
					"name": "tong2",
					"parent": "tong1",
					"pivot": [0.05, 8.84043, -6.11989],
					"cubes": [
						{
							"origin": [-0.5, 8.77034, -6.98819],
							"size": [1, 0.2, 0.9],
							"uv": {
								"north": {"uv": [25, 29], "uv_size": [1, 0.5]},
								"east": {"uv": [26, 29], "uv_size": [1, 0.5]},
								"south": {"uv": [27, 29], "uv_size": [1, 0.5]},
								"west": {"uv": [28, 29], "uv_size": [1, 0.5]},
								"up": {"uv": [22, 6], "uv_size": [1, 1]},
								"down": {"uv": [22, 8], "uv_size": [1, -1]}
							}
						}
					]
				},
				{
					"name": "tong3",
					"parent": "tong2",
					"pivot": [0.025, 8.84043, -6.89489],
					"cubes": [
						{
							"origin": [-0.4, 8.87034, -7.88819],
							"size": [0.8, 0, 1],
							"uv": {
								"north": {"uv": [0, 0], "uv_size": [1, 0]},
								"east": {"uv": [0, 0], "uv_size": [1, 0]},
								"south": {"uv": [0, 0], "uv_size": [1, 0]},
								"west": {"uv": [0, 0], "uv_size": [1, 0]},
								"up": {"uv": [19, 28], "uv_size": [1, 1]},
								"down": {"uv": [28, 29], "uv_size": [1, -1]}
							}
						}
					]
				},
				{
					"name": "claw_up",
					"parent": "head",
					"pivot": [0, 9.19043, -4.01989],
					"cubes": [
						{
							"origin": [-0.95, 8.69043, -6.56989],
							"size": [1.9, 1, 3.1],
							"uv": {
								"north": {"uv": [27, 17], "uv_size": [2, 1]},
								"east": {"uv": [26, 4], "uv_size": [3, 1]},
								"south": {"uv": [27, 18], "uv_size": [2, 1]},
								"west": {"uv": [26, 5], "uv_size": [3, 1]},
								"up": {"uv": [23, 18], "uv_size": [2, 3]},
								"down": {"uv": [23, 24], "uv_size": [2, -3]}
							}
						}
					]
				},
				{
					"name": "crete",
					"parent": "head",
					"pivot": [0, 11.04043, -1.91989],
					"cubes": [
						{
							"origin": [0, 10.79043, -3.66989],
							"size": [0, 2.7, 3.7],
							"pivot": [0, 12.14043, -2.31989],
							"rotation": [-15, 0, 0],
							"uv": {
								"north": {"uv": [0, 0], "uv_size": [0, 2.5]},
								"east": {"uv": [22, 0], "uv_size": [3.5, 2.5]},
								"south": {"uv": [0, 0], "uv_size": [0, 2.5]},
								"west": {"uv": [22, 3], "uv_size": [3.5, 2.5]},
								"up": {"uv": [0, 0], "uv_size": [0, 3.5]},
								"down": {"uv": [0, 3.5], "uv_size": [0, -3.5]}
							}
						}
					]
				},
				{
					"name": "right_wing",
					"parent": "body1",
					"pivot": [-1.56819, 5.88535, -1.48327],
					"cubes": [
						{
							"origin": [-5.23637, 3.77069, -4.56655],
							"size": [1, 4, 4],
							"pivot": [-4.73637, 5.82069, -1.39155],
							"rotation": [-90, 0, 90],
							"uv": {
								"north": {"uv": [12, 24], "uv_size": [1, 4]},
								"east": {"uv": [8, 12], "uv_size": [4, 4]},
								"south": {"uv": [13, 24], "uv_size": [1, 4]},
								"west": {"uv": [12, 8], "uv_size": [4, 4]},
								"up": {"uv": [14, 24], "uv_size": [1, 4]},
								"down": {"uv": [15, 28], "uv_size": [1, -4]}
							}
						}
					]
				},
				{
					"name": "right_wing2",
					"parent": "right_wing",
					"pivot": [-5.53637, 5.89569, -1.54155],
					"cubes": [
						{
							"origin": [-4.73637, 2.59569, -1.89155],
							"size": [0, 4, 5.3],
							"pivot": [-4.73637, 5.82069, -0.19155],
							"rotation": [-90, 0, 90],
							"uv": {
								"north": {"uv": [0, 0], "uv_size": [0, 4]},
								"east": {"uv": [0, 8], "uv_size": [5.5, 4]},
								"south": {"uv": [0, 0], "uv_size": [0, 4]},
								"west": {"uv": [8, 0], "uv_size": [5.5, 4]},
								"up": {"uv": [0, 0], "uv_size": [0, 5.5]},
								"down": {"uv": [0, 5.5], "uv_size": [0, -5.5]}
							}
						}
					]
				},
				{
					"name": "left_wing3",
					"parent": "body1",
					"pivot": [1.56819, 5.88535, -1.48327],
					"cubes": [
						{
							"origin": [4.23637, 3.77069, -4.56655],
							"size": [1, 4, 4],
							"pivot": [4.73637, 5.82069, -1.39155],
							"rotation": [-90, 0, -90],
							"uv": {
								"north": {"uv": [16, 24], "uv_size": [1, 4]},
								"east": {"uv": [12, 12], "uv_size": [4, 4]},
								"south": {"uv": [17, 24], "uv_size": [1, 4]},
								"west": {"uv": [14, 0], "uv_size": [4, 4]},
								"up": {"uv": [18, 24], "uv_size": [1, 4]},
								"down": {"uv": [19, 28], "uv_size": [1, -4]}
							}
						}
					]
				},
				{
					"name": "left_wing4",
					"parent": "left_wing3",
					"pivot": [5.53637, 5.89569, -1.54155],
					"cubes": [
						{
							"origin": [4.73637, 2.59569, -1.89155],
							"size": [0, 4, 5.3],
							"pivot": [4.73637, 5.82069, -0.19155],
							"rotation": [-90, 0, -90],
							"uv": {
								"north": {"uv": [0, 0], "uv_size": [0, 4]},
								"east": {"uv": [8, 4], "uv_size": [5.5, 4]},
								"south": {"uv": [0, 0], "uv_size": [0, 4]},
								"west": {"uv": [6, 8], "uv_size": [5.5, 4]},
								"up": {"uv": [0, 0], "uv_size": [0, 5.5]},
								"down": {"uv": [0, 5.5], "uv_size": [0, -5.5]}
							}
						}
					]
				},
				{
					"name": "right_leg",
					"parent": "total",
					"pivot": [-0.9, 3.1, -0.45],
					"cubes": [
						{
							"origin": [-1.4, 0.2, -1],
							"size": [1, 2.8, 1],
							"uv": {
								"north": {"uv": [26, 6], "uv_size": [1, 3]},
								"east": {"uv": [26, 9], "uv_size": [1, 3]},
								"south": {"uv": [26, 12], "uv_size": [1, 3]},
								"west": {"uv": [26, 15], "uv_size": [1, 3]},
								"up": {"uv": [0, 29], "uv_size": [1, 1]},
								"down": {"uv": [29, 1], "uv_size": [1, -1]}
							}
						},
						{
							"origin": [-1.5, 1.9, -1.1],
							"size": [1.2, 1.2, 1.2],
							"uv": {
								"north": {"uv": [1, 29], "uv_size": [1, 1]},
								"east": {"uv": [29, 1], "uv_size": [1, 1]},
								"south": {"uv": [2, 29], "uv_size": [1, 1]},
								"west": {"uv": [29, 2], "uv_size": [1, 1]},
								"up": {"uv": [3, 29], "uv_size": [1, 1]},
								"down": {"uv": [4, 30], "uv_size": [1, -1]}
							}
						}
					]
				},
				{
					"name": "right_feet",
					"parent": "right_leg",
					"pivot": [-0.9, 0.2, -0.5],
					"cubes": [
						{
							"origin": [-1.7, -0.1, -2.5],
							"size": [1.6, 0.4, 3],
							"uv": {
								"north": {"uv": [15, 29], "uv_size": [1.5, 0.5]},
								"east": {"uv": [27, 19], "uv_size": [3, 0.5]},
								"south": {"uv": [29, 15], "uv_size": [1.5, 0.5]},
								"west": {"uv": [27, 20], "uv_size": [3, 0.5]},
								"up": {"uv": [4, 24], "uv_size": [1.5, 3]},
								"down": {"uv": [6, 27], "uv_size": [1.5, -3]}
							}
						}
					]
				},
				{
					"name": "left_leg",
					"parent": "total",
					"pivot": [0.9, 3.1, -0.45],
					"cubes": [
						{
							"origin": [0.4, 0.2, -1],
							"size": [1, 2.8, 1],
							"uv": {
								"north": {"uv": [20, 26], "uv_size": [1, 3]},
								"east": {"uv": [21, 26], "uv_size": [1, 3]},
								"south": {"uv": [22, 26], "uv_size": [1, 3]},
								"west": {"uv": [23, 26], "uv_size": [1, 3]},
								"up": {"uv": [29, 4], "uv_size": [1, 1]},
								"down": {"uv": [5, 30], "uv_size": [1, -1]}
							}
						},
						{
							"origin": [0.3, 1.9, -1.1],
							"size": [1.2, 1.2, 1.2],
							"uv": {
								"north": {"uv": [29, 5], "uv_size": [1, 1]},
								"east": {"uv": [6, 29], "uv_size": [1, 1]},
								"south": {"uv": [29, 6], "uv_size": [1, 1]},
								"west": {"uv": [7, 29], "uv_size": [1, 1]},
								"up": {"uv": [29, 7], "uv_size": [1, 1]},
								"down": {"uv": [29, 9], "uv_size": [1, -1]}
							}
						}
					]
				},
				{
					"name": "left_feet",
					"parent": "left_leg",
					"pivot": [0.9, 0.2, -0.5],
					"cubes": [
						{
							"origin": [0.1, -0.1, -2.5],
							"size": [1.6, 0.4, 3],
							"uv": {
								"north": {"uv": [29, 16], "uv_size": [1.5, 0.5]},
								"east": {"uv": [27, 21], "uv_size": [3, 0.5]},
								"south": {"uv": [17, 29], "uv_size": [1.5, 0.5]},
								"west": {"uv": [27, 22], "uv_size": [3, 0.5]},
								"up": {"uv": [8, 24], "uv_size": [1.5, 3]},
								"down": {"uv": [10, 27], "uv_size": [1.5, -3]}
							}
						}
					]
				}
			]
		}
	]
}