{
	"format_version": "1.12.0",
	"minecraft:geometry": [
		{
			"description": {
				"identifier": "geometry.wacky_animals.wacky_fish_2",
				"texture_width": 40,
				"texture_height": 40,
				"visible_bounds_width": 4,
				"visible_bounds_height": 2.5,
				"visible_bounds_offset": [0, 0.75, 0]
			},
			"bones": [
				{
					"name": "total",
					"pivot": [0, 0, 0]
				},
				{
					"name": "body",
					"parent": "total",
					"pivot": [0, 6.45714, 0.07143],
					"cubes": [
						{
							"origin": [-1, 3.4, -4],
							"size": [2, 4.6, 9],
							"uv": {
								"north": {"uv": [23, 0], "uv_size": [2, 4.5]},
								"east": {"uv": [0, 12], "uv_size": [9, 4.5]},
								"south": {"uv": [23, 5], "uv_size": [2, 4.5]},
								"west": {"uv": [12, 0], "uv_size": [9, 4.5]},
								"up": {"uv": [0, 21], "uv_size": [2, 9]},
								"down": {"uv": [21, 9], "uv_size": [2, -9]}
							}
						}
					]
				},
				{
					"name": "head",
					"parent": "body",
					"pivot": [-0.5, 5.55872, -2.87546],
					"cubes": [
						{
							"origin": [-1.2, 2.84991, -5.65071],
							"size": [2.4, 0.5, 2.7],
							"pivot": [-0.5, 5.64991, -5.45071],
							"rotation": [-9, 0, 0],
							"uv": {
								"north": {"uv": [30, 6], "uv_size": [2.5, 0.5]},
								"east": {"uv": [30, 7], "uv_size": [2.5, 0.5]},
								"south": {"uv": [30, 8], "uv_size": [2.5, 0.5]},
								"west": {"uv": [9, 30], "uv_size": [2.5, 0.5]},
								"up": {"uv": [27, 10], "uv_size": [2.5, 2.5]},
								"down": {"uv": [11, 29.5], "uv_size": [2.5, -2.5]}
							}
						},
						{
							"origin": [-1.45, 3.24991, -5.95071],
							"size": [2.9, 2.5, 3],
							"pivot": [-0.45, 5.64991, -5.45071],
							"rotation": [-9, 0, 0],
							"uv": {
								"north": {"uv": [14, 25], "uv_size": [3, 2.5]},
								"east": {"uv": [2, 27], "uv_size": [3, 2.5]},
								"south": {"uv": [5, 27], "uv_size": [3, 2.5]},
								"west": {"uv": [8, 27], "uv_size": [3, 2.5]},
								"up": {"uv": [18, 24], "uv_size": [3, 3]},
								"down": {"uv": [21, 27], "uv_size": [3, -3]}
							}
						},
						{
							"origin": [-1.5, 1.12658, -4.99658],
							"size": [3, 6, 3],
							"pivot": [-0.5, 4.12658, -4.49658],
							"rotation": [32.5, 0, 0],
							"uv": {
								"north": {"uv": [2, 21], "uv_size": [3, 6]},
								"east": {"uv": [5, 21], "uv_size": [3, 6]},
								"south": {"uv": [8, 21], "uv_size": [3, 6]},
								"west": {"uv": [11, 21], "uv_size": [3, 6]},
								"up": {"uv": [17, 14], "uv_size": [3, 3]},
								"down": {"uv": [24, 13], "uv_size": [3, -3]}
							}
						}
					]
				},
				{
					"name": "right_eyes",
					"parent": "head",
					"pivot": [-1.45, 5.94043, -4.31989],
					"cubes": [
						{
							"origin": [-2.2377, 5.08163, -5.21744],
							"size": [1.3, 1.5, 1.8],
							"pivot": [-1.5877, 5.13163, -4.31744],
							"rotation": [0, 11, 0],
							"uv": {
								"north": {"uv": [0, 30], "uv_size": [1.5, 1.5]},
								"east": {"uv": [28, 8], "uv_size": [2, 1.5]},
								"south": {"uv": [2, 30], "uv_size": [1.5, 1.5]},
								"west": {"uv": [28, 13], "uv_size": [2, 1.5]},
								"up": {"uv": [14, 28], "uv_size": [1.5, 2]},
								"down": {"uv": [28, 17], "uv_size": [1.5, -2]}
							}
						}
					]
				},
				{
					"name": "up2",
					"parent": "right_eyes",
					"pivot": [-1.63678, 6.24043, -4.23264],
					"cubes": [
						{
							"origin": [-2.33678, 6.28163, -5.3079],
							"size": [1.5, 0.7, 2],
							"pivot": [-1.63678, 6.23163, -4.3079],
							"rotation": [0, 11, 0],
							"uv": {
								"north": {"uv": [30, 30], "uv_size": [1.5, 0.5]},
								"east": {"uv": [25, 17], "uv_size": [2, 0.5]},
								"south": {"uv": [6, 31], "uv_size": [1.5, 0.5]},
								"west": {"uv": [14, 30], "uv_size": [2, 0.5]},
								"up": {"uv": [15, 10], "uv_size": [1.5, 2]},
								"down": {"uv": [28, 4], "uv_size": [1.5, -2]}
							}
						}
					]
				},
				{
					"name": "down2",
					"parent": "right_eyes",
					"pivot": [-1.5877, 5.24043, -4.24218],
					"cubes": [
						{
							"origin": [-2.3377, 4.78163, -5.31744],
							"size": [1.5, 0.7, 2],
							"pivot": [-1.5877, 5.13163, -4.31744],
							"rotation": [0, 11, 0],
							"uv": {
								"north": {"uv": [8, 31], "uv_size": [1.5, 0.5]},
								"east": {"uv": [30, 15], "uv_size": [2, 0.5]},
								"south": {"uv": [31, 9], "uv_size": [1.5, 0.5]},
								"west": {"uv": [30, 16], "uv_size": [2, 0.5]},
								"up": {"uv": [28, 4], "uv_size": [1.5, 2]},
								"down": {"uv": [28, 8], "uv_size": [1.5, -2]}
							}
						}
					]
				},
				{
					"name": "right_iris",
					"parent": "right_eyes",
					"pivot": [-2.0751, 5.74043, -4.7841],
					"cubes": [
						{
							"origin": [-2.37507, 5.53163, -5.1594],
							"size": [0.6, 0.6, 0.6],
							"pivot": [-2.07507, 5.83163, -4.8594],
							"rotation": [0, 11, 0],
							"uv": {
								"north": {"uv": [24, 13], "uv_size": [0.5, 0.5]},
								"east": {"uv": [31, 13], "uv_size": [0.5, 0.5]},
								"south": {"uv": [14, 31], "uv_size": [0.5, 0.5]},
								"west": {"uv": [31, 14], "uv_size": [0.5, 0.5]},
								"up": {"uv": [15, 31], "uv_size": [0.5, 0.5]},
								"down": {"uv": [16, 31.5], "uv_size": [0.5, -0.5]}
							}
						}
					]
				},
				{
					"name": "left_eyes",
					"parent": "head",
					"pivot": [1.45, 5.94043, -4.31989],
					"cubes": [
						{
							"origin": [0.9377, 5.08163, -5.21744],
							"size": [1.3, 1.5, 1.8],
							"pivot": [1.5877, 5.13163, -4.31744],
							"rotation": [0, -11, 0],
							"uv": {
								"north": {"uv": [30, 2], "uv_size": [1.5, 1.5]},
								"east": {"uv": [29, 21], "uv_size": [2, 1.5]},
								"south": {"uv": [4, 30], "uv_size": [1.5, 1.5]},
								"west": {"uv": [23, 29], "uv_size": [2, 1.5]},
								"up": {"uv": [25, 29], "uv_size": [1.5, 2]},
								"down": {"uv": [28, 31], "uv_size": [1.5, -2]}
							}
						}
					]
				},
				{
					"name": "up3",
					"parent": "left_eyes",
					"pivot": [1.63678, 6.24043, -4.23264],
					"cubes": [
						{
							"origin": [0.83678, 6.28163, -5.3079],
							"size": [1.5, 0.7, 2],
							"pivot": [1.63678, 6.23163, -4.3079],
							"rotation": [0, -11, 0],
							"uv": {
								"north": {"uv": [10, 31], "uv_size": [1.5, 0.5]},
								"east": {"uv": [18, 30], "uv_size": [2, 0.5]},
								"south": {"uv": [31, 10], "uv_size": [1.5, 0.5]},
								"west": {"uv": [30, 23], "uv_size": [2, 0.5]},
								"up": {"uv": [28, 27], "uv_size": [1.5, 2]},
								"down": {"uv": [29, 19], "uv_size": [1.5, -2]}
							}
						}
					]
				},
				{
					"name": "down3",
					"parent": "left_eyes",
					"pivot": [1.5877, 5.24043, -4.24218],
					"cubes": [
						{
							"origin": [0.8377, 4.78163, -5.31744],
							"size": [1.5, 0.7, 2],
							"pivot": [1.5877, 5.13163, -4.31744],
							"rotation": [0, -11, 0],
							"uv": {
								"north": {"uv": [31, 11], "uv_size": [1.5, 0.5]},
								"east": {"uv": [30, 24], "uv_size": [2, 0.5]},
								"south": {"uv": [31, 12], "uv_size": [1.5, 0.5]},
								"west": {"uv": [30, 27], "uv_size": [2, 0.5]},
								"up": {"uv": [29, 19], "uv_size": [1.5, 2]},
								"down": {"uv": [21, 31], "uv_size": [1.5, -2]}
							}
						}
					]
				},
				{
					"name": "left_iris",
					"parent": "left_eyes",
					"pivot": [2.0751, 5.74043, -4.7841],
					"cubes": [
						{
							"origin": [1.77507, 5.53163, -5.1594],
							"size": [0.6, 0.6, 0.6],
							"pivot": [2.07507, 5.83163, -4.8594],
							"rotation": [0, -11, 0],
							"uv": {
								"north": {"uv": [31, 17], "uv_size": [0.5, 0.5]},
								"east": {"uv": [18, 31], "uv_size": [0.5, 0.5]},
								"south": {"uv": [31, 18], "uv_size": [0.5, 0.5]},
								"west": {"uv": [19, 31], "uv_size": [0.5, 0.5]},
								"up": {"uv": [31, 19], "uv_size": [0.5, 0.5]},
								"down": {"uv": [31, 20.5], "uv_size": [0.5, -0.5]}
							}
						}
					]
				},
				{
					"name": "claw_lower",
					"parent": "head",
					"pivot": [-0.05, 2.73922, -3.15707],
					"rotation": [37.5, 0, 0],
					"cubes": [
						{
							"origin": [-1.9, 1.89576, -6.71386],
							"size": [3.8, 1, 3.6],
							"pivot": [-0.2, 2.13041, -3.23233],
							"rotation": [-9, 0, 0],
							"uv": {
								"north": {"uv": [27, 25], "uv_size": [4, 1]},
								"east": {"uv": [28, 0], "uv_size": [3.5, 1]},
								"south": {"uv": [27, 26], "uv_size": [4, 1]},
								"west": {"uv": [28, 1], "uv_size": [3.5, 1]},
								"up": {"uv": [14, 21], "uv_size": [4, 3.5]},
								"down": {"uv": [21, 17.5], "uv_size": [4, -3.5]}
							}
						},
						{
							"origin": [-1.55, 0.89576, -6.21386],
							"size": [3.1, 1.6, 3],
							"pivot": [-0.05, 2.13041, -3.23233],
							"rotation": [-9, 0, 0],
							"uv": {
								"north": {"uv": [12, 10], "uv_size": [3, 1.5]},
								"east": {"uv": [21, 27], "uv_size": [3, 1.5]},
								"south": {"uv": [27, 23], "uv_size": [3, 1.5]},
								"west": {"uv": [24, 27], "uv_size": [3, 1.5]},
								"up": {"uv": [24, 21], "uv_size": [3, 3]},
								"down": {"uv": [24, 27], "uv_size": [3, -3]}
							}
						},
						{
							"origin": [-1.55, 2.39576, -6.31386],
							"size": [3.1, 0.6, 3],
							"pivot": [-0.05, 2.13041, -3.23233],
							"rotation": [-9, 0, 0],
							"uv": {
								"north": {"uv": [20, 9], "uv_size": [3, 0.5]},
								"east": {"uv": [30, 4], "uv_size": [3, 0.5]},
								"south": {"uv": [30, 5], "uv_size": [3, 0.5]},
								"west": {"uv": [6, 30], "uv_size": [3, 0.5]},
								"up": {"uv": [25, 0], "uv_size": [3, 3]},
								"down": {"uv": [25, 6], "uv_size": [3, -3]}
							}
						}
					]
				},
				{
					"name": "fin_left",
					"parent": "body",
					"pivot": [1.15, 5.85, -2.8],
					"cubes": [
						{
							"origin": [2.4, 4.4, -3.1],
							"size": [0.6, 2.6, 2],
							"pivot": [3, 6.2, 3.6],
							"rotation": [0, 16, 0],
							"uv": {
								"north": {"uv": [30, 12], "uv_size": [0.5, 2.5]},
								"east": {"uv": [19, 27], "uv_size": [2, 2.5]},
								"south": {"uv": [13, 30], "uv_size": [0.5, 2.5]},
								"west": {"uv": [27, 20], "uv_size": [2, 2.5]},
								"up": {"uv": [20, 30], "uv_size": [0.5, 2]},
								"down": {"uv": [30, 30], "uv_size": [0.5, -2]}
							}
						}
					]
				},
				{
					"name": "fin_left5",
					"parent": "fin_left",
					"pivot": [1.2, 5.8, -1.7],
					"cubes": [
						{
							"origin": [2.7, 3.6, -1.7],
							"size": [0, 3.8, 6.6],
							"pivot": [3, 6.2, 3.6],
							"rotation": [0, 16, 0],
							"uv": {
								"north": {"uv": [0, 0], "uv_size": [0, 4]},
								"east": {"uv": [17, 10], "uv_size": [6.5, 4]},
								"south": {"uv": [0, 0], "uv_size": [0, 4]},
								"west": {"uv": [14, 17], "uv_size": [6.5, 4]},
								"up": {"uv": [0, 0], "uv_size": [0, 6.5]},
								"down": {"uv": [0, 6.5], "uv_size": [0, -6.5]}
							}
						}
					]
				},
				{
					"name": "fin_right",
					"parent": "body",
					"pivot": [-1.15, 5.85, -2.8],
					"cubes": [
						{
							"origin": [-3, 4.4, -3.1],
							"size": [0.6, 2.6, 2],
							"pivot": [-3, 6.2, 3.6],
							"rotation": [0, -16, 0],
							"uv": {
								"north": {"uv": [30.5, 12], "uv_size": [-0.5, 2.5]},
								"east": {"uv": [29, 20], "uv_size": [-2, 2.5]},
								"south": {"uv": [13.5, 30], "uv_size": [-0.5, 2.5]},
								"west": {"uv": [21, 27], "uv_size": [-2, 2.5]},
								"up": {"uv": [20.5, 30], "uv_size": [-0.5, 2]},
								"down": {"uv": [30.5, 30], "uv_size": [-0.5, -2]}
							}
						}
					]
				},
				{
					"name": "fin_right3",
					"parent": "fin_right",
					"pivot": [-1.2, 5.8, -1.7],
					"cubes": [
						{
							"origin": [-2.7, 3.6, -1.7],
							"size": [0, 3.8, 6.6],
							"pivot": [-3, 6.2, 3.6],
							"rotation": [0, -16, 0],
							"uv": {
								"north": {"uv": [0, 0], "uv_size": [0, 4]},
								"east": {"uv": [20.5, 17], "uv_size": [-6.5, 4]},
								"south": {"uv": [0, 0], "uv_size": [0, 4]},
								"west": {"uv": [23.5, 10], "uv_size": [-6.5, 4]},
								"up": {"uv": [0, 0], "uv_size": [0, 6.5]},
								"down": {"uv": [0, 6.5], "uv_size": [0, -6.5]}
							}
						}
					]
				},
				{
					"name": "fin_back",
					"parent": "body",
					"pivot": [0, 5.8, 4.95],
					"cubes": [
						{
							"origin": [-0.5, 3.9, 4],
							"size": [1, 3.6, 2.6],
							"uv": {
								"north": {"uv": [20, 5], "uv_size": [1, 3.5]},
								"east": {"uv": [25, 6], "uv_size": [2.5, 3.5]},
								"south": {"uv": [27, 27], "uv_size": [1, 3.5]},
								"west": {"uv": [25, 13], "uv_size": [2.5, 3.5]},
								"up": {"uv": [20, 14], "uv_size": [1, 2.5]},
								"down": {"uv": [16, 30.5], "uv_size": [1, -2.5]}
							}
						}
					]
				},
				{
					"name": "fin_back2",
					"parent": "fin_back",
					"pivot": [0, 5.7, 6],
					"cubes": [
						{
							"origin": [0, 2.9, 5.8],
							"size": [0, 5.6, 11.6],
							"uv": {
								"north": {"uv": [0, 0], "uv_size": [0, 5.5]},
								"east": {"uv": [0, 0], "uv_size": [11.5, 5.5]},
								"south": {"uv": [0, 0], "uv_size": [0, 5.5]},
								"west": {"uv": [0, 6], "uv_size": [11.5, 5.5]},
								"up": {"uv": [0, 0], "uv_size": [0, 11.5]},
								"down": {"uv": [0, 11.5], "uv_size": [0, -11.5]}
							}
						}
					]
				},
				{
					"name": "fin_upper",
					"parent": "body",
					"pivot": [0, 7.9, 0.1],
					"cubes": [
						{
							"origin": [0, 7, -2.8],
							"size": [0, 4.6, 8],
							"pivot": [0, 11.7, 1],
							"rotation": [-14, 0, 0],
							"uv": {
								"north": {"uv": [0, 0], "uv_size": [0, 4.5]},
								"east": {"uv": [12, 5], "uv_size": [8, 4.5]},
								"south": {"uv": [0, 0], "uv_size": [0, 4.5]},
								"west": {"uv": [9, 12], "uv_size": [8, 4.5]},
								"up": {"uv": [0, 0], "uv_size": [0, 8]},
								"down": {"uv": [0, 8], "uv_size": [0, -8]}
							}
						}
					]
				},
				{
					"name": "fin_lower",
					"parent": "body",
					"pivot": [0, 3.5, 1.45],
					"cubes": [
						{
							"origin": [0, 1, -1.4],
							"size": [0, 2.6, 5.7],
							"uv": {
								"north": {"uv": [0, 0], "uv_size": [0, 2.5]},
								"east": {"uv": [18, 21], "uv_size": [5.5, 2.5]},
								"south": {"uv": [0, 0], "uv_size": [0, 2.5]},
								"west": {"uv": [21, 18], "uv_size": [5.5, 2.5]},
								"up": {"uv": [0, 0], "uv_size": [0, 5.5]},
								"down": {"uv": [0, 5.5], "uv_size": [0, -5.5]}
							}
						}
					]
				}
			]
		}
	]
}