{
	"format_version": "1.12.0",
	"minecraft:geometry": [
		{
			"description": {
				"identifier": "geometry.wacky_animals.wacky_snake",
				"texture_width": 64,
				"texture_height": 64,
				"visible_bounds_width": 5,
				"visible_bounds_height": 1.5,
				"visible_bounds_offset": [0, 0.25, 0]
			},
			"bones": [
				{
					"name": "head",
					"pivot": [0, 1.75, -15.75],
					"cubes": [
						{
							"origin": [-2, 0, -17.5],
							"size": [4, 3.5, 3.5],
							"uv": {
								"north": {"uv": [20, 3], "uv_size": [4, 3.5]},
								"east": {"uv": [22, 16], "uv_size": [3.5, 3.5]},
								"south": {"uv": [8, 20], "uv_size": [4, 3.5]},
								"west": {"uv": [22, 20], "uv_size": [3.5, 3.5]},
								"up": {"uv": [12, 20], "uv_size": [4, 3.5]},
								"down": {"uv": [22, 10.5], "uv_size": [4, -3.5]}
							}
						}
					]
				},
				{
					"name": "claw_down",
					"parent": "head",
					"pivot": [0, 1, -18],
					"cubes": [
						{
							"origin": [-2.5, 0, -23],
							"size": [5, 2, 5.5],
							"uv": {
								"north": {"uv": [24, 4], "uv_size": [5, 2]},
								"east": {"uv": [23, 0], "uv_size": [5.5, 2]},
								"south": {"uv": [8, 24], "uv_size": [5, 2]},
								"west": {"uv": [24, 2], "uv_size": [5.5, 2]},
								"up": {"uv": [0, 0], "uv_size": [5, 5.5]},
								"down": {"uv": [5, 5.5], "uv_size": [5, -5.5]}
							}
						},
						{
							"origin": [-2.3, 2, -22.75],
							"size": [4.6, 1, 4.25],
							"uv": {
								"north": {"uv": [26, 23], "uv_size": [4.5, 1]},
								"east": {"uv": [16, 27], "uv_size": [4.5, 1]},
								"south": {"uv": [27, 24], "uv_size": [4.5, 1]},
								"west": {"uv": [27, 25], "uv_size": [4.5, 1]},
								"up": {"uv": [0, 6], "uv_size": [4.5, 4.5]},
								"down": {"uv": [5, 10.5], "uv_size": [4.5, -4.5]}
							}
						}
					]
				},
				{
					"name": "body1",
					"parent": "head",
					"pivot": [0, 1.5, -14],
					"cubes": [
						{
							"origin": [-1.5, 0, -14],
							"size": [3, 3, 5],
							"uv": {
								"north": {"uv": [24, 11], "uv_size": [3, 3]},
								"east": {"uv": [16, 16], "uv_size": [5, 3]},
								"south": {"uv": [13, 24], "uv_size": [3, 3]},
								"west": {"uv": [18, 0], "uv_size": [5, 3]},
								"up": {"uv": [16, 19], "uv_size": [3, 5]},
								"down": {"uv": [19, 24], "uv_size": [3, -5]}
							}
						}
					]
				},
				{
					"name": "body2",
					"parent": "body1",
					"pivot": [0, 1, -9],
					"cubes": [
						{
							"origin": [-1, 0, -9],
							"size": [2, 2, 8],
							"uv": {
								"north": {"uv": [25, 28], "uv_size": [2, 2]},
								"east": {"uv": [16, 12], "uv_size": [8, 2]},
								"south": {"uv": [27, 28], "uv_size": [2, 2]},
								"west": {"uv": [16, 14], "uv_size": [8, 2]},
								"up": {"uv": [4, 15], "uv_size": [2, 8]},
								"down": {"uv": [6, 23], "uv_size": [2, -8]}
							}
						}
					]
				},
				{
					"name": "body3",
					"parent": "body2",
					"pivot": [0, 1, -1],
					"rotation": [0, 0, 0],
					"cubes": [
						{
							"origin": [-1, 0, -1],
							"size": [2, 2, 8],
							"uv": {
								"north": {"uv": [25, 28], "uv_size": [2, 2]},
								"east": {"uv": [16, 12], "uv_size": [8, 2]},
								"south": {"uv": [27, 28], "uv_size": [2, 2]},
								"west": {"uv": [16, 14], "uv_size": [8, 2]},
								"up": {"uv": [4, 15], "uv_size": [2, 8]},
								"down": {"uv": [6, 23], "uv_size": [2, -8]}
							}
						}
					]
				},
				{
					"name": "body4",
					"parent": "body3",
					"pivot": [0, 1, 7],
					"cubes": [
						{
							"origin": [-1, 0, 7],
							"size": [2, 2, 8],
							"uv": {
								"north": {"uv": [25, 28], "uv_size": [2, 2]},
								"east": {"uv": [16, 12], "uv_size": [8, 2]},
								"south": {"uv": [27, 28], "uv_size": [2, 2]},
								"west": {"uv": [16, 14], "uv_size": [8, 2]},
								"up": {"uv": [4, 15], "uv_size": [2, 8]},
								"down": {"uv": [6, 23], "uv_size": [2, -8]}
							}
						}
					]
				},
				{
					"name": "body5",
					"parent": "body4",
					"pivot": [0, 1, 15],
					"rotation": [0, 0, 0],
					"cubes": [
						{
							"origin": [-1, 0, 15],
							"size": [2, 2, 8],
							"uv": {
								"north": {"uv": [25, 28], "uv_size": [2, 2]},
								"east": {"uv": [16, 12], "uv_size": [8, 2]},
								"south": {"uv": [27, 28], "uv_size": [2, 2]},
								"west": {"uv": [16, 14], "uv_size": [8, 2]},
								"up": {"uv": [4, 15], "uv_size": [2, 8]},
								"down": {"uv": [6, 23], "uv_size": [2, -8]}
							}
						}
					]
				},
				{
					"name": "doorbell",
					"parent": "body5",
					"pivot": [0, 1, 24.75],
					"cubes": [
						{
							"origin": [-1.3, -0.3, 23],
							"size": [2.6, 2.6, 3.5],
							"pivot": [0, 1, 23.05],
							"rotation": [0, 0, 0],
							"uv": {
								"north": {"uv": [26, 20], "uv_size": [2.5, 2.5]},
								"east": {"uv": [16, 24], "uv_size": [3.5, 2.5]},
								"south": {"uv": [0, 27], "uv_size": [2.5, 2.5]},
								"west": {"uv": [20, 24], "uv_size": [3.5, 2.5]},
								"up": {"uv": [24, 24], "uv_size": [2.5, 3.5]},
								"down": {"uv": [26, 9.5], "uv_size": [2.5, -3.5]}
							}
						}
					]
				},
				{
					"name": "claw_up",
					"parent": "head",
					"pivot": [0, 3.5, -18.05],
					"cubes": [
						{
							"origin": [-1.8, 0.5, -21.4],
							"size": [3.6, 1.5, 3.5],
							"uv": {
								"north": {"uv": [3, 27], "uv_size": [3.5, 1.5]},
								"east": {"uv": [27, 10], "uv_size": [3.5, 1.5]},
								"south": {"uv": [12, 27], "uv_size": [3.5, 1.5]},
								"west": {"uv": [27, 12], "uv_size": [3.5, 1.5]},
								"up": {"uv": [0, 23], "uv_size": [3.5, 3.5]},
								"down": {"uv": [4, 26.5], "uv_size": [3.5, -3.5]}
							}
						},
						{
							"origin": [-2, 2, -21.6],
							"size": [4, 2, 4.1],
							"uv": {
								"north": {"uv": [24, 14], "uv_size": [4, 2]},
								"east": {"uv": [8, 26], "uv_size": [4, 2]},
								"south": {"uv": [26, 16], "uv_size": [4, 2]},
								"west": {"uv": [26, 18], "uv_size": [4, 2]},
								"up": {"uv": [2, 11], "uv_size": [4, 4]},
								"down": {"uv": [6, 15], "uv_size": [4, -4]}
							}
						},
						{
							"origin": [0.7, 2.7, -21.8],
							"size": [1.3, 1.3, 1.2],
							"pivot": [1.5, 3.5, -21.05],
							"rotation": [0, -47, -42.5],
							"uv": {
								"north": {"uv": [0, 30], "uv_size": [1.5, 1.5]},
								"east": {"uv": [21, 16], "uv_size": [1, 1.5]},
								"south": {"uv": [30, 2], "uv_size": [1.5, 1.5]},
								"west": {"uv": [15, 29], "uv_size": [1, 1.5]},
								"up": {"uv": [18, 3], "uv_size": [1.5, 1]},
								"down": {"uv": [8, 20], "uv_size": [1.5, -1]}
							}
						},
						{
							"origin": [-2, 2.7, -21.8],
							"size": [1.3, 1.3, 1.2],
							"pivot": [-1.5, 3.5, -21.05],
							"rotation": [0, 47, 42.5],
							"uv": {
								"north": {"uv": [7, 30], "uv_size": [1.5, 1.5]},
								"east": {"uv": [22, 29], "uv_size": [1, 1.5]},
								"south": {"uv": [9, 30], "uv_size": [1.5, 1.5]},
								"west": {"uv": [2, 30], "uv_size": [1, 1.5]},
								"up": {"uv": [20, 7], "uv_size": [1.5, 1]},
								"down": {"uv": [22, 12], "uv_size": [1.5, -1]}
							}
						}
					]
				},
				{
					"name": "left_eyes",
					"parent": "head",
					"pivot": [1.75, 6.64043, -8.51989],
					"cubes": [
						{
							"origin": [0.95, 2.49043, -18.16989],
							"size": [1.6, 1.5, 1.8],
							"uv": {
								"north": {"uv": [20, 29], "uv_size": [1.5, 1.5]},
								"east": {"uv": [29, 0], "uv_size": [2, 1.5]},
								"south": {"uv": [29, 20], "uv_size": [1.5, 1.5]},
								"west": {"uv": [3, 29], "uv_size": [2, 1.5]},
								"up": {"uv": [29, 4], "uv_size": [1.5, 2]},
								"down": {"uv": [5, 31], "uv_size": [1.5, -2]}
							}
						}
					]
				},
				{
					"name": "up",
					"parent": "left_eyes",
					"pivot": [1.93678, 6.84043, -8.43264],
					"cubes": [
						{
							"origin": [0.83678, 3.69043, -18.23264],
							"size": [1.8, 0.7, 2],
							"uv": {
								"north": {"uv": [24, 6], "uv_size": [2, 0.5]},
								"east": {"uv": [29, 22], "uv_size": [2, 0.5]},
								"south": {"uv": [30, 14], "uv_size": [2, 0.5]},
								"west": {"uv": [30, 15], "uv_size": [2, 0.5]},
								"up": {"uv": [8, 17], "uv_size": [2, 2]},
								"down": {"uv": [12, 20], "uv_size": [2, -2]}
							}
						}
					]
				},
				{
					"name": "down",
					"parent": "left_eyes",
					"pivot": [1.9, 5.69043, -8.46989],
					"cubes": [
						{
							"origin": [0.8377, 2.19043, -18.24218],
							"size": [1.8, 0.7, 2],
							"uv": {
								"north": {"uv": [16, 30], "uv_size": [2, 0.5]},
								"east": {"uv": [30, 16], "uv_size": [2, 0.5]},
								"south": {"uv": [30, 17], "uv_size": [2, 0.5]},
								"west": {"uv": [18, 30], "uv_size": [2, 0.5]},
								"up": {"uv": [0, 19], "uv_size": [2, 2]},
								"down": {"uv": [0, 23], "uv_size": [2, -2]}
							}
						}
					]
				},
				{
					"name": "left_iris",
					"parent": "left_eyes",
					"pivot": [2.275, 6.44043, -9.09489],
					"cubes": [
						{
							"origin": [1.975, 2.94043, -18.19489],
							"size": [0.6, 0.6, 0.6],
							"uv": {
								"north": {"uv": [21, 18], "uv_size": [0.5, 0.5]},
								"east": {"uv": [23, 2], "uv_size": [0.5, 0.5]},
								"south": {"uv": [26, 10], "uv_size": [0.5, 0.5]},
								"west": {"uv": [12, 26], "uv_size": [0.5, 0.5]},
								"up": {"uv": [7, 27], "uv_size": [0.5, 0.5]},
								"down": {"uv": [23, 27.5], "uv_size": [0.5, -0.5]}
							}
						}
					]
				},
				{
					"name": "right_eyes",
					"parent": "head",
					"pivot": [-1.75, 6.64043, -8.51989],
					"cubes": [
						{
							"origin": [-2.55, 2.49043, -18.16989],
							"size": [1.6, 1.5, 1.8],
							"uv": {
								"north": {"uv": [29, 26], "uv_size": [1.5, 1.5]},
								"east": {"uv": [29, 6], "uv_size": [2, 1.5]},
								"south": {"uv": [29, 28], "uv_size": [1.5, 1.5]},
								"west": {"uv": [29, 8], "uv_size": [2, 1.5]},
								"up": {"uv": [11, 29], "uv_size": [1.5, 2]},
								"down": {"uv": [13, 31], "uv_size": [1.5, -2]}
							}
						}
					]
				},
				{
					"name": "up2",
					"parent": "right_eyes",
					"pivot": [-1.93678, 6.84043, -8.43264],
					"cubes": [
						{
							"origin": [-2.63678, 3.69043, -18.23264],
							"size": [1.8, 0.7, 2],
							"uv": {
								"north": {"uv": [30, 18], "uv_size": [2, 0.5]},
								"east": {"uv": [30, 19], "uv_size": [2, 0.5]},
								"south": {"uv": [23, 30], "uv_size": [2, 0.5]},
								"west": {"uv": [25, 30], "uv_size": [2, 0.5]},
								"up": {"uv": [21, 27], "uv_size": [2, 2]},
								"down": {"uv": [27, 28], "uv_size": [2, -2]}
							}
						}
					]
				},
				{
					"name": "down2",
					"parent": "right_eyes",
					"pivot": [-1.9, 5.69043, -8.46989],
					"cubes": [
						{
							"origin": [-2.6377, 2.19043, -18.24218],
							"size": [1.8, 0.7, 2],
							"uv": {
								"north": {"uv": [27, 30], "uv_size": [2, 0.5]},
								"east": {"uv": [29, 30], "uv_size": [2, 0.5]},
								"south": {"uv": [31, 0], "uv_size": [2, 0.5]},
								"west": {"uv": [31, 1], "uv_size": [2, 0.5]},
								"up": {"uv": [7, 28], "uv_size": [2, 2]},
								"down": {"uv": [9, 30], "uv_size": [2, -2]}
							}
						}
					]
				},
				{
					"name": "right_iris",
					"parent": "right_eyes",
					"pivot": [-2.275, 6.44043, -9.09489],
					"cubes": [
						{
							"origin": [-2.575, 2.94043, -18.19489],
							"size": [0.6, 0.6, 0.6],
							"uv": {
								"north": {"uv": [11, 28], "uv_size": [0.5, 0.5]},
								"east": {"uv": [20, 28], "uv_size": [0.5, 0.5]},
								"south": {"uv": [3, 31], "uv_size": [0.5, 0.5]},
								"west": {"uv": [4, 31], "uv_size": [0.5, 0.5]},
								"up": {"uv": [31, 4], "uv_size": [0.5, 0.5]},
								"down": {"uv": [5, 31.5], "uv_size": [0.5, -0.5]}
							}
						}
					]
				}
			]
		}
	]
}