{
	"format_version": "1.12.0",
	"minecraft:geometry": [
		{
			"description": {
				"identifier": "geometry.wacky_animals.wacky_koala",
				"texture_width": 64,
				"texture_height": 64,
				"visible_bounds_width": 2,
				"visible_bounds_height": 2.5,
				"visible_bounds_offset": [0, 0.75, 0]
			},
			"bones": [
				{
					"name": "body1",
					"pivot": [1, 0.2, 0],
					"cubes": [
						{
							"origin": [-2.5, 2.3, -3],
							"size": [5, 5, 4.9],
							"uv": {
								"north": {"uv": [6, 12], "uv_size": [5, 5]},
								"east": {"uv": [12, 6], "uv_size": [5, 5]},
								"south": {"uv": [11, 12], "uv_size": [5, 5]},
								"west": {"uv": [16, 11], "uv_size": [5, 5]},
								"up": {"uv": [16, 16], "uv_size": [5, 5]},
								"down": {"uv": [6, 22], "uv_size": [5, -5]}
							}
						}
					]
				},
				{
					"name": "neck",
					"parent": "body1",
					"pivot": [1.5, 0.2, 0],
					"cubes": [
						{
							"origin": [-1.5, 3.3, -5],
							"size": [3, 3, 3],
							"uv": {
								"north": {"uv": [25, 15], "uv_size": [3, 3]},
								"east": {"uv": [18, 25], "uv_size": [3, 3]},
								"south": {"uv": [25, 18], "uv_size": [3, 3]},
								"west": {"uv": [25, 21], "uv_size": [3, 3]},
								"up": {"uv": [25, 24], "uv_size": [3, 3]},
								"down": {"uv": [0, 29], "uv_size": [3, -3]}
							}
						}
					]
				},
				{
					"name": "head",
					"parent": "neck",
					"pivot": [1.5, 5.2, -4],
					"cubes": [
						{
							"origin": [-1.6, 3.1, -6.6],
							"size": [3.2, 4.1, 3],
							"uv": {
								"north": {"uv": [19, 21], "uv_size": [3, 4]},
								"east": {"uv": [0, 22], "uv_size": [3, 4]},
								"south": {"uv": [22, 0], "uv_size": [3, 4]},
								"west": {"uv": [3, 22], "uv_size": [3, 4]},
								"up": {"uv": [3, 26], "uv_size": [3, 3]},
								"down": {"uv": [6, 29], "uv_size": [3, -3]}
							}
						}
					]
				},
				{
					"name": "noze",
					"parent": "head",
					"pivot": [0.05, 4.78681, -5.8069],
					"cubes": [
						{
							"origin": [-0.55, 3.63681, -7.4069],
							"size": [1.1, 2.1, 1.2],
							"pivot": [0.05, 5.18681, -5.6069],
							"rotation": [-3, 0, 0],
							"uv": {
								"north": {"uv": [20, 4], "uv_size": [1, 2]},
								"east": {"uv": [21, 33], "uv_size": [1, 2]},
								"south": {"uv": [12, 34], "uv_size": [1, 2]},
								"west": {"uv": [13, 34], "uv_size": [1, 2]},
								"up": {"uv": [35, 3], "uv_size": [1, 1]},
								"down": {"uv": [4, 36], "uv_size": [1, -1]}
							}
						},
						{
							"origin": [-0.55, 3.93867, -6.82494],
							"size": [1.1, 2.1, 1.2],
							"pivot": [0.05, 5.48867, -5.02494],
							"rotation": [-49, 0, 0],
							"uv": {
								"north": {"uv": [34, 13], "uv_size": [1, 2]},
								"east": {"uv": [15, 34], "uv_size": [1, 2]},
								"south": {"uv": [34, 15], "uv_size": [1, 2]},
								"west": {"uv": [16, 34], "uv_size": [1, 2]},
								"up": {"uv": [5, 35], "uv_size": [1, 1]},
								"down": {"uv": [35, 14], "uv_size": [1, -1]}
							}
						}
					]
				},
				{
					"name": "left_eyes",
					"parent": "head",
					"pivot": [-0.05, -3.05957, -6.11989],
					"cubes": [
						{
							"origin": [0.95, 4.99043, -6.96989],
							"size": [1.8, 1.5, 1.8],
							"uv": {
								"north": {"uv": [28, 32], "uv_size": [2, 1.5]},
								"east": {"uv": [30, 32], "uv_size": [2, 1.5]},
								"south": {"uv": [32, 32], "uv_size": [2, 1.5]},
								"west": {"uv": [33, 0], "uv_size": [2, 1.5]},
								"up": {"uv": [10, 29], "uv_size": [2, 2]},
								"down": {"uv": [12, 31], "uv_size": [2, -2]}
							}
						}
					]
				},
				{
					"name": "up",
					"parent": "left_eyes",
					"pivot": [0.13678, -2.85957, -6.03264],
					"cubes": [
						{
							"origin": [0.83678, 6.19043, -7.03264],
							"size": [2, 0.7, 2],
							"uv": {
								"north": {"uv": [31, 34], "uv_size": [2, 0.5]},
								"east": {"uv": [34, 32], "uv_size": [2, 0.5]},
								"south": {"uv": [33, 34], "uv_size": [2, 0.5]},
								"west": {"uv": [34, 33], "uv_size": [2, 0.5]},
								"up": {"uv": [18, 4], "uv_size": [2, 2]},
								"down": {"uv": [4, 31], "uv_size": [2, -2]}
							}
						}
					]
				},
				{
					"name": "down",
					"parent": "left_eyes",
					"pivot": [0.1, -4.00957, -6.06989],
					"cubes": [
						{
							"origin": [0.8377, 4.69043, -7.04218],
							"size": [2, 0.7, 2],
							"uv": {
								"north": {"uv": [0, 35], "uv_size": [2, 0.5]},
								"east": {"uv": [35, 0], "uv_size": [2, 0.5]},
								"south": {"uv": [35, 1], "uv_size": [2, 0.5]},
								"west": {"uv": [2, 35], "uv_size": [2, 0.5]},
								"up": {"uv": [6, 29], "uv_size": [2, 2]},
								"down": {"uv": [8, 31], "uv_size": [2, -2]}
							}
						}
					]
				},
				{
					"name": "left_iris",
					"parent": "left_eyes",
					"pivot": [0.475, -3.25957, -6.69489],
					"cubes": [
						{
							"origin": [1.975, 5.44043, -6.99489],
							"size": [0.8, 0.8, 0.8],
							"uv": {
								"north": {"uv": [21, 20], "uv_size": [1, 1]},
								"east": {"uv": [30, 29], "uv_size": [1, 1]},
								"south": {"uv": [24, 31], "uv_size": [1, 1]},
								"west": {"uv": [32, 28], "uv_size": [1, 1]},
								"up": {"uv": [33, 6], "uv_size": [1, 1]},
								"down": {"uv": [35, 3], "uv_size": [1, -1]}
							}
						}
					]
				},
				{
					"name": "right_eyes",
					"parent": "head",
					"pivot": [0.05, -3.05957, -6.11989],
					"cubes": [
						{
							"origin": [-2.75, 4.99043, -6.96989],
							"size": [1.8, 1.5, 1.8],
							"uv": {
								"north": {"uv": [33, 2], "uv_size": [2, 1.5]},
								"east": {"uv": [4, 33], "uv_size": [2, 1.5]},
								"south": {"uv": [33, 4], "uv_size": [2, 1.5]},
								"west": {"uv": [33, 17], "uv_size": [2, 1.5]},
								"up": {"uv": [29, 30], "uv_size": [2, 2]},
								"down": {"uv": [31, 2], "uv_size": [2, -2]}
							}
						}
					]
				},
				{
					"name": "up2",
					"parent": "right_eyes",
					"pivot": [-0.13678, -2.85957, -6.03264],
					"cubes": [
						{
							"origin": [-2.83678, 6.19043, -7.03264],
							"size": [2, 0.7, 2],
							"uv": {
								"north": {"uv": [35, 14], "uv_size": [2, 0.5]},
								"east": {"uv": [35, 15], "uv_size": [2, 0.5]},
								"south": {"uv": [35, 16], "uv_size": [2, 0.5]},
								"west": {"uv": [35, 17], "uv_size": [2, 0.5]},
								"up": {"uv": [25, 30], "uv_size": [2, 2]},
								"down": {"uv": [30, 27], "uv_size": [2, -2]}
							}
						}
					]
				},
				{
					"name": "down2",
					"parent": "right_eyes",
					"pivot": [-0.1, -4.00957, -6.06989],
					"cubes": [
						{
							"origin": [-2.8377, 4.69043, -7.04218],
							"size": [2, 0.7, 2],
							"uv": {
								"north": {"uv": [35, 18], "uv_size": [2, 0.5]},
								"east": {"uv": [35, 19], "uv_size": [2, 0.5]},
								"south": {"uv": [35, 22], "uv_size": [2, 0.5]},
								"west": {"uv": [24, 35], "uv_size": [2, 0.5]},
								"up": {"uv": [27, 30], "uv_size": [2, 2]},
								"down": {"uv": [30, 29], "uv_size": [2, -2]}
							}
						}
					]
				},
				{
					"name": "right_iris",
					"parent": "right_eyes",
					"pivot": [-0.475, -3.25957, -6.69489],
					"cubes": [
						{
							"origin": [-2.775, 5.44043, -6.99489],
							"size": [0.8, 0.8, 0.8],
							"uv": {
								"north": {"uv": [21, 35], "uv_size": [1, 1]},
								"east": {"uv": [26, 35], "uv_size": [1, 1]},
								"south": {"uv": [27, 35], "uv_size": [1, 1]},
								"west": {"uv": [28, 35], "uv_size": [1, 1]},
								"up": {"uv": [35, 28], "uv_size": [1, 1]},
								"down": {"uv": [29, 36], "uv_size": [1, -1]}
							}
						}
					]
				},
				{
					"name": "left_hear",
					"parent": "head",
					"pivot": [1.4, 4.9, -4.1],
					"rotation": [0, 0, 0],
					"cubes": [
						{
							"origin": [0.3, 3.8, -4.7],
							"size": [4.2, 4.1, 1],
							"uv": {
								"north": {"uv": [0, 18], "uv_size": [4, 4]},
								"east": {"uv": [15, 17], "uv_size": [1, 4]},
								"south": {"uv": [18, 0], "uv_size": [4, 4]},
								"west": {"uv": [14, 29], "uv_size": [1, 4]},
								"up": {"uv": [30, 13], "uv_size": [4, 1]},
								"down": {"uv": [30, 15], "uv_size": [4, -1]}
							}
						}
					]
				},
				{
					"name": "right_hear",
					"parent": "head",
					"pivot": [-1.4, 4.9, -4.1],
					"rotation": [0, 0, 0],
					"cubes": [
						{
							"origin": [-4.5, 3.8, -4.7],
							"size": [4.2, 4.1, 1],
							"uv": {
								"north": {"uv": [21, 4], "uv_size": [4, 4]},
								"east": {"uv": [30, 15], "uv_size": [1, 4]},
								"south": {"uv": [21, 8], "uv_size": [4, 4]},
								"west": {"uv": [30, 19], "uv_size": [1, 4]},
								"up": {"uv": [30, 23], "uv_size": [4, 1]},
								"down": {"uv": [30, 25], "uv_size": [4, -1]}
							}
						}
					]
				},
				{
					"name": "claw_down",
					"parent": "head",
					"pivot": [0, 3.1, -4.8],
					"rotation": [47.5, 0, 0],
					"cubes": [
						{
							"origin": [-1.9, 2.1, -7],
							"size": [3.8, 1.2, 3.5],
							"uv": {
								"north": {"uv": [12, 11], "uv_size": [4, 1]},
								"east": {"uv": [31, 22], "uv_size": [3.5, 1]},
								"south": {"uv": [17, 10], "uv_size": [4, 1]},
								"west": {"uv": [32, 12], "uv_size": [3.5, 1]},
								"up": {"uv": [15, 21], "uv_size": [4, 3.5]},
								"down": {"uv": [21, 19.5], "uv_size": [4, -3.5]}
							}
						}
					]
				},
				{
					"name": "tong1",
					"parent": "claw_down",
					"pivot": [0, 3.5, -5.6],
					"cubes": [
						{
							"origin": [-0.95, 3.3, -6.8],
							"size": [1.9, 0.5, 2.3],
							"uv": {
								"north": {"uv": [35, 4], "uv_size": [2, 0.5]},
								"east": {"uv": [34, 27], "uv_size": [2.5, 0.5]},
								"south": {"uv": [35, 5], "uv_size": [2, 0.5]},
								"west": {"uv": [28, 34], "uv_size": [2.5, 0.5]},
								"up": {"uv": [28, 24], "uv_size": [2, 2.5]},
								"down": {"uv": [28, 29.5], "uv_size": [2, -2.5]}
							}
						}
					]
				},
				{
					"name": "tong2",
					"parent": "tong1",
					"pivot": [-0.05, 3.5, -6.8],
					"cubes": [
						{
							"origin": [-0.95, 3.5, -8.2],
							"size": [1.9, 0, 2.3],
							"uv": {
								"north": {"uv": [0, 0], "uv_size": [2, 0]},
								"east": {"uv": [0, 0], "uv_size": [2.5, 0]},
								"south": {"uv": [0, 0], "uv_size": [2, 0]},
								"west": {"uv": [0, 0], "uv_size": [2.5, 0]},
								"up": {"uv": [0, 29], "uv_size": [2, 2.5]},
								"down": {"uv": [2, 31.5], "uv_size": [2, -2.5]}
							}
						}
					]
				},
				{
					"name": "body2",
					"parent": "body1",
					"pivot": [1, 4.5, 0],
					"cubes": [
						{
							"origin": [-3, 1.9, 0],
							"size": [6, 6, 6],
							"uv": {
								"north": {"uv": [0, 0], "uv_size": [6, 6]},
								"east": {"uv": [0, 6], "uv_size": [6, 6]},
								"south": {"uv": [6, 0], "uv_size": [6, 6]},
								"west": {"uv": [6, 6], "uv_size": [6, 6]},
								"up": {"uv": [0, 12], "uv_size": [6, 6]},
								"down": {"uv": [12, 6], "uv_size": [6, -6]}
							}
						}
					]
				},
				{
					"name": "tail",
					"parent": "body2",
					"pivot": [1.5, 0.2, 0],
					"cubes": [
						{
							"origin": [-1, 5.6, 3.7],
							"size": [2, 3, 3],
							"uv": {
								"north": {"uv": [4, 18], "uv_size": [2, 3]},
								"east": {"uv": [25, 12], "uv_size": [3, 3]},
								"south": {"uv": [9, 22], "uv_size": [2, 3]},
								"west": {"uv": [15, 25], "uv_size": [3, 3]},
								"up": {"uv": [28, 9], "uv_size": [2, 3]},
								"down": {"uv": [28, 15], "uv_size": [2, -3]}
							}
						}
					]
				},
				{
					"name": "back_right_leg4",
					"parent": "body2",
					"pivot": [-2.1, 3.9, 4.8],
					"rotation": [-47.5, 0, 0],
					"cubes": [
						{
							"origin": [-4, 2.14021, 2.67908],
							"size": [3.1, 4, 4],
							"uv": {
								"north": {"uv": [6, 22], "uv_size": [3, 4]},
								"east": {"uv": [17, 6], "uv_size": [4, 4]},
								"south": {"uv": [22, 20], "uv_size": [3, 4]},
								"west": {"uv": [11, 17], "uv_size": [4, 4]},
								"up": {"uv": [22, 24], "uv_size": [3, 4]},
								"down": {"uv": [25, 4], "uv_size": [3, -4]}
							}
						}
					]
				},
				{
					"name": "back_right_leg5",
					"parent": "back_right_leg4",
					"pivot": [-2.3, 1.64021, 4.87908],
					"rotation": [70, 0, 0],
					"cubes": [
						{
							"origin": [-3.5, -0.45979, 3.77908],
							"size": [2.1, 3, 2],
							"uv": {
								"north": {"uv": [15, 28], "uv_size": [2, 3]},
								"east": {"uv": [28, 15], "uv_size": [2, 3]},
								"south": {"uv": [17, 28], "uv_size": [2, 3]},
								"west": {"uv": [28, 18], "uv_size": [2, 3]},
								"up": {"uv": [30, 9], "uv_size": [2, 2]},
								"down": {"uv": [30, 13], "uv_size": [2, -2]}
							}
						}
					]
				},
				{
					"name": "back_right_leg",
					"parent": "back_right_leg5",
					"pivot": [-1, -0.36433, 4.52876],
					"rotation": [-22.5, 0, 0],
					"cubes": [
						{
							"origin": [-3.3, -0.86433, 2.32876],
							"size": [1.7, 1.4, 2.3],
							"uv": {
								"north": {"uv": [6, 34], "uv_size": [1.5, 1.5]},
								"east": {"uv": [31, 7], "uv_size": [2.5, 1.5]},
								"south": {"uv": [34, 6], "uv_size": [1.5, 1.5]},
								"west": {"uv": [31, 15], "uv_size": [2.5, 1.5]},
								"up": {"uv": [17, 31], "uv_size": [1.5, 2.5]},
								"down": {"uv": [31, 19.5], "uv_size": [1.5, -2.5]}
							}
						}
					]
				},
				{
					"name": "back_left_leg",
					"parent": "body2",
					"pivot": [2.1, 3.9, 4.8],
					"rotation": [-47.5, 0, 0],
					"cubes": [
						{
							"origin": [0.9, 2.14021, 2.67908],
							"size": [3.1, 4, 4],
							"uv": {
								"north": {"uv": [25, 4], "uv_size": [3, 4]},
								"east": {"uv": [11, 21], "uv_size": [4, 4]},
								"south": {"uv": [25, 8], "uv_size": [3, 4]},
								"west": {"uv": [21, 12], "uv_size": [4, 4]},
								"up": {"uv": [9, 25], "uv_size": [3, 4]},
								"down": {"uv": [12, 29], "uv_size": [3, -4]}
							}
						}
					]
				},
				{
					"name": "back_left_leg3",
					"parent": "back_left_leg",
					"pivot": [2.3, 1.64021, 4.87908],
					"rotation": [70, 0, 0],
					"cubes": [
						{
							"origin": [1.4, -0.45979, 3.77908],
							"size": [2.1, 3, 2],
							"uv": {
								"north": {"uv": [19, 28], "uv_size": [2, 3]},
								"east": {"uv": [21, 28], "uv_size": [2, 3]},
								"south": {"uv": [28, 21], "uv_size": [2, 3]},
								"west": {"uv": [23, 28], "uv_size": [2, 3]},
								"up": {"uv": [31, 2], "uv_size": [2, 2]},
								"down": {"uv": [4, 33], "uv_size": [2, -2]}
							}
						}
					]
				},
				{
					"name": "back_left_leg6",
					"parent": "back_left_leg3",
					"pivot": [1, -0.36433, 4.52876],
					"rotation": [-22.5, 0, 0],
					"cubes": [
						{
							"origin": [1.6, -0.86433, 2.32876],
							"size": [1.7, 1.4, 2.3],
							"uv": {
								"north": {"uv": [8, 34], "uv_size": [1.5, 1.5]},
								"east": {"uv": [19, 31], "uv_size": [2.5, 1.5]},
								"south": {"uv": [34, 8], "uv_size": [1.5, 1.5]},
								"west": {"uv": [31, 20], "uv_size": [2.5, 1.5]},
								"up": {"uv": [22, 31], "uv_size": [1.5, 2.5]},
								"down": {"uv": [31, 31.5], "uv_size": [1.5, -2.5]}
							}
						}
					]
				},
				{
					"name": "front_right_leg4",
					"parent": "body1",
					"pivot": [-2.2, 3.4, -1.3],
					"cubes": [
						{
							"origin": [-3.1, 2.5, -2.5],
							"size": [1.7, 2.5, 2.5],
							"uv": {
								"north": {"uv": [31, 4], "uv_size": [1.5, 2.5]},
								"east": {"uv": [25, 27], "uv_size": [2.5, 2.5]},
								"south": {"uv": [6, 31], "uv_size": [1.5, 2.5]},
								"west": {"uv": [28, 0], "uv_size": [2.5, 2.5]},
								"up": {"uv": [8, 31], "uv_size": [1.5, 2.5]},
								"down": {"uv": [10, 33.5], "uv_size": [1.5, -2.5]}
							}
						}
					]
				},
				{
					"name": "front_right_leg5",
					"parent": "front_right_leg4",
					"pivot": [-2.2, 2.6, -1.5],
					"cubes": [
						{
							"origin": [-2.7, 0.4, -2],
							"size": [1.2, 2.3, 1.6],
							"uv": {
								"north": {"uv": [21, 25], "uv_size": [1, 2.5]},
								"east": {"uv": [12, 31], "uv_size": [1.5, 2.5]},
								"south": {"uv": [14, 33], "uv_size": [1, 2.5]},
								"west": {"uv": [15, 31], "uv_size": [1.5, 2.5]},
								"up": {"uv": [17, 34], "uv_size": [1, 1.5]},
								"down": {"uv": [18, 35.5], "uv_size": [1, -1.5]}
							}
						}
					]
				},
				{
					"name": "front_right_leg6",
					"parent": "front_right_leg5",
					"pivot": [-2.2, 0.6, -1.3],
					"cubes": [
						{
							"origin": [-2.8, 0, -2.6],
							"size": [1.4, 0.9, 1.7],
							"uv": {
								"north": {"uv": [4, 21], "uv_size": [1.5, 1]},
								"east": {"uv": [33, 19], "uv_size": [1.5, 1]},
								"south": {"uv": [34, 20], "uv_size": [1.5, 1]},
								"west": {"uv": [34, 21], "uv_size": [1.5, 1]},
								"up": {"uv": [33, 28], "uv_size": [1.5, 1.5]},
								"down": {"uv": [33, 31.5], "uv_size": [1.5, -1.5]}
							}
						}
					]
				},
				{
					"name": "front_left_leg",
					"parent": "body1",
					"pivot": [2.2, 3.4, -1.3],
					"cubes": [
						{
							"origin": [1.4, 2.5, -2.5],
							"size": [1.7, 2.5, 2.5],
							"uv": {
								"north": {"uv": [0, 32], "uv_size": [1.5, 2.5]},
								"east": {"uv": [28, 3], "uv_size": [2.5, 2.5]},
								"south": {"uv": [2, 32], "uv_size": [1.5, 2.5]},
								"west": {"uv": [28, 6], "uv_size": [2.5, 2.5]},
								"up": {"uv": [32, 9], "uv_size": [1.5, 2.5]},
								"down": {"uv": [24, 34.5], "uv_size": [1.5, -2.5]}
							}
						}
					]
				},
				{
					"name": "front_left_leg3",
					"parent": "front_left_leg",
					"pivot": [2.2, 2.6, -1.5],
					"cubes": [
						{
							"origin": [1.5, 0.4, -2],
							"size": [1.2, 2.3, 1.6],
							"uv": {
								"north": {"uv": [19, 33], "uv_size": [1, 2.5]},
								"east": {"uv": [32, 25], "uv_size": [1.5, 2.5]},
								"south": {"uv": [20, 33], "uv_size": [1, 2.5]},
								"west": {"uv": [26, 32], "uv_size": [1.5, 2.5]},
								"up": {"uv": [22, 34], "uv_size": [1, 1.5]},
								"down": {"uv": [23, 35.5], "uv_size": [1, -1.5]}
							}
						}
					]
				},
				{
					"name": "front_left_leg7",
					"parent": "front_left_leg3",
					"pivot": [2.2, 0.6, -1.3],
					"cubes": [
						{
							"origin": [1.4, 0, -2.6],
							"size": [1.4, 0.9, 1.7],
							"uv": {
								"north": {"uv": [34, 23], "uv_size": [1.5, 1]},
								"east": {"uv": [34, 24], "uv_size": [1.5, 1]},
								"south": {"uv": [34, 25], "uv_size": [1.5, 1]},
								"west": {"uv": [34, 26], "uv_size": [1.5, 1]},
								"up": {"uv": [10, 34], "uv_size": [1.5, 1.5]},
								"down": {"uv": [34, 11.5], "uv_size": [1.5, -1.5]}
							}
						}
					]
				}
			]
		}
	]
}