{
	"format_version": "1.12.0",
	"minecraft:geometry": [
		{
			"description": {
				"identifier": "geometry.wacky_animals.wacky_frog",
				"texture_width": 32,
				"texture_height": 32,
				"visible_bounds_width": 2,
				"visible_bounds_height": 1.5,
				"visible_bounds_offset": [0, 0.25, 0]
			},
			"bones": [
				{
					"name": "total",
					"pivot": [0, 0.3, 0]
				},
				{
					"name": "bone",
					"parent": "total",
					"pivot": [0, 3.3, -0.5],
					"rotation": [-7.5, 0, 0],
					"cubes": [
						{
							"origin": [-2, 1.1, -3],
							"size": [4, 4, 5],
							"uv": {
								"north": {"uv": [0, 8], "uv_size": [4, 4]},
								"east": {"uv": [0, 0], "uv_size": [5, 4]},
								"south": {"uv": [9, 0], "uv_size": [4, 4]},
								"west": {"uv": [0, 4], "uv_size": [5, 4]},
								"up": {"uv": [5, 0], "uv_size": [4, 5]},
								"down": {"uv": [5, 10], "uv_size": [4, -5]}
							}
						},
						{
							"origin": [-2.2, 4.1, -2],
							"size": [4.4, 1.2, 2],
							"uv": {
								"north": {"uv": [22, 2], "uv_size": [4.5, 1]},
								"east": {"uv": [14, 18], "uv_size": [2, 1]},
								"south": {"uv": [23, 22], "uv_size": [4.5, 1]},
								"west": {"uv": [27, 2], "uv_size": [2, 1]},
								"up": {"uv": [16, 3], "uv_size": [4.5, 2]},
								"down": {"uv": [16, 7], "uv_size": [4.5, -2]}
							}
						},
						{
							"origin": [-2.2, 4.1, 1],
							"size": [4.4, 1.2, 1.2],
							"uv": {
								"north": {"uv": [23, 23], "uv_size": [4.5, 1]},
								"east": {"uv": [29, 17], "uv_size": [1, 1]},
								"south": {"uv": [0, 24], "uv_size": [4.5, 1]},
								"west": {"uv": [29, 18], "uv_size": [1, 1]},
								"up": {"uv": [24, 3], "uv_size": [4.5, 1]},
								"down": {"uv": [24, 5], "uv_size": [4.5, -1]}
							}
						}
					]
				},
				{
					"name": "right_leg",
					"parent": "total",
					"pivot": [-2, 2.7, 1.3],
					"rotation": [-7.37872, -47.2626, -72.06673],
					"cubes": [
						{
							"origin": [-4, 1.2, 0],
							"size": [3, 2.5, 3],
							"uv": {
								"north": {"uv": [23, 16], "uv_size": [-3, 2.5]},
								"east": {"uv": [7, 21], "uv_size": [-3, 2.5]},
								"south": {"uv": [24, 3], "uv_size": [-3, 2.5]},
								"west": {"uv": [23, 19], "uv_size": [-3, 2.5]},
								"up": {"uv": [6, 16], "uv_size": [-3, 3]},
								"down": {"uv": [19, 10], "uv_size": [-3, -3]}
							}
						},
						{
							"origin": [-4.2, 1, -0.2],
							"size": [3.4, 2.9, 2.3],
							"uv": {
								"north": {"uv": [11.5, 12], "uv_size": [-3.5, 3]},
								"east": {"uv": [12.5, 21], "uv_size": [-2.5, 3]},
								"south": {"uv": [15.5, 12], "uv_size": [-3.5, 3]},
								"west": {"uv": [9.5, 21], "uv_size": [-2.5, 3]},
								"up": {"uv": [13.5, 18], "uv_size": [-3.5, 2.5]},
								"down": {"uv": [3.5, 21.5], "uv_size": [-3.5, -2.5]}
							}
						}
					]
				},
				{
					"name": "bone9",
					"parent": "right_leg",
					"pivot": [-2.95, 2.75, 2.9],
					"rotation": [-6.71728, 51.14163, 3.83929],
					"cubes": [
						{
							"origin": [-3.7, 2, 2.4],
							"size": [1.5, 1.5, 3],
							"uv": {
								"north": {"uv": [24.5, 28], "uv_size": [-1.5, 1.5]},
								"east": {"uv": [11, 24], "uv_size": [-3, 1.5]},
								"south": {"uv": [29.5, 23], "uv_size": [-1.5, 1.5]},
								"west": {"uv": [8, 24], "uv_size": [-3, 1.5]},
								"up": {"uv": [12.5, 24], "uv_size": [-1.5, 3]},
								"down": {"uv": [14.5, 27], "uv_size": [-1.5, -3]}
							}
						}
					]
				},
				{
					"name": "bone10",
					"parent": "bone9",
					"pivot": [-3.35, 2.75, 4.7],
					"rotation": [-89.78101, -61.4291, 74.05895],
					"cubes": [
						{
							"origin": [-6.9, 2.3, 4.2],
							"size": [4, 1, 1],
							"uv": {
								"north": {"uv": [29, 17], "uv_size": [-4, 1]},
								"east": {"uv": [30, 20], "uv_size": [-1, 1]},
								"south": {"uv": [29, 18], "uv_size": [-4, 1]},
								"west": {"uv": [30, 19], "uv_size": [-1, 1]},
								"up": {"uv": [29, 19], "uv_size": [-4, 1]},
								"down": {"uv": [29, 21], "uv_size": [-4, -1]}
							}
						}
					]
				},
				{
					"name": "bone11",
					"parent": "bone10",
					"pivot": [-3.35, 2.75, 4.7],
					"cubes": [
						{
							"origin": [-8.4, 1.3, 5.175],
							"size": [3, 3, 0],
							"uv": {
								"north": {"uv": [19, 10], "uv_size": [-3, 3]},
								"east": {"uv": [0, 0], "uv_size": [0, 3]},
								"south": {"uv": [19, 13], "uv_size": [-3, 3]},
								"west": {"uv": [0, 0], "uv_size": [0, 3]},
								"up": {"uv": [3, 0], "uv_size": [-3, 0]},
								"down": {"uv": [3, 0], "uv_size": [-3, 0]}
							}
						}
					]
				},
				{
					"name": "left_leg",
					"parent": "total",
					"pivot": [2, 2.7, 1.3],
					"rotation": [-7.37872, 47.2626, 72.06673],
					"cubes": [
						{
							"origin": [1, 1.2, 0],
							"size": [3, 2.5, 3],
							"uv": {
								"north": {"uv": [20, 16], "uv_size": [3, 2.5]},
								"east": {"uv": [20, 19], "uv_size": [3, 2.5]},
								"south": {"uv": [21, 3], "uv_size": [3, 2.5]},
								"west": {"uv": [4, 21], "uv_size": [3, 2.5]},
								"up": {"uv": [3, 16], "uv_size": [3, 3]},
								"down": {"uv": [16, 10], "uv_size": [3, -3]}
							}
						},
						{
							"origin": [0.8, 1, -0.2],
							"size": [3.4, 2.9, 2.3],
							"uv": {
								"north": {"uv": [8, 12], "uv_size": [3.5, 3]},
								"east": {"uv": [7, 21], "uv_size": [2.5, 3]},
								"south": {"uv": [12, 12], "uv_size": [3.5, 3]},
								"west": {"uv": [10, 21], "uv_size": [2.5, 3]},
								"up": {"uv": [10, 18], "uv_size": [3.5, 2.5]},
								"down": {"uv": [0, 21.5], "uv_size": [3.5, -2.5]}
							}
						}
					]
				},
				{
					"name": "bone2",
					"parent": "left_leg",
					"pivot": [2.95, 2.75, 2.9],
					"rotation": [-6.71728, -51.14163, -3.83929],
					"cubes": [
						{
							"origin": [2.2, 2, 2.4],
							"size": [1.5, 1.5, 3],
							"uv": {
								"north": {"uv": [23, 28], "uv_size": [1.5, 1.5]},
								"east": {"uv": [5, 24], "uv_size": [3, 1.5]},
								"south": {"uv": [28, 23], "uv_size": [1.5, 1.5]},
								"west": {"uv": [8, 24], "uv_size": [3, 1.5]},
								"up": {"uv": [11, 24], "uv_size": [1.5, 3]},
								"down": {"uv": [13, 27], "uv_size": [1.5, -3]}
							}
						}
					]
				},
				{
					"name": "bone3",
					"parent": "bone2",
					"pivot": [3.35, 2.75, 4.7],
					"rotation": [-89.78101, 61.4291, -74.05895],
					"cubes": [
						{
							"origin": [2.9, 2.3, 4.2],
							"size": [4, 1, 1],
							"uv": {
								"north": {"uv": [25, 17], "uv_size": [4, 1]},
								"east": {"uv": [29, 19], "uv_size": [1, 1]},
								"south": {"uv": [25, 18], "uv_size": [4, 1]},
								"west": {"uv": [29, 20], "uv_size": [1, 1]},
								"up": {"uv": [25, 19], "uv_size": [4, 1]},
								"down": {"uv": [25, 21], "uv_size": [4, -1]}
							}
						}
					]
				},
				{
					"name": "bone8",
					"parent": "bone3",
					"pivot": [3.35, 2.75, 4.7],
					"cubes": [
						{
							"origin": [5.4, 1.3, 5.175],
							"size": [3, 3, 0],
							"uv": {
								"north": {"uv": [16, 10], "uv_size": [3, 3]},
								"east": {"uv": [0, 0], "uv_size": [0, 3]},
								"south": {"uv": [16, 13], "uv_size": [3, 3]},
								"west": {"uv": [0, 0], "uv_size": [0, 3]},
								"up": {"uv": [0, 0], "uv_size": [3, 0]},
								"down": {"uv": [0, 0], "uv_size": [3, 0]}
							}
						}
					]
				},
				{
					"name": "right_arm",
					"parent": "total",
					"pivot": [-1.8, 2.8, -2.3],
					"rotation": [15, 0, 0],
					"cubes": [
						{
							"origin": [-2.5, 1.80341, -3.32588],
							"size": [1.5, 2, 2],
							"uv": {
								"north": {"uv": [27, 0], "uv_size": [1.5, 2]},
								"east": {"uv": [2, 25], "uv_size": [2, 2]},
								"south": {"uv": [2, 27], "uv_size": [1.5, 2]},
								"west": {"uv": [25, 5], "uv_size": [2, 2]},
								"up": {"uv": [27, 5], "uv_size": [1.5, 2]},
								"down": {"uv": [10, 29], "uv_size": [1.5, -2]}
							}
						}
					]
				},
				{
					"name": "bone4",
					"parent": "right_arm",
					"pivot": [0, 2, -2],
					"rotation": [-15, 0, 0],
					"cubes": [
						{
							"origin": [-2.3, -0.1, -2.7],
							"size": [1, 2.3, 1],
							"uv": {
								"north": {"uv": [5, 28], "uv_size": [1, 2.5]},
								"east": {"uv": [6, 28], "uv_size": [1, 2.5]},
								"south": {"uv": [7, 28], "uv_size": [1, 2.5]},
								"west": {"uv": [8, 28], "uv_size": [1, 2.5]},
								"up": {"uv": [3, 15], "uv_size": [1, 1]},
								"down": {"uv": [6, 17], "uv_size": [1, -1]}
							}
						}
					]
				},
				{
					"name": "bone5",
					"parent": "bone4",
					"pivot": [0, 0, 0],
					"cubes": [
						{
							"origin": [-3.3, -0.1, -4.1],
							"size": [3, 0, 3],
							"uv": {
								"north": {"uv": [0, 0], "uv_size": [3, 0]},
								"east": {"uv": [0, 0], "uv_size": [3, 0]},
								"south": {"uv": [0, 0], "uv_size": [3, 0]},
								"west": {"uv": [0, 0], "uv_size": [3, 0]},
								"up": {"uv": [13, 9], "uv_size": [3, 3]},
								"down": {"uv": [0, 18], "uv_size": [3, -3]}
							}
						}
					]
				},
				{
					"name": "left_arm",
					"parent": "total",
					"pivot": [1.8, 2.8, -2.3],
					"rotation": [15, 0, 0],
					"cubes": [
						{
							"origin": [1, 1.80341, -3.32588],
							"size": [1.5, 2, 2],
							"uv": {
								"north": {"uv": [6, 26], "uv_size": [1.5, 2]},
								"east": {"uv": [4, 19], "uv_size": [2, 2]},
								"south": {"uv": [8, 26], "uv_size": [1.5, 2]},
								"west": {"uv": [15, 24], "uv_size": [2, 2]},
								"up": {"uv": [26, 10], "uv_size": [1.5, 2]},
								"down": {"uv": [26, 14], "uv_size": [1.5, -2]}
							}
						}
					]
				},
				{
					"name": "bone6",
					"parent": "left_arm",
					"pivot": [0, 2, -2],
					"rotation": [-15, 0, 0],
					"cubes": [
						{
							"origin": [1.3, -0.1, -2.7],
							"size": [1, 2.3, 1],
							"uv": {
								"north": {"uv": [14, 27], "uv_size": [1, 2.5]},
								"east": {"uv": [27, 24], "uv_size": [1, 2.5]},
								"south": {"uv": [27, 27], "uv_size": [1, 2.5]},
								"west": {"uv": [4, 28], "uv_size": [1, 2.5]},
								"up": {"uv": [7, 13], "uv_size": [1, 1]},
								"down": {"uv": [7, 15], "uv_size": [1, -1]}
							}
						}
					]
				},
				{
					"name": "bone7",
					"parent": "bone6",
					"pivot": [0, 0, 0],
					"cubes": [
						{
							"origin": [0.3, -0.1, -4.1],
							"size": [3, 0, 3],
							"uv": {
								"north": {"uv": [0, 0], "uv_size": [3, 0]},
								"east": {"uv": [0, 0], "uv_size": [3, 0]},
								"south": {"uv": [0, 0], "uv_size": [3, 0]},
								"west": {"uv": [0, 0], "uv_size": [3, 0]},
								"up": {"uv": [13, 0], "uv_size": [3, 3]},
								"down": {"uv": [13, 6], "uv_size": [3, -3]}
							}
						}
					]
				},
				{
					"name": "head",
					"parent": "total",
					"pivot": [0, 3.3, -3],
					"cubes": [
						{
							"origin": [-1.5, 3.3, -5],
							"size": [3, 1.8, 3],
							"uv": {
								"north": {"uv": [0, 22], "uv_size": [3, 2]},
								"east": {"uv": [22, 0], "uv_size": [3, 2]},
								"south": {"uv": [22, 6], "uv_size": [3, 2]},
								"west": {"uv": [22, 8], "uv_size": [3, 2]},
								"up": {"uv": [4, 13], "uv_size": [3, 3]},
								"down": {"uv": [13, 9], "uv_size": [3, -3]}
							}
						},
						{
							"origin": [-1.3, 4.3, -5.2],
							"size": [1, 1, 1],
							"uv": {
								"north": {"uv": [13, 21], "uv_size": [1, 1]},
								"east": {"uv": [3, 22], "uv_size": [1, 1]},
								"south": {"uv": [3, 23], "uv_size": [1, 1]},
								"west": {"uv": [24, 5], "uv_size": [1, 1]},
								"up": {"uv": [4, 25], "uv_size": [1, 1]},
								"down": {"uv": [10, 27], "uv_size": [1, -1]}
							}
						},
						{
							"origin": [0.3, 4.3, -5.2],
							"size": [1, 1, 1],
							"uv": {
								"north": {"uv": [9, 28], "uv_size": [1, 1]},
								"east": {"uv": [29, 7], "uv_size": [1, 1]},
								"south": {"uv": [29, 8], "uv_size": [1, 1]},
								"west": {"uv": [9, 29], "uv_size": [1, 1]},
								"up": {"uv": [29, 9], "uv_size": [1, 1]},
								"down": {"uv": [10, 30], "uv_size": [1, -1]}
							}
						}
					]
				},
				{
					"name": "claw_down",
					"parent": "head",
					"pivot": [0, 3.1, -3.5],
					"rotation": [35, 0, 0],
					"cubes": [
						{
							"origin": [-2.1, 1.8, -5.7],
							"size": [4.2, 1.5, 3.5],
							"uv": {
								"north": {"uv": [22, 10], "uv_size": [4, 1.5]},
								"east": {"uv": [13, 22], "uv_size": [3.5, 1.5]},
								"south": {"uv": [22, 12], "uv_size": [4, 1.5]},
								"west": {"uv": [22, 14], "uv_size": [3.5, 1.5]},
								"up": {"uv": [9, 4], "uv_size": [4, 3.5]},
								"down": {"uv": [9, 11.5], "uv_size": [4, -3.5]}
							}
						}
					]
				},
				{
					"name": "left_eyes",
					"parent": "head",
					"pivot": [1.75, 4.94043, -3.51989],
					"cubes": [
						{
							"origin": [0.85, 3.99043, -4.36989],
							"size": [1.7, 1.5, 1.8],
							"pivot": [1.75, 4.94043, -3.51989],
							"rotation": [0, -11, 0],
							"uv": {
								"north": {"uv": [28, 10], "uv_size": [1.5, 1.5]},
								"east": {"uv": [26, 14], "uv_size": [2, 1.5]},
								"south": {"uv": [28, 12], "uv_size": [1.5, 1.5]},
								"west": {"uv": [15, 26], "uv_size": [2, 1.5]},
								"up": {"uv": [17, 26], "uv_size": [1.5, 2]},
								"down": {"uv": [19, 28], "uv_size": [1.5, -2]}
							}
						}
					]
				},
				{
					"name": "up",
					"parent": "left_eyes",
					"pivot": [1.93678, 5.14043, -3.43264],
					"cubes": [
						{
							"origin": [0.73678, 5.19043, -4.43264],
							"size": [1.9, 0.7, 2],
							"pivot": [1.93678, 5.14043, -3.43264],
							"rotation": [0, -11, 0],
							"uv": {
								"north": {"uv": [25, 29], "uv_size": [2, 0.5]},
								"east": {"uv": [28, 29], "uv_size": [2, 0.5]},
								"south": {"uv": [0, 30], "uv_size": [2, 0.5]},
								"west": {"uv": [2, 30], "uv_size": [2, 0.5]},
								"up": {"uv": [25, 24], "uv_size": [2, 2]},
								"down": {"uv": [4, 28], "uv_size": [2, -2]}
							}
						}
					]
				},
				{
					"name": "down",
					"parent": "left_eyes",
					"pivot": [1.9, 3.99043, -3.46989],
					"cubes": [
						{
							"origin": [0.7377, 3.69043, -4.44218],
							"size": [1.9, 0.7, 2],
							"pivot": [1.8877, 4.14043, -3.44218],
							"rotation": [0, -11, 0],
							"uv": {
								"north": {"uv": [28, 26], "uv_size": [2, 0.5]},
								"east": {"uv": [28, 27], "uv_size": [2, 0.5]},
								"south": {"uv": [28, 28], "uv_size": [2, 0.5]},
								"west": {"uv": [0, 29], "uv_size": [2, 0.5]},
								"up": {"uv": [17, 24], "uv_size": [2, 2]},
								"down": {"uv": [19, 26], "uv_size": [2, -2]}
							}
						}
					]
				},
				{
					"name": "left_iris",
					"parent": "left_eyes",
					"pivot": [2.275, 4.74043, -4.09489],
					"cubes": [
						{
							"origin": [1.975, 4.44043, -4.39489],
							"size": [0.6, 0.6, 0.6],
							"pivot": [1.75, 5.24043, -3.51989],
							"rotation": [0, -11, 0],
							"uv": {
								"north": {"uv": [30, 7], "uv_size": [0.5, 0.5]},
								"east": {"uv": [30, 8], "uv_size": [0.5, 0.5]},
								"south": {"uv": [9, 30], "uv_size": [0.5, 0.5]},
								"west": {"uv": [30, 9], "uv_size": [0.5, 0.5]},
								"up": {"uv": [10, 30], "uv_size": [0.5, 0.5]},
								"down": {"uv": [30, 10.5], "uv_size": [0.5, -0.5]}
							}
						}
					]
				},
				{
					"name": "right_eyes",
					"parent": "head",
					"pivot": [-1.75, 4.94043, -3.51989],
					"cubes": [
						{
							"origin": [-2.55, 3.99043, -4.36989],
							"size": [1.7, 1.5, 1.8],
							"pivot": [-1.75, 4.94043, -3.51989],
							"rotation": [0, 11, 0],
							"uv": {
								"north": {"uv": [29.5, 10], "uv_size": [-1.5, 1.5]},
								"east": {"uv": [17, 26], "uv_size": [-2, 1.5]},
								"south": {"uv": [29.5, 12], "uv_size": [-1.5, 1.5]},
								"west": {"uv": [28, 14], "uv_size": [-2, 1.5]},
								"up": {"uv": [18.5, 26], "uv_size": [-1.5, 2]},
								"down": {"uv": [20.5, 28], "uv_size": [-1.5, -2]}
							}
						}
					]
				},
				{
					"name": "up2",
					"parent": "right_eyes",
					"pivot": [-1.93678, 5.14043, -3.43264],
					"cubes": [
						{
							"origin": [-2.63678, 5.19043, -4.43264],
							"size": [1.9, 0.7, 2],
							"pivot": [-1.93678, 5.14043, -3.43264],
							"rotation": [0, 11, 0],
							"uv": {
								"north": {"uv": [27, 29], "uv_size": [-2, 0.5]},
								"east": {"uv": [4, 30], "uv_size": [-2, 0.5]},
								"south": {"uv": [2, 30], "uv_size": [-2, 0.5]},
								"west": {"uv": [30, 29], "uv_size": [-2, 0.5]},
								"up": {"uv": [27, 24], "uv_size": [-2, 2]},
								"down": {"uv": [6, 28], "uv_size": [-2, -2]}
							}
						}
					]
				},
				{
					"name": "down2",
					"parent": "right_eyes",
					"pivot": [-1.9, 3.99043, -3.46989],
					"cubes": [
						{
							"origin": [-2.6377, 3.69043, -4.44218],
							"size": [1.9, 0.7, 2],
							"pivot": [-1.8877, 4.14043, -3.44218],
							"rotation": [0, 11, 0],
							"uv": {
								"north": {"uv": [30, 26], "uv_size": [-2, 0.5]},
								"east": {"uv": [2, 29], "uv_size": [-2, 0.5]},
								"south": {"uv": [30, 28], "uv_size": [-2, 0.5]},
								"west": {"uv": [30, 27], "uv_size": [-2, 0.5]},
								"up": {"uv": [19, 24], "uv_size": [-2, 2]},
								"down": {"uv": [21, 26], "uv_size": [-2, -2]}
							}
						}
					]
				},
				{
					"name": "right_iris",
					"parent": "right_eyes",
					"pivot": [-2.275, 4.74043, -4.09489],
					"cubes": [
						{
							"origin": [-2.575, 4.44043, -4.39489],
							"size": [0.6, 0.6, 0.6],
							"pivot": [-1.75, 5.24043, -3.51989],
							"rotation": [0, 11, 0],
							"uv": {
								"north": {"uv": [30.5, 7], "uv_size": [-0.5, 0.5]},
								"east": {"uv": [30.5, 9], "uv_size": [-0.5, 0.5]},
								"south": {"uv": [9.5, 30], "uv_size": [-0.5, 0.5]},
								"west": {"uv": [30.5, 8], "uv_size": [-0.5, 0.5]},
								"up": {"uv": [10.5, 30], "uv_size": [-0.5, 0.5]},
								"down": {"uv": [30.5, 10.5], "uv_size": [-0.5, -0.5]}
							}
						}
					]
				},
				{
					"name": "tongue",
					"parent": "head",
					"pivot": [0, 3.3, -3],
					"cubes": [
						{
							"origin": [-0.5, 2.8, -6],
							"size": [1, 1, 3],
							"uv": {
								"north": {"uv": [11, 29], "uv_size": [1, 1]},
								"east": {"uv": [0, 18], "uv_size": [3, 1]},
								"south": {"uv": [29, 16], "uv_size": [1, 1]},
								"west": {"uv": [25, 21], "uv_size": [3, 1]},
								"up": {"uv": [12, 27], "uv_size": [1, 3]},
								"down": {"uv": [13, 30], "uv_size": [1, -3]}
							}
						},
						{
							"origin": [-0.7, 2.6, -7.2],
							"size": [1.4, 1.4, 1.2],
							"uv": {
								"north": {"uv": [21, 28], "uv_size": [1.5, 1.5]},
								"east": {"uv": [4, 8], "uv_size": [1, 1.5]},
								"south": {"uv": [28, 21], "uv_size": [1.5, 1.5]},
								"west": {"uv": [8, 10], "uv_size": [1, 1.5]},
								"up": {"uv": [25, 28], "uv_size": [1.5, 1]},
								"down": {"uv": [28, 26], "uv_size": [1.5, -1]}
							}
						}
					]
				}
			]
		}
	]
}