{
	"format_version": "1.12.0",
	"minecraft:geometry": [
		{
			"description": {
				"identifier": "geometry.wacky_animals.zebra",
				"texture_width": 128,
				"texture_height": 128,
				"visible_bounds_width": 4,
				"visible_bounds_height": 3.5,
				"visible_bounds_offset": [0, 1.25, 0]
			},
			"bones": [
				{
					"name": "root",
					"pivot": [0, 0, 0]
				},
				{
					"name": "body",
					"parent": "root",
					"pivot": [0, 15.25, -1],
					"cubes": [
						{
							"origin": [-5, 13, -11],
							"size": [10, 10, 22],
							"uv": {
								"north": {"uv": [22, 22], "uv_size": [10, 10]},
								"east": {"uv": [0, 0], "uv_size": [22, 10]},
								"south": {"uv": [23, 0], "uv_size": [10, 10]},
								"west": {"uv": [0, 11], "uv_size": [22, 10]},
								"up": {"uv": [0, 22], "uv_size": [10, 22]},
								"down": {"uv": [11, 44], "uv_size": [10, -22]}
							}
						},
						{
							"origin": [-4.25, 11.5, -7],
							"size": [8.5, 2, 10],
							"uv": {
								"north": {"uv": [38, 71], "uv_size": [9, 2]},
								"east": {"uv": [67, 57], "uv_size": [10, 2]},
								"south": {"uv": [71, 60], "uv_size": [9, 2]},
								"west": {"uv": [68, 33], "uv_size": [10, 2]},
								"up": {"uv": [23, 11], "uv_size": [9, 10]},
								"down": {"uv": [33, 35], "uv_size": [9, -10]}
							}
						}
					]
				},
				{
					"name": "Neck",
					"parent": "body",
					"pivot": [0, 21.15995, -9.12602],
					"cubes": [
						{
							"origin": [-2, 16.85557, -14.1293],
							"size": [4, 13, 7],
							"pivot": [0, 23.35557, -10.6293],
							"rotation": [25, 0, 0],
							"uv": {
								"north": {"uv": [13, 45], "uv_size": [4, 13]},
								"east": {"uv": [33, 11], "uv_size": [7, 13]},
								"south": {"uv": [30, 46], "uv_size": [4, 13]},
								"west": {"uv": [22, 33], "uv_size": [7, 13]},
								"up": {"uv": [28, 60], "uv_size": [4, 7]},
								"down": {"uv": [60, 52], "uv_size": [4, -7]}
							}
						},
						{
							"origin": [-1, 17.46432, -8.87273],
							"size": [2, 19, 2.5],
							"pivot": [0, 26.96432, -7.62273],
							"rotation": [25, 0, 0],
							"uv": {
								"north": {"uv": [53, 53], "uv_size": [2, 19]},
								"east": {"uv": [0, 45], "uv_size": [3, 19]},
								"south": {"uv": [35, 55], "uv_size": [2, 19]},
								"west": {"uv": [4, 45], "uv_size": [3, 19]},
								"up": {"uv": [81, 49], "uv_size": [2, 3]},
								"down": {"uv": [50, 84], "uv_size": [2, -3]}
							}
						}
					]
				},
				{
					"name": "head",
					"parent": "Neck",
					"pivot": [0, 31, -13.255],
					"cubes": [
						{
							"origin": [-3, 28.7, -18.15],
							"size": [6, 5, 7],
							"pivot": [0, 31, -14.255],
							"rotation": [25, 0, 0],
							"uv": {
								"north": {"uv": [57, 39], "uv_size": [6, 5]},
								"east": {"uv": [54, 18], "uv_size": [7, 5]},
								"south": {"uv": [8, 60], "uv_size": [6, 5]},
								"west": {"uv": [54, 24], "uv_size": [7, 5]},
								"up": {"uv": [49, 10], "uv_size": [6, 7]},
								"down": {"uv": [53, 52], "uv_size": [6, -7]}
							}
						},
						{
							"origin": [1.33779, 31.21285, -15.90664],
							"size": [2.25, 2, 1.5],
							"pivot": [2.46279, 32.21285, -14.85664],
							"rotation": [56.2007, -63.03037, -57.2035],
							"uv": {
								"north": {"uv": [3, 82], "uv_size": [2, 2]},
								"east": {"uv": [6, 82], "uv_size": [2, 2]},
								"south": {"uv": [9, 82], "uv_size": [2, 2]},
								"west": {"uv": [12, 82], "uv_size": [2, 2]},
								"up": {"uv": [15, 82], "uv_size": [2, 2]},
								"down": {"uv": [18, 84], "uv_size": [2, -2]}
							}
						},
						{
							"origin": [1.33779, 31.21285, -15.90664],
							"size": [2.25, 2, 1.5],
							"inflate": 0.2,
							"pivot": [2.46279, 32.21285, -14.85664],
							"rotation": [56.2007, -63.03037, -57.2035],
							"uv": {
								"north": {"uv": [30, 33], "uv_size": [2, 2]},
								"east": {"uv": [15, 63], "uv_size": [2, 2]},
								"south": {"uv": [53, 73], "uv_size": [2, 2]},
								"west": {"uv": [81, 58], "uv_size": [2, 2]},
								"up": {"uv": [59, 81], "uv_size": [2, 2]},
								"down": {"uv": [0, 84], "uv_size": [2, -2]}
							}
						},
						{
							"origin": [-3.58779, 31.21285, -15.90664],
							"size": [2.25, 2, 1.5],
							"inflate": 0.2,
							"pivot": [-2.46279, 32.21285, -14.85664],
							"rotation": [56.2007, 63.03037, 57.2035],
							"uv": {
								"north": {"uv": [82, 69], "uv_size": [2, 2]},
								"east": {"uv": [72, 82], "uv_size": [2, 2]},
								"south": {"uv": [82, 72], "uv_size": [2, 2]},
								"west": {"uv": [75, 82], "uv_size": [2, 2]},
								"up": {"uv": [78, 82], "uv_size": [2, 2]},
								"down": {"uv": [81, 84], "uv_size": [2, -2]}
							}
						},
						{
							"origin": [-3.58779, 31.21285, -15.90664],
							"size": [2.25, 2, 1.5],
							"pivot": [-2.46279, 32.21285, -14.85664],
							"rotation": [56.2007, 63.03037, 57.2035],
							"uv": {
								"north": {"uv": [21, 82], "uv_size": [2, 2]},
								"east": {"uv": [82, 25], "uv_size": [2, 2]},
								"south": {"uv": [82, 41], "uv_size": [2, 2]},
								"west": {"uv": [82, 44], "uv_size": [2, 2]},
								"up": {"uv": [82, 53], "uv_size": [2, 2]},
								"down": {"uv": [82, 68], "uv_size": [2, -2]}
							}
						},
						{
							"origin": [-2, 28.7, -23.15],
							"size": [4, 5, 5],
							"pivot": [0, 31, -14.255],
							"rotation": [25, 0, 0],
							"uv": {
								"north": {"uv": [67, 21], "uv_size": [4, 5]},
								"east": {"uv": [62, 32], "uv_size": [5, 5]},
								"south": {"uv": [67, 51], "uv_size": [4, 5]},
								"west": {"uv": [64, 38], "uv_size": [5, 5]},
								"up": {"uv": [25, 68], "uv_size": [4, 5]},
								"down": {"uv": [68, 32], "uv_size": [4, -5]}
							}
						},
						{
							"origin": [0.9, 32.7, -12.16],
							"size": [2, 3, 1],
							"pivot": [0, 31, -14.255],
							"rotation": [25, 0, 0],
							"uv": {
								"north": {"uv": [15, 59], "uv_size": [2, 3]},
								"east": {"uv": [41, 20], "uv_size": [1, 3]},
								"south": {"uv": [47, 81], "uv_size": [2, 3]},
								"west": {"uv": [33, 60], "uv_size": [1, 3]},
								"up": {"uv": [18, 45], "uv_size": [2, 1]},
								"down": {"uv": [46, 45], "uv_size": [2, -1]}
							}
						},
						{
							"origin": [-2.9, 32.7, -12.16],
							"size": [2, 3, 1],
							"pivot": [0, 31, -14.255],
							"rotation": [25, 0, 0],
							"uv": {
								"north": {"uv": [53, 81], "uv_size": [2, 3]},
								"east": {"uv": [33, 64], "uv_size": [1, 3]},
								"south": {"uv": [56, 81], "uv_size": [2, 3]},
								"west": {"uv": [64, 69], "uv_size": [1, 3]},
								"up": {"uv": [49, 18], "uv_size": [2, 1]},
								"down": {"uv": [56, 17], "uv_size": [2, -1]}
							}
						}
					]
				},
				{
					"name": "TailA",
					"parent": "body",
					"pivot": [0, 20.5, 11],
					"cubes": [
						{
							"origin": [-1.5, 8, 11],
							"size": [3, 14, 4],
							"uv": {
								"north": {"uv": [49, 44], "uv_size": [3, 14]},
								"east": {"uv": [43, 20], "uv_size": [4, 14]},
								"south": {"uv": [53, 30], "uv_size": [3, 14]},
								"west": {"uv": [8, 45], "uv_size": [4, 14]},
								"up": {"uv": [49, 59], "uv_size": [3, 4]},
								"down": {"uv": [38, 78], "uv_size": [3, -4]}
							}
						}
					]
				},
				{
					"name": "leg_right_back",
					"parent": "root",
					"pivot": [-4.5, 17.70172, 7.96769],
					"cubes": [
						{
							"origin": [-6.75, 12.49323, 4.69218],
							"size": [4.5, 9, 7],
							"uv": {
								"north": {"uv": [22, 0], "uv_size": [-7, 9]},
								"east": {"uv": [22, 0], "uv_size": [-7, 9]},
								"south": {"uv": [22, 0], "uv_size": [-7, 9]},
								"west": {"uv": [22, 0], "uv_size": [-7, 9]},
								"up": {"uv": [15, 9], "uv_size": [7, -9]},
								"down": {"uv": [15, 9], "uv_size": [7, -9]}
							}
						}
					]
				},
				{
					"name": "legfore_right_back",
					"parent": "leg_right_back",
					"pivot": [-4.5, 13.54323, 7.99218],
					"cubes": [
						{
							"origin": [-6.5, 9.49323, 5.69218],
							"size": [4, 6, 4],
							"pivot": [-4.5, 12.74323, 8.19218],
							"rotation": [10, 0, 0],
							"uv": {
								"north": {"uv": [37, 13], "uv_size": [-4, 6]},
								"east": {"uv": [37, 13], "uv_size": [-4, 6]},
								"south": {"uv": [37, 13], "uv_size": [-4, 6]},
								"west": {"uv": [37, 13], "uv_size": [-4, 6]},
								"up": {"uv": [33, 19], "uv_size": [4, -6]},
								"down": {"uv": [33, 19], "uv_size": [4, -6]}
							}
						},
						{
							"origin": [-6, 4.47732, 7.14875],
							"size": [3, 6, 3],
							"inflate": 0.01,
							"pivot": [-4.5, 6.87732, 8.84875],
							"rotation": [7.5, 0, 0],
							"uv": {
								"north": {"uv": [28, 37], "uv_size": [-3, 6]},
								"east": {"uv": [28, 37], "uv_size": [-3, 6]},
								"south": {"uv": [28, 37], "uv_size": [-3, 6]},
								"west": {"uv": [28, 37], "uv_size": [-3, 6]},
								"up": {"uv": [25, 43], "uv_size": [3, -6]},
								"down": {"uv": [25, 43], "uv_size": [3, -6]}
							}
						}
					]
				},
				{
					"name": "legfore_right_back2",
					"parent": "legfore_right_back",
					"pivot": [-4.5, 4.73284, 8.97065],
					"cubes": [
						{
							"origin": [-6, 0.93284, 7.17065],
							"size": [3, 4, 3],
							"pivot": [-4.5, 2.93284, 8.67065],
							"rotation": [-7.5, 0, 0],
							"uv": {
								"north": {"uv": [50, 38], "uv_size": [-3, 4]},
								"east": {"uv": [50, 38], "uv_size": [-3, 4]},
								"south": {"uv": [50, 38], "uv_size": [-3, 4]},
								"west": {"uv": [50, 38], "uv_size": [-3, 4]},
								"up": {"uv": [47, 42], "uv_size": [3, -4]},
								"down": {"uv": [47, 42], "uv_size": [3, -4]}
							}
						}
					]
				},
				{
					"name": "sole_right_back",
					"parent": "legfore_right_back2",
					"pivot": [-4.5, 1.2, 9.35],
					"cubes": [
						{
							"origin": [-6.25, 0, 6.25],
							"size": [3.5, 2, 4],
							"uv": {
								"north": {"uv": [83, 38], "uv_size": [-4, 2]},
								"east": {"uv": [66, 80], "uv_size": [-4, 2]},
								"south": {"uv": [37, 80], "uv_size": [-4, 2]},
								"west": {"uv": [32, 80], "uv_size": [-4, 2]},
								"up": {"uv": [52, 30], "uv_size": [-4, 4]},
								"down": {"uv": [52, 75], "uv_size": [-4, -4]}
							}
						}
					]
				},
				{
					"name": "leg_left_back",
					"parent": "root",
					"pivot": [4.5, 17.70172, 7.96769],
					"cubes": [
						{
							"origin": [2.25, 12.49323, 4.69218],
							"size": [4.5, 9, 7],
							"uv": {
								"north": {"uv": [15, 0], "uv_size": [7, 9]},
								"east": {"uv": [15, 0], "uv_size": [7, 9]},
								"south": {"uv": [15, 0], "uv_size": [7, 9]},
								"west": {"uv": [15, 0], "uv_size": [7, 9]},
								"up": {"uv": [22, 9], "uv_size": [-7, -9]},
								"down": {"uv": [22, 9], "uv_size": [-7, -9]}
							}
						}
					]
				},
				{
					"name": "legfore_left_back",
					"parent": "leg_left_back",
					"pivot": [4.5, 13.54323, 7.99218],
					"cubes": [
						{
							"origin": [2.5, 9.49323, 5.69218],
							"size": [4, 6, 4],
							"pivot": [4.5, 12.74323, 8.19218],
							"rotation": [10, 0, 0],
							"uv": {
								"north": {"uv": [33, 13], "uv_size": [4, 6]},
								"east": {"uv": [33, 13], "uv_size": [4, 6]},
								"south": {"uv": [33, 13], "uv_size": [4, 6]},
								"west": {"uv": [33, 13], "uv_size": [4, 6]},
								"up": {"uv": [37, 19], "uv_size": [-4, -6]},
								"down": {"uv": [37, 19], "uv_size": [-4, -6]}
							}
						},
						{
							"origin": [3, 4.47732, 7.14875],
							"size": [3, 6, 3],
							"inflate": 0.01,
							"pivot": [4.5, 6.87732, 8.84875],
							"rotation": [7.5, 0, 0],
							"uv": {
								"north": {"uv": [25, 37], "uv_size": [3, 6]},
								"east": {"uv": [25, 37], "uv_size": [3, 6]},
								"south": {"uv": [25, 37], "uv_size": [3, 6]},
								"west": {"uv": [25, 37], "uv_size": [3, 6]},
								"up": {"uv": [28, 43], "uv_size": [-3, -6]},
								"down": {"uv": [28, 43], "uv_size": [-3, -6]}
							}
						}
					]
				},
				{
					"name": "legfore_left_back2",
					"parent": "legfore_left_back",
					"pivot": [4.5, 4.73284, 8.97065],
					"cubes": [
						{
							"origin": [3, 0.93284, 7.17065],
							"size": [3, 4, 3],
							"pivot": [4.5, 2.93284, 8.67065],
							"rotation": [-7.5, 0, 0],
							"uv": {
								"north": {"uv": [47, 38], "uv_size": [3, 4]},
								"east": {"uv": [47, 38], "uv_size": [3, 4]},
								"south": {"uv": [47, 38], "uv_size": [3, 4]},
								"west": {"uv": [47, 38], "uv_size": [3, 4]},
								"up": {"uv": [50, 42], "uv_size": [-3, -4]},
								"down": {"uv": [50, 42], "uv_size": [-3, -4]}
							}
						}
					]
				},
				{
					"name": "sole_left_back",
					"parent": "legfore_left_back2",
					"pivot": [4.5, 1.2, 9.35],
					"cubes": [
						{
							"origin": [2.75, 0, 6.25],
							"size": [3.5, 2, 4],
							"uv": {
								"north": {"uv": [79, 38], "uv_size": [4, 2]},
								"east": {"uv": [28, 80], "uv_size": [4, 2]},
								"south": {"uv": [33, 80], "uv_size": [4, 2]},
								"west": {"uv": [62, 80], "uv_size": [4, 2]},
								"up": {"uv": [48, 30], "uv_size": [4, 4]},
								"down": {"uv": [48, 75], "uv_size": [4, -4]}
							}
						}
					]
				},
				{
					"name": "leg_right_front",
					"parent": "root",
					"pivot": [-4, 18.15647, -9.01437],
					"cubes": [
						{
							"origin": [-6.05, 13.49323, -11.35782],
							"size": [4.1, 8, 5.75],
							"uv": {
								"north": {"uv": [35, 46], "uv_size": [6, 8]},
								"east": {"uv": [41, 46], "uv_size": [-6, 8]},
								"south": {"uv": [35, 46], "uv_size": [6, 8]},
								"west": {"uv": [41, 46], "uv_size": [-6, 8]},
								"up": {"uv": [35, 54], "uv_size": [6, -8]},
								"down": {"uv": [35, 54], "uv_size": [6, -8]}
							}
						}
					]
				},
				{
					"name": "legfore_right_front",
					"parent": "leg_right_front",
					"pivot": [-4, 13.66021, -9.18181],
					"cubes": [
						{
							"origin": [-6, 7.16021, -11.05681],
							"size": [4, 7, 3.75],
							"uv": {
								"north": {"uv": [62, 8], "uv_size": [4, 7]},
								"east": {"uv": [66, 8], "uv_size": [-4, 7]},
								"south": {"uv": [66, 8], "uv_size": [-4, 7]},
								"west": {"uv": [66, 8], "uv_size": [-4, 7]},
								"up": {"uv": [62, 15], "uv_size": [4, -7]},
								"down": {"uv": [62, 15], "uv_size": [4, -7]}
							}
						}
					]
				},
				{
					"name": "legfore_right_front2",
					"parent": "legfore_right_front",
					"pivot": [-4, 7.23284, -9.12935],
					"cubes": [
						{
							"origin": [-5.5, 4.47732, -10.65125],
							"size": [3, 3, 3],
							"inflate": 0.01,
							"pivot": [-4, 6.87732, -8.95125],
							"rotation": [7.5, 0, 0],
							"uv": {
								"north": {"uv": [23, 78], "uv_size": [-3, 3]},
								"east": {"uv": [81, 45], "uv_size": [-3, 3]},
								"south": {"uv": [81, 41], "uv_size": [-3, 3]},
								"west": {"uv": [81, 26], "uv_size": [-3, 3]},
								"up": {"uv": [81, 54], "uv_size": [-3, 3]},
								"down": {"uv": [81, 71], "uv_size": [-3, -3]}
							}
						},
						{
							"origin": [-5.5, 0.93284, -10.62935],
							"size": [3, 4, 3],
							"pivot": [-4, 2.93284, -9.12935],
							"rotation": [-7.5, 0, 0],
							"uv": {
								"north": {"uv": [71, 75], "uv_size": [-3, 4]},
								"east": {"uv": [57, 76], "uv_size": [-3, 4]},
								"south": {"uv": [53, 76], "uv_size": [-3, 4]},
								"west": {"uv": [49, 76], "uv_size": [-3, 4]},
								"up": {"uv": [15, 78], "uv_size": [-3, 3]},
								"down": {"uv": [19, 81], "uv_size": [-3, -3]}
							}
						}
					]
				},
				{
					"name": "sole_right_front",
					"parent": "legfore_right_front2",
					"pivot": [-4, 1, -8.55],
					"cubes": [
						{
							"origin": [-5.75, 0, -11.55],
							"size": [3.5, 2, 4],
							"uv": {
								"north": {"uv": [85, 4], "uv_size": [-4, 2]},
								"east": {"uv": [85, 13], "uv_size": [-4, 2]},
								"south": {"uv": [85, 10], "uv_size": [-4, 2]},
								"west": {"uv": [85, 7], "uv_size": [-4, 2]},
								"up": {"uv": [14, 73], "uv_size": [-4, 4]},
								"down": {"uv": [19, 77], "uv_size": [-4, -4]}
							}
						}
					]
				},
				{
					"name": "leg_left_front",
					"parent": "root",
					"pivot": [4, 18.15647, -9.01437],
					"cubes": [
						{
							"origin": [1.95, 13.49323, -11.35782],
							"size": [4.1, 8, 5.75],
							"uv": {
								"north": {"uv": [41, 46], "uv_size": [-6, 8]},
								"east": {"uv": [35, 46], "uv_size": [6, 8]},
								"south": {"uv": [41, 46], "uv_size": [-6, 8]},
								"west": {"uv": [35, 46], "uv_size": [6, 8]},
								"up": {"uv": [41, 54], "uv_size": [-6, -8]},
								"down": {"uv": [41, 54], "uv_size": [-6, -8]}
							}
						}
					]
				},
				{
					"name": "legfore_left_front",
					"parent": "leg_left_front",
					"pivot": [4, 13.66021, -9.18181],
					"cubes": [
						{
							"origin": [2, 7.16021, -11.05681],
							"size": [4, 7, 3.75],
							"uv": {
								"north": {"uv": [66, 8], "uv_size": [-4, 7]},
								"east": {"uv": [62, 8], "uv_size": [4, 7]},
								"south": {"uv": [62, 8], "uv_size": [4, 7]},
								"west": {"uv": [62, 8], "uv_size": [4, 7]},
								"up": {"uv": [66, 15], "uv_size": [-4, -7]},
								"down": {"uv": [66, 15], "uv_size": [-4, -7]}
							}
						}
					]
				},
				{
					"name": "legfore_left_front2",
					"parent": "legfore_left_front",
					"pivot": [4, 7.23284, -9.12935],
					"cubes": [
						{
							"origin": [2.5, 4.47732, -10.65125],
							"size": [3, 3, 3],
							"inflate": 0.01,
							"pivot": [4, 6.87732, -8.95125],
							"rotation": [7.5, 0, 0],
							"uv": {
								"north": {"uv": [20, 78], "uv_size": [3, 3]},
								"east": {"uv": [78, 26], "uv_size": [3, 3]},
								"south": {"uv": [78, 41], "uv_size": [3, 3]},
								"west": {"uv": [78, 45], "uv_size": [3, 3]},
								"up": {"uv": [78, 54], "uv_size": [3, 3]},
								"down": {"uv": [78, 71], "uv_size": [3, -3]}
							}
						},
						{
							"origin": [2.5, 0.93284, -10.62935],
							"size": [3, 4, 3],
							"pivot": [4, 2.93284, -9.12935],
							"rotation": [-7.5, 0, 0],
							"uv": {
								"north": {"uv": [68, 75], "uv_size": [3, 4]},
								"east": {"uv": [46, 76], "uv_size": [3, 4]},
								"south": {"uv": [50, 76], "uv_size": [3, 4]},
								"west": {"uv": [54, 76], "uv_size": [3, 4]},
								"up": {"uv": [12, 78], "uv_size": [3, 3]},
								"down": {"uv": [16, 81], "uv_size": [3, -3]}
							}
						}
					]
				},
				{
					"name": "sole_left_front",
					"parent": "legfore_left_front2",
					"pivot": [4, 1, -8.55],
					"cubes": [
						{
							"origin": [2.25, 0, -11.55],
							"size": [3.5, 2, 4],
							"uv": {
								"north": {"uv": [81, 4], "uv_size": [4, 2]},
								"east": {"uv": [81, 7], "uv_size": [4, 2]},
								"south": {"uv": [81, 10], "uv_size": [4, 2]},
								"west": {"uv": [81, 13], "uv_size": [4, 2]},
								"up": {"uv": [10, 73], "uv_size": [4, 4]},
								"down": {"uv": [15, 77], "uv_size": [4, -4]}
							}
						}
					]
				}
			]
		}
	]
}