{
    "format_version": "1.20.10",
    "minecraft:recipe_shaped": {
      "description": {
      "identifier": "pb_scraft:crystal_air_recipe"
      },
      "tags": ["pb_scraft_workbench_scope"],
      "pattern": [
          " A ",
          "ABA",
          " A "
      ],
      "key": {
		    "A": "minecraft:amethyst_shard",
        "W": "minecraft:planks",
        "I": "minecraft:iron_ingot",
        "S": "minecraft:smooth_stone",
        "a": "minecraft:amethyst_block",
        "G": "minecraft:gold_ingot",
        "B": "minecraft:phantom_membrane"
	},
      "unlock": {
        "context": "AlwaysUnlocked"
    },
      "result": [
          {"item": "pb_scraft:crystal_air"}
      ]
    }
}

  