{
    "format_version": "1.20.10",
    "minecraft:recipe_shapeless": {
      "description": {
      "identifier": "pb_scraft:glyph_self_recipe"
      },
      "tags": ["pb_scraft_workbench_press"],

      "ingredients": [
		   { "item": "pb_scraft:glyph_base"},
       { "item": "minecraft:blue_orchid"},
       { "item": "minecraft:glowstone_dust"}
      ],
      "unlock": {
        "context": "AlwaysUnlocked"
    },
      "result": [
          {"item": "pb_scraft:glyph_self"}
      ]
    }
}

  