{
    "format_version": "1.20.10",
    "minecraft:recipe_shaped": {
      "description": {
      "identifier": "pb_scraft:staff_base_recipe"
      },
      "tags": ["pb_scraft_workbench_scope"],
      "pattern": [
          " AA",
          " LA",
          "L  "
      ],
      "key": {
		    "A": "minecraft:amethyst_shard",
        "W": "minecraft:planks",
        "I": "minecraft:iron_ingot",
        "S": "minecraft:smooth_stone",
        "a": "minecraft:amethyst_block",
        "G": "minecraft:gold_ingot",
        "C": "minecraft:clay_ball",
        "L": "minecraft:log"
	},
      "unlock": {
        "context": "AlwaysUnlocked"
    },
      "result": [
          {"item": "pb_scraft:staff_base"}
      ]
    }
}

  