{"pools":[{"rolls":1,"bonus_rolls":1,"entries":[{"type":"loot_table","name":"loot_tables/ftb/bees/books/aqua_affinity.json","weight":1},{"type":"loot_table","name":"loot_tables/ftb/bees/books/bane_of_arthropods.json","weight":1},{"type":"loot_table","name":"loot_tables/ftb/bees/books/binding.json","weight":1},{"type":"loot_table","name":"loot_tables/ftb/bees/books/blast_protection.json","weight":1},{"type":"loot_table","name":"loot_tables/ftb/bees/books/breach.json","weight":1},{"type":"loot_table","name":"loot_tables/ftb/bees/books/channeling.json","weight":1},{"type":"loot_table","name":"loot_tables/ftb/bees/books/density.json","weight":1},{"type":"loot_table","name":"loot_tables/ftb/bees/books/depth_strider.json","weight":1},{"type":"loot_table","name":"loot_tables/ftb/bees/books/efficiency.json","weight":1},{"type":"loot_table","name":"loot_tables/ftb/bees/books/feather_falling.json","weight":1},{"type":"loot_table","name":"loot_tables/ftb/bees/books/fire_aspect.json","weight":1},{"type":"loot_table","name":"loot_tables/ftb/bees/books/fire_protection.json","weight":1},{"type":"loot_table","name":"loot_tables/ftb/bees/books/flame.json","weight":1},{"type":"loot_table","name":"loot_tables/ftb/bees/books/fortune.json","weight":1},{"type":"loot_table","name":"loot_tables/ftb/bees/books/frost_walker.json","weight":1},{"type":"loot_table","name":"loot_tables/ftb/bees/books/impaling.json","weight":1},{"type":"loot_table","name":"loot_tables/ftb/bees/books/infinity.json","weight":1},{"type":"loot_table","name":"loot_tables/ftb/bees/books/knockback.json","weight":1},{"type":"loot_table","name":"loot_tables/ftb/bees/books/looting.json","weight":1},{"type":"loot_table","name":"loot_tables/ftb/bees/books/loyalty.json","weight":1},{"type":"loot_table","name":"loot_tables/ftb/bees/books/luck_of_the_sea.json","weight":1},{"type":"loot_table","name":"loot_tables/ftb/bees/books/lure.json","weight":1},{"type":"loot_table","name":"loot_tables/ftb/bees/books/mending.json","weight":1},{"type":"loot_table","name":"loot_tables/ftb/bees/books/multishot.json","weight":1},{"type":"loot_table","name":"loot_tables/ftb/bees/books/piercing.json","weight":1},{"type":"loot_table","name":"loot_tables/ftb/bees/books/power.json","weight":1},{"type":"loot_table","name":"loot_tables/ftb/bees/books/projectile_protection.json","weight":1},{"type":"loot_table","name":"loot_tables/ftb/bees/books/protection.json","weight":1},{"type":"loot_table","name":"loot_tables/ftb/bees/books/punch.json","weight":1},{"type":"loot_table","name":"loot_tables/ftb/bees/books/quick_charge.json","weight":1},{"type":"loot_table","name":"loot_tables/ftb/bees/books/respiration.json","weight":1},{"type":"loot_table","name":"loot_tables/ftb/bees/books/riptide.json","weight":1},{"type":"loot_table","name":"loot_tables/ftb/bees/books/sharpness.json","weight":1},{"type":"loot_table","name":"loot_tables/ftb/bees/books/silk_touch.json","weight":1},{"type":"loot_table","name":"loot_tables/ftb/bees/books/smite.json","weight":1},{"type":"loot_table","name":"loot_tables/ftb/bees/books/soul_speed.json","weight":1},{"type":"loot_table","name":"loot_tables/ftb/bees/books/swift_sneak.json","weight":1},{"type":"loot_table","name":"loot_tables/ftb/bees/books/thorns.json","weight":1},{"type":"loot_table","name":"loot_tables/ftb/bees/books/unbreaking.json","weight":1},{"type":"loot_table","name":"loot_tables/ftb/bees/books/vanishing.json","weight":1},{"type":"loot_table","name":"loot_tables/ftb/bees/books/wind_burst.json","weight":1}]}]}