{"pools":[{"rolls":1,"entries":[{"type":"item","weight":3,"functions":[{"function":"set_count","count":{"min":1,"max":2}},{"function":"set_data","data":14}],"name":"minecraft:concrete_powder"}]},{"rolls":1,"entries":[{"type":"item","weight":3,"functions":[{"function":"set_count","count":{"min":1,"max":2}}],"name":"minecraft:honeycomb"},{"type":"empty","weight":15},{"type":"empty","weight":15},{"type":"empty","weight":15},{"type":"empty","weight":15},{"type":"empty","weight":15},{"type":"empty","weight":15},{"type":"empty","weight":15},{"type":"empty","weight":15},{"type":"empty","weight":15},{"type":"empty","weight":15},{"type":"empty","weight":15}]}]}