{"pools":[{"rolls":1,"entries":[{"type":"item","weight":3,"functions":[{"function":"set_count","count":{"min":1,"max":2}}],"name":"minecraft:big_dripleaf"},{"type":"item","weight":3,"functions":[{"function":"set_count","count":{"min":1,"max":2}}],"name":"minecraft:small_dripleaf_block"}]},{"rolls":1,"entries":[{"type":"item","weight":3,"functions":[{"function":"set_count","count":{"min":1,"max":2}}],"name":"minecraft:honeycomb"},{"type":"empty","weight":15},{"type":"empty","weight":15},{"type":"empty","weight":15},{"type":"empty","weight":15},{"type":"empty","weight":15},{"type":"empty","weight":15},{"type":"empty","weight":15},{"type":"empty","weight":15},{"type":"empty","weight":15},{"type":"empty","weight":15},{"type":"empty","weight":15}]}]}