{
  "format_version": "1.20.60",
  "minecraft:item": {
    "description": {
      "identifier": "ods_orch:lemon_tree_sapling_placer",
      "menu_category": {
        "category": "items",
        "group": "itemGroup.name.sapling"
      }
    },
    "components": {
      "minecraft:icon": {
        "textures": {
          "default": "ods_orch_lemon_tree_sapling_placer"
        }
      },
      "minecraft:max_stack_size": 64,
      "minecraft:block_placer": {
        "block": "ods_orch:lemon_tree_sapling",
        "use_on": [
          "minecraft:farmland",
          "minecraft:dirt",
          "minecraft:dirt_with_roots",
          "minecraft:coarse_dirt",
          "minecraft:grass_block",
          "minecraft:moss_block",
          "minecraft:mud",
          "minecraft:muddy_mangrove_roots"
        ]
      }
    }
  }
}