{
  "format_version": "1.20.60",
  "minecraft:item": {
    "description": {
      "identifier": "ods_orch:lumberjack_axe",
      "menu_category": {
        "category": "items"
      }
    },
    "components": {
      "minecraft:hand_equipped": true,
      "minecraft:icon": {
        "textures": {
          "default": "ods_orch_lumberjack_axe"
        }
      },
      "minecraft:digger": {
        "use_efficiency": true,
        "destroy_speeds": [
          {
            "speed": 10,
            "block": {
              "tags": "q.any_tag('wood')"
            }
          }
        ]
      },
      "minecraft:max_stack_size": 1,
      "minecraft:durability": {
        "damage_chance": {
          "min": 10,
          "max": 50
        },
        "max_durability": 36
      },
      "minecraft:use_animation": {
        "value": "bow"
      },
      "minecraft:use_modifiers": {
        "movement_modifier": 0.5,
        "use_duration": 9999999
      },
      "minecraft:food": {
        "can_always_eat": true,
        "nutrition": 0
      },
      "minecraft:can_destroy_in_creative": {
        "value": false
      }
    }
  }
}