{
  "format_version": "1.20.60",
  "minecraft:item": {
    "description": {
      "identifier": "ods_orch:maple_tree_vanilla_door_placer",
      "menu_category": {
        "category": "construction",
        "group": "itemGroup.name.door"
      }
    },
    "components": {
      "minecraft:icon": {
        "textures": {
          "default": "ods_orch_maple_tree_vanilla_door_placer"
        }
      },
      "minecraft:max_stack_size": 64,
      "minecraft:block_placer": {
        "block": "ods_orch:maple_tree_vanilla_door_bottom"
      }
    }
  }
}