{
	"format_version": "1.21.30",
	"minecraft:entity": {
		"description": {
			"identifier": "ods_orch:sapling",
			"is_spawnable": false,
			"is_summonable": true,
			"is_experimental": false,
			"animations": {
				"ac.interacted": "controller.animation.ods_orch.sapling.interacted"
			},
			"scripts": {
				"animate": ["ac.interacted"]
			}
		},
		"component_groups": {
			"ods_orch:despawn": {
				"minecraft:instant_despawn": {}
			},
			"ods_orch:interact": {
				"minecraft:interact": {
					"interactions": [
						{
							"on_interact": {
								"event": "ods_orch:interacted",
								"target": "self"
							}
						}
					]
				},
				"minecraft:damage_sensor": {
					"triggers": [
						{
							"cause": "entity_attack",
							"deals_damage": false,
							"on_damage": {
								"event": "ods_orch:interacted",
								"target": "self"
							}
						},
						{
							"cause": "all",
							"deals_damage": false
						}
					]
				}
			},
			"ods_orch:interacted": {
				"minecraft:damage_sensor": {
					"triggers": [
						{
							"cause": "all",
							"deals_damage": false
						}
					]
				},
				"minecraft:is_sheared": {}
			},
			"ods_orch:green_apple_tree": {
				"minecraft:variant": {
					"value": 0
				}
			},
			"ods_orch:pear_tree": {
				"minecraft:variant": {
					"value": 1
				}
			},
			"ods_orch:peach_tree": {
				"minecraft:variant": {
					"value": 2
				}
			},
			"ods_orch:wild_cherry_tree": {
				"minecraft:variant": {
					"value": 3
				}
			},
			"ods_orch:orange_tree": {
				"minecraft:variant": {
					"value": 4
				}
			},
			"ods_orch:lemon_tree": {
				"minecraft:variant": {
					"value": 5
				}
			},
			"ods_orch:coconut_tree": {
				"minecraft:variant": {
					"value": 6
				}
			},
			"ods_orch:pecan_tree": {
				"minecraft:variant": {
					"value": 7
				}
			},
			"ods_orch:maple_tree": {
				"minecraft:variant": {
					"value": 8
				}
			}
		},
		"components": {
			"minecraft:collision_box": {
				"height": 0.0,
				"width": 0.0
			},
			"minecraft:custom_hit_test": {
				"hitboxes": [
					{
						"width": 0.5,
						"height": 1,
						"pivot": [0, 0.5, 0]
					}
				]
			},
			"minecraft:pushable": {
				"is_pushable": false,
				"is_pushable_by_piston": false
			},
			"minecraft:knockback_resistance": {
				"value": 1
			},
			"minecraft:type_family": {
				"family": ["ods_orch", "sapling"]
			},
			"minecraft:health": {
				"value": 1,
				"max": 1,
				"min": 1
			},
			"minecraft:movement": {
				"value": 0.0
			},
			"minecraft:breathable": {
				"total_supply": 15,
				"suffocate_time": 0,
				"breathes_air": true,
				"breathes_water": true
			},
			"minecraft:navigation.generic": {},
			"minecraft:jump.static": {},
			"minecraft:movement.generic": {},
			"minecraft:behavior.float": {
				"priority": 3
			},
			"minecraft:can_climb": {},
			"minecraft:physics": {
				"has_gravity": true
			}
		},
		"events": {
			"minecraft:entity_spawned": {
				"sequence": [
					{
						"randomize": [
							{
								"add": {
									"component_groups": ["ods_orch:green_apple_tree", "ods_orch:interact"]
								},
								"weight": 1
							},
							{
								"add": {
									"component_groups": ["ods_orch:pear_tree", "ods_orch:interact"]
								},
								"weight": 1
							},
							{
								"add": {
									"component_groups": ["ods_orch:peach_tree", "ods_orch:interact"]
								},
								"weight": 1
							},
							{
								"add": {
									"component_groups": ["ods_orch:wild_cherry_tree", "ods_orch:interact"]
								},
								"weight": 1
							},
							{
								"add": {
									"component_groups": ["ods_orch:orange_tree", "ods_orch:interact"]
								},
								"weight": 1
							},
							{
								"add": {
									"component_groups": ["ods_orch:lemon_tree", "ods_orch:interact"]
								},
								"weight": 1
							},
							{
								"add": {
									"component_groups": ["ods_orch:coconut_tree", "ods_orch:interact"]
								},
								"weight": 1
							},
							{
								"add": {
									"component_groups": ["ods_orch:pecan_tree", "ods_orch:interact"]
								},
								"weight": 1
							},
							{
								"add": {
									"component_groups": ["ods_orch:maple_tree", "ods_orch:interact"]
								},
								"weight": 1
							}
						]
					}
				]
			},
			"ods_orch:despawn": {
				"add": {
					"component_groups": ["ods_orch:despawn"]
				}
			},
			"ods_orch:interact": {
				"add": {
					"component_groups": ["ods_orch:interact"]
				},
				"remove": {
					"component_groups": ["ods_orch:interacted"]
				}
			},
			"ods_orch:interacted": {
				"add": {
					"component_groups": ["ods_orch:interacted"]
				},
				"remove": {
					"component_groups": ["ods_orch:interact"]
				}
			},
			"ods_orch:green_apple_tree": {
				"add": {
					"component_groups": ["ods_orch:green_apple_tree", "ods_orch:interact"]
				}
			},
			"ods_orch:pear_tree": {
				"add": {
					"component_groups": ["ods_orch:pear_tree", "ods_orch:interact"]
				}
			},
			"ods_orch:peach_tree": {
				"add": {
					"component_groups": ["ods_orch:peach_tree", "ods_orch:interact"]
				}
			},
			"ods_orch:wild_cherry_tree": {
				"add": {
					"component_groups": ["ods_orch:wild_cherry_tree", "ods_orch:interact"]
				}
			},
			"ods_orch:orange_tree": {
				"add": {
					"component_groups": ["ods_orch:orange_tree", "ods_orch:interact"]
				}
			},
			"ods_orch:lemon_tree": {
				"add": {
					"component_groups": ["ods_orch:lemon_tree", "ods_orch:interact"]
				}
			},
			"ods_orch:coconut_tree": {
				"add": {
					"component_groups": ["ods_orch:coconut_tree", "ods_orch:interact"]
				}
			},
			"ods_orch:pecan_tree": {
				"add": {
					"component_groups": ["ods_orch:pecan_tree", "ods_orch:interact"]
				}
			},
			"ods_orch:maple_tree": {
				"add": {
					"component_groups": ["ods_orch:maple_tree", "ods_orch:interact"]
				}
			}
		}
	}
}