{
	"format_version": "1.21.30",
	"minecraft:item": {
		"description": {
			"identifier": "pb_scraft:wizard_leggings",
			"menu_category": {
				"category": "equipment",
				"group": "itemGroup.name.leggings"
			}
		},
		"components": {
			"minecraft:max_stack_size": 1,
			"minecraft:icon": {
				"textures": {
				  "default": "pb_scraft_wizard_leggings",
				  "dyed": "pb_scraft_wizard_leggings"
				}
			},
			"minecraft:wearable": {
				"slot": "slot.armor.legs",
				"protection": 4
			},
			"minecraft:durability": {
				"max_durability": 400
			},
			"minecraft:enchantable": {
                "value": 20,
                "slot": "armor_legs"
            },
			"minecraft:repairable": {
				"repair_items": [
					{
						"items": ["white_wool","orange_wool","magenta_wool","light_blue_wool","yellow_wool","lime_wool","pink_wool","gray_wool","light_gray_wool","cyan_wool","purple_wool","blue_wool","brown_wool","red_wool","black_wool"],
						"repair_amount": 100
					}
				]
			},
			"minecraft:dyeable": {
				"default_color":  "#334fb6"
			},
			"minecraft:display_name":{
				"value": "Wizard Leggings\n§o§uMagic"
			}
		}
	}
}