{
   "format_version":"1.8.0",
   "animations":{
      "animation.pb_scraft.effect_earthquake":{
         "loop":true,
         "timeline":{
            "0.0":[
               "/scriptevent pb_scraft:effect_earthquake impact"
            ]
         },
         "animation_length":1
      },
      "animation.pb_scraft.effect_earthquake_start":{
         "loop":false,
         "timeline":{
            "0.0":[
               "/execute if entity @s[tag=!pb_scraft_init] run /scriptevent pb_scraft:effect_earthquake start",
			   "/execute if entity @s[tag=!pb_scraft_init] run /particle pb_scraft:earthquake_zone ~ ~0.1 ~",
			   "/execute if entity @s[tag=!pb_scraft_init] run /particle pb_scraft:earthquake_dust ~ ~0.1 ~",
			   "/execute if entity @s[tag=!pb_scraft_init] run /particle pb_scraft:earthquake_rocks ~ ~0.1 ~",
			   "/camerashake add @a[r=18] 0.5 1 positional",
			   "/tag @s add pb_scraft_init"
            ],
			"1.0":[
			   "/camerashake add @a[r=18] 0.5 1 positional",
			   "/scriptevent pb_scraft:damage_tick impact"
            ],
			"2.0":[
			   "/camerashake add @a[r=18] 0.5 1 positional",
			   "/playsound pb_scraft.rock_spell_impact @a[r=10]",
			   "/scriptevent pb_scraft:damage_tick impact"
            ],
			"3.0":[
			   "/camerashake add @a[r=18] 0.5 1 positional",
			   "/scriptevent pb_scraft:damage_tick impact"
            ],
			"4.0":[
			   "/camerashake add @a[r=18] 0.5 1 positional",
			   "/playsound pb_scraft.rock_spell_impact @a[r=10]",
			   "/scriptevent pb_scraft:damage_tick impact"
            ],
			"5.0":[
			   "/camerashake add @a[r=18] 0.5 1 positional",
			   "/scriptevent pb_scraft:damage_tick impact"
            ],
			"6.0":[
			   "/camerashake add @a[r=18] 0.5 1 positional",
			   "/playsound pb_scraft.rock_spell_impact @a[r=10]",
			   "/scriptevent pb_scraft:damage_tick impact"
            ],
			"7.0":[
			   "/camerashake add @a[r=18] 0.5 1 positional",
			   "/scriptevent pb_scraft:damage_tick impact"
            ],
			"8.0":[
			   "/camerashake add @a[r=18] 0.5 1 positional",
			   "/playsound pb_scraft.rock_spell_impact @a[r=10]",
			   "/scriptevent pb_scraft:damage_tick impact"
            ],
			"9.0":[
			   "/camerashake add @a[r=18] 0.5 1 positional",
			   "/scriptevent pb_scraft:damage_tick impact"
            ]
         },
         "animation_length":10
      }
   }
}