{
   "format_version":"1.8.0",
   "animations":{
      "animation.pb_scraft.damage_tick":{
         "loop":true,
         "timeline":{
            "0.95":[
               "/scriptevent pb_scraft:damage_tick impact"
            ]
         },
         "animation_length":1
      },
	  "animation.pb_scraft.damage_tick_instant":{
         "loop":true,
         "timeline":{
            "0.1":[
               "/scriptevent pb_scraft:damage_tick impact"
            ]
         },
         "animation_length":1
      },
	  "animation.pb_scraft.damage_tick_10":{
         "loop":true,
         "timeline":{
            "0.45":[
               "/scriptevent pb_scraft:damage_tick impact"
            ]
         },
         "animation_length":0.5
      }
   }
}