{
   "format_version":"1.8.0",
   "animations":{
      "animation.pb_scraft.effect_fireorb_loop":{
         "loop":true,
         "timeline":{
            "0.0":[
               "/scriptevent pb_scraft:effect_fireorb impact"
            ]
         },
         "animation_length":1
      },
      "animation.pb_scraft.effect_fireorb_start":{
         "loop":false,
         "timeline":{
            "0.0":[
               "/execute if entity @s[tag=!pb_scraft_init] run /scriptevent pb_scraft:effect_fireorb start",
			   "/execute if entity @s[tag=!pb_scraft_init] run /particle pb_scraft:fireorb_summoning_rune ~ ~-0.7 ~",
			   "/execute if entity @s[tag=!pb_scraft_init] run /particle pb_scraft:fireorb_summoning_flames ~ ~-0.7 ~",
			   "/execute if entity @s[tag=!pb_scraft_init] run /effect @s levitation 1 1 true",
			   "/tag @s add pb_scraft_init"
            ],
			"1.4":[
               "/scriptevent pb_scraft:stop"
            ],
			"2.0":[
               "/particle pb_scraft:fireorb_embers_steady ~ ~ ~",
			   "/particle pb_scraft:fire_orb_shockwave ~ ~ ~"
            ],
			"3.0":[
               "/particle pb_scraft:fireorb_embers_steady ~ ~ ~",
			   "/particle pb_scraft:fire_orb_shockwave ~ ~ ~"
            ],
			"4.0":[
               "/particle pb_scraft:fireorb_embers_steady ~ ~ ~",
			   "/particle pb_scraft:fire_orb_shockwave ~ ~ ~"
            ],
			"5.0":[
               "/particle pb_scraft:fireorb_embers_steady ~ ~ ~",
			   "/particle pb_scraft:fire_orb_shockwave ~ ~ ~"
            ],
			"6.0":[
               "/particle pb_scraft:fireorb_embers_steady ~ ~ ~",
			   "/particle pb_scraft:fire_orb_shockwave ~ ~ ~"
            ],
			"7.0":[
               "/particle pb_scraft:fireorb_embers_steady ~ ~ ~",
			   "/particle pb_scraft:fire_orb_shockwave ~ ~ ~"
            ],
			"8.0":[
               "/particle pb_scraft:fireorb_embers_steady ~ ~ ~",
			   "/particle pb_scraft:fire_orb_shockwave ~ ~ ~"
            ],
			"9.0":[
               "/particle pb_scraft:fireorb_embers_steady ~ ~ ~",
			   "/particle pb_scraft:fire_orb_shockwave ~ ~ ~"
            ]
         },
         "animation_length":10
      }
   }
}