{
   "format_version":"1.8.0",
   "animations":{
      "animation.pb_scraft.effect_ice_spike":{
         "loop":true,
         "timeline":{
            "0.0":[
               "/scriptevent pb_scraft:effect_ice_spike impact"
            ]
         },
         "animation_length":1
      },
      "animation.pb_scraft.effect_ice_spike_start":{
         "loop":false,
         "timeline":{
            "0.0":[
               "/execute if entity @s[tag=!pb_scraft_init] run /scriptevent pb_scraft:effect_ice_spike start",
			   "/execute if entity @s[tag=!pb_scraft_init] run /particle pb_scraft:ice_spike_impact_2 ~ ~0.1 ~",
			   "/execute if entity @s[tag=!pb_scraft_init] run /particle pb_scraft:ice_spike_dust ~ ~0.1 ~",
			   "/execute if entity @s[tag=!pb_scraft_init] run /particle pb_scraft:ice_spike_fog ~ ~0.1 ~",
			   "/tag @s add pb_scraft_init"
            ]
         },
         "animation_length":10
      }
   }
}