{
   "format_version":"1.8.0",
   "animations":{
      "animation.pb_scraft.effect_moonbeam":{
         "loop":true,
         "timeline":{
            "0.0":[
               "/scriptevent pb_scraft:effect_moonbeam impact"
            ]
         },
         "animation_length":1
      },
      "animation.pb_scraft.effect_moonbeam_start":{
         "loop":false,
         "timeline":{
            "0.0":[
               "/execute if entity @s[tag=!pb_scraft_init] run /scriptevent pb_scraft:effect_moonbeam start",
			   "/execute if entity @s[tag=!pb_scraft_init] run /particle pb_scraft:moonbeam_beam ~ ~0.1 ~",
			   "/execute if entity @s[tag=!pb_scraft_init] run /particle pb_scraft:moonbeam_embers ~ ~0.1 ~"
            ],
			"0.15":[
			   "/execute if entity @s[tag=!pb_scraft_init] run /particle pb_scraft:moonbeam_explosion ~ ~0.1 ~",
			   "/execute if entity @s[tag=!pb_scraft_init] run /particle pb_scraft:moonbeam_explosion_embers ~ ~0.1 ~",
			   "/tag @s add pb_scraft_init"
            ]
         },
         "animation_length":10
      }
   }
}