{
    "format_version": "1.21.60",
    "minecraft:item": {
        "description": {
            "identifier": "nv_me:jump_mech_item",
            "menu_category": {
                "category": "items",
                "group": "nv_me:itemGroup.name.mech_items"
            }
        },
        "components": {
            "minecraft:max_stack_size": 1,
            "minecraft:stacked_by_data": false,
            "minecraft:icon": "nv_me:jump_mech",
            "minecraft:rarity": "epic",
            "minecraft:entity_placer": {
                "entity": "nv_me:jump_mech"
            }
        }
    }
}