{
    "format_version": "1.10.0",
    "animation_controllers": {
        "controller.animation.nv_me.mech.display_warn": {
            "initial_state": "default",
			"states": {
				"default": { 
					"transitions": [
						{ "warn": "q.has_rider && q.state_time > 0.5 && (q.health < 10 || q.property('nv_me:fuel') == 0)" }
					]
				},
				"warn": {
					"transitions": [
						{ "default": "q.state_time > 1 || !q.has_rider" }
					],
					"on_entry": [ "@s nv_me:add_display_warn" ],
					"on_exit": [ "@s nv_me:remove_display_warn" ]
				}
			}
		},
		"controller.animation.nv_me.battle_mech.punch": {
            "initial_state": "default",
			"states": {
				"default": { 
					"transitions": [
						{ "jumping": "q.vertical_speed > 6 && !q.is_on_ground" },
						{ "punching": "q.property('nv_me:punch') > 0" }
					]
				},
				"punching": {
                    "animations": [ "punch" ],
                    "transitions": [
                        { "default": "!q.has_rider || q.property('nv_me:fuel') == 0 || q.property('nv_me:punch') == 0 || q.any_animation_finished" },
                        { "jumping": "q.vertical_speed > 6 && !q.is_on_ground" }
                    ]
                },
				"jumping": {
                    "transitions": [
                        { "landing": "q.is_on_ground" }
                    ]
                },
				"landing": {
                    "transitions": [
                        { "punching": "q.property('nv_me:punch') > 0 && q.is_on_ground && q.state_time > 0.5" },
                        { "default": "q.property('nv_me:punch') == 0 && q.is_on_ground && q.state_time > 0.5" }
                    ]
                }
			}
		},
		"controller.animation.nv_me.fire_mech.flamethrower": {
            "initial_state": "default",
			"states": {
				"default": { 
					"transitions": [
						{ "jumping": "q.vertical_speed > 6 && !q.is_on_ground" },
						{ "firing": "q.property('nv_me:flamethrower')" }
					]
				},
				"firing": {
                    "animations": [ "flamethrower" ],
                    "transitions": [
                        { "default": "!q.has_rider || q.property('nv_me:fuel') == 0 || !q.property('nv_me:flamethrower')" },
                        { "jumping": "q.vertical_speed > 6 && !q.is_on_ground" }
                    ]
                },
				"jumping": {
                    "transitions": [
                        { "landing": "q.is_on_ground" }
                    ]
                },
				"landing": {
                    "transitions": [
                        { "firing": "q.property('nv_me:flamethrower') && q.is_on_ground && q.state_time > 0.5" },
                        { "default": "!q.property('nv_me:flamethrower') && q.is_on_ground && q.state_time > 0.5" }
                    ]
                }
			}
		},
		"controller.animation.nv_me.mining_mech.mine": {
            "initial_state": "default",
			"states": {
				"default": { 
					"transitions": [
						{ "jumping": "q.vertical_speed > 6 && !q.is_on_ground" },
						{ "mining_lv1": "q.property('nv_me:mining') && q.property('nv_me:skill_level') == 1 && q.property('nv_me:has_block')" },
						{ "mining_lv2": "q.property('nv_me:mining') && q.property('nv_me:skill_level') == 2 && q.property('nv_me:has_block')" },
						{ "mining_lv3": "q.property('nv_me:mining') && q.property('nv_me:skill_level') == 3 && q.property('nv_me:has_block')" },
						{ "mining_lv4": "q.property('nv_me:mining') && q.property('nv_me:skill_level') == 4 && q.property('nv_me:has_block')" },
						{ "mining_lv5": "q.property('nv_me:mining') && q.property('nv_me:skill_level') == 5 && q.property('nv_me:has_block')" }
					]
				},
				"mining_lv1": {
                    "animations": [ "mining_lv1" ],
                    "transitions": [
                        { "default": "!q.has_rider || q.property('nv_me:fuel') == 0 || !q.property('nv_me:mining') || !q.property('nv_me:has_block') || q.property('nv_me:skill_level') != 1" },
                        { "jumping": "q.vertical_speed > 6 && !q.is_on_ground" }
                    ]
                },
				"mining_lv2": {
                    "animations": [ "mining_lv2" ],
                    "transitions": [
                        { "default": "!q.has_rider || q.property('nv_me:fuel') == 0 || !q.property('nv_me:mining') || !q.property('nv_me:has_block') || q.property('nv_me:skill_level') != 2" },
                        { "jumping": "q.vertical_speed > 6 && !q.is_on_ground" }
                    ]
                },
				"mining_lv3": {
                    "animations": [ "mining_lv3" ],
                    "transitions": [
                        { "default": "!q.has_rider || q.property('nv_me:fuel') == 0 || !q.property('nv_me:mining') || !q.property('nv_me:has_block') || q.property('nv_me:skill_level') != 3" },
                        { "jumping": "q.vertical_speed > 6 && !q.is_on_ground" }
                    ]
                },
				"mining_lv4": {
                    "animations": [ "mining_lv4" ],
                    "transitions": [
                        { "default": "!q.has_rider || q.property('nv_me:fuel') == 0 || !q.property('nv_me:mining') || !q.property('nv_me:has_block') || q.property('nv_me:skill_level') != 4" },
                        { "jumping": "q.vertical_speed > 6 && !q.is_on_ground" }
                    ]
                },
				"mining_lv5": {
                    "animations": [ "mining_lv5" ],
                    "transitions": [
                        { "default": "!q.has_rider || q.property('nv_me:fuel') == 0 || !q.property('nv_me:mining') || !q.property('nv_me:has_block') || q.property('nv_me:skill_level') != 5" },
                        { "jumping": "q.vertical_speed > 6 && !q.is_on_ground" }
                    ]
                },
				"jumping": {
                    "transitions": [
                        { "landing": "q.is_on_ground" }
                    ]
                },
				"landing": {
                    "transitions": [
                        { "mining_lv1": "q.property('nv_me:mining') && q.property('nv_me:skill_level') == 1 && q.property('nv_me:has_block') && q.is_on_ground && q.state_time > 0.5" },
						{ "mining_lv2": "q.property('nv_me:mining') && q.property('nv_me:skill_level') == 2 && q.property('nv_me:has_block') && q.is_on_ground && q.state_time > 0.5" },
						{ "mining_lv3": "q.property('nv_me:mining') && q.property('nv_me:skill_level') == 3 && q.property('nv_me:has_block') && q.is_on_ground && q.state_time > 0.5" },
						{ "mining_lv4": "q.property('nv_me:mining') && q.property('nv_me:skill_level') == 4 && q.property('nv_me:has_block') && q.is_on_ground && q.state_time > 0.5" },
						{ "mining_lv5": "q.property('nv_me:mining') && q.property('nv_me:skill_level') == 5 && q.property('nv_me:has_block') && q.is_on_ground && q.state_time > 0.5" },
                        { "default": "(!q.property('nv_me:mining') || !q.property('nv_me:has_block')) && q.is_on_ground && q.state_time > 0.5" }
                    ]
                }
			}
		}
    }
}