{
    "format_version": "1.21.60",
    "minecraft:item": {
        "description": {
            "identifier": "nv_me:protection_upgrade_lv2",
            "menu_category": {
                "category": "items",
                "group": "nv_me:itemGroup.name.protection_upgrade"
            }
        },
        "components": {
            "minecraft:max_stack_size": 1,
            "minecraft:stacked_by_data": false,
            "minecraft:icon": "nv_me:protection_upgrade_lv2",
            "minecraft:rarity": "common"
        }
    }
}