{
  "format_version": "1.10.0",
  "animation_controllers": {
    "controller.animation.wacky_animals.double_idle_walk": {
      "initial_state": "default",
      "states": {
        "default": {
          "animations": [
            "idle"
          ],
          "transitions": [
            {
              "idle_2": "q.ground_speed > 0.2"
            }
          ],
          "blend_transition": 0.2
        },

        "idle_2": {
          "animations": [
            "idle_2"
          ],
          "transitions": [
            {
              "default": "q.ground_speed == 0.0 && q.any_animation_finished"
            },
            {
              "walk": "q.ground_speed > 0.2 && q.any_animation_finished"
            }
          ],
          "blend_transition": 0.2
        },

        "walk": {
          "animations": [
            "walk"
          ],
          "transitions": [
            {
              "idle_2": "q.ground_speed == 0.0"
            }
          ],
          "blend_transition": 0.1
        }
      }
    }
  }
}