{
  "format_version": "1.10.0",
  "animation_controllers": {
    "controller.animation.wacky_animals.basic": {
      "initial_state": "default",
      "states": {
        "default": {
          "animations": [
            "idle"
          ],
          "transitions": [
            {
              "walk": "q.ground_speed > 0.2"
            }
          ],
          "blend_transition": 0.3
        },
        "walk": {
          "animations": [
            "walk"
          ],
          "transitions": [
            {
              "default": "q.ground_speed == 0.0"
            }
          ],
          "blend_transition": 0.1
        }
      }
    }
  }
}