{
    "format_version": "1.10.0",
    "animation_controllers": {
      "controller.animation.wacky_animals.fly": {
        "initial_state": "fly",
        "states": {
          // "default": {
          //   "animations": [
          //     "idle"
          //   ],
          //   "transitions": [
          //     {
          //       "fly": "!q.is_on_ground"
          //     }
          //   ],
          //   "blend_transition": 0.2
          // }
          "fly": {
            "animations": [
              "fly"
            ],
            "transitions": [
              // {
              //   "default": "q.is_on_ground && q.mark_variant == 0"
              // }
            ],
            "blend_transition": 0.1
          }
        }
      }
    }
  }