{
  "format_version": "1.10.0",
  "animation_controllers": {
    "controller.animation.wacky_animals.jump": {
      "initial_state": "default",
      "states": {
        "default": {
          "animations": [
            "idle"
          ],
          "transitions": [
            {
              "jump": "q.ground_speed > 0.3"
            }
          ],
          "blend_transition": 0.05
        },
        "jump": {
          "animations": [
            "jump"
          ],
          "transitions": [
            {
              "default": "q.any_animation_finished"
            }
          ],
          "blend_transition": 0.05
        }
      }
    }
  }
}