{
  "format_version": "1.10.0",
  "animation_controllers": {
    "controller.animation.wacky_animals.walk_attack": {
      "initial_state": "default",
      "states": {
        "default": {
          "transitions": [
            {
              "walk": "q.ground_speed > 0.2"
            },
            {
              "attack": "variable.attack_time > 0.0"
            }
          ],
          "blend_transition": 0.3
        },
        "walk": {
          "animations": [
            "walk"
          ],
          "transitions": [
            {
              "default": "q.ground_speed == 0.0"
            },
            {
              "attack": "variable.attack_time > 0.0"
            }
          ],
          "blend_transition": 0.1
        },
        "attack": {
          "animations": [
            "attack"
          ],
          "transitions": [
            {
              "default": "q.any_animation_finished"
            }
          ],
          "blend_transition": 0.1
        }
      }
    }
  }
}