{
  "format_version": "1.10.0",
  "animation_controllers": {
    "controller.animation.wacky_animals.walk_swim": {
      "initial_state": "default",
      "states": {
        "default": {
          "animations": [
            "idle"
          ],
          "transitions": [
            {
              "walk": "q.is_on_ground && q.ground_speed > 0.2"
            },
            {
              "swim": "q.is_in_water && q.modified_move_speed > 0.1"
            }
          ],
          "blend_transition": 0.3
        },
        "walk": {
          "animations": [
            "walk"
          ],
          "transitions": [
            {
              "default": "q.is_on_ground && q.ground_speed == 0.0"
            },
            {
              "swim": "q.is_in_water && q.modified_move_speed > 0.1"
            }
          ],
          "blend_transition": 0.2
        },
        "swim": {
          "animations": [
            "swim"
          ],
          "transitions": [
            {
              "default": "q.is_on_ground && q.ground_speed == 0.0"
            }
          ],
          "blend_transition": 0.1
        }
      }
    }
  }
}