{
  "format_version": "1.10.0",
  "animation_controllers": {
    "controller.animation.wacky_animals.walk_sit": {
      "initial_state": "default",
      "states": {
        "default": {
          "animations": [
            "idle"
          ],
          "transitions": [
            {
              "walk": "q.ground_speed > 0.2"
            },
            {
              "sit": "q.is_sitting"
            }
          ],
          "blend_transition": 0.3
        },
        "walk": {
          "animations": [
            "walk"
          ],
          "transitions": [
            {
              "default": "q.ground_speed == 0.0"
            },
            {
              "sit": "q.is_sitting"
            }
          ],
          "blend_transition": 0.2
        },
        "sit": {
          "animations": [
            "idle",
            "sit"
          ],
          "transitions": [
            {
              "default": "!q.is_sitting"
            }
          ],
          "blend_transition": 0.05
        }
      }
    }
  }
}