{
	"format_version": "1.10.0",
	"minecraft:client_entity": {
		"description": {
			"identifier": "ljw_ww:block",
			"materials": {
				"default": "ljw_ww_night_vision"
			},
			"textures": {
				"default": "textures/ljw/ww/entity/block"
			},
			"geometry": {
				"default": "geometry.ljw_ww.block"
			},
			"animations": {
				"scale": "animation.ljw_ww.block.scale"
			},
			"scripts": {
				"initialize": [
					"variable.intensity = 0.5;",
					"variable.target_intensity = 0.5;"
				],
				"pre_animation": [
					"v.target_intensity = (q.property('ljw_ww:intensity'));",
					"v.intensity = Math.lerp(v.intensity, v.target_intensity, 0.01);"
				],
				"animate": [
					"scale"
				],
				"should_update_bones_and_effects_offscreen": true
			},
			"render_controllers": [
				{ "controller.render.ljw_ww.block.night_vision": "(!q.graphics_mode_is_any('vibrant_visuals', 'deferred', 'raytraced')) && (q.property('ljw_ww:berserk_time') == 0)" },
				{ "controller.render.ljw_ww.block.berserk": "(!q.graphics_mode_is_any('vibrant_visuals', 'deferred', 'raytraced')) && (q.property('ljw_ww:berserk_time') > 0)" }
			]
		}
	}
}