{
	"format_version": "1.10.0",
	"minecraft:client_entity": {
		"description": {
			"identifier": "ljw_ww:marker",
			"materials": {
				"default": "ljw_ww_night_vision"
			},
			"textures": {
				"default": "textures/ljw/ww/entity/block"
			},
			"geometry": {
				"default": "geometry.ljw_ww.block"
			},
			"animations": {
				"scale": "animation.ljw_ww.block.scale"
			},
			"scripts": {
				"animate": [
					"scale"
				],
				"should_update_bones_and_effects_offscreen": true
			},
			"render_controllers": [
				"controller.render.ljw_ww.marker"
			]
		}
	}
}