{"format_version":"1.8.0","animations":{"animation.oreville_hp.vzpjyox.jjnqpwm":{"loop":true,"bones":{"fyzigav":{"scale":0.385},"vzpjyox":{"rotation":["q.rotation_to_camera(0)","q.rotation_to_camera(1)",0]}}},"animation.oreville_hp.vzpjyox.cazpiqo_eyncszs":{"loop":true,"anim_time_update":"t.tvtbboe = -(6 * (v.ddfaftd + v.idrtpsc + 1) + 14) / 2;t.aoafirp = -(4 - v.ddfaftd) * 6 + t.tvtbboe;t.rbqoxnw = t.aoafirp - (4 - v.idrtpsc) * 6;","bones":{"wnepwax":{"position":["t.aoafirp",0,0]},"ytqxolp":{"position":["t.rbqoxnw",0,0]},"gtbdrjs":{"position":["t.tvtbboe",0,0]}}}}}