{
	"format_version": "1.21.0",
	"minecraft:geometry": [
		{
			"description": {
				"identifier": "geometry.dss_bn_divider_screen",
				"texture_width": 16,
				"texture_height": 16,
				"visible_bounds_width": 3,
				"visible_bounds_height": 3.5,
				"visible_bounds_offset": [0, 1.25, 0]
			},
			"bones": [
				{
					"name": "block",
					"pivot": [1, 0, 0.3],
					"cubes": [
						{
							"origin": [-4, 4, -0.7],
							"size": [8, 26, 1],
							"uv": {
								"north": {"uv": [0, 0], "uv_size": [2, 6.5]},
								"east": {"uv": [4.5, 6.75], "uv_size": [0.25, 6.5]},
								"south": {"uv": [2.25, 0], "uv_size": [2, 6.5]},
								"west": {"uv": [5, 6.75], "uv_size": [0.25, 6.5]},
								"up": {"uv": [7.5, 6.75], "uv_size": [2, 0.25]},
								"down": {"uv": [7.5, 7.5], "uv_size": [2, -0.25]}
							}
						},
						{
							"origin": [-4, 0, -0.7],
							"size": [1, 4, 1],
							"uv": {
								"north": {"uv": [7.5, 9.25], "uv_size": [0.25, 1]},
								"east": {"uv": [8, 9.25], "uv_size": [0.25, 1]},
								"south": {"uv": [8.5, 9.25], "uv_size": [0.25, 1]},
								"west": {"uv": [9, 9.25], "uv_size": [0.25, 1]},
								"up": {"uv": [11.25, 1], "uv_size": [0.25, 0.25]},
								"down": {"uv": [11.25, 1.75], "uv_size": [0.25, -0.25]}
							}
						},
						{
							"origin": [-3, 3, -0.7],
							"size": [6, 1, 1],
							"uv": {
								"north": {"uv": [9, 0.5], "uv_size": [1.5, 0.25]},
								"east": {"uv": [11.25, 2], "uv_size": [0.25, 0.25]},
								"south": {"uv": [9, 1], "uv_size": [1.5, 0.25]},
								"west": {"uv": [11.25, 3.5], "uv_size": [0.25, 0.25]},
								"up": {"uv": [9, 1.5], "uv_size": [1.5, 0.25]},
								"down": {"uv": [9, 2.25], "uv_size": [1.5, -0.25]}
							}
						},
						{
							"origin": [3, 0, -0.7],
							"size": [1, 4, 1],
							"uv": {
								"north": {"uv": [9.5, 9.25], "uv_size": [0.25, 1]},
								"east": {"uv": [9.75, 6.5], "uv_size": [0.25, 1]},
								"south": {"uv": [9.75, 7.75], "uv_size": [0.25, 1]},
								"west": {"uv": [10, 9], "uv_size": [0.25, 1]},
								"up": {"uv": [11.25, 4], "uv_size": [0.25, 0.25]},
								"down": {"uv": [11.25, 4.75], "uv_size": [0.25, -0.25]}
							}
						},
						{
							"origin": [-13.3, 4, 3.8],
							"size": [8, 26, 1],
							"pivot": [0.2, 0, 2.5],
							"rotation": [0, -50, 0],
							"uv": {
								"north": {"uv": [0, 0], "uv_size": [2, 6.5]},
								"east": {"uv": [4.5, 6.75], "uv_size": [0.25, 6.5]},
								"south": {"uv": [2.25, 0], "uv_size": [2, 6.5]},
								"west": {"uv": [5, 6.75], "uv_size": [0.25, 6.5]},
								"up": {"uv": [7.5, 6.75], "uv_size": [2, 0.25]},
								"down": {"uv": [7.5, 7.5], "uv_size": [2, -0.25]}
							}
						},
						{
							"origin": [-13.3, 0, 3.8],
							"size": [1, 4, 1],
							"pivot": [0.2, 0, 2.5],
							"rotation": [0, -50, 0],
							"uv": {
								"north": {"uv": [7.5, 9.25], "uv_size": [0.25, 1]},
								"east": {"uv": [8, 9.25], "uv_size": [0.25, 1]},
								"south": {"uv": [8.5, 9.25], "uv_size": [0.25, 1]},
								"west": {"uv": [9, 9.25], "uv_size": [0.25, 1]},
								"up": {"uv": [11.25, 1], "uv_size": [0.25, 0.25]},
								"down": {"uv": [11.25, 1.75], "uv_size": [0.25, -0.25]}
							}
						},
						{
							"origin": [-6.3, 0, 3.8],
							"size": [1, 4, 1],
							"pivot": [0.2, 0, 2.5],
							"rotation": [0, -50, 0],
							"uv": {
								"north": {"uv": [9.5, 9.25], "uv_size": [0.25, 1]},
								"east": {"uv": [9.75, 6.5], "uv_size": [0.25, 1]},
								"south": {"uv": [9.75, 7.75], "uv_size": [0.25, 1]},
								"west": {"uv": [10, 9], "uv_size": [0.25, 1]},
								"up": {"uv": [11.25, 4], "uv_size": [0.25, 0.25]},
								"down": {"uv": [11.25, 4.75], "uv_size": [0.25, -0.25]}
							}
						},
						{
							"origin": [-4.5, 9, -0.7],
							"size": [0.5, 4, 1],
							"uv": {
								"north": {"uv": [9.5, 9.25], "uv_size": [0.25, 1]},
								"east": {"uv": [9.75, 6.5], "uv_size": [0.25, 1]},
								"south": {"uv": [9.75, 7.75], "uv_size": [0.25, 1]},
								"west": {"uv": [10, 9], "uv_size": [0.25, 1]},
								"up": {"uv": [11.25, 4], "uv_size": [0.25, 0.25]},
								"down": {"uv": [11.25, 4.75], "uv_size": [0.25, -0.25]}
							}
						},
						{
							"origin": [-4.5, 20, -0.7],
							"size": [0.5, 4, 1],
							"uv": {
								"north": {"uv": [9.5, 9.25], "uv_size": [0.25, 1]},
								"east": {"uv": [9.75, 6.5], "uv_size": [0.25, 1]},
								"south": {"uv": [9.75, 7.75], "uv_size": [0.25, 1]},
								"west": {"uv": [10, 9], "uv_size": [0.25, 1]},
								"up": {"uv": [11.25, 4], "uv_size": [0.25, 0.25]},
								"down": {"uv": [11.25, 4.75], "uv_size": [0.25, -0.25]}
							}
						},
						{
							"origin": [4, 20, -0.7],
							"size": [0.5, 4, 1],
							"uv": {
								"north": {"uv": [9.5, 9.25], "uv_size": [0.25, 1]},
								"east": {"uv": [9.75, 6.5], "uv_size": [0.25, 1]},
								"south": {"uv": [9.75, 7.75], "uv_size": [0.25, 1]},
								"west": {"uv": [10, 9], "uv_size": [0.25, 1]},
								"up": {"uv": [11.25, 4], "uv_size": [0.25, 0.25]},
								"down": {"uv": [11.25, 4.75], "uv_size": [0.25, -0.25]}
							}
						},
						{
							"origin": [4, 9, -0.7],
							"size": [0.5, 4, 1],
							"uv": {
								"north": {"uv": [9.5, 9.25], "uv_size": [0.25, 1]},
								"east": {"uv": [9.75, 6.5], "uv_size": [0.25, 1]},
								"south": {"uv": [9.75, 7.75], "uv_size": [0.25, 1]},
								"west": {"uv": [10, 9], "uv_size": [0.25, 1]},
								"up": {"uv": [11.25, 4], "uv_size": [0.25, 0.25]},
								"down": {"uv": [11.25, 4.75], "uv_size": [0.25, -0.25]}
							}
						},
						{
							"origin": [-12.3, 3, 3.8],
							"size": [6, 1, 1],
							"pivot": [0.2, 0, 2.5],
							"rotation": [0, -50, 0],
							"uv": {
								"north": {"uv": [9, 0.5], "uv_size": [1.5, 0.25]},
								"east": {"uv": [11.25, 2], "uv_size": [0.25, 0.25]},
								"south": {"uv": [9, 1], "uv_size": [1.5, 0.25]},
								"west": {"uv": [11.25, 3.5], "uv_size": [0.25, 0.25]},
								"up": {"uv": [9, 1.5], "uv_size": [1.5, 0.25]},
								"down": {"uv": [9, 2.25], "uv_size": [1.5, -0.25]}
							}
						},
						{
							"origin": [6.8, 4, -2.8],
							"size": [8, 26, 1],
							"pivot": [3.3, 0, -4.1],
							"rotation": [0, -40, 0],
							"uv": {
								"north": {"uv": [0, 0], "uv_size": [2, 6.5]},
								"east": {"uv": [4.5, 6.75], "uv_size": [0.25, 6.5]},
								"south": {"uv": [2.25, 0], "uv_size": [2, 6.5]},
								"west": {"uv": [5, 6.75], "uv_size": [0.25, 6.5]},
								"up": {"uv": [7.5, 6.75], "uv_size": [2, 0.25]},
								"down": {"uv": [7.5, 7.5], "uv_size": [2, -0.25]}
							}
						},
						{
							"origin": [6.8, 0, -2.8],
							"size": [1, 4, 1],
							"pivot": [3.3, 0, -4.1],
							"rotation": [0, -40, 0],
							"uv": {
								"north": {"uv": [7.5, 9.25], "uv_size": [0.25, 1]},
								"east": {"uv": [8, 9.25], "uv_size": [0.25, 1]},
								"south": {"uv": [8.5, 9.25], "uv_size": [0.25, 1]},
								"west": {"uv": [9, 9.25], "uv_size": [0.25, 1]},
								"up": {"uv": [11.25, 1], "uv_size": [0.25, 0.25]},
								"down": {"uv": [11.25, 1.75], "uv_size": [0.25, -0.25]}
							}
						},
						{
							"origin": [13.8, 0, -2.8],
							"size": [1, 4, 1],
							"pivot": [3.3, 0, -4.1],
							"rotation": [0, -40, 0],
							"uv": {
								"north": {"uv": [9.5, 9.25], "uv_size": [0.25, 1]},
								"east": {"uv": [9.75, 6.5], "uv_size": [0.25, 1]},
								"south": {"uv": [9.75, 7.75], "uv_size": [0.25, 1]},
								"west": {"uv": [10, 9], "uv_size": [0.25, 1]},
								"up": {"uv": [11.25, 4], "uv_size": [0.25, 0.25]},
								"down": {"uv": [11.25, 4.75], "uv_size": [0.25, -0.25]}
							}
						},
						{
							"origin": [7.8, 3, -2.8],
							"size": [6, 1, 1],
							"pivot": [3.3, 0, -4.1],
							"rotation": [0, -40, 0],
							"uv": {
								"north": {"uv": [9, 0.5], "uv_size": [1.5, 0.25]},
								"east": {"uv": [11.25, 2], "uv_size": [0.25, 0.25]},
								"south": {"uv": [9, 1], "uv_size": [1.5, 0.25]},
								"west": {"uv": [11.25, 3.5], "uv_size": [0.25, 0.25]},
								"up": {"uv": [9, 1.5], "uv_size": [1.5, 0.25]},
								"down": {"uv": [9, 2.25], "uv_size": [1.5, -0.25]}
							}
						}
					]
				}
			],
			"item_display_transforms" : {
				"gui": {
					"rotation": [30, 225, 0],
					"translation": [0, 0, 0],
					"scale": [1, 1, 1]
				}
			}
		}
	]
}