{
	"format_version": "1.21.0",
	"minecraft:geometry": [
		{
			"description": {
				"identifier": "geometry.dss_bn_towels",
				"texture_width": 64,
				"texture_height": 64,
				"visible_bounds_width": 2,
				"visible_bounds_height": 2.5,
				"visible_bounds_offset": [0, 0.75, 0]
			},
			"bones": [
				{
					"name": "block",
					"pivot": [0, 3, 0],
					"cubes": [
						{
							"origin": [-8, 12, 7],
							"size": [16, 3, 1],
							"uv": {
								"north": {"uv": [0, 18], "uv_size": [16, 3]},
								"east": {"uv": [39, 10], "uv_size": [1, 3]},
								"south": {"uv": [17, 18], "uv_size": [16, 3]},
								"west": {"uv": [39, 14], "uv_size": [1, 3]},
								"up": {"uv": [13, 29], "uv_size": [16, 1]},
								"down": {"uv": [30, 30], "uv_size": [16, -1]}
							}
						},
						{
							"origin": [-6, 15, 4],
							"size": [12, 1, 3],
							"uv": {
								"north": {"uv": [0, 35], "uv_size": [12, 1]},
								"east": {"uv": [21, 39], "uv_size": [3, 1]},
								"south": {"uv": [13, 35], "uv_size": [12, 1]},
								"west": {"uv": [25, 39], "uv_size": [3, 1]},
								"up": {"uv": [0, 26], "uv_size": [12, 3]},
								"down": {"uv": [26, 3], "uv_size": [12, -3]}
							}
						},
						{
							"origin": [-6, 7, 4],
							"size": [12, 8, 1],
							"uv": {
								"north": {"uv": [0, 0], "uv_size": [12, 8]},
								"east": {"uv": [13, 39], "uv_size": [1, 8]},
								"south": {"uv": [0, 9], "uv_size": [12, 8]},
								"west": {"uv": [15, 39], "uv_size": [1, 8]},
								"up": {"uv": [26, 35], "uv_size": [12, 1]},
								"down": {"uv": [0, 38], "uv_size": [12, -1]}
							}
						},
						{
							"origin": [-6, 13, 6],
							"size": [12, 2, 1],
							"uv": {
								"north": {"uv": [26, 12], "uv_size": [12, 2]},
								"east": {"uv": [39, 35], "uv_size": [1, 2]},
								"south": {"uv": [13, 26], "uv_size": [12, 2]},
								"west": {"uv": [37, 39], "uv_size": [1, 2]},
								"up": {"uv": [13, 37], "uv_size": [12, 1]},
								"down": {"uv": [26, 38], "uv_size": [12, -1]}
							}
						},
						{
							"origin": [-8, 14, 5],
							"size": [16, 1, 1],
							"uv": {
								"north": {"uv": [0, 31], "uv_size": [16, 1]},
								"east": {"uv": [2, 41], "uv_size": [1, 1]},
								"south": {"uv": [17, 31], "uv_size": [16, 1]},
								"west": {"uv": [4, 41], "uv_size": [1, 1]},
								"up": {"uv": [0, 33], "uv_size": [16, 1]},
								"down": {"uv": [17, 34], "uv_size": [16, -1]}
							}
						},
						{
							"origin": [-8, 14, 6],
							"size": [1, 1, 1],
							"uv": {
								"north": {"uv": [6, 41], "uv_size": [1, 1]},
								"east": {"uv": [8, 41], "uv_size": [1, 1]},
								"south": {"uv": [10, 41], "uv_size": [1, 1]},
								"west": {"uv": [41, 10], "uv_size": [1, 1]},
								"up": {"uv": [41, 12], "uv_size": [1, 1]},
								"down": {"uv": [41, 15], "uv_size": [1, -1]}
							}
						},
						{
							"origin": [7, 14, 6],
							"size": [1, 1, 1],
							"uv": {
								"north": {"uv": [41, 16], "uv_size": [1, 1]},
								"east": {"uv": [21, 41], "uv_size": [1, 1]},
								"south": {"uv": [23, 41], "uv_size": [1, 1]},
								"west": {"uv": [25, 41], "uv_size": [1, 1]},
								"up": {"uv": [27, 41], "uv_size": [1, 1]},
								"down": {"uv": [33, 42], "uv_size": [1, -1]}
							}
						},
						{
							"origin": [-8, 2, 7],
							"size": [16, 3, 1],
							"uv": {
								"north": {"uv": [0, 18], "uv_size": [16, 3]},
								"east": {"uv": [39, 10], "uv_size": [1, 3]},
								"south": {"uv": [17, 18], "uv_size": [16, 3]},
								"west": {"uv": [39, 14], "uv_size": [1, 3]},
								"up": {"uv": [13, 29], "uv_size": [16, 1]},
								"down": {"uv": [30, 30], "uv_size": [16, -1]}
							}
						},
						{
							"origin": [-8, 4, 5],
							"size": [16, 1, 1],
							"uv": {
								"north": {"uv": [0, 31], "uv_size": [16, 1]},
								"east": {"uv": [2, 41], "uv_size": [1, 1]},
								"south": {"uv": [17, 31], "uv_size": [16, 1]},
								"west": {"uv": [4, 41], "uv_size": [1, 1]},
								"up": {"uv": [0, 33], "uv_size": [16, 1]},
								"down": {"uv": [17, 34], "uv_size": [16, -1]}
							}
						},
						{
							"origin": [-8, 4, 6],
							"size": [1, 1, 1],
							"uv": {
								"north": {"uv": [6, 41], "uv_size": [1, 1]},
								"east": {"uv": [8, 41], "uv_size": [1, 1]},
								"south": {"uv": [10, 41], "uv_size": [1, 1]},
								"west": {"uv": [41, 10], "uv_size": [1, 1]},
								"up": {"uv": [41, 12], "uv_size": [1, 1]},
								"down": {"uv": [41, 15], "uv_size": [1, -1]}
							}
						},
						{
							"origin": [7, 4, 6],
							"size": [1, 1, 1],
							"uv": {
								"north": {"uv": [41, 16], "uv_size": [1, 1]},
								"east": {"uv": [21, 41], "uv_size": [1, 1]},
								"south": {"uv": [23, 41], "uv_size": [1, 1]},
								"west": {"uv": [25, 41], "uv_size": [1, 1]},
								"up": {"uv": [27, 41], "uv_size": [1, 1]},
								"down": {"uv": [33, 42], "uv_size": [1, -1]}
							}
						},
						{
							"origin": [-6, 5, 4],
							"size": [6, 1, 3],
							"uv": {
								"north": {"uv": [0, 35], "uv_size": [12, 1]},
								"east": {"uv": [21, 39], "uv_size": [3, 1]},
								"south": {"uv": [13, 35], "uv_size": [12, 1]},
								"west": {"uv": [25, 39], "uv_size": [3, 1]},
								"up": {"uv": [0, 26], "uv_size": [12, 3]},
								"down": {"uv": [26, 3], "uv_size": [12, -3]}
							}
						},
						{
							"origin": [1, 5, 4],
							"size": [6, 1, 3],
							"uv": {
								"north": {"uv": [0, 35], "uv_size": [12, 1]},
								"east": {"uv": [21, 39], "uv_size": [3, 1]},
								"south": {"uv": [13, 35], "uv_size": [12, 1]},
								"west": {"uv": [25, 39], "uv_size": [3, 1]},
								"up": {"uv": [0, 26], "uv_size": [12, 3]},
								"down": {"uv": [26, 3], "uv_size": [12, -3]}
							}
						},
						{
							"origin": [-6, 0, 4],
							"size": [6, 5, 1],
							"uv": {
								"north": {"uv": [0, 0], "uv_size": [12, 8]},
								"east": {"uv": [13, 39], "uv_size": [1, 8]},
								"south": {"uv": [0, 9], "uv_size": [12, 8]},
								"west": {"uv": [15, 39], "uv_size": [1, 8]},
								"up": {"uv": [26, 35], "uv_size": [12, 1]},
								"down": {"uv": [0, 38], "uv_size": [12, -1]}
							}
						},
						{
							"origin": [1, 0, 4],
							"size": [6, 5, 1],
							"uv": {
								"north": {"uv": [0, 0], "uv_size": [12, 8]},
								"east": {"uv": [13, 39], "uv_size": [1, 8]},
								"south": {"uv": [0, 9], "uv_size": [12, 8]},
								"west": {"uv": [15, 39], "uv_size": [1, 8]},
								"up": {"uv": [26, 35], "uv_size": [12, 1]},
								"down": {"uv": [0, 38], "uv_size": [12, -1]}
							}
						},
						{
							"origin": [-6, 3, 6],
							"size": [6, 2, 1],
							"uv": {
								"north": {"uv": [26, 12], "uv_size": [12, 2]},
								"east": {"uv": [39, 35], "uv_size": [1, 2]},
								"south": {"uv": [13, 26], "uv_size": [12, 2]},
								"west": {"uv": [37, 39], "uv_size": [1, 2]},
								"up": {"uv": [13, 37], "uv_size": [12, 1]},
								"down": {"uv": [26, 38], "uv_size": [12, -1]}
							}
						},
						{
							"origin": [1, 3, 6],
							"size": [6, 2, 1],
							"uv": {
								"north": {"uv": [26, 12], "uv_size": [12, 2]},
								"east": {"uv": [39, 35], "uv_size": [1, 2]},
								"south": {"uv": [13, 26], "uv_size": [12, 2]},
								"west": {"uv": [37, 39], "uv_size": [1, 2]},
								"up": {"uv": [13, 37], "uv_size": [12, 1]},
								"down": {"uv": [26, 38], "uv_size": [12, -1]}
							}
						}
					]
				}
			],
			"item_display_transforms" : {
				"gui": {
					"rotation": [30, 225, 0],
					"translation": [0, 0, 0],
					"scale": [1, 1, 1]
				}
			}
		}
	]
}