{
	"format_version": "1.21.0",
	"minecraft:geometry": [
		{
			"description": {
				"identifier": "geometry.dss_bn_tv_2",
				"texture_width": 64,
				"texture_height": 64,
				"visible_bounds_width": 3,
				"visible_bounds_height": 2.5,
				"visible_bounds_offset": [0, 0.75, 0]
			},
			"bones": [
				{
					"name": "block",
					"pivot": [0, 0, 0],
					"cubes": [
						{
							"origin": [-15, 7, 6],
							"size": [30, 15, 1],
							"uv": {
								"north": {"uv": [0, 0], "uv_size": [30, 15]},
								"east": {"uv": [0, 42], "uv_size": [1, 15]},
								"south": {"uv": [0, 16], "uv_size": [30, 15]},
								"west": {"uv": [2, 42], "uv_size": [1, 15]},
								"up": {"uv": [20, 36], "uv_size": [30, 1]},
								"down": {"uv": [0, 39], "uv_size": [30, -1]}
							}
						},
						{
							"origin": [-15, 3, 3],
							"size": [15, 1, 5],
							"uv": {
								"north": {"uv": [4, 42], "uv_size": [15, 1]},
								"east": {"uv": [22, 46], "uv_size": [5, 1]},
								"south": {"uv": [42, 40], "uv_size": [15, 1]},
								"west": {"uv": [28, 46], "uv_size": [5, 1]},
								"up": {"uv": [31, 24], "uv_size": [15, 5]},
								"down": {"uv": [31, 35], "uv_size": [15, -5]}
							}
						},
						{
							"origin": [-6, 1, 4],
							"size": [1, 1, 1],
							"uv": {
								"north": {"uv": [48, 42], "uv_size": [1, 1]},
								"east": {"uv": [48, 44], "uv_size": [1, 1]},
								"south": {"uv": [48, 46], "uv_size": [1, 1]},
								"west": {"uv": [48, 48], "uv_size": [1, 1]},
								"up": {"uv": [4, 49], "uv_size": [1, 1]},
								"down": {"uv": [6, 50], "uv_size": [1, -1]}
							}
						},
						{
							"origin": [6, 3, 4],
							"size": [1, 2, 1],
							"uv": {
								"north": {"uv": [38, 47], "uv_size": [1, 2]},
								"east": {"uv": [40, 47], "uv_size": [1, 2]},
								"south": {"uv": [42, 47], "uv_size": [1, 2]},
								"west": {"uv": [44, 47], "uv_size": [1, 2]},
								"up": {"uv": [8, 49], "uv_size": [1, 1]},
								"down": {"uv": [10, 50], "uv_size": [1, -1]}
							}
						},
						{
							"origin": [6, 5, 4.5],
							"size": [1, 2, 0],
							"uv": {
								"north": {"uv": [46, 47], "uv_size": [1, 2]},
								"east": {"uv": [12, 49], "uv_size": [0, 2]},
								"south": {"uv": [22, 48], "uv_size": [1, 2]},
								"west": {"uv": [13, 49], "uv_size": [0, 2]},
								"up": {"uv": [37, 44], "uv_size": [1, 0]},
								"down": {"uv": [39, 44], "uv_size": [1, 0]}
							}
						},
						{
							"origin": [0, 3, 1.5],
							"size": [2, 1, 4],
							"pivot": [6, -7, 1.5],
							"rotation": [0, 27.5, 0],
							"uv": {
								"north": {"uv": [24, 48], "uv_size": [2, 1]},
								"east": {"uv": [26, 42], "uv_size": [4, 1]},
								"south": {"uv": [27, 48], "uv_size": [2, 1]},
								"west": {"uv": [47, 30], "uv_size": [4, 1]},
								"up": {"uv": [16, 44], "uv_size": [2, 4]},
								"down": {"uv": [19, 49], "uv_size": [2, -4]}
							}
						},
						{
							"origin": [-15, 0, 3],
							"size": [30, 1, 5],
							"uv": {
								"north": {"uv": [31, 38], "uv_size": [30, 1]},
								"east": {"uv": [4, 47], "uv_size": [5, 1]},
								"south": {"uv": [0, 40], "uv_size": [30, 1]},
								"west": {"uv": [10, 47], "uv_size": [5, 1]},
								"up": {"uv": [31, 0], "uv_size": [30, 5]},
								"down": {"uv": [31, 11], "uv_size": [30, -5]}
							}
						},
						{
							"origin": [-15, 1, 3],
							"size": [1, 2, 5],
							"uv": {
								"north": {"uv": [30, 48], "uv_size": [1, 2]},
								"east": {"uv": [20, 42], "uv_size": [5, 2]},
								"south": {"uv": [32, 48], "uv_size": [1, 2]},
								"west": {"uv": [42, 42], "uv_size": [5, 2]},
								"up": {"uv": [34, 46], "uv_size": [1, 5]},
								"down": {"uv": [47, 29], "uv_size": [1, -5]}
							}
						},
						{
							"origin": [-4, 1, 3],
							"size": [19, 2, 5],
							"uv": {
								"north": {"uv": [0, 32], "uv_size": [19, 2]},
								"east": {"uv": [4, 44], "uv_size": [5, 2]},
								"south": {"uv": [0, 35], "uv_size": [19, 2]},
								"west": {"uv": [10, 44], "uv_size": [5, 2]},
								"up": {"uv": [31, 12], "uv_size": [19, 5]},
								"down": {"uv": [31, 23], "uv_size": [19, -5]}
							}
						},
						{
							"origin": [-5, 10, 7],
							"size": [10, 3, 1],
							"uv": {
								"north": {"uv": [20, 32], "uv_size": [10, 3]},
								"east": {"uv": [47, 32], "uv_size": [1, 3]},
								"south": {"uv": [31, 40], "uv_size": [10, 3]},
								"west": {"uv": [36, 47], "uv_size": [1, 3]},
								"up": {"uv": [26, 44], "uv_size": [10, 1]},
								"down": {"uv": [37, 46], "uv_size": [10, -1]}
							}
						}
					]
				}
			],
			"item_display_transforms" : {
				"gui": {
					"rotation": [30, 225, 0],
					"translation": [0, 0, 0],
					"scale": [1, 1, 1]
				}
			}
		}
	]
}