{
	"format_version": "1.21.0",
	"minecraft:geometry": [
		{
			"description": {
				"identifier": "geometry.dss_bn_slab_2",
				"texture_width": 16,
				"texture_height": 16,
				"visible_bounds_width": 2,
				"visible_bounds_height": 2.5,
				"visible_bounds_offset": [0, 0.75, 0]
			},
			"bones": [
				{
					"name": "bottom",
					"pivot": [0, 0, 0],
					"cubes": [
						{
							"origin": [-8, 0, -8],
							"size": [16, 8, 16],
							"uv": {
								"north": {"uv": [0, 5], "uv_size": [16, 11]},
								"east": {"uv": [0, 5], "uv_size": [16, 11]},
								"south": {"uv": [0, 5], "uv_size": [16, 11]},
								"west": {"uv": [0, 5], "uv_size": [16, 11]},
								"up": {"uv": [16, 16], "uv_size": [-16, -16]},
								"down": {"uv": [16, 16], "uv_size": [-16, -16]}
							}
						}
					]
				},
				{
					"name": "top",
					"pivot": [0, 0, 0],
					"cubes": [
						{
							"origin": [-8, 8, -8],
							"size": [16, 8, 16],
							"uv": {
								"north": {"uv": [0, 0], "uv_size": [16, 16]},
								"east": {"uv": [0, 0], "uv_size": [16, 16]},
								"south": {"uv": [0, 0], "uv_size": [16, 16]},
								"west": {"uv": [0, 0], "uv_size": [16, 16]},
								"up": {"uv": [16, 16], "uv_size": [-16, -16]},
								"down": {"uv": [16, 16], "uv_size": [-16, -16]}
							}
						}
					]
				}
			],
			"item_display_transforms" : {
				"gui": {
					"rotation": [30, 225, 0],
					"translation": [0, 0, 0],
					"scale": [1, 1, 1]
				}
			}
		}
	]
}