{
	"format_version": "1.21.0",
	"minecraft:geometry": [
		{
			"description": {
				"identifier": "geometry.dss_bn_chandelier_1",
				"texture_width": 64,
				"texture_height": 64,
				"visible_bounds_width": 2,
				"visible_bounds_height": 2.5,
				"visible_bounds_offset": [0, 0.75, 0]
			},
			"bones": [
				{
					"name": "block",
					"pivot": [0, 0, 0],
					"cubes": [
						{
							"origin": [-8, 8, -8],
							"size": [16, 1, 16],
							"uv": {
								"north": {"uv": [17, 26], "uv_size": [16, 1]},
								"east": {"uv": [30, 0], "uv_size": [16, 1]},
								"south": {"uv": [30, 2], "uv_size": [16, 1]},
								"west": {"uv": [17, 26], "uv_size": [16, 1]},
								"up": {"uv": [0, 0], "uv_size": [16, 16]},
								"down": {"uv": [0, 33], "uv_size": [16, -16]}
							}
						},
						{
							"origin": [-5, 15, -4.75],
							"size": [10, 1, 8.75],
							"uv": {
								"north": {"uv": [17, 28], "uv_size": [16, 1]},
								"east": {"uv": [30, 0], "uv_size": [16, 1]},
								"south": {"uv": [30, 2], "uv_size": [16, 1]},
								"west": {"uv": [17, 26], "uv_size": [16, 1]},
								"up": {"uv": [0, 0], "uv_size": [16, 16]},
								"down": {"uv": [0, 33], "uv_size": [16, -16]}
							}
						},
						{
							"origin": [-0.5, 14, -1.5],
							"size": [1, 1, 2.5],
							"uv": {
								"north": {"uv": [32, 20], "uv_size": [1, 1]},
								"east": {"uv": [30, 30], "uv_size": [2.5, 1]},
								"south": {"uv": [32, 20], "uv_size": [1, 1]},
								"west": {"uv": [30, 24], "uv_size": [2.5, 1]},
								"up": {"uv": [32, 12], "uv_size": [1, 2.5]},
								"down": {"uv": [32, 18.5], "uv_size": [1, -2.5]}
							}
						},
						{
							"origin": [-0.5, 9, -2],
							"size": [1, 1, 3.25],
							"uv": {
								"north": {"uv": [32, 20], "uv_size": [1, 1]},
								"east": {"uv": [30, 22], "uv_size": [3.5, 1]},
								"south": {"uv": [32, 20], "uv_size": [1, 1]},
								"west": {"uv": [30, 22], "uv_size": [3.5, 1]},
								"up": {"uv": [26, 30], "uv_size": [1, 3.5]},
								"down": {"uv": [30, 15.5], "uv_size": [1, -3.5]}
							}
						},
						{
							"origin": [-0.5, 10, -0.75],
							"size": [1, 4, 1],
							"uv": {
								"north": {"uv": [30, 12], "uv_size": [1, 4]},
								"east": {"uv": [30, 17], "uv_size": [1, 4]},
								"south": {"uv": [30, 17], "uv_size": [1, 4]},
								"west": {"uv": [30, 17], "uv_size": [1, 4]},
								"up": {"uv": [21, 32], "uv_size": [1, 1]},
								"down": {"uv": [23, 33], "uv_size": [1, -1]}
							}
						}
					]
				}
			],
			"item_display_transforms" : {
				"gui": {
					"rotation": [30, 225, 0],
					"translation": [0, 0, 0],
					"scale": [1, 1, 1]
				}
			}
		}
	]
}