{
	"format_version": "1.21.0",
	"minecraft:geometry": [
		{
			"description": {
				"identifier": "geometry.dss_bn_chair_2",
				"texture_width": 16,
				"texture_height": 16,
				"visible_bounds_width": 3,
				"visible_bounds_height": 2.5,
				"visible_bounds_offset": [0, 0.75, 0]
			},
			"bones": [
				{
					"name": "whole",
					"pivot": [0, 0, 0]
				},
				{
					"name": "root",
					"parent": "whole",
					"pivot": [0, -1, 0],
					"cubes": [
						{
							"origin": [-6, 14, -2.5],
							"size": [12, 4, 3],
							"pivot": [0, -2, 4.5],
							"rotation": [-25, 0, 0],
							"uv": {
								"north": {"uv": [7, 0], "uv_size": [3, 1]},
								"east": {"uv": [3.5, 8.25], "uv_size": [0.75, 1]},
								"south": {"uv": [7, 1.25], "uv_size": [3, 1]},
								"west": {"uv": [4.5, 8.25], "uv_size": [0.75, 1]},
								"up": {"uv": [7, 2.5], "uv_size": [3, 0.75]},
								"down": {"uv": [7, 4.25], "uv_size": [3, -0.75]}
							}
						},
						{
							"origin": [-7, 5, -7.5],
							"size": [14, 1, 14],
							"uv": {
								"north": {"uv": [3.5, 7.75], "uv_size": [3.5, 0.25]},
								"east": {"uv": [7.75, 6.75], "uv_size": [3.5, 0.25]},
								"south": {"uv": [7.75, 7.25], "uv_size": [3.5, 0.25]},
								"west": {"uv": [7.75, 7.75], "uv_size": [3.5, 0.25]},
								"up": {"uv": [0, 0], "uv_size": [3.5, 3.5]},
								"down": {"uv": [0, 7.25], "uv_size": [3.5, -3.5]}
							}
						},
						{
							"origin": [-7, 0, -7],
							"size": [1, 5, 1],
							"uv": {
								"north": {"uv": [5.5, 8.25], "uv_size": [0.25, 1.25]},
								"east": {"uv": [6, 8.25], "uv_size": [0.25, 1.25]},
								"south": {"uv": [6.5, 8.25], "uv_size": [0.25, 1.25]},
								"west": {"uv": [7.75, 8.25], "uv_size": [0.25, 1.25]},
								"up": {"uv": [4, 9.5], "uv_size": [0.25, 0.25]},
								"down": {"uv": [4.5, 9.75], "uv_size": [0.25, -0.25]}
							}
						},
						{
							"origin": [6, 0, -7],
							"size": [1, 5, 1],
							"uv": {
								"north": {"uv": [8.25, 8.25], "uv_size": [0.25, 1.25]},
								"east": {"uv": [8.75, 8.25], "uv_size": [0.25, 1.25]},
								"south": {"uv": [9.25, 8.25], "uv_size": [0.25, 1.25]},
								"west": {"uv": [3.5, 9.5], "uv_size": [0.25, 1.25]},
								"up": {"uv": [5, 9.5], "uv_size": [0.25, 0.25]},
								"down": {"uv": [5.5, 10], "uv_size": [0.25, -0.25]}
							}
						},
						{
							"origin": [-4, 0, 6],
							"size": [1, 17, 1],
							"uv": {
								"north": {"uv": [7.25, 6.75], "uv_size": [0.25, 4.25]},
								"east": {"uv": [0, 7.5], "uv_size": [0.25, 4.25]},
								"south": {"uv": [0.5, 7.5], "uv_size": [0.25, 4.25]},
								"west": {"uv": [1, 7.5], "uv_size": [0.25, 4.25]},
								"up": {"uv": [6, 9.75], "uv_size": [0.25, 0.25]},
								"down": {"uv": [6.5, 10], "uv_size": [0.25, -0.25]}
							}
						},
						{
							"origin": [3, 0, 6],
							"size": [1, 17, 1],
							"uv": {
								"north": {"uv": [1.5, 7.5], "uv_size": [0.25, 4.25]},
								"east": {"uv": [2, 7.5], "uv_size": [0.25, 4.25]},
								"south": {"uv": [2.5, 7.5], "uv_size": [0.25, 4.25]},
								"west": {"uv": [3, 7.5], "uv_size": [0.25, 4.25]},
								"up": {"uv": [7.75, 9.75], "uv_size": [0.25, 0.25]},
								"down": {"uv": [8.25, 10], "uv_size": [0.25, -0.25]}
							}
						}
					]
				},
				{
					"name": "seat",
					"parent": "whole",
					"pivot": [0, 0, 0],
					"cubes": [
						{
							"origin": [-6, 6, -7],
							"size": [12, 2, 13],
							"uv": {
								"north": {"uv": [7, 5.25], "uv_size": [3, 0.5]},
								"east": {"uv": [3.75, 7], "uv_size": [3.25, 0.5]},
								"south": {"uv": [7, 6], "uv_size": [3, 0.5]},
								"west": {"uv": [7, 4.5], "uv_size": [3.25, 0.5]},
								"up": {"uv": [3.75, 0], "uv_size": [3, 3.25]},
								"down": {"uv": [3.75, 6.75], "uv_size": [3, -3.25]}
							}
						}
					]
				}
			],
			"item_display_transforms" : {
				"gui": {
					"rotation": [30, 225, 0],
					"translation": [0, 0, 0],
					"scale": [1, 1, 1]
				}
			}
		}
	]
}