{
	"format_version": "1.21.0",
	"minecraft:geometry": [
		{
			"description": {
				"identifier": "geometry.dss_bn_table_2",
				"texture_width": 16,
				"texture_height": 16,
				"visible_bounds_width": 2,
				"visible_bounds_height": 2.5,
				"visible_bounds_offset": [0, 0.75, 0]
			},
			"bones": [
				{
					"name": "block",
					"pivot": [0, 0, 0],
					"cubes": [
						{
							"origin": [-8, 14, -8],
							"size": [16, 2, 16],
							"uv": {
								"north": {"uv": [4.25, 0], "uv_size": [4, 0.5]},
								"east": {"uv": [4.25, 0.75], "uv_size": [4, 0.5]},
								"south": {"uv": [4.25, 1.5], "uv_size": [4, 0.5]},
								"west": {"uv": [4.25, 2.25], "uv_size": [4, 0.5]},
								"up": {"uv": [0, 0], "uv_size": [4, 4]},
								"down": {"uv": [0, 8.25], "uv_size": [4, -4]}
							}
						},
						{
							"origin": [-7, 0, -6],
							"size": [1, 14, 1],
							"pivot": [-4, -3, 2],
							"rotation": [0, 0, 12.5],
							"uv": {
								"north": {"uv": [4.25, 3], "uv_size": [0.25, 3.5]},
								"east": {"uv": [4.75, 3], "uv_size": [0.25, 3.5]},
								"south": {"uv": [5.25, 3], "uv_size": [0.25, 3.5]},
								"west": {"uv": [5.75, 3], "uv_size": [0.25, 3.5]},
								"up": {"uv": [8.25, 3], "uv_size": [0.25, 0.25]},
								"down": {"uv": [8.25, 3.75], "uv_size": [0.25, -0.25]}
							}
						},
						{
							"origin": [-7, 0, 5],
							"size": [1, 14, 1],
							"pivot": [-4, -3, 13],
							"rotation": [0, 0, 12.5],
							"uv": {
								"north": {"uv": [6.25, 3], "uv_size": [0.25, 3.5]},
								"east": {"uv": [6.75, 3], "uv_size": [0.25, 3.5]},
								"south": {"uv": [4.25, 6.75], "uv_size": [0.25, 3.5]},
								"west": {"uv": [4.75, 6.75], "uv_size": [0.25, 3.5]},
								"up": {"uv": [8.25, 4], "uv_size": [0.25, 0.25]},
								"down": {"uv": [8.25, 4.75], "uv_size": [0.25, -0.25]}
							}
						},
						{
							"origin": [6, 0, -6],
							"size": [1, 14, 1],
							"pivot": [4, -3, 2],
							"rotation": [0, 0, -12.5],
							"uv": {
								"north": {"uv": [5.25, 6.75], "uv_size": [0.25, 3.5]},
								"east": {"uv": [5.75, 6.75], "uv_size": [0.25, 3.5]},
								"south": {"uv": [6.25, 6.75], "uv_size": [0.25, 3.5]},
								"west": {"uv": [6.75, 6.75], "uv_size": [0.25, 3.5]},
								"up": {"uv": [8.25, 5], "uv_size": [0.25, 0.25]},
								"down": {"uv": [8.25, 5.75], "uv_size": [0.25, -0.25]}
							}
						},
						{
							"origin": [6, 0, 5],
							"size": [1, 14, 1],
							"pivot": [4, -3, 13],
							"rotation": [0, 0, -12.5],
							"uv": {
								"north": {"uv": [7.25, 3], "uv_size": [0.25, 3.5]},
								"east": {"uv": [7.25, 6.75], "uv_size": [0.25, 3.5]},
								"south": {"uv": [7.75, 3], "uv_size": [0.25, 3.5]},
								"west": {"uv": [7.75, 6.75], "uv_size": [0.25, 3.5]},
								"up": {"uv": [8.25, 6], "uv_size": [0.25, 0.25]},
								"down": {"uv": [8.25, 6.75], "uv_size": [0.25, -0.25]}
							}
						}
					]
				}
			],
			"item_display_transforms" : {
				"gui": {
					"rotation": [30, 225, 0],
					"translation": [0, 0, 0],
					"scale": [1, 1, 1]
				}
			}
		}
	]
}