{
	"format_version": "1.21.0",
	"minecraft:geometry": [
		{
			"description": {
				"identifier": "geometry.dss_bn_table_1",
				"texture_width": 16,
				"texture_height": 16,
				"visible_bounds_width": 2,
				"visible_bounds_height": 2.5,
				"visible_bounds_offset": [0, 0.75, 0]
			},
			"bones": [
				{
					"name": "bone",
					"pivot": [0, 0, 0]
				},
				{
					"name": "table2",
					"parent": "bone",
					"pivot": [-5, 2, -1],
					"cubes": [
						{
							"origin": [-3, 0, -2],
							"size": [1, 14, 4],
							"pivot": [-3, 1, -1],
							"rotation": [0, 0, -17.5],
							"uv": {
								"north": {"uv": [6.75, 5.5], "uv_size": [0.25, 3.5]},
								"east": {"uv": [4.25, 0], "uv_size": [1, 3.5]},
								"south": {"uv": [7.25, 5.5], "uv_size": [0.25, 3.5]},
								"west": {"uv": [4.25, 3.75], "uv_size": [1, 3.5]},
								"up": {"uv": [8.5, 8], "uv_size": [0.25, 1]},
								"down": {"uv": [0, 10], "uv_size": [0.25, -1]}
							}
						},
						{
							"origin": [2, 0, -2],
							"size": [1, 14, 4],
							"pivot": [3, 1, -1],
							"rotation": [0, 0, 17.5],
							"uv": {
								"north": {"uv": [4.25, 7.5], "uv_size": [0.25, 3.5]},
								"east": {"uv": [5.5, 0], "uv_size": [1, 3.5]},
								"south": {"uv": [4.75, 7.5], "uv_size": [0.25, 3.5]},
								"west": {"uv": [5.5, 3.75], "uv_size": [1, 3.5]},
								"up": {"uv": [0.5, 9], "uv_size": [0.25, 1]},
								"down": {"uv": [1, 10], "uv_size": [0.25, -1]}
							}
						},
						{
							"origin": [-7, 0, -1],
							"size": [1, 7, 2],
							"pivot": [-6, 1, -1],
							"rotation": [0, 0, 20],
							"uv": {
								"north": {"uv": [2.75, 8.5], "uv_size": [0.25, 1.75]},
								"east": {"uv": [5.25, 7.5], "uv_size": [0.5, 1.75]},
								"south": {"uv": [3.25, 8.5], "uv_size": [0.25, 1.75]},
								"west": {"uv": [6, 7.5], "uv_size": [0.5, 1.75]},
								"up": {"uv": [1.5, 9], "uv_size": [0.25, 0.5]},
								"down": {"uv": [2, 9.5], "uv_size": [0.25, -0.5]}
							}
						},
						{
							"origin": [6, 0, -1],
							"size": [1, 7, 2],
							"pivot": [6, 1, -1],
							"rotation": [0, 0, -20],
							"uv": {
								"north": {"uv": [3.75, 8.5], "uv_size": [0.25, 1.75]},
								"east": {"uv": [7.75, 5.5], "uv_size": [0.5, 1.75]},
								"south": {"uv": [8.5, 6], "uv_size": [0.25, 1.75]},
								"west": {"uv": [7.75, 7.5], "uv_size": [0.5, 1.75]},
								"up": {"uv": [9, 6], "uv_size": [0.25, 0.5]},
								"down": {"uv": [9, 7.25], "uv_size": [0.25, -0.5]}
							}
						}
					]
				},
				{
					"name": "table",
					"parent": "bone",
					"pivot": [0, 0, 0],
					"cubes": [
						{
							"origin": [-8, 13, -8],
							"size": [16, 3, 16],
							"uv": {
								"north": {"uv": [6.75, 0], "uv_size": [4, 0.75]},
								"east": {"uv": [6.75, 1], "uv_size": [4, 0.75]},
								"south": {"uv": [6.75, 2], "uv_size": [4, 0.75]},
								"west": {"uv": [6.75, 3], "uv_size": [4, 0.75]},
								"up": {"uv": [0, 0], "uv_size": [4, 4]},
								"down": {"uv": [0, 8.25], "uv_size": [4, -4]}
							}
						},
						{
							"origin": [-5, 8, -1],
							"size": [10, 1, 2],
							"uv": {
								"north": {"uv": [0, 8.5], "uv_size": [2.5, 0.25]},
								"east": {"uv": [9, 7.5], "uv_size": [0.5, 0.25]},
								"south": {"uv": [8.5, 5.5], "uv_size": [2.5, 0.25]},
								"west": {"uv": [9, 8], "uv_size": [0.5, 0.25]},
								"up": {"uv": [6.75, 4], "uv_size": [2.5, 0.5]},
								"down": {"uv": [6.75, 5.25], "uv_size": [2.5, -0.5]}
							}
						}
					]
				}
			],
			"item_display_transforms" : {
				"gui": {
					"rotation": [30, 225, 0],
					"translation": [0, 0, 0],
					"scale": [1, 1, 1]
				}
			}
		}
	]
}