{
	"format_version": "1.21.0",
	"minecraft:geometry": [
		{
			"description": {
				"identifier": "geometry.dss_bn_kitchen_sink",
				"texture_width": 16,
				"texture_height": 16,
				"visible_bounds_width": 2,
				"visible_bounds_height": 2.5,
				"visible_bounds_offset": [0, 0.75, 0]
			},
			"bones": [
				{
					"name": "block",
					"pivot": [0, 0, 0],
					"cubes": [
						{
							"origin": [-8, 0, -6],
							"size": [16, 15, 14],
							"uv": {
								"north": {"uv": [0, 0], "uv_size": [4, 3.75]},
								"east": {"uv": [4.25, 7.5], "uv_size": [3.5, 3.75]},
								"south": {"uv": [0, 4], "uv_size": [4, 3.75]},
								"west": {"uv": [0, 8], "uv_size": [3.5, 3.75]},
								"up": {"uv": [4.25, 0], "uv_size": [4, 3.5]},
								"down": {"uv": [4.25, 7.25], "uv_size": [4, -3.5]}
							}
						},
						{
							"origin": [-8, 15, -6],
							"size": [16, 2, 2],
							"uv": {
								"north": {"uv": [8.5, 3.5], "uv_size": [4, 0.5]},
								"east": {"uv": [6.75, 11.5], "uv_size": [0.5, 0.5]},
								"south": {"uv": [8.5, 4.25], "uv_size": [4, 0.5]},
								"west": {"uv": [11.5, 11], "uv_size": [0.5, 0.5]},
								"up": {"uv": [8.5, 5], "uv_size": [4, 0.5]},
								"down": {"uv": [8.5, 6.25], "uv_size": [4, -0.5]}
							}
						},
						{
							"origin": [-0.25, 14.25, -4],
							"size": [0.5, 2, 10],
							"uv": {
								"north": {"uv": [3.75, 12.75], "uv_size": [0.125, 0.5]},
								"east": {"uv": [10, 9.5], "uv_size": [2.5, 0.5]},
								"south": {"uv": [4.25, 12.75], "uv_size": [0.125, 0.5]},
								"west": {"uv": [10, 10.25], "uv_size": [2.5, 0.5]},
								"up": {"uv": [5.75, 11.5], "uv_size": [0.125, 2.5]},
								"down": {"uv": [6.25, 14], "uv_size": [0.125, -2.5]}
							}
						},
						{
							"origin": [-8, 15, 6],
							"size": [16, 2, 2],
							"uv": {
								"north": {"uv": [8.5, 6.5], "uv_size": [4, 0.5]},
								"east": {"uv": [11.5, 11.75], "uv_size": [0.5, 0.5]},
								"south": {"uv": [10, 7.25], "uv_size": [4, 0.5]},
								"west": {"uv": [0, 12], "uv_size": [0.5, 0.5]},
								"up": {"uv": [10, 8], "uv_size": [4, 0.5]},
								"down": {"uv": [10, 9.25], "uv_size": [4, -0.5]}
							}
						},
						{
							"origin": [-0.5, 17, 6],
							"size": [1, 4, 1],
							"uv": {
								"north": {"uv": [7.5, 11.5], "uv_size": [0.25, 1]},
								"east": {"uv": [0.75, 12], "uv_size": [0.25, 1]},
								"south": {"uv": [1.25, 12], "uv_size": [0.25, 1]},
								"west": {"uv": [1.75, 12], "uv_size": [0.25, 1]},
								"up": {"uv": [12.75, 4.25], "uv_size": [0.25, 0.25]},
								"down": {"uv": [4.75, 13], "uv_size": [0.25, -0.25]}
							}
						},
						{
							"origin": [-2.5, 17, 6],
							"size": [1, 1, 1],
							"uv": {
								"north": {"uv": [12.75, 4.75], "uv_size": [0.25, 0.25]},
								"east": {"uv": [5.25, 12.75], "uv_size": [0.25, 0.25]},
								"south": {"uv": [12.75, 5.25], "uv_size": [0.25, 0.25]},
								"west": {"uv": [12.75, 5.75], "uv_size": [0.25, 0.25]},
								"up": {"uv": [12.75, 6.25], "uv_size": [0.25, 0.25]},
								"down": {"uv": [12.75, 7], "uv_size": [0.25, -0.25]}
							}
						},
						{
							"origin": [1.5, 17, 6],
							"size": [1, 1, 1],
							"uv": {
								"north": {"uv": [7.25, 12.75], "uv_size": [0.25, 0.25]},
								"east": {"uv": [12.75, 9.5], "uv_size": [0.25, 0.25]},
								"south": {"uv": [12.75, 10], "uv_size": [0.25, 0.25]},
								"west": {"uv": [12.75, 10.5], "uv_size": [0.25, 0.25]},
								"up": {"uv": [12.75, 11], "uv_size": [0.25, 0.25]},
								"down": {"uv": [12.75, 11.75], "uv_size": [0.25, -0.25]}
							}
						},
						{
							"origin": [-0.5, 21, 5.75],
							"size": [1, 1, 1],
							"uv": {
								"north": {"uv": [12.75, 12], "uv_size": [0.25, 0.25]},
								"east": {"uv": [12.75, 12.5], "uv_size": [0.25, 0.25]},
								"south": {"uv": [6.75, 13], "uv_size": [0.25, 0.25]},
								"west": {"uv": [11.5, 13], "uv_size": [0.25, 0.25]},
								"up": {"uv": [12.75, 13], "uv_size": [0.25, 0.25]},
								"down": {"uv": [13.25, 0.25], "uv_size": [0.25, -0.25]}
							}
						},
						{
							"origin": [-0.5, 20.75, 3.5],
							"size": [1, 2, 1],
							"uv": {
								"north": {"uv": [5.25, 12], "uv_size": [0.25, 0.5]},
								"east": {"uv": [6.75, 12.25], "uv_size": [0.25, 0.5]},
								"south": {"uv": [12.25, 11], "uv_size": [0.25, 0.5]},
								"west": {"uv": [12.25, 11.75], "uv_size": [0.25, 0.5]},
								"up": {"uv": [0.5, 13.25], "uv_size": [0.25, 0.25]},
								"down": {"uv": [13.25, 0.75], "uv_size": [0.25, -0.25]}
							}
						},
						{
							"origin": [-0.5, 22, 4.5],
							"size": [1, 1, 2],
							"uv": {
								"north": {"uv": [1, 13.25], "uv_size": [0.25, 0.25]},
								"east": {"uv": [12.5, 3], "uv_size": [0.5, 0.25]},
								"south": {"uv": [13.25, 1], "uv_size": [0.25, 0.25]},
								"west": {"uv": [11.5, 12.5], "uv_size": [0.5, 0.25]},
								"up": {"uv": [12.25, 12.5], "uv_size": [0.25, 0.5]},
								"down": {"uv": [0, 13.25], "uv_size": [0.25, -0.5]}
							}
						},
						{
							"origin": [-8, 15, -4],
							"size": [2, 2, 10],
							"uv": {
								"north": {"uv": [2.25, 12], "uv_size": [0.5, 0.5]},
								"east": {"uv": [10.5, 0], "uv_size": [2.5, 0.5]},
								"south": {"uv": [3, 12], "uv_size": [0.5, 0.5]},
								"west": {"uv": [10.5, 0.75], "uv_size": [2.5, 0.5]},
								"up": {"uv": [8, 11], "uv_size": [0.5, 2.5]},
								"down": {"uv": [8.75, 13.5], "uv_size": [0.5, -2.5]}
							}
						},
						{
							"origin": [6, 15, -4],
							"size": [2, 2, 10],
							"uv": {
								"north": {"uv": [3.75, 12], "uv_size": [0.5, 0.5]},
								"east": {"uv": [10.5, 1.5], "uv_size": [2.5, 0.5]},
								"south": {"uv": [4.5, 12], "uv_size": [0.5, 0.5]},
								"west": {"uv": [10.5, 2.25], "uv_size": [2.5, 0.5]},
								"up": {"uv": [9.5, 11], "uv_size": [0.5, 2.5]},
								"down": {"uv": [10.25, 13.5], "uv_size": [0.5, -2.5]}
							}
						},
						{
							"origin": [-7, 1, -7],
							"size": [7, 13, 1],
							"uv": {
								"north": {"uv": [8, 7.5], "uv_size": [1.75, 3.25]},
								"east": {"uv": [3.75, 8], "uv_size": [0.25, 3.25]},
								"south": {"uv": [8.5, 0], "uv_size": [1.75, 3.25]},
								"west": {"uv": [11, 11], "uv_size": [0.25, 3.25]},
								"up": {"uv": [10.5, 3], "uv_size": [1.75, 0.25]},
								"down": {"uv": [3.75, 11.75], "uv_size": [1.75, -0.25]}
							}
						},
						{
							"origin": [-2, 8, -8],
							"size": [1, 2, 1],
							"uv": {
								"north": {"uv": [2.25, 12.75], "uv_size": [0.25, 0.5]},
								"east": {"uv": [2.75, 12.75], "uv_size": [0.25, 0.5]},
								"south": {"uv": [3.25, 12.75], "uv_size": [0.25, 0.5]},
								"west": {"uv": [12.75, 3.5], "uv_size": [0.25, 0.5]},
								"up": {"uv": [1.5, 13.25], "uv_size": [0.25, 0.25]},
								"down": {"uv": [13.25, 1.75], "uv_size": [0.25, -0.25]}
							}
						},
						{
							"origin": [0, 1, -7],
							"size": [7, 13, 1],
							"uv": {
								"north": {"uv": [9.75, 7.5], "uv_size": [-1.75, 3.25]},
								"east": {"uv": [11.25, 11], "uv_size": [-0.25, 3.25]},
								"south": {"uv": [10.25, 0], "uv_size": [-1.75, 3.25]},
								"west": {"uv": [4, 8], "uv_size": [-0.25, 3.25]},
								"up": {"uv": [12.25, 3], "uv_size": [-1.75, 0.25]},
								"down": {"uv": [5.5, 11.75], "uv_size": [-1.75, -0.25]}
							}
						},
						{
							"origin": [1, 8, -8],
							"size": [1, 2, 1],
							"uv": {
								"north": {"uv": [2.5, 12.75], "uv_size": [-0.25, 0.5]},
								"east": {"uv": [13, 3.5], "uv_size": [-0.25, 0.5]},
								"south": {"uv": [3.5, 12.75], "uv_size": [-0.25, 0.5]},
								"west": {"uv": [3, 12.75], "uv_size": [-0.25, 0.5]},
								"up": {"uv": [1.75, 13.25], "uv_size": [-0.25, 0.25]},
								"down": {"uv": [13.5, 1.75], "uv_size": [-0.25, -0.25]}
							}
						}
					]
				}
			],
			"item_display_transforms" : {
				"gui": {
					"rotation": [30, 225, 0],
					"translation": [0, 0, 0],
					"scale": [1, 1, 1]
				}
			}
		}
	]
}