{
	"format_version": "1.21.0",
	"minecraft:geometry": [
		{
			"description": {
				"identifier": "geometry.dss_bn_wall_lamp_1",
				"texture_width": 32,
				"texture_height": 32,
				"visible_bounds_width": 2,
				"visible_bounds_height": 2.5,
				"visible_bounds_offset": [0, 0.75, 0]
			},
			"bones": [
				{
					"name": "block",
					"pivot": [0, 1, 0],
					"cubes": [
						{
							"origin": [-2, 6, 7],
							"size": [4, 6, 1],
							"uv": {
								"north": {"uv": [0, 0], "uv_size": [4, 6]},
								"east": {"uv": [17, 0], "uv_size": [1, 6]},
								"south": {"uv": [5, 0], "uv_size": [4, 6]},
								"west": {"uv": [3, 17], "uv_size": [1, 6]},
								"up": {"uv": [7, 17], "uv_size": [4, 1]},
								"down": {"uv": [7, 18], "uv_size": [4, -1]}
							}
						},
						{
							"origin": [-2, 9, 0],
							"size": [4, 1, 2],
							"uv": {
								"north": {"uv": [0, 0], "uv_size": [4, 6]},
								"east": {"uv": [17, 0], "uv_size": [1, 6]},
								"south": {"uv": [5, 0], "uv_size": [4, 6]},
								"west": {"uv": [3, 17], "uv_size": [1, 6]},
								"up": {"uv": [14.5, 10], "uv_size": [4, 1]},
								"down": {"uv": [17, 12], "uv_size": [4, -1]}
							}
						},
						{
							"origin": [-1, 10, 1],
							"size": [2, 1, 6],
							"uv": {
								"north": {"uv": [16, 10], "uv_size": [2, 1]},
								"east": {"uv": [14.5, 10], "uv_size": [6, 1]},
								"south": {"uv": [12, 17], "uv_size": [2, 1]},
								"west": {"uv": [14.5, 8], "uv_size": [6, 1]},
								"up": {"uv": [0, 17], "uv_size": [2, 6]},
								"down": {"uv": [0, 23], "uv_size": [2, -6]}
							}
						},
						{
							"origin": [-3, 5, -1],
							"size": [6, 4, 4],
							"uv": {
								"north": {"uv": [0, 7], "uv_size": [6, 4]},
								"east": {"uv": [7, 12], "uv_size": [4, 4]},
								"south": {"uv": [7, 7], "uv_size": [6, 4]},
								"west": {"uv": [12, 12], "uv_size": [4, 4]},
								"up": {"uv": [10, 0], "uv_size": [6, 4]},
								"down": {"uv": [0, 16], "uv_size": [6, -4]}
							}
						}
					]
				}
			],
			"item_display_transforms" : {
				"gui": {
					"rotation": [30, 225, 0],
					"translation": [0, 0, 0],
					"scale": [1, 1, 1]
				}
			}
		}
	]
}