{
	"format_version": "1.21.20",
	"minecraft:geometry": [
		{
			"description": {
				"identifier": "geometry.dss_bn_curtain_r",
				"texture_width": 16,
				"texture_height": 16,
				"visible_bounds_width": 2,
				"visible_bounds_height": 3,
				"visible_bounds_offset": [0, 0.5, 0]
			},
			"bones": [
				{
					"name": "block",
					"pivot": [0, 0, 0],
					"cubes": [
						{
							"origin": [-8, 15, 7],
							"size": [16, 1, 1],
							"uv": {
								"north": {"uv": [9, 0], "uv_size": [-4, 0.25]},
								"east": {"uv": [5.25, 2.5], "uv_size": [-0.25, 0.25]},
								"south": {"uv": [9, 0.5], "uv_size": [-4, 0.25]},
								"west": {"uv": [5.25, 2], "uv_size": [-0.25, 0.25]},
								"up": {"uv": [9, 1], "uv_size": [-4, 0.25]},
								"down": {"uv": [9, 1.75], "uv_size": [-4, -0.25]}
							}
						},
						{
							"origin": [-1, 0, 7],
							"size": [9, 15, 1],
							"uv": {
								"north": {"uv": [2.25, 4], "uv_size": [-2.25, 3.5]},
								"east": {"uv": [1.875, 4], "uv_size": [-0.25, 3.5]},
								"south": {"uv": [2.25, 4], "uv_size": [-2.25, 3.5]},
								"west": {"uv": [1.875, 4], "uv_size": [-0.25, 3.5]},
								"up": {"uv": [2.25, 3.75], "uv_size": [-2.25, -0.25]},
								"down": {"uv": [2.25, 3.75], "uv_size": [-2.25, -0.25]}
							}
						}
					]
				}
			],
			"item_display_transforms": {
				"gui": {
					"rotation": [30, -135, 0],
					"translation": [0, 0, 0],
					"scale": [1, 1, 1],
					"rotation_pivot": [0, 0, 0],
					"scale_pivot": [0, 0, 0],
					"fit_to_frame": true
				}
			}
		}
	]
}