{
	"format_version": "1.21.0",
	"minecraft:geometry": [
		{
			"description": {
				"identifier": "geometry.dss_bn_big_plant_1",
				"texture_width": 16,
				"texture_height": 16,
				"visible_bounds_width": 2,
				"visible_bounds_height": 3.5,
				"visible_bounds_offset": [0, 1.25, 0]
			},
			"bones": [
				{
					"name": "block",
					"pivot": [0, -4, 0],
					"cubes": [
						{
							"origin": [-4.48, 0.48, -4.48],
							"size": [1.12, 11.2, 1.12],
							"uv": {
								"north": {"uv": [8, 7.5], "uv_size": [0.25, 3.5]},
								"east": {"uv": [0, 8.5], "uv_size": [0.25, 3.5]},
								"south": {"uv": [0.5, 8.5], "uv_size": [0.25, 3.5]},
								"west": {"uv": [1, 8.5], "uv_size": [0.25, 3.5]},
								"up": {"uv": [11.25, 5.75], "uv_size": [0.25, 0.25]},
								"down": {"uv": [11.25, 6.5], "uv_size": [0.25, -0.25]}
							}
						},
						{
							"origin": [-3.36, 0.48, -4.48],
							"size": [6.72, 1.12, 1.12],
							"uv": {
								"north": {"uv": [9.75, 5.25], "uv_size": [1.5, 0.25]},
								"east": {"uv": [11.25, 6.75], "uv_size": [0.25, 0.25]},
								"south": {"uv": [8.5, 9.75], "uv_size": [1.5, 0.25]},
								"west": {"uv": [8, 11.25], "uv_size": [0.25, 0.25]},
								"up": {"uv": [10.25, 0.75], "uv_size": [1.5, 0.25]},
								"down": {"uv": [10.25, 1.5], "uv_size": [1.5, -0.25]}
							}
						},
						{
							"origin": [-3.36, 0.48, 3.36],
							"size": [6.72, 1.12, 1.12],
							"uv": {
								"north": {"uv": [10.25, 1.75], "uv_size": [1.5, 0.25]},
								"east": {"uv": [8.5, 11.25], "uv_size": [0.25, 0.25]},
								"south": {"uv": [10.25, 2.25], "uv_size": [1.5, 0.25]},
								"west": {"uv": [9, 11.25], "uv_size": [0.25, 0.25]},
								"up": {"uv": [10.25, 2.75], "uv_size": [1.5, 0.25]},
								"down": {"uv": [10.25, 3.5], "uv_size": [1.5, -0.25]}
							}
						},
						{
							"origin": [3.36, 0.48, -3.36],
							"size": [1.12, 1.12, 6.72],
							"uv": {
								"north": {"uv": [11.25, 9], "uv_size": [0.25, 0.25]},
								"east": {"uv": [10.25, 3.75], "uv_size": [1.5, 0.25]},
								"south": {"uv": [9.5, 11.25], "uv_size": [0.25, 0.25]},
								"west": {"uv": [10.25, 4.25], "uv_size": [1.5, 0.25]},
								"up": {"uv": [10.25, 5.75], "uv_size": [0.25, 1.5]},
								"down": {"uv": [10.25, 9], "uv_size": [0.25, -1.5]}
							}
						},
						{
							"origin": [-4.48, 0.48, -3.36],
							"size": [1.12, 1.12, 6.72],
							"uv": {
								"north": {"uv": [11.25, 9.5], "uv_size": [0.25, 0.25]},
								"east": {"uv": [10.25, 4.75], "uv_size": [1.5, 0.25]},
								"south": {"uv": [11.25, 10], "uv_size": [0.25, 0.25]},
								"west": {"uv": [8.5, 10.25], "uv_size": [1.5, 0.25]},
								"up": {"uv": [10.25, 9.25], "uv_size": [0.25, 1.5]},
								"down": {"uv": [10.75, 7.25], "uv_size": [0.25, -1.5]}
							}
						},
						{
							"origin": [3.36, 0.48, -4.48],
							"size": [1.12, 11.2, 1.12],
							"uv": {
								"north": {"uv": [1.5, 8.5], "uv_size": [0.25, 3.5]},
								"east": {"uv": [2, 8.5], "uv_size": [0.25, 3.5]},
								"south": {"uv": [2.5, 8.5], "uv_size": [0.25, 3.5]},
								"west": {"uv": [3, 8.5], "uv_size": [0.25, 3.5]},
								"up": {"uv": [11.25, 10.5], "uv_size": [0.25, 0.25]},
								"down": {"uv": [10.75, 11.5], "uv_size": [0.25, -0.25]}
							}
						},
						{
							"origin": [3.36, 0.48, 3.36],
							"size": [1.12, 11.2, 1.12],
							"uv": {
								"north": {"uv": [3.5, 8.5], "uv_size": [0.25, 3.5]},
								"east": {"uv": [4, 8.5], "uv_size": [0.25, 3.5]},
								"south": {"uv": [4.5, 8.5], "uv_size": [0.25, 3.5]},
								"west": {"uv": [5, 8.5], "uv_size": [0.25, 3.5]},
								"up": {"uv": [11.25, 11], "uv_size": [0.25, 0.25]},
								"down": {"uv": [11.5, 0.25], "uv_size": [0.25, -0.25]}
							}
						},
						{
							"origin": [-4.48, 0.48, 3.36],
							"size": [1.12, 11.2, 1.12],
							"uv": {
								"north": {"uv": [5.5, 8.5], "uv_size": [0.25, 3.5]},
								"east": {"uv": [6, 8.5], "uv_size": [0.25, 3.5]},
								"south": {"uv": [6.5, 8.5], "uv_size": [0.25, 3.5]},
								"west": {"uv": [7, 8.5], "uv_size": [0.25, 3.5]},
								"up": {"uv": [11.5, 5.25], "uv_size": [0.25, 0.25]},
								"down": {"uv": [7.5, 11.75], "uv_size": [0.25, -0.25]}
							}
						},
						{
							"origin": [-3.36, 7.2, -4.48],
							"size": [6.72, 10.08, 8.96],
							"uv": {
								"north": {"uv": [4.5, 6], "uv_size": [1.5, 2.25]},
								"east": {"uv": [0, 6], "uv_size": [2, 2.25]},
								"south": {"uv": [6.25, 6], "uv_size": [1.5, 2.25]},
								"west": {"uv": [2.25, 6], "uv_size": [2, 2.25]},
								"up": {"uv": [7.5, 0], "uv_size": [1.5, 2]},
								"down": {"uv": [7.5, 4.25], "uv_size": [1.5, -2]}
							}
						},
						{
							"origin": [-3.36, 16.16, -5.6],
							"size": [6.72, 2.24, 1.12],
							"uv": {
								"north": {"uv": [8.5, 7.5], "uv_size": [1.5, 0.5]},
								"east": {"uv": [9.25, 3], "uv_size": [0.25, 0.5]},
								"south": {"uv": [8.5, 8.25], "uv_size": [1.5, 0.5]},
								"west": {"uv": [9.25, 3.75], "uv_size": [0.25, 0.5]},
								"up": {"uv": [10.75, 7.5], "uv_size": [1.5, 0.25]},
								"down": {"uv": [10.75, 8.25], "uv_size": [1.5, -0.25]}
							}
						},
						{
							"origin": [-3.36, 16.16, 4.48],
							"size": [6.72, 2.24, 1.12],
							"uv": {
								"north": {"uv": [8.5, 9], "uv_size": [1.5, 0.5]},
								"east": {"uv": [7.5, 10.75], "uv_size": [0.25, 0.5]},
								"south": {"uv": [9.25, 0], "uv_size": [1.5, 0.5]},
								"west": {"uv": [10.75, 9], "uv_size": [0.25, 0.5]},
								"up": {"uv": [8.5, 10.75], "uv_size": [1.5, 0.25]},
								"down": {"uv": [10.75, 8.75], "uv_size": [1.5, -0.25]}
							}
						},
						{
							"origin": [-4.48, 16.16, -4.48],
							"size": [1.12, 2.24, 8.96],
							"uv": {
								"north": {"uv": [10.75, 9.75], "uv_size": [0.25, 0.5]},
								"east": {"uv": [7.5, 4.5], "uv_size": [2, 0.5]},
								"south": {"uv": [10.75, 10.5], "uv_size": [0.25, 0.5]},
								"west": {"uv": [7.5, 5.25], "uv_size": [2, 0.5]},
								"up": {"uv": [7.5, 8.5], "uv_size": [0.25, 2]},
								"down": {"uv": [9.25, 2.75], "uv_size": [0.25, -2]}
							}
						},
						{
							"origin": [3.36, 16.16, -4.48],
							"size": [1.12, 2.24, 8.96],
							"uv": {
								"north": {"uv": [11, 0], "uv_size": [0.25, 0.5]},
								"east": {"uv": [8, 6], "uv_size": [2, 0.5]},
								"south": {"uv": [10.25, 11], "uv_size": [0.25, 0.5]},
								"west": {"uv": [8, 6.75], "uv_size": [2, 0.5]},
								"up": {"uv": [9.75, 0.75], "uv_size": [0.25, 2]},
								"down": {"uv": [9.75, 5], "uv_size": [0.25, -2]}
							}
						},
						{
							"origin": [-7.84, 17.28, 0],
							"size": [15.68, 12.32, 0],
							"uv": {
								"north": {"uv": [0, 0], "uv_size": [3.5, 2.75]},
								"east": {"uv": [10, 11.25], "uv_size": [0, 2.75]},
								"south": {"uv": [0, 3], "uv_size": [3.5, 2.75]},
								"west": {"uv": [11.25, 11.5], "uv_size": [0, 2.75]},
								"up": {"uv": [11.25, 7.25], "uv_size": [3.5, 0]},
								"down": {"uv": [11.5, 0.5], "uv_size": [3.5, 0]}
							}
						},
						{
							"origin": [0, 17.28, -7.84],
							"size": [0, 12.32, 15.68],
							"uv": {
								"north": {"uv": [11.5, 11.5], "uv_size": [0, 2.75]},
								"east": {"uv": [0, 0], "uv_size": [3.5, 2.75]},
								"south": {"uv": [8, 11.75], "uv_size": [0, 2.75]},
								"west": {"uv": [0, 3], "uv_size": [3.5, 2.75]},
								"up": {"uv": [8.25, 11.75], "uv_size": [0, 3.5]},
								"down": {"uv": [8.5, 15.25], "uv_size": [0, -3.5]}
							}
						}
					]
				}
			],
			"item_display_transforms" : {
				"gui": {
					"rotation": [30, 225, 0],
					"translation": [0, 0, 0],
					"scale": [1, 1, 1]
				}
			}
		}
	]
}