{
	"format_version": "1.21.0",
	"minecraft:geometry": [
		{
			"description": {
				"identifier": "geometry.dss_bn_big_plant_2",
				"texture_width": 16,
				"texture_height": 16,
				"visible_bounds_width": 2,
				"visible_bounds_height": 3.5,
				"visible_bounds_offset": [0, 1.25, 0]
			},
			"bones": [
				{
					"name": "block",
					"pivot": [3.75, -8.5, -0.5],
					"cubes": [
						{
							"origin": [-7.48584, 0.17688, -0.5],
							"size": [1.40448, 15.19928, 1.40448],
							"uv": {
								"north": {"uv": [5, 6], "uv_size": [0.25, 4.25]},
								"east": {"uv": [5.5, 6], "uv_size": [0.25, 4.25]},
								"south": {"uv": [6, 6], "uv_size": [0.25, 4.25]},
								"west": {"uv": [3.25, 6.5], "uv_size": [0.25, 4.25]},
								"up": {"uv": [11.75, 2.5], "uv_size": [0.25, 0.25]},
								"down": {"uv": [12.25, 2.75], "uv_size": [0.25, -0.25]}
							}
						},
						{
							"origin": [-7.48584, 15.37616, -0.5],
							"size": [14.0448, 1.40448, 1.40448],
							"uv": {
								"north": {"uv": [6.75, 4.5], "uv_size": [4, 0.25]},
								"east": {"uv": [12.75, 10], "uv_size": [0.25, 0.25]},
								"south": {"uv": [6.75, 5], "uv_size": [4, 0.25]},
								"west": {"uv": [12.75, 11.25], "uv_size": [0.25, 0.25]},
								"up": {"uv": [6.75, 5.5], "uv_size": [4, 0.25]},
								"down": {"uv": [7, 6.25], "uv_size": [4, -0.25]}
							}
						},
						{
							"origin": [-1.16568, 15.37616, -6.82016],
							"size": [1.40448, 1.40448, 14.0448],
							"uv": {
								"north": {"uv": [11.75, 12.75], "uv_size": [0.25, 0.25]},
								"east": {"uv": [11, 6.5], "uv_size": [3, 0.25]},
								"south": {"uv": [12.75, 11.75], "uv_size": [0.25, 0.25]},
								"west": {"uv": [11, 7], "uv_size": [3, 0.25]},
								"up": {"uv": [3, 11], "uv_size": [0.25, 3]},
								"down": {"uv": [3.5, 14], "uv_size": [0.25, -3]}
							}
						},
						{
							"origin": [-1.16568, 0.08136, 5.82016],
							"size": [1.40448, 15.2948, 1.40448],
							"uv": {
								"north": {"uv": [1, 7.25], "uv_size": [0.25, 4]},
								"east": {"uv": [1.5, 7.25], "uv_size": [0.25, 4]},
								"south": {"uv": [2, 7.25], "uv_size": [0.25, 4]},
								"west": {"uv": [2.5, 7.25], "uv_size": [0.25, 4]},
								"up": {"uv": [2.5, 13], "uv_size": [0.25, 0.25]},
								"down": {"uv": [13, 3.25], "uv_size": [0.25, -0.25]}
							}
						},
						{
							"origin": [-1.16568, 0.08136, -2.60672],
							"size": [1.40448, 15.2948, 1.40448],
							"uv": {
								"north": {"uv": [7.5, 6.5], "uv_size": [0.25, 4]},
								"east": {"uv": [7.75, 0], "uv_size": [0.25, 4]},
								"south": {"uv": [8, 6.5], "uv_size": [0.25, 4]},
								"west": {"uv": [8.25, 0], "uv_size": [0.25, 4]},
								"up": {"uv": [13, 3.5], "uv_size": [0.25, 0.25]},
								"down": {"uv": [13, 6], "uv_size": [0.25, -0.25]}
							}
						},
						{
							"origin": [-1.16568, 0.08136, 1.60672],
							"size": [1.40448, 15.2948, 1.40448],
							"uv": {
								"north": {"uv": [7.5, 6.5], "uv_size": [0.25, 4]},
								"east": {"uv": [7.75, 0], "uv_size": [0.25, 4]},
								"south": {"uv": [8, 6.5], "uv_size": [0.25, 4]},
								"west": {"uv": [8.25, 0], "uv_size": [0.25, 4]},
								"up": {"uv": [13, 3.5], "uv_size": [0.25, 0.25]},
								"down": {"uv": [13, 6], "uv_size": [0.25, -0.25]}
							}
						},
						{
							"origin": [-1.16568, 0.08136, -6.82016],
							"size": [1.40448, 15.2948, 1.40448],
							"uv": {
								"north": {"uv": [8.5, 6.5], "uv_size": [0.25, 4]},
								"east": {"uv": [8.75, 0], "uv_size": [0.25, 4]},
								"south": {"uv": [9, 6.5], "uv_size": [0.25, 4]},
								"west": {"uv": [9.25, 0], "uv_size": [0.25, 4]},
								"up": {"uv": [13.25, 0.5], "uv_size": [0.25, 0.25]},
								"down": {"uv": [13.25, 1.25], "uv_size": [0.25, -0.25]}
							}
						},
						{
							"origin": [-4.42688, 0.08136, -0.5],
							"size": [1.40448, 8.2724, 1.40448],
							"uv": {
								"north": {"uv": [9.75, 11.25], "uv_size": [0.25, 2.75]},
								"east": {"uv": [10.25, 11.25], "uv_size": [0.25, 2.75]},
								"south": {"uv": [10.75, 11.25], "uv_size": [0.25, 2.75]},
								"west": {"uv": [11.25, 11.25], "uv_size": [0.25, 2.75]},
								"up": {"uv": [13.25, 1.5], "uv_size": [0.25, 0.25]},
								"down": {"uv": [13.25, 2.25], "uv_size": [0.25, -0.25]}
							}
						},
						{
							"origin": [-1.16568, 0.08136, -0.5],
							"size": [1.40448, 8.2724, 1.40448],
							"uv": {
								"north": {"uv": [0, 11.5], "uv_size": [0.25, 2.75]},
								"east": {"uv": [0.5, 11.5], "uv_size": [0.25, 2.75]},
								"south": {"uv": [1, 11.5], "uv_size": [0.25, 2.75]},
								"west": {"uv": [1.5, 11.5], "uv_size": [0.25, 2.75]},
								"up": {"uv": [13.25, 2.5], "uv_size": [0.25, 0.25]},
								"down": {"uv": [13.25, 8.75], "uv_size": [0.25, -0.25]}
							}
						},
						{
							"origin": [2.09552, 0.08136, -0.5],
							"size": [1.40448, 15.2948, 1.40448],
							"uv": {
								"north": {"uv": [9.5, 6.5], "uv_size": [0.25, 4]},
								"east": {"uv": [9.75, 0], "uv_size": [0.25, 4]},
								"south": {"uv": [10, 6.5], "uv_size": [0.25, 4]},
								"west": {"uv": [10.25, 0], "uv_size": [0.25, 4]},
								"up": {"uv": [13.25, 9], "uv_size": [0.25, 0.25]},
								"down": {"uv": [13.25, 9.75], "uv_size": [0.25, -0.25]}
							}
						},
						{
							"origin": [5.15448, 0.08136, -0.5],
							"size": [1.40448, 15.2948, 1.40448],
							"uv": {
								"north": {"uv": [4.75, 10.5], "uv_size": [0.25, 4]},
								"east": {"uv": [5.25, 10.5], "uv_size": [0.25, 4]},
								"south": {"uv": [5.75, 10.5], "uv_size": [0.25, 4]},
								"west": {"uv": [6.25, 10.5], "uv_size": [0.25, 4]},
								"up": {"uv": [13.25, 10], "uv_size": [0.25, 0.25]},
								"down": {"uv": [13.25, 11.5], "uv_size": [0.25, -0.25]}
							}
						},
						{
							"origin": [-4.67688, 8.35376, -3.30896],
							"size": [8.42688, 11.23584, 7.0224],
							"uv": {
								"north": {"uv": [0, 5], "uv_size": [1.5, 2]},
								"east": {"uv": [1.75, 5], "uv_size": [1.25, 2]},
								"south": {"uv": [5, 0], "uv_size": [1.5, 2]},
								"west": {"uv": [5, 2.25], "uv_size": [1.25, 2]},
								"up": {"uv": [3.25, 5], "uv_size": [1.5, 1.25]},
								"down": {"uv": [5, 5.75], "uv_size": [1.5, -1.25]}
							}
						},
						{
							"origin": [-4.67688, 19.5896, -4.71344],
							"size": [8.42688, 1.40448, 1.40448],
							"uv": {
								"north": {"uv": [11, 8.5], "uv_size": [1.5, 0.25]},
								"east": {"uv": [12.75, 13.25], "uv_size": [0.25, 0.25]},
								"south": {"uv": [11, 9], "uv_size": [1.5, 0.25]},
								"west": {"uv": [13.25, 12.75], "uv_size": [0.25, 0.25]},
								"up": {"uv": [11, 9.5], "uv_size": [1.5, 0.25]},
								"down": {"uv": [11, 10.25], "uv_size": [1.5, -0.25]}
							}
						},
						{
							"origin": [-4.83136, 19.5896, 3.71344],
							"size": [8.92688, 1.40448, 1.40448],
							"uv": {
								"north": {"uv": [11.25, 3.25], "uv_size": [1.5, 0.25]},
								"east": {"uv": [13.25, 13.25], "uv_size": [0.25, 0.25]},
								"south": {"uv": [11.25, 3.75], "uv_size": [1.5, 0.25]},
								"west": {"uv": [13.5, 0], "uv_size": [0.25, 0.25]},
								"up": {"uv": [11.25, 5.75], "uv_size": [1.5, 0.25]},
								"down": {"uv": [11.75, 0.25], "uv_size": [1.5, -0.25]}
							}
						},
						{
							"origin": [3.75, 19.5896, -3.30896],
							"size": [1.40448, 1.40448, 7.0224],
							"uv": {
								"north": {"uv": [2, 13.5], "uv_size": [0.25, 0.25]},
								"east": {"uv": [11.75, 0.5], "uv_size": [1.25, 0.25]},
								"south": {"uv": [2.5, 13.5], "uv_size": [0.25, 0.25]},
								"west": {"uv": [11.75, 1], "uv_size": [1.25, 0.25]},
								"up": {"uv": [2, 11.5], "uv_size": [0.25, 1.25]},
								"down": {"uv": [2.5, 12.75], "uv_size": [0.25, -1.25]}
							}
						},
						{
							"origin": [-6.08136, 19.5896, -3.30896],
							"size": [1.40448, 1.40448, 7.0224],
							"uv": {
								"north": {"uv": [13.5, 3], "uv_size": [0.25, 0.25]},
								"east": {"uv": [11.75, 1.5], "uv_size": [1.25, 0.25]},
								"south": {"uv": [13.5, 3.5], "uv_size": [0.25, 0.25]},
								"west": {"uv": [11.75, 2], "uv_size": [1.25, 0.25]},
								"up": {"uv": [11.75, 11.25], "uv_size": [0.25, 1.25]},
								"down": {"uv": [12.25, 12.5], "uv_size": [0.25, -1.25]}
							}
						},
						{
							"origin": [-6.08136, 16.78064, 0.20224],
							"size": [11.23584, 12.33936, 0],
							"uv": {
								"north": {"uv": [2.75, 0], "uv_size": [2, 2.25]},
								"east": {"uv": [4.75, 6.5], "uv_size": [0, 2.25]},
								"south": {"uv": [2.75, 2.5], "uv_size": [2, 2.25]},
								"west": {"uv": [3, 7.25], "uv_size": [0, 2.25]},
								"up": {"uv": [7.25, 4.25], "uv_size": [2, 0]},
								"down": {"uv": [11, 10.5], "uv_size": [2, 0]}
							}
						},
						{
							"origin": [-0.46344, 16.78064, -6.82016],
							"size": [0, 12.33936, 14.0448],
							"uv": {
								"north": {"uv": [4.5, 11], "uv_size": [0, 2.25]},
								"east": {"uv": [2.5, 0], "uv_size": [2.5, 2.25]},
								"south": {"uv": [4.5, 13.5], "uv_size": [0, 2.25]},
								"west": {"uv": [2.5, 2.5], "uv_size": [2.5, 2.25]},
								"up": {"uv": [13.75, 8.5], "uv_size": [0, 2.5]},
								"down": {"uv": [13.75, 13.75], "uv_size": [0, -2.5]}
							}
						}
					]
				}
			],
			"item_display_transforms" : {
				"gui": {
					"rotation": [30, 225, 0],
					"translation": [0, 0, 0],
					"scale": [1, 1, 1]
				}
			}
		}
	]
}