{
	"format_version": "1.21.0",
	"minecraft:geometry": [
		{
			"description": {
				"identifier": "geometry.dss_bn_hanging_cups",
				"texture_width": 16,
				"texture_height": 16,
				"visible_bounds_width": 2,
				"visible_bounds_height": 2.5,
				"visible_bounds_offset": [0, 0.75, 0]
			},
			"bones": [
				{
					"name": "all",
					"pivot": [0, -1, 0]
				},
				{
					"name": "bone",
					"parent": "all",
					"pivot": [-7, 8.25, 6],
					"rotation": [0, 0, 55]
				},
				{
					"name": "bone2",
					"parent": "bone",
					"pivot": [-7.71697, 7.22606, 6],
					"cubes": [
						{
							"origin": [-8.04388, 8.77503, 5.5],
							"size": [0.5, 0.75, 1.5],
							"uv": {
								"north": {"uv": [7.5, 9], "uv_size": [0.25, 0.5]},
								"east": {"uv": [11, 3], "uv_size": [0.75, 0.5]},
								"south": {"uv": [10.5, 12], "uv_size": [0.25, 0.5]},
								"west": {"uv": [11, 4], "uv_size": [0.75, 0.5]},
								"up": {"uv": [0, 12], "uv_size": [0.25, 0.75]},
								"down": {"uv": [1, 12.75], "uv_size": [0.25, -0.75]}
							}
						},
						{
							"origin": [-7.21697, 7.72606, 5],
							"size": [2, 2.5, 2],
							"uv": {
								"north": {"uv": [8.5, 7], "uv_size": [1, 1]},
								"east": {"uv": [8.5, 8.5], "uv_size": [1, 1]},
								"south": {"uv": [0, 9], "uv_size": [1, 1]},
								"west": {"uv": [1.5, 9], "uv_size": [1, 1]},
								"up": {"uv": [3, 9], "uv_size": [1, 1]},
								"down": {"uv": [4.5, 10], "uv_size": [1, -1]}
							}
						},
						{
							"origin": [-8.21697, 9.47606, 5.75],
							"size": [1, 0.25, 0.5],
							"uv": {
								"north": {"uv": [12, 10.5], "uv_size": [0.5, 0.25]},
								"east": {"uv": [14.5, 2], "uv_size": [0.25, 0.25]},
								"south": {"uv": [11.5, 12], "uv_size": [0.5, 0.25]},
								"west": {"uv": [3, 14.5], "uv_size": [0.25, 0.25]},
								"up": {"uv": [12.5, 0], "uv_size": [0.5, 0.25]},
								"down": {"uv": [12.5, 1.25], "uv_size": [0.5, -0.25]}
							}
						},
						{
							"origin": [-8.21697, 8.47606, 5.75],
							"size": [1, 0.25, 0.5],
							"uv": {
								"north": {"uv": [12.5, 2], "uv_size": [0.5, 0.25]},
								"east": {"uv": [14.5, 3], "uv_size": [0.25, 0.25]},
								"south": {"uv": [12.5, 3], "uv_size": [0.5, 0.25]},
								"west": {"uv": [4, 14.5], "uv_size": [0.25, 0.25]},
								"up": {"uv": [12.5, 4], "uv_size": [0.5, 0.25]},
								"down": {"uv": [12.5, 5.25], "uv_size": [0.5, -0.25]}
							}
						},
						{
							"origin": [-8.21697, 8.72606, 5.75],
							"size": [0.25, 0.75, 0.5],
							"uv": {
								"north": {"uv": [7, 12.5], "uv_size": [0.25, 0.5]},
								"east": {"uv": [8, 12.5], "uv_size": [0.25, 0.5]},
								"south": {"uv": [9, 12.5], "uv_size": [0.25, 0.5]},
								"west": {"uv": [12.5, 11.5], "uv_size": [0.25, 0.5]},
								"up": {"uv": [14.5, 4], "uv_size": [0.25, 0.25]},
								"down": {"uv": [5, 14.75], "uv_size": [0.25, -0.25]}
							}
						}
					]
				},
				{
					"name": "bone3",
					"parent": "bone",
					"pivot": [-5.42266, 10.50267, 6],
					"cubes": [
						{
							"origin": [-5.74957, 12.05164, 5.5],
							"size": [0.5, 0.75, 1.5],
							"uv": {
								"north": {"uv": [12.5, 12.5], "uv_size": [0.25, 0.5]},
								"east": {"uv": [11, 5], "uv_size": [0.75, 0.5]},
								"south": {"uv": [13, 6], "uv_size": [0.25, 0.5]},
								"west": {"uv": [11.5, 6], "uv_size": [0.75, 0.5]},
								"up": {"uv": [2, 12], "uv_size": [0.25, 0.75]},
								"down": {"uv": [3, 12.75], "uv_size": [0.25, -0.75]}
							}
						},
						{
							"origin": [-4.92266, 11.00267, 5],
							"size": [2, 2.5, 2],
							"uv": {
								"north": {"uv": [6, 9], "uv_size": [1, 1]},
								"east": {"uv": [9.5, 0], "uv_size": [1, 1]},
								"south": {"uv": [9.5, 1.5], "uv_size": [1, 1]},
								"west": {"uv": [9.5, 3], "uv_size": [1, 1]},
								"up": {"uv": [9.5, 4.5], "uv_size": [1, 1]},
								"down": {"uv": [10, 7], "uv_size": [1, -1]}
							}
						},
						{
							"origin": [-5.92266, 12.75267, 5.75],
							"size": [1, 0.25, 0.5],
							"uv": {
								"north": {"uv": [13, 7], "uv_size": [0.5, 0.25]},
								"east": {"uv": [14.5, 5], "uv_size": [0.25, 0.25]},
								"south": {"uv": [13, 8], "uv_size": [0.5, 0.25]},
								"west": {"uv": [6, 14.5], "uv_size": [0.25, 0.25]},
								"up": {"uv": [13, 9], "uv_size": [0.5, 0.25]},
								"down": {"uv": [10, 13.25], "uv_size": [0.5, -0.25]}
							}
						},
						{
							"origin": [-5.92266, 11.75267, 5.75],
							"size": [1, 0.25, 0.5],
							"uv": {
								"north": {"uv": [13, 10], "uv_size": [0.5, 0.25]},
								"east": {"uv": [7, 14.5], "uv_size": [0.25, 0.25]},
								"south": {"uv": [11, 13], "uv_size": [0.5, 0.25]},
								"west": {"uv": [8, 14.5], "uv_size": [0.25, 0.25]},
								"up": {"uv": [0, 13.5], "uv_size": [0.5, 0.25]},
								"down": {"uv": [13.5, 0.25], "uv_size": [0.5, -0.25]}
							}
						},
						{
							"origin": [-5.92266, 12.00267, 5.75],
							"size": [0.25, 0.75, 0.5],
							"uv": {
								"north": {"uv": [1, 13.5], "uv_size": [0.25, 0.5]},
								"east": {"uv": [13.5, 1], "uv_size": [0.25, 0.5]},
								"south": {"uv": [2, 13.5], "uv_size": [0.25, 0.5]},
								"west": {"uv": [13.5, 2], "uv_size": [0.25, 0.5]},
								"up": {"uv": [9, 14.5], "uv_size": [0.25, 0.25]},
								"down": {"uv": [14.5, 11.25], "uv_size": [0.25, -0.25]}
							}
						}
					]
				},
				{
					"name": "bone4",
					"parent": "bone",
					"pivot": [-3.12836, 13.77928, 6],
					"cubes": [
						{
							"origin": [-3.45527, 15.32825, 5.5],
							"size": [0.5, 0.75, 1.5],
							"uv": {
								"north": {"uv": [3, 13.5], "uv_size": [0.25, 0.5]},
								"east": {"uv": [11.5, 7], "uv_size": [0.75, 0.5]},
								"south": {"uv": [13.5, 3], "uv_size": [0.25, 0.5]},
								"west": {"uv": [7.5, 11.5], "uv_size": [0.75, 0.5]},
								"up": {"uv": [4, 12], "uv_size": [0.25, 0.75]},
								"down": {"uv": [5, 12.75], "uv_size": [0.25, -0.75]}
							}
						},
						{
							"origin": [-2.62836, 14.27928, 5],
							"size": [2, 2.5, 2],
							"uv": {
								"north": {"uv": [7.5, 10], "uv_size": [1, 1]},
								"east": {"uv": [10, 7.5], "uv_size": [1, 1]},
								"south": {"uv": [9, 10], "uv_size": [1, 1]},
								"west": {"uv": [0, 10.5], "uv_size": [1, 1]},
								"up": {"uv": [1.5, 10.5], "uv_size": [1, 1]},
								"down": {"uv": [3, 11.5], "uv_size": [1, -1]}
							}
						},
						{
							"origin": [-3.62836, 16.02928, 5.75],
							"size": [1, 0.25, 0.5],
							"uv": {
								"north": {"uv": [4, 13.5], "uv_size": [0.5, 0.25]},
								"east": {"uv": [12, 14.5], "uv_size": [0.25, 0.25]},
								"south": {"uv": [13.5, 4], "uv_size": [0.5, 0.25]},
								"west": {"uv": [14.5, 12], "uv_size": [0.25, 0.25]},
								"up": {"uv": [5, 13.5], "uv_size": [0.5, 0.25]},
								"down": {"uv": [13.5, 5.25], "uv_size": [0.5, -0.25]}
							}
						},
						{
							"origin": [-3.62836, 15.02928, 5.75],
							"size": [1, 0.25, 0.5],
							"uv": {
								"north": {"uv": [6, 13.5], "uv_size": [0.5, 0.25]},
								"east": {"uv": [13, 14.5], "uv_size": [0.25, 0.25]},
								"south": {"uv": [7, 13.5], "uv_size": [0.5, 0.25]},
								"west": {"uv": [15, 6], "uv_size": [0.25, 0.25]},
								"up": {"uv": [8, 13.5], "uv_size": [0.5, 0.25]},
								"down": {"uv": [9, 13.75], "uv_size": [0.5, -0.25]}
							}
						},
						{
							"origin": [-3.62836, 15.27928, 5.75],
							"size": [0.25, 0.75, 0.5],
							"uv": {
								"north": {"uv": [13.5, 11], "uv_size": [0.25, 0.5]},
								"east": {"uv": [12, 13.5], "uv_size": [0.25, 0.5]},
								"south": {"uv": [13.5, 12], "uv_size": [0.25, 0.5]},
								"west": {"uv": [13, 13.5], "uv_size": [0.25, 0.5]},
								"up": {"uv": [15, 7], "uv_size": [0.25, 0.25]},
								"down": {"uv": [15, 8.25], "uv_size": [0.25, -0.25]}
							}
						}
					]
				},
				{
					"name": "bone5",
					"parent": "bone",
					"pivot": [-0.97745, 16.8511, 6],
					"cubes": [
						{
							"origin": [-1.30436, 18.40007, 5.5],
							"size": [0.5, 0.75, 1.5],
							"uv": {
								"north": {"uv": [14, 6], "uv_size": [0.25, 0.5]},
								"east": {"uv": [11.5, 8], "uv_size": [0.75, 0.5]},
								"south": {"uv": [14, 7], "uv_size": [0.25, 0.5]},
								"west": {"uv": [9, 11.5], "uv_size": [0.75, 0.5]},
								"up": {"uv": [6, 12], "uv_size": [0.25, 0.75]},
								"down": {"uv": [12, 9.75], "uv_size": [0.25, -0.75]}
							}
						},
						{
							"origin": [-0.47745, 17.3511, 5],
							"size": [2, 2.5, 2],
							"uv": {
								"north": {"uv": [4.5, 10.5], "uv_size": [1, 1]},
								"east": {"uv": [6, 10.5], "uv_size": [1, 1]},
								"south": {"uv": [10.5, 9], "uv_size": [1, 1]},
								"west": {"uv": [10.5, 10.5], "uv_size": [1, 1]},
								"up": {"uv": [11, 0], "uv_size": [1, 1]},
								"down": {"uv": [11, 2.5], "uv_size": [1, -1]}
							}
						},
						{
							"origin": [-1.47745, 19.1011, 5.75],
							"size": [1, 0.25, 0.5],
							"uv": {
								"north": {"uv": [14, 8], "uv_size": [0.5, 0.25]},
								"east": {"uv": [15, 9], "uv_size": [0.25, 0.25]},
								"south": {"uv": [14, 9], "uv_size": [0.5, 0.25]},
								"west": {"uv": [10, 15], "uv_size": [0.25, 0.25]},
								"up": {"uv": [10, 14], "uv_size": [0.5, 0.25]},
								"down": {"uv": [14, 10.25], "uv_size": [0.5, -0.25]}
							}
						},
						{
							"origin": [-1.47745, 18.1011, 5.75],
							"size": [1, 0.25, 0.5],
							"uv": {
								"north": {"uv": [11, 14], "uv_size": [0.5, 0.25]},
								"east": {"uv": [15, 10], "uv_size": [0.25, 0.25]},
								"south": {"uv": [14, 13], "uv_size": [0.5, 0.25]},
								"west": {"uv": [11, 15], "uv_size": [0.25, 0.25]},
								"up": {"uv": [14, 14], "uv_size": [0.5, 0.25]},
								"down": {"uv": [0, 14.75], "uv_size": [0.5, -0.25]}
							}
						},
						{
							"origin": [-1.47745, 18.3511, 5.75],
							"size": [0.25, 0.75, 0.5],
							"uv": {
								"north": {"uv": [14.5, 0], "uv_size": [0.25, 0.5]},
								"east": {"uv": [1, 14.5], "uv_size": [0.25, 0.5]},
								"south": {"uv": [14.5, 1], "uv_size": [0.25, 0.5]},
								"west": {"uv": [2, 14.5], "uv_size": [0.25, 0.5]},
								"up": {"uv": [15, 13], "uv_size": [0.25, 0.25]},
								"down": {"uv": [14, 15.25], "uv_size": [0.25, -0.25]}
							}
						}
					]
				},
				{
					"name": "block",
					"parent": "all",
					"pivot": [0, -1, 0],
					"cubes": [
						{
							"origin": [-8, 6, 7],
							"size": [16, 6, 1],
							"uv": {
								"north": {"uv": [0, 0], "uv_size": [8, 3]},
								"east": {"uv": [8.5, 0], "uv_size": [0.5, 3]},
								"south": {"uv": [0, 3.5], "uv_size": [8, 3]},
								"west": {"uv": [8.5, 3.5], "uv_size": [0.5, 3]},
								"up": {"uv": [0, 7], "uv_size": [8, 0.5]},
								"down": {"uv": [0, 8.5], "uv_size": [8, -0.5]}
							}
						}
					]
				}
			],
			"item_display_transforms" : {
				"gui": {
					"rotation": [30, 225, 0],
					"translation": [0, 0, 0],
					"scale": [1, 1, 1]
				}
			}
		}
	]
}