{
	"format_version": "1.21.0",
	"minecraft:geometry": [
		{
			"description": {
				"identifier": "geometry.dss_bn_coffee_table_3",
				"texture_width": 16,
				"texture_height": 16,
				"visible_bounds_width": 2,
				"visible_bounds_height": 2.5,
				"visible_bounds_offset": [0, 0.75, 0]
			},
			"bones": [
				{
					"name": "whole",
					"pivot": [5, 10, 0]
				},
				{
					"name": "decors",
					"parent": "whole",
					"pivot": [-3, 0, 0]
				},
				{
					"name": "decors2",
					"parent": "whole",
					"pivot": [9, 4, 3],
					"rotation": [0, -35, 0]
				},
				{
					"name": "block",
					"parent": "whole",
					"pivot": [0, 0, 0],
					"cubes": [
						{
							"origin": [-8, 5, -8],
							"size": [1, 3, 16],
							"uv": {
								"north": {"uv": [8, 3], "uv_size": [0.25, 0.75]},
								"east": {"uv": [3.75, 0], "uv_size": [4, 0.75]},
								"south": {"uv": [8, 7.5], "uv_size": [0.25, 0.75]},
								"west": {"uv": [3.75, 1], "uv_size": [4, 0.75]},
								"up": {"uv": [0, 7.5], "uv_size": [0.25, 4]},
								"down": {"uv": [0.5, 11.5], "uv_size": [0.25, -4]}
							}
						},
						{
							"origin": [-7, 8, -7],
							"size": [14, 0, 14],
							"uv": {
								"north": {"uv": [9, 2], "uv_size": [3.5, 0]},
								"east": {"uv": [9, 2.25], "uv_size": [3.5, 0]},
								"south": {"uv": [9, 2.5], "uv_size": [3.5, 0]},
								"west": {"uv": [9, 2.75], "uv_size": [3.5, 0]},
								"up": {"uv": [0, 0], "uv_size": [3.5, 3.5]},
								"down": {"uv": [0, 7.25], "uv_size": [3.5, -3.5]}
							}
						},
						{
							"origin": [7, 5, -8],
							"size": [1, 3, 16],
							"uv": {
								"north": {"uv": [8.5, 0], "uv_size": [0.25, 0.75]},
								"east": {"uv": [3.75, 2], "uv_size": [4, 0.75]},
								"south": {"uv": [8.5, 1], "uv_size": [0.25, 0.75]},
								"west": {"uv": [3.75, 3], "uv_size": [4, 0.75]},
								"up": {"uv": [1, 7.5], "uv_size": [0.25, 4]},
								"down": {"uv": [1.5, 11.5], "uv_size": [0.25, -4]}
							}
						},
						{
							"origin": [-7, 5, -8],
							"size": [14, 3, 1],
							"uv": {
								"north": {"uv": [3.75, 4], "uv_size": [3.5, 0.75]},
								"east": {"uv": [8.5, 2], "uv_size": [0.25, 0.75]},
								"south": {"uv": [3.75, 5], "uv_size": [3.5, 0.75]},
								"west": {"uv": [8.5, 3], "uv_size": [0.25, 0.75]},
								"up": {"uv": [7.5, 4], "uv_size": [3.5, 0.25]},
								"down": {"uv": [7.5, 4.75], "uv_size": [3.5, -0.25]}
							}
						},
						{
							"origin": [-7, 5, 7],
							"size": [14, 3, 1],
							"uv": {
								"north": {"uv": [3.75, 6], "uv_size": [3.5, 0.75]},
								"east": {"uv": [8.5, 6], "uv_size": [0.25, 0.75]},
								"south": {"uv": [3.75, 7], "uv_size": [3.5, 0.75]},
								"west": {"uv": [8.5, 7], "uv_size": [0.25, 0.75]},
								"up": {"uv": [7.5, 5], "uv_size": [3.5, 0.25]},
								"down": {"uv": [7.5, 5.75], "uv_size": [3.5, -0.25]}
							}
						},
						{
							"origin": [-8, 0, 7],
							"size": [1, 5, 1],
							"uv": {
								"north": {"uv": [2, 7.5], "uv_size": [0.25, 1.25]},
								"east": {"uv": [2.5, 7.5], "uv_size": [0.25, 1.25]},
								"south": {"uv": [3, 7.5], "uv_size": [0.25, 1.25]},
								"west": {"uv": [7.5, 6], "uv_size": [0.25, 1.25]},
								"up": {"uv": [8, 8.5], "uv_size": [0.25, 0.25]},
								"down": {"uv": [8.5, 8.25], "uv_size": [0.25, -0.25]}
							}
						},
						{
							"origin": [-8, 0, -8],
							"size": [1, 5, 1],
							"uv": {
								"north": {"uv": [7.5, 7.5], "uv_size": [0.25, 1.25]},
								"east": {"uv": [8, 0], "uv_size": [0.25, 1.25]},
								"south": {"uv": [8, 1.5], "uv_size": [0.25, 1.25]},
								"west": {"uv": [3.5, 8], "uv_size": [0.25, 1.25]},
								"up": {"uv": [8.5, 8.5], "uv_size": [0.25, 0.25]},
								"down": {"uv": [9, 0.25], "uv_size": [0.25, -0.25]}
							}
						},
						{
							"origin": [7, 0, -8],
							"size": [1, 5, 1],
							"uv": {
								"north": {"uv": [4, 8], "uv_size": [0.25, 1.25]},
								"east": {"uv": [4.5, 8], "uv_size": [0.25, 1.25]},
								"south": {"uv": [5, 8], "uv_size": [0.25, 1.25]},
								"west": {"uv": [5.5, 8], "uv_size": [0.25, 1.25]},
								"up": {"uv": [9, 0.5], "uv_size": [0.25, 0.25]},
								"down": {"uv": [9, 1.25], "uv_size": [0.25, -0.25]}
							}
						},
						{
							"origin": [7, 0, 7],
							"size": [1, 5, 1],
							"uv": {
								"north": {"uv": [6, 8], "uv_size": [0.25, 1.25]},
								"east": {"uv": [8, 6], "uv_size": [0.25, 1.25]},
								"south": {"uv": [6.5, 8], "uv_size": [0.25, 1.25]},
								"west": {"uv": [7, 8], "uv_size": [0.25, 1.25]},
								"up": {"uv": [9, 1.5], "uv_size": [0.25, 0.25]},
								"down": {"uv": [2, 9.25], "uv_size": [0.25, -0.25]}
							}
						}
					]
				}
			],
			"item_display_transforms" : {
				"gui": {
					"rotation": [30, 225, 0],
					"translation": [0, 0, 0],
					"scale": [1, 1, 1]
				}
			}
		}
	]
}