{
	"format_version": "1.21.0",
	"minecraft:geometry": [
		{
			"description": {
				"identifier": "geometry.dss_bn_sofa_l_1",
				"texture_width": 16,
				"texture_height": 16,
				"visible_bounds_width": 2,
				"visible_bounds_height": 2.5,
				"visible_bounds_offset": [0, 0.75, 0]
			},
			"bones": [
				{
					"name": "whole",
					"pivot": [0, 0, -1],
					"cubes": [
						{
							"origin": [-5, 8, 0],
							"size": [8, 5, 3],
							"uv": {
								"north": {"uv": [0, 14], "uv_size": [4, 2]},
								"east": {"uv": [0, 11.875], "uv_size": [0.75, 2]},
								"south": {"uv": [0, 14], "uv_size": [4, 2]},
								"west": {"uv": [1, 11.875], "uv_size": [0.75, 2]},
								"up": {"uv": [12, 0], "uv_size": [4, 0.75]},
								"down": {"uv": [12, 1.625], "uv_size": [4, -0.75]}
							}
						}
					]
				},
				{
					"name": "seat2",
					"parent": "whole",
					"pivot": [0, 0, -1],
					"cubes": [
						{
							"origin": [-8, 2, -8],
							"size": [16, 6, 15],
							"uv": {
								"north": {"uv": [4.25, 4.5], "uv_size": [4, 1.5]},
								"east": {"uv": [6, 8], "uv_size": [3.5, 1.5]},
								"south": {"uv": [4.25, 4.5], "uv_size": [4, 1.5]},
								"west": {"uv": [8.5, 0], "uv_size": [3.5, 1.5]},
								"up": {"uv": [0, 0], "uv_size": [4, 3.5]},
								"down": {"uv": [0, 7.25], "uv_size": [4, -3.5]}
							}
						}
					]
				},
				{
					"name": "root",
					"parent": "whole",
					"pivot": [0, 0, -1],
					"cubes": [
						{
							"origin": [-8, 8, 3],
							"size": [16, 8, 4],
							"uv": {
								"north": {"uv": [4.25, 0], "uv_size": [4, 2]},
								"east": {"uv": [0, 9.75], "uv_size": [0.75, 2]},
								"south": {"uv": [4.25, 2.25], "uv_size": [4, 2]},
								"west": {"uv": [1, 9.75], "uv_size": [0.75, 2]},
								"up": {"uv": [8.5, 1.75], "uv_size": [4, 0.75]},
								"down": {"uv": [8.5, 3.5], "uv_size": [4, -0.75]}
							}
						},
						{
							"origin": [-8, 8, -8],
							"size": [3, 8, 11],
							"uv": {
								"north": {"uv": [2, 9.75], "uv_size": [0.75, 2]},
								"east": {"uv": [0, 7.5], "uv_size": [2.75, 2]},
								"south": {"uv": [9.75, 9], "uv_size": [0.75, 2]},
								"west": {"uv": [3, 8], "uv_size": [2.75, 2]},
								"up": {"uv": [8.5, 3.75], "uv_size": [0.75, 2.75]},
								"down": {"uv": [9.5, 6.5], "uv_size": [0.75, -2.75]}
							}
						},
						{
							"origin": [-8, 0, 6],
							"size": [1, 2, 2],
							"uv": {
								"north": {"uv": [10.75, 11], "uv_size": [0.25, 0.5]},
								"east": {"uv": [8.75, 10.5], "uv_size": [0.5, 0.5]},
								"south": {"uv": [8.75, 11.25], "uv_size": [0.25, 0.5]},
								"west": {"uv": [10.75, 9.5], "uv_size": [0.5, 0.5]},
								"up": {"uv": [9.25, 11.25], "uv_size": [0.25, 0.5]},
								"down": {"uv": [9.75, 11.75], "uv_size": [0.25, -0.5]}
							}
						},
						{
							"origin": [-8, 0, -8],
							"size": [1, 2, 2],
							"uv": {
								"north": {"uv": [10.25, 11.25], "uv_size": [0.25, 0.5]},
								"east": {"uv": [10.75, 10.25], "uv_size": [0.5, 0.5]},
								"south": {"uv": [11.25, 11], "uv_size": [0.25, 0.5]},
								"west": {"uv": [3, 11], "uv_size": [0.5, 0.5]},
								"up": {"uv": [11.5, 9.5], "uv_size": [0.25, 0.5]},
								"down": {"uv": [11.5, 10.75], "uv_size": [0.25, -0.5]}
							}
						},
						{
							"origin": [-8, 1, -6],
							"size": [1, 1, 12],
							"uv": {
								"north": {"uv": [3.75, 7.5], "uv_size": [0.25, 0.25]},
								"east": {"uv": [10.5, 5.25], "uv_size": [3, 0.25]},
								"south": {"uv": [9.25, 7.5], "uv_size": [0.25, 0.25]},
								"west": {"uv": [10.5, 5.75], "uv_size": [3, 0.25]},
								"up": {"uv": [6.75, 10.5], "uv_size": [0.25, 3]},
								"down": {"uv": [7.25, 13.5], "uv_size": [0.25, -3]}
							}
						},
						{
							"origin": [7, 1, -6],
							"size": [1, 1, 12],
							"uv": {
								"north": {"uv": [0, 12], "uv_size": [0.25, 0.25]},
								"east": {"uv": [10.5, 6.25], "uv_size": [3, 0.25]},
								"south": {"uv": [0.5, 12], "uv_size": [0.25, 0.25]},
								"west": {"uv": [10.75, 9], "uv_size": [3, 0.25]},
								"up": {"uv": [7.75, 10.5], "uv_size": [0.25, 3]},
								"down": {"uv": [8.25, 13.5], "uv_size": [0.25, -3]}
							}
						},
						{
							"origin": [7, 0, -8],
							"size": [1, 2, 2],
							"uv": {
								"north": {"uv": [3, 11.75], "uv_size": [0.25, 0.5]},
								"east": {"uv": [3.75, 11], "uv_size": [0.5, 0.5]},
								"south": {"uv": [3.5, 11.75], "uv_size": [0.25, 0.5]},
								"west": {"uv": [4.5, 11], "uv_size": [0.5, 0.5]},
								"up": {"uv": [4, 11.75], "uv_size": [0.25, 0.5]},
								"down": {"uv": [4.5, 12.25], "uv_size": [0.25, -0.5]}
							}
						},
						{
							"origin": [-7, 1, -8],
							"size": [14, 1, 2],
							"uv": {
								"north": {"uv": [3, 10.5], "uv_size": [3.5, 0.25]},
								"east": {"uv": [3, 7.5], "uv_size": [0.5, 0.25]},
								"south": {"uv": [10.5, 3.75], "uv_size": [3.5, 0.25]},
								"west": {"uv": [8.5, 7.5], "uv_size": [0.5, 0.25]},
								"up": {"uv": [8.5, 6.75], "uv_size": [3.5, 0.5]},
								"down": {"uv": [6, 10.25], "uv_size": [3.5, -0.5]}
							}
						},
						{
							"origin": [-7, 1, 6],
							"size": [14, 1, 2],
							"uv": {
								"north": {"uv": [10.5, 4.25], "uv_size": [3.5, 0.25]},
								"east": {"uv": [5, 11.75], "uv_size": [0.5, 0.25]},
								"south": {"uv": [10.5, 4.75], "uv_size": [3.5, 0.25]},
								"west": {"uv": [5.75, 11.75], "uv_size": [0.5, 0.25]},
								"up": {"uv": [9.75, 7.5], "uv_size": [3.5, 0.5]},
								"down": {"uv": [9.75, 8.75], "uv_size": [3.5, -0.5]}
							}
						},
						{
							"origin": [7, 0, 6],
							"size": [1, 2, 2],
							"uv": {
								"north": {"uv": [10.75, 11.75], "uv_size": [0.25, 0.5]},
								"east": {"uv": [5.25, 11], "uv_size": [0.5, 0.5]},
								"south": {"uv": [11.75, 11], "uv_size": [0.25, 0.5]},
								"west": {"uv": [6, 11], "uv_size": [0.5, 0.5]},
								"up": {"uv": [11.25, 11.75], "uv_size": [0.25, 0.5]},
								"down": {"uv": [11.75, 12.25], "uv_size": [0.25, -0.5]}
							}
						}
					]
				}
			],
			"item_display_transforms" : {
				"gui": {
					"rotation": [30, 225, 0],
					"translation": [0, 0, 0],
					"scale": [1, 1, 1]
				}
			}
		}
	]
}