{
	"format_version": "1.21.0",
	"minecraft:geometry": [
		{
			"description": {
				"identifier": "geometry.dss_bn_stove",
				"texture_width": 64,
				"texture_height": 64,
				"visible_bounds_width": 2,
				"visible_bounds_height": 2.5,
				"visible_bounds_offset": [0, 0.75, 0]
			},
			"bones": [
				{
					"name": "block",
					"pivot": [0, 0, 0],
					"cubes": [
						{
							"origin": [-8, 0, -7],
							"size": [16, 15, 15],
							"uv": {
								"north": {"uv": [0, 0], "uv_size": [16, 15]},
								"east": {"uv": [0, 32], "uv_size": [15, 15]},
								"south": {"uv": [0, 16], "uv_size": [16, 15]},
								"west": {"uv": [16, 32], "uv_size": [15, 15]},
								"up": {"uv": [17, 0], "uv_size": [16, 15]},
								"down": {"uv": [17, 31], "uv_size": [16, -15]}
							}
						},
						{
							"origin": [-8, 13, -8],
							"size": [16, 2, 1],
							"uv": {
								"north": {"uv": [32, 32], "uv_size": [16, 2]},
								"east": {"uv": [35, 49], "uv_size": [1, 2]},
								"south": {"uv": [34, 0], "uv_size": [16, 2]},
								"west": {"uv": [44, 49], "uv_size": [1, 2]},
								"up": {"uv": [34, 3], "uv_size": [16, 1]},
								"down": {"uv": [34, 6], "uv_size": [16, -1]}
							}
						},
						{
							"origin": [-8, 10, -8],
							"size": [16, 1, 1],
							"uv": {
								"north": {"uv": [34, 7], "uv_size": [16, 1]},
								"east": {"uv": [51, 0], "uv_size": [1, 1]},
								"south": {"uv": [34, 9], "uv_size": [16, 1]},
								"west": {"uv": [51, 2], "uv_size": [1, 1]},
								"up": {"uv": [34, 11], "uv_size": [16, 1]},
								"down": {"uv": [34, 14], "uv_size": [16, -1]}
							}
						},
						{
							"origin": [-5, 15, -5],
							"size": [2, 1, 2],
							"uv": {
								"north": {"uv": [46, 49], "uv_size": [2, 1]},
								"east": {"uv": [49, 46], "uv_size": [2, 1]},
								"south": {"uv": [49, 48], "uv_size": [2, 1]},
								"west": {"uv": [0, 50], "uv_size": [2, 1]},
								"up": {"uv": [39, 44], "uv_size": [2, 2]},
								"down": {"uv": [42, 46], "uv_size": [2, -2]}
							}
						},
						{
							"origin": [3, 15, -5],
							"size": [2, 1, 2],
							"uv": {
								"north": {"uv": [3, 50], "uv_size": [2, 1]},
								"east": {"uv": [6, 50], "uv_size": [2, 1]},
								"south": {"uv": [9, 50], "uv_size": [2, 1]},
								"west": {"uv": [12, 50], "uv_size": [2, 1]},
								"up": {"uv": [45, 44], "uv_size": [2, 2]},
								"down": {"uv": [32, 48], "uv_size": [2, -2]}
							}
						},
						{
							"origin": [3, 15, 3],
							"size": [2, 1, 2],
							"uv": {
								"north": {"uv": [15, 50], "uv_size": [2, 1]},
								"east": {"uv": [18, 50], "uv_size": [2, 1]},
								"south": {"uv": [21, 50], "uv_size": [2, 1]},
								"west": {"uv": [24, 50], "uv_size": [2, 1]},
								"up": {"uv": [35, 46], "uv_size": [2, 2]},
								"down": {"uv": [46, 41], "uv_size": [2, -2]}
							}
						},
						{
							"origin": [-5, 15, 3],
							"size": [2, 1, 2],
							"uv": {
								"north": {"uv": [27, 50], "uv_size": [2, 1]},
								"east": {"uv": [37, 50], "uv_size": [2, 1]},
								"south": {"uv": [40, 50], "uv_size": [2, 1]},
								"west": {"uv": [49, 50], "uv_size": [2, 1]},
								"up": {"uv": [38, 47], "uv_size": [2, 2]},
								"down": {"uv": [41, 49], "uv_size": [2, -2]}
							}
						},
						{
							"origin": [-6, 14.4, -6],
							"size": [4, 1, 4],
							"uv": {
								"north": {"uv": [46, 42], "uv_size": [4, 1]},
								"east": {"uv": [44, 47], "uv_size": [4, 1]},
								"south": {"uv": [0, 48], "uv_size": [4, 1]},
								"west": {"uv": [5, 48], "uv_size": [4, 1]},
								"up": {"uv": [34, 15], "uv_size": [4, 4]},
								"down": {"uv": [34, 24], "uv_size": [4, -4]}
							}
						},
						{
							"origin": [2, 14.4, -6],
							"size": [4, 1, 4],
							"uv": {
								"north": {"uv": [10, 48], "uv_size": [4, 1]},
								"east": {"uv": [15, 48], "uv_size": [4, 1]},
								"south": {"uv": [20, 48], "uv_size": [4, 1]},
								"west": {"uv": [25, 48], "uv_size": [4, 1]},
								"up": {"uv": [34, 25], "uv_size": [4, 4]},
								"down": {"uv": [32, 39], "uv_size": [4, -4]}
							}
						},
						{
							"origin": [2, 14.4, 2],
							"size": [4, 1, 4],
							"uv": {
								"north": {"uv": [48, 29], "uv_size": [4, 1]},
								"east": {"uv": [48, 44], "uv_size": [4, 1]},
								"south": {"uv": [30, 49], "uv_size": [4, 1]},
								"west": {"uv": [49, 31], "uv_size": [4, 1]},
								"up": {"uv": [37, 35], "uv_size": [4, 4]},
								"down": {"uv": [39, 19], "uv_size": [4, -4]}
							}
						},
						{
							"origin": [-6, 14.4, 2],
							"size": [4, 1, 4],
							"uv": {
								"north": {"uv": [49, 33], "uv_size": [4, 1]},
								"east": {"uv": [49, 35], "uv_size": [4, 1]},
								"south": {"uv": [49, 37], "uv_size": [4, 1]},
								"west": {"uv": [49, 39], "uv_size": [4, 1]},
								"up": {"uv": [39, 20], "uv_size": [4, 4]},
								"down": {"uv": [39, 29], "uv_size": [4, -4]}
							}
						},
						{
							"origin": [-3.25, 15.6, -1.25],
							"size": [0, 1, 6],
							"pivot": [3.75, 1.6, -2.25],
							"rotation": [0, -42.5, 0],
							"uv": {
								"north": {"uv": [43, 50], "uv_size": [0, 1]},
								"east": {"uv": [34, 30], "uv_size": [6, 1]},
								"south": {"uv": [51, 4], "uv_size": [0, 1]},
								"west": {"uv": [32, 40], "uv_size": [6, 1]},
								"up": {"uv": [51, 6], "uv_size": [0, 6]},
								"down": {"uv": [51, 19], "uv_size": [0, -6]}
							}
						},
						{
							"origin": [4.75, 15.6, -1.25],
							"size": [0, 1, 6],
							"pivot": [11.75, 1.6, -2.25],
							"rotation": [0, -42.5, 0],
							"uv": {
								"north": {"uv": [51, 20], "uv_size": [0, 1]},
								"east": {"uv": [39, 40], "uv_size": [6, 1]},
								"south": {"uv": [51, 22], "uv_size": [0, 1]},
								"west": {"uv": [41, 30], "uv_size": [6, 1]},
								"up": {"uv": [30, 51], "uv_size": [0, 6]},
								"down": {"uv": [31, 57], "uv_size": [0, -6]}
							}
						},
						{
							"origin": [4.75, 15.6, 6.75],
							"size": [0, 1, 6],
							"pivot": [11.75, 1.6, 5.75],
							"rotation": [0, -42.5, 0],
							"uv": {
								"north": {"uv": [51, 24], "uv_size": [0, 1]},
								"east": {"uv": [32, 42], "uv_size": [6, 1]},
								"south": {"uv": [51, 26], "uv_size": [0, 1]},
								"west": {"uv": [42, 35], "uv_size": [6, 1]},
								"up": {"uv": [32, 51], "uv_size": [0, 6]},
								"down": {"uv": [33, 57], "uv_size": [0, -6]}
							}
						},
						{
							"origin": [-3.25, 15.6, 6.75],
							"size": [0, 1, 6],
							"pivot": [3.75, 1.6, 5.75],
							"rotation": [0, -42.5, 0],
							"uv": {
								"north": {"uv": [34, 51], "uv_size": [0, 1]},
								"east": {"uv": [42, 37], "uv_size": [6, 1]},
								"south": {"uv": [51, 41], "uv_size": [0, 1]},
								"west": {"uv": [39, 42], "uv_size": [6, 1]},
								"up": {"uv": [46, 51], "uv_size": [0, 6]},
								"down": {"uv": [47, 57], "uv_size": [0, -6]}
							}
						},
						{
							"origin": [3.25, 15.6, 6.75],
							"size": [0, 1, 6],
							"pivot": [-3.75, 1.6, 5.75],
							"rotation": [0, 42.5, 0],
							"uv": {
								"north": {"uv": [48, 51], "uv_size": [0, 1]},
								"east": {"uv": [44, 15], "uv_size": [6, 1]},
								"south": {"uv": [0, 52], "uv_size": [0, 1]},
								"west": {"uv": [44, 17], "uv_size": [6, 1]},
								"up": {"uv": [1, 52], "uv_size": [0, 6]},
								"down": {"uv": [2, 58], "uv_size": [0, -6]}
							}
						},
						{
							"origin": [-4.75, 15.6, 6.75],
							"size": [0, 1, 6],
							"pivot": [-11.75, 1.6, 5.75],
							"rotation": [0, 42.5, 0],
							"uv": {
								"north": {"uv": [3, 52], "uv_size": [0, 1]},
								"east": {"uv": [44, 19], "uv_size": [6, 1]},
								"south": {"uv": [4, 52], "uv_size": [0, 1]},
								"west": {"uv": [44, 21], "uv_size": [6, 1]},
								"up": {"uv": [52, 4], "uv_size": [0, 6]},
								"down": {"uv": [5, 58], "uv_size": [0, -6]}
							}
						},
						{
							"origin": [-4.75, 15.6, -1.25],
							"size": [0, 1, 6],
							"pivot": [-11.75, 1.6, -2.25],
							"rotation": [0, 42.5, 0],
							"uv": {
								"north": {"uv": [6, 52], "uv_size": [0, 1]},
								"east": {"uv": [44, 23], "uv_size": [6, 1]},
								"south": {"uv": [7, 52], "uv_size": [0, 1]},
								"west": {"uv": [44, 25], "uv_size": [6, 1]},
								"up": {"uv": [8, 52], "uv_size": [0, 6]},
								"down": {"uv": [9, 58], "uv_size": [0, -6]}
							}
						},
						{
							"origin": [3.25, 15.6, -1.25],
							"size": [0, 1, 6],
							"pivot": [-3.75, 1.6, -2.25],
							"rotation": [0, 42.5, 0],
							"uv": {
								"north": {"uv": [10, 52], "uv_size": [0, 1]},
								"east": {"uv": [44, 27], "uv_size": [6, 1]},
								"south": {"uv": [11, 52], "uv_size": [0, 1]},
								"west": {"uv": [32, 44], "uv_size": [6, 1]},
								"up": {"uv": [52, 11], "uv_size": [0, 6]},
								"down": {"uv": [12, 58], "uv_size": [0, -6]}
							}
						}
					]
				}
			],
			"item_display_transforms" : {
				"gui": {
					"rotation": [30, 225, 0],
					"translation": [0, 0, 0],
					"scale": [1, 1, 1]
				}
			}
		}
	]
}