{
	"format_version": "1.21.0",
	"minecraft:geometry": [
		{
			"description": {
				"identifier": "geometry.dss_bn_table_3",
				"texture_width": 16,
				"texture_height": 16,
				"visible_bounds_width": 2,
				"visible_bounds_height": 2.5,
				"visible_bounds_offset": [0, 0.75, 0]
			},
			"bones": [
				{
					"name": "block",
					"pivot": [0, 0, 0],
					"cubes": [
						{
							"origin": [-8, 13, -8],
							"size": [16, 3, 16],
							"uv": {
								"north": {"uv": [6.5, 0], "uv_size": [4, 0.75]},
								"east": {"uv": [6.5, 1], "uv_size": [4, 0.75]},
								"south": {"uv": [6.5, 2], "uv_size": [4, 0.75]},
								"west": {"uv": [6.5, 3], "uv_size": [4, 0.75]},
								"up": {"uv": [0, 0], "uv_size": [4, 4]},
								"down": {"uv": [0, 8.25], "uv_size": [4, -4]}
							}
						},
						{
							"origin": [-4, 12, -7],
							"size": [8, 1, 14],
							"uv": {
								"north": {"uv": [2, 8.5], "uv_size": [2, 0.25]},
								"east": {"uv": [8, 6.25], "uv_size": [3.5, 0.25]},
								"south": {"uv": [2, 9], "uv_size": [2, 0.25]},
								"west": {"uv": [8, 6.75], "uv_size": [3.5, 0.25]},
								"up": {"uv": [4.25, 0], "uv_size": [2, 3.5]},
								"down": {"uv": [4.25, 7.25], "uv_size": [2, -3.5]}
							}
						},
						{
							"origin": [-3, 0, -6],
							"size": [11, 1, 2],
							"uv": {
								"north": {"uv": [5.75, 9], "uv_size": [2.75, 0.25]},
								"east": {"uv": [9.25, 7.75], "uv_size": [0.5, 0.25]},
								"south": {"uv": [8.75, 9], "uv_size": [2.75, 0.25]},
								"west": {"uv": [9.25, 8.25], "uv_size": [0.5, 0.25]},
								"up": {"uv": [8, 4.75], "uv_size": [2.75, 0.5]},
								"down": {"uv": [8, 6], "uv_size": [2.75, -0.5]}
							}
						},
						{
							"origin": [-5, 0, 4],
							"size": [13, 1, 2],
							"uv": {
								"north": {"uv": [8, 7.25], "uv_size": [3.25, 0.25]},
								"east": {"uv": [2, 9.5], "uv_size": [0.5, 0.25]},
								"south": {"uv": [5.75, 8.5], "uv_size": [3.25, 0.25]},
								"west": {"uv": [2.75, 9.5], "uv_size": [0.5, 0.25]},
								"up": {"uv": [5.75, 7.75], "uv_size": [3.25, 0.5]},
								"down": {"uv": [8, 4.5], "uv_size": [3.25, -0.5]}
							}
						},
						{
							"origin": [-9, 1, -6],
							"size": [1, 14, 2],
							"pivot": [-8, -12, 3],
							"rotation": [0, 0, 22.5],
							"uv": {
								"north": {"uv": [0, 8.5], "uv_size": [0.25, 3.5]},
								"east": {"uv": [6.5, 4], "uv_size": [0.5, 3.5]},
								"south": {"uv": [0.5, 8.5], "uv_size": [0.25, 3.5]},
								"west": {"uv": [7.25, 4], "uv_size": [0.5, 3.5]},
								"up": {"uv": [3.5, 9.5], "uv_size": [0.25, 0.5]},
								"down": {"uv": [5.75, 10], "uv_size": [0.25, -0.5]}
							}
						},
						{
							"origin": [-11, 1, 4],
							"size": [1, 14, 2],
							"pivot": [-10, -12, 12],
							"rotation": [0, 0, 22.5],
							"uv": {
								"north": {"uv": [1, 8.5], "uv_size": [0.25, 3.5]},
								"east": {"uv": [4.25, 7.5], "uv_size": [0.5, 3.5]},
								"south": {"uv": [1.5, 8.5], "uv_size": [0.25, 3.5]},
								"west": {"uv": [5, 7.5], "uv_size": [0.5, 3.5]},
								"up": {"uv": [6.25, 9.5], "uv_size": [0.25, 0.5]},
								"down": {"uv": [6.75, 10], "uv_size": [0.25, -0.5]}
							}
						}
					]
				}
			],
			"item_display_transforms" : {
				"gui": {
					"rotation": [30, 225, 0],
					"translation": [0, 0, 0],
					"scale": [1, 1, 1]
				}
			}
		}
	]
}