{
	"format_version": "1.21.0",
	"minecraft:geometry": [
		{
			"description": {
				"identifier": "geometry.dss_bn_switch_on",
				"texture_width": 32,
				"texture_height": 32,
				"visible_bounds_width": 2,
				"visible_bounds_height": 2.5,
				"visible_bounds_offset": [0, 0.75, 0]
			},
			"bones": [
				{
					"name": "block",
					"pivot": [0, 0, 0],
					"cubes": [
						{
							"origin": [-2, 5, 7],
							"size": [4, 8, 1],
							"uv": {
								"north": {"uv": [0, 0], "uv_size": [4, 8]},
								"east": {"uv": [6, 9], "uv_size": [1, 8]},
								"south": {"uv": [5, 0], "uv_size": [4, 8]},
								"west": {"uv": [8, 9], "uv_size": [1, 8]},
								"up": {"uv": [12, 0], "uv_size": [4, 1]},
								"down": {"uv": [12, 3], "uv_size": [4, -1]}
							}
						},
						{
							"origin": [-1, 6, 6],
							"size": [2, 6, 1],
							"uv": {
								"north": {"uv": [0, 9], "uv_size": [2, 6]},
								"east": {"uv": [10, 0], "uv_size": [1, 6]},
								"south": {"uv": [3, 9], "uv_size": [2, 6]},
								"west": {"uv": [10, 7], "uv_size": [1, 6]},
								"up": {"uv": [12, 4], "uv_size": [2, 1]},
								"down": {"uv": [12, 7], "uv_size": [2, -1]}
							}
						}
					]
				}
			],
			"item_display_transforms" : {
				"gui": {
					"rotation": [30, 225, 0],
					"translation": [0, 0, 0],
					"scale": [1, 1, 1]
				}
			}
		}
	]
}