{
	"format_version": "1.21.0",
	"minecraft:geometry": [
		{
			"description": {
				"identifier": "geometry.dss_bn_booth_upper",
				"texture_width": 16,
				"texture_height": 16,
				"visible_bounds_width": 3,
				"visible_bounds_height": 3.5,
				"visible_bounds_offset": [0, 1.25, 0]
			},
			"bones": [
				{
					"name": "bone",
					"pivot": [0, 0, 0],
					"cubes": [
						{
							"origin": [-14, 0, -3],
							"size": [6, 28, 6],
							"uv": {
								"north": {"uv": [0, 0], "uv_size": [1.5, 7]},
								"east": {"uv": [1.75, 0], "uv_size": [1.5, 7]},
								"south": {"uv": [3.5, 0], "uv_size": [1.5, 7]},
								"west": {"uv": [5.25, 0], "uv_size": [1.5, 7]},
								"up": {"uv": [9.25, 12], "uv_size": [1.5, 1.5]},
								"down": {"uv": [11, 13.5], "uv_size": [1.5, -1.5]}
							}
						},
						{
							"origin": [8, 0, -3],
							"size": [6, 28, 6],
							"uv": {
								"north": {"uv": [7, 0], "uv_size": [1.5, 7]},
								"east": {"uv": [0, 7.25], "uv_size": [1.5, 7]},
								"south": {"uv": [1.75, 7.25], "uv_size": [1.5, 7]},
								"west": {"uv": [3.5, 7.25], "uv_size": [1.5, 7]},
								"up": {"uv": [12.5, 6.75], "uv_size": [1.5, 1.5]},
								"down": {"uv": [12.5, 10], "uv_size": [1.5, -1.5]}
							}
						},
						{
							"origin": [-14, 28, -3],
							"size": [28, 2, 6],
							"uv": {
								"north": {"uv": [5.25, 10.5], "uv_size": [7, 0.5]},
								"east": {"uv": [5.25, 14], "uv_size": [1.5, 0.5]},
								"south": {"uv": [5.25, 11.25], "uv_size": [7, 0.5]},
								"west": {"uv": [7, 14], "uv_size": [1.5, 0.5]},
								"up": {"uv": [5.25, 7.25], "uv_size": [7, 1.5]},
								"down": {"uv": [8.75, 1.5], "uv_size": [7, -1.5]}
							}
						},
						{
							"origin": [-14, 24, -8],
							"size": [28, 6, 5],
							"uv": {
								"north": {"uv": [8.75, 1.75], "uv_size": [7, 1.5]},
								"east": {"uv": [12.5, 10.25], "uv_size": [1.25, 1.5]},
								"south": {"uv": [8.75, 3.5], "uv_size": [7, 1.5]},
								"west": {"uv": [12.75, 12], "uv_size": [1.25, 1.5]},
								"up": {"uv": [8.75, 5.25], "uv_size": [7, 1.25]},
								"down": {"uv": [5.25, 10.25], "uv_size": [7, -1.25]}
							}
						},
						{
							"origin": [-14.71867, 22.54808, -10],
							"size": [6.59758, 6.89217, 2],
							"pivot": [-11, 24, 0],
							"rotation": [0, 0, -15],
							"uv": {
								"north": {"uv": [5.25, 12], "uv_size": [1.625, 1.75]},
								"east": {"uv": [9.25, 13.75], "uv_size": [0.5, 1.75]},
								"south": {"uv": [7.25, 12], "uv_size": [1.625, 1.75]},
								"west": {"uv": [10, 13.75], "uv_size": [0.5, 1.75]},
								"up": {"uv": [10.75, 13.75], "uv_size": [1.625, 0.5]},
								"down": {"uv": [12.75, 14.25], "uv_size": [1.625, -0.5]}
							}
						}
					]
				}
			],
			"item_display_transforms" : {
				"gui": {
					"rotation": [30, 225, 0],
					"translation": [0, 0, 0],
					"scale": [1, 1, 1]
				}
			}
		}
	]
}