{
	"format_version": "1.21.0",
	"minecraft:geometry": [
		{
			"description": {
				"identifier": "geometry.dss_bn_curtain_rod",
				"texture_width": 16,
				"texture_height": 16,
				"visible_bounds_width": 2,
				"visible_bounds_height": 2.5,
				"visible_bounds_offset": [0, 0.75, 0]
			},
			"bones": [
				{
					"name": "block",
					"pivot": [0, 0, 0],
					"cubes": [
						{
							"origin": [-8, 15, 7],
							"size": [16, 1, 1],
							"uv": {
								"north": {"uv": [5, 0], "uv_size": [4, 0.25]},
								"east": {"uv": [5, 2], "uv_size": [0.25, 0.25]},
								"south": {"uv": [5, 0.5], "uv_size": [4, 0.25]},
								"west": {"uv": [5, 2.5], "uv_size": [0.25, 0.25]},
								"up": {"uv": [5, 1], "uv_size": [4, 0.25]},
								"down": {"uv": [5, 1.75], "uv_size": [4, -0.25]}
							}
						}
					]
				}
			],
			"item_display_transforms" : {
				"gui": {
					"rotation": [30, 225, 0],
					"translation": [0, 0, 0],
					"scale": [1, 1, 1]
				}
			}
		}
	]
}