{
	"format_version": "1.21.0",
	"minecraft:geometry": [
		{
			"description": {
				"identifier": "geometry.dss_bn_painting_3",
				"texture_width": 16,
				"texture_height": 16,
				"visible_bounds_width": 2,
				"visible_bounds_height": 3,
				"visible_bounds_offset": [0, 0.5, 0]
			},
			"bones": [
				{
					"name": "paint",
					"pivot": [0, 0, 0]
				},
				{
					"name": "frame",
					"parent": "paint",
					"pivot": [0, 0, 0],
					"cubes": [
						{
							"origin": [-8, 6, 7],
							"size": [1, 14, 1],
							"uv": {
								"north": {"uv": [8, 0], "uv_size": [0.25, 3.5]},
								"east": {"uv": [4.5, 8], "uv_size": [0.25, 3.5]},
								"south": {"uv": [5, 8], "uv_size": [0.25, 3.5]},
								"west": {"uv": [5.5, 8], "uv_size": [0.25, 3.5]},
								"up": {"uv": [8.5, 2], "uv_size": [0.25, 0.25]},
								"down": {"uv": [8.5, 2.75], "uv_size": [0.25, -0.25]}
							}
						},
						{
							"origin": [7, 6, 7],
							"size": [1, 14, 1],
							"uv": {
								"north": {"uv": [6, 8], "uv_size": [0.25, 3.5]},
								"east": {"uv": [6.5, 8], "uv_size": [0.25, 3.5]},
								"south": {"uv": [7, 8], "uv_size": [0.25, 3.5]},
								"west": {"uv": [7.5, 8], "uv_size": [0.25, 3.5]},
								"up": {"uv": [8.5, 3], "uv_size": [0.25, 0.25]},
								"down": {"uv": [9, 1.25], "uv_size": [0.25, -0.25]}
							}
						},
						{
							"origin": [-7, 19, 7],
							"size": [14, 1, 1],
							"uv": {
								"north": {"uv": [7.5, 5.75], "uv_size": [3.5, 0.25]},
								"east": {"uv": [9, 8.5], "uv_size": [0.25, 0.25]},
								"south": {"uv": [7.5, 6.25], "uv_size": [3.5, 0.25]},
								"west": {"uv": [9, 9], "uv_size": [0.25, 0.25]},
								"up": {"uv": [7.5, 6.75], "uv_size": [3.5, 0.25]},
								"down": {"uv": [8, 4], "uv_size": [3.5, -0.25]}
							}
						}
					]
				},
				{
					"name": "canvas",
					"parent": "paint",
					"pivot": [0, 0, 0],
					"cubes": [
						{
							"origin": [-7, 6, 7],
							"size": [14, 13, 1],
							"uv": {
								"north": {"uv": [0, 4], "uv_size": [3.5, 3.25]},
								"east": {"uv": [8, 8.5], "uv_size": [0.25, 3.25]},
								"south": {"uv": [3.75, 4], "uv_size": [3.5, 3.25]},
								"west": {"uv": [8.5, 8.5], "uv_size": [0.25, 3.25]},
								"up": {"uv": [8.5, 0], "uv_size": [3.5, 0.25]},
								"down": {"uv": [8.5, 0.75], "uv_size": [3.5, -0.25]}
							}
						}
					]
				},
				{
					"name": "bone",
					"parent": "canvas",
					"pivot": [0, -8, 0],
					"cubes": [
						{
							"origin": [-7, -10, 7],
							"size": [14, 1, 1],
							"uv": {
								"north": {"uv": [7.5, 4.25], "uv_size": [3.5, 0.25]},
								"east": {"uv": [8.5, 1], "uv_size": [0.25, 0.25]},
								"south": {"uv": [4.5, 7.5], "uv_size": [3.5, 0.25]},
								"west": {"uv": [8.5, 1.5], "uv_size": [0.25, 0.25]},
								"up": {"uv": [7.5, 4.75], "uv_size": [3.5, 0.25]},
								"down": {"uv": [7.5, 5.5], "uv_size": [3.5, -0.25]}
							}
						},
						{
							"origin": [-8, -10, 7],
							"size": [1, 16, 1],
							"uv": {
								"north": {"uv": [0, 7.5], "uv_size": [0.25, 4]},
								"east": {"uv": [7.5, 0], "uv_size": [0.25, 4]},
								"south": {"uv": [0.5, 7.5], "uv_size": [0.25, 4]},
								"west": {"uv": [1, 7.5], "uv_size": [0.25, 4]},
								"up": {"uv": [9, 1.5], "uv_size": [0.25, 0.25]},
								"down": {"uv": [9, 2.25], "uv_size": [0.25, -0.25]}
							}
						},
						{
							"origin": [7, -10, 7],
							"size": [1, 16, 1],
							"uv": {
								"north": {"uv": [1.5, 7.5], "uv_size": [0.25, 4]},
								"east": {"uv": [2, 7.5], "uv_size": [0.25, 4]},
								"south": {"uv": [2.5, 7.5], "uv_size": [0.25, 4]},
								"west": {"uv": [3, 7.5], "uv_size": [0.25, 4]},
								"up": {"uv": [9, 2.5], "uv_size": [0.25, 0.25]},
								"down": {"uv": [9, 3.25], "uv_size": [0.25, -0.25]}
							}
						},
						{
							"origin": [-7, -9, 7],
							"size": [14, 15, 1],
							"uv": {
								"north": {"uv": [0, 0], "uv_size": [3.5, 3.75]},
								"east": {"uv": [3.5, 7.5], "uv_size": [0.25, 3.75]},
								"south": {"uv": [3.75, 0], "uv_size": [3.5, 3.75]},
								"west": {"uv": [4, 7.5], "uv_size": [0.25, 3.75]},
								"up": {"uv": [8, 8], "uv_size": [3.5, 0.25]},
								"down": {"uv": [8.25, 7.5], "uv_size": [3.5, -0.25]}
							}
						}
					]
				}
			],
			"item_display_transforms" : {
				"gui": {
					"rotation": [30, 225, 0],
					"translation": [0, 0, 0],
					"scale": [1, 1, 1]
				}
			}
		}
	]
}