{
	"format_version": "1.21.0",
	"minecraft:geometry": [
		{
			"description": {
				"identifier": "geometry.dss_bn_tv_1",
				"texture_width": 64,
				"texture_height": 64,
				"visible_bounds_width": 3,
				"visible_bounds_height": 2.5,
				"visible_bounds_offset": [0, 0.75, 0]
			},
			"bones": [
				{
					"name": "block",
					"pivot": [0, 0, 0],
					"cubes": [
						{
							"origin": [-15, 7, 6],
							"size": [30, 15, 1],
							"uv": {
								"north": {"uv": [0, 0], "uv_size": [30, 15]},
								"east": {"uv": [30, 27], "uv_size": [1, 15]},
								"south": {"uv": [0, 15], "uv_size": [30, 15]},
								"west": {"uv": [31, 27], "uv_size": [1, 15]},
								"up": {"uv": [30, 15], "uv_size": [30, 1]},
								"down": {"uv": [30, 17], "uv_size": [30, -1]}
							}
						},
						{
							"origin": [-15, 3, 3],
							"size": [30, 1, 5],
							"uv": {
								"north": {"uv": [30, 17], "uv_size": [30, 1]},
								"east": {"uv": [24, 36], "uv_size": [5, 1]},
								"south": {"uv": [30, 18], "uv_size": [30, 1]},
								"west": {"uv": [32, 36], "uv_size": [5, 1]},
								"up": {"uv": [0, 30], "uv_size": [30, 5]},
								"down": {"uv": [30, 5], "uv_size": [30, -5]}
							}
						},
						{
							"origin": [-6, 1, 4],
							"size": [1, 1, 1],
							"uv": {
								"north": {"uv": [5, 38], "uv_size": [1, 1]},
								"east": {"uv": [6, 38], "uv_size": [1, 1]},
								"south": {"uv": [7, 38], "uv_size": [1, 1]},
								"west": {"uv": [8, 38], "uv_size": [1, 1]},
								"up": {"uv": [9, 38], "uv_size": [1, 1]},
								"down": {"uv": [24, 39], "uv_size": [1, -1]}
							}
						},
						{
							"origin": [12, 4, 4],
							"size": [1, 2, 1],
							"uv": {
								"north": {"uv": [19, 37], "uv_size": [1, 2]},
								"east": {"uv": [28, 37], "uv_size": [1, 2]},
								"south": {"uv": [37, 28], "uv_size": [1, 2]},
								"west": {"uv": [37, 30], "uv_size": [1, 2]},
								"up": {"uv": [25, 38], "uv_size": [1, 1]},
								"down": {"uv": [26, 39], "uv_size": [1, -1]}
							}
						},
						{
							"origin": [12, 6, 4.5],
							"size": [1, 2, 0],
							"uv": {
								"north": {"uv": [32, 37], "uv_size": [1, 2]},
								"east": {"uv": [0, 0], "uv_size": [0, 2]},
								"south": {"uv": [37, 32], "uv_size": [1, 2]},
								"west": {"uv": [0, 0], "uv_size": [0, 2]},
								"up": {"uv": [0, 0], "uv_size": [1, 0]},
								"down": {"uv": [1, 0], "uv_size": [-1, 0]}
							}
						},
						{
							"origin": [12, 7, 4.5],
							"size": [1, 2, 0],
							"uv": {
								"north": {"uv": [32, 37], "uv_size": [1, 2]},
								"east": {"uv": [0, 0], "uv_size": [0, 2]},
								"south": {"uv": [37, 32], "uv_size": [1, 2]},
								"west": {"uv": [0, 0], "uv_size": [0, 2]},
								"up": {"uv": [0, 0], "uv_size": [1, 0]},
								"down": {"uv": [0, 0], "uv_size": [1, 0]}
							}
						},
						{
							"origin": [-2, 1, 1.5],
							"size": [2, 1, 4],
							"pivot": [4, -9, 1.5],
							"rotation": [0, 27.5, 0],
							"uv": {
								"north": {"uv": [33, 37], "uv_size": [2, 1]},
								"east": {"uv": [24, 37], "uv_size": [4, 1]},
								"south": {"uv": [37, 34], "uv_size": [2, 1]},
								"west": {"uv": [37, 27], "uv_size": [4, 1]},
								"up": {"uv": [20, 36], "uv_size": [2, 4]},
								"down": {"uv": [22, 40], "uv_size": [2, -4]}
							}
						},
						{
							"origin": [-15, 0, 3],
							"size": [30, 1, 5],
							"uv": {
								"north": {"uv": [30, 19], "uv_size": [30, 1]},
								"east": {"uv": [0, 37], "uv_size": [5, 1]},
								"south": {"uv": [30, 20], "uv_size": [30, 1]},
								"west": {"uv": [5, 37], "uv_size": [5, 1]},
								"up": {"uv": [30, 5], "uv_size": [30, 5]},
								"down": {"uv": [30, 15], "uv_size": [30, -5]}
							}
						},
						{
							"origin": [-10, 1, 3],
							"size": [1, 2, 5],
							"uv": {
								"north": {"uv": [35, 37], "uv_size": [1, 2]},
								"east": {"uv": [32, 27], "uv_size": [5, 2]},
								"south": {"uv": [36, 37], "uv_size": [1, 2]},
								"west": {"uv": [32, 29], "uv_size": [5, 2]},
								"up": {"uv": [29, 36], "uv_size": [1, 5]},
								"down": {"uv": [10, 42], "uv_size": [1, -5]}
							}
						},
						{
							"origin": [-4, 1, 3],
							"size": [1, 2, 5],
							"uv": {
								"north": {"uv": [37, 36], "uv_size": [1, 2]},
								"east": {"uv": [32, 31], "uv_size": [5, 2]},
								"south": {"uv": [0, 38], "uv_size": [1, 2]},
								"west": {"uv": [32, 33], "uv_size": [5, 2]},
								"up": {"uv": [11, 37], "uv_size": [1, 5]},
								"down": {"uv": [12, 42], "uv_size": [1, -5]}
							}
						},
						{
							"origin": [3, 1, 3],
							"size": [1, 2, 5],
							"uv": {
								"north": {"uv": [1, 38], "uv_size": [1, 2]},
								"east": {"uv": [0, 35], "uv_size": [5, 2]},
								"south": {"uv": [2, 38], "uv_size": [1, 2]},
								"west": {"uv": [5, 35], "uv_size": [5, 2]},
								"up": {"uv": [13, 37], "uv_size": [1, 5]},
								"down": {"uv": [14, 42], "uv_size": [1, -5]}
							}
						},
						{
							"origin": [9, 1, 3],
							"size": [1, 2, 5],
							"uv": {
								"north": {"uv": [3, 38], "uv_size": [1, 2]},
								"east": {"uv": [10, 35], "uv_size": [5, 2]},
								"south": {"uv": [4, 38], "uv_size": [1, 2]},
								"west": {"uv": [15, 35], "uv_size": [5, 2]},
								"up": {"uv": [15, 37], "uv_size": [1, 5]},
								"down": {"uv": [16, 42], "uv_size": [1, -5]}
							}
						},
						{
							"origin": [-5, 10, 7],
							"size": [10, 3, 1],
							"uv": {
								"north": {"uv": [30, 21], "uv_size": [10, 3]},
								"east": {"uv": [17, 37], "uv_size": [1, 3]},
								"south": {"uv": [30, 24], "uv_size": [10, 3]},
								"west": {"uv": [18, 37], "uv_size": [1, 3]},
								"up": {"uv": [20, 35], "uv_size": [10, 1]},
								"down": {"uv": [32, 36], "uv_size": [10, -1]}
							}
						}
					]
				}
			],
			"item_display_transforms" : {
				"gui": {
					"rotation": [30, 225, 0],
					"translation": [0, 0, 0],
					"scale": [1, 1, 1]
				}
			}
		}
	]
}