{
	"format_version": "1.21.0",
	"minecraft:geometry": [
		{
			"description": {
				"identifier": "geometry.dss_bn_sofa_m_1",
				"texture_width": 16,
				"texture_height": 16,
				"visible_bounds_width": 2,
				"visible_bounds_height": 2.5,
				"visible_bounds_offset": [0, 0.75, 0]
			},
			"bones": [
				{
					"name": "whole",
					"pivot": [0, 0, 0]
				},
				{
					"name": "seat2",
					"parent": "whole",
					"pivot": [0, 0, 0],
					"cubes": [
						{
							"origin": [-8, 2, -8],
							"size": [16, 6, 15],
							"uv": {
								"north": {"uv": [4.25, 4.5], "uv_size": [4, 1.5]},
								"east": {"uv": [0, 7.5], "uv_size": [3.5, 1.5]},
								"south": {"uv": [4.25, 6.25], "uv_size": [4, 1.5]},
								"west": {"uv": [3.75, 8], "uv_size": [3.5, 1.5]},
								"up": {"uv": [0, 0], "uv_size": [4, 3.5]},
								"down": {"uv": [0, 7.25], "uv_size": [4, -3.5]}
							}
						}
					]
				},
				{
					"name": "root",
					"parent": "whole",
					"pivot": [0, 0, 0],
					"cubes": [
						{
							"origin": [-8, 8, 3],
							"size": [16, 8, 4],
							"uv": {
								"north": {"uv": [4.25, 0], "uv_size": [4, 2]},
								"east": {"uv": [8.5, 4], "uv_size": [0.75, 2]},
								"south": {"uv": [4.25, 2.25], "uv_size": [4, 2]},
								"west": {"uv": [7.5, 9], "uv_size": [0.75, 2]},
								"up": {"uv": [7.5, 8], "uv_size": [4, 0.75]},
								"down": {"uv": [8.5, 0.75], "uv_size": [4, -0.75]}
							}
						},
						{
							"origin": [7, 0, 6],
							"size": [1, 2, 2],
							"uv": {
								"north": {"uv": [6, 9.75], "uv_size": [0.25, 0.5]},
								"east": {"uv": [9.5, 5.5], "uv_size": [0.5, 0.5]},
								"south": {"uv": [6.5, 9.75], "uv_size": [0.25, 0.5]},
								"west": {"uv": [0, 9.75], "uv_size": [0.5, 0.5]},
								"up": {"uv": [7, 9.75], "uv_size": [0.25, 0.5]},
								"down": {"uv": [10, 10], "uv_size": [0.25, -0.5]}
							}
						},
						{
							"origin": [7, 0, -8],
							"size": [1, 2, 2],
							"uv": {
								"north": {"uv": [10.25, 5.5], "uv_size": [0.25, 0.5]},
								"east": {"uv": [0.75, 9.75], "uv_size": [0.5, 0.5]},
								"south": {"uv": [10, 10.25], "uv_size": [0.25, 0.5]},
								"west": {"uv": [1.5, 9.75], "uv_size": [0.5, 0.5]},
								"up": {"uv": [0, 10.5], "uv_size": [0.25, 0.5]},
								"down": {"uv": [0.5, 11], "uv_size": [0.25, -0.5]}
							}
						},
						{
							"origin": [7, 1, -6],
							"size": [1, 1, 12],
							"uv": {
								"north": {"uv": [3.75, 7.5], "uv_size": [0.25, 0.25]},
								"east": {"uv": [0, 9.25], "uv_size": [3, 0.25]},
								"south": {"uv": [3.75, 11], "uv_size": [0.25, 0.25]},
								"west": {"uv": [9.5, 4], "uv_size": [3, 0.25]},
								"up": {"uv": [3.25, 9.25], "uv_size": [0.25, 3]},
								"down": {"uv": [8.5, 12.5], "uv_size": [0.25, -3]}
							}
						},
						{
							"origin": [-8, 1, -6],
							"size": [1, 1, 12],
							"uv": {
								"north": {"uv": [4.25, 11], "uv_size": [0.25, 0.25]},
								"east": {"uv": [9.5, 4.5], "uv_size": [3, 0.25]},
								"south": {"uv": [4.75, 11], "uv_size": [0.25, 0.25]},
								"west": {"uv": [9.5, 5], "uv_size": [3, 0.25]},
								"up": {"uv": [9, 9.5], "uv_size": [0.25, 3]},
								"down": {"uv": [9.5, 12.5], "uv_size": [0.25, -3]}
							}
						},
						{
							"origin": [-8, 0, -8],
							"size": [1, 2, 2],
							"uv": {
								"north": {"uv": [1, 10.5], "uv_size": [0.25, 0.5]},
								"east": {"uv": [2.25, 9.75], "uv_size": [0.5, 0.5]},
								"south": {"uv": [1.5, 10.5], "uv_size": [0.25, 0.5]},
								"west": {"uv": [3.75, 9.75], "uv_size": [0.5, 0.5]},
								"up": {"uv": [2, 10.5], "uv_size": [0.25, 0.5]},
								"down": {"uv": [2.5, 11], "uv_size": [0.25, -0.5]}
							}
						},
						{
							"origin": [-7, 1, -8],
							"size": [14, 1, 2],
							"uv": {
								"north": {"uv": [8.5, 6.25], "uv_size": [3.5, 0.25]},
								"east": {"uv": [3.75, 10.5], "uv_size": [0.5, 0.25]},
								"south": {"uv": [8.5, 6.75], "uv_size": [3.5, 0.25]},
								"west": {"uv": [4.5, 10.5], "uv_size": [0.5, 0.25]},
								"up": {"uv": [8.5, 1], "uv_size": [3.5, 0.5]},
								"down": {"uv": [8.5, 2.25], "uv_size": [3.5, -0.5]}
							}
						},
						{
							"origin": [-7, 1, 6],
							"size": [14, 1, 2],
							"uv": {
								"north": {"uv": [8.5, 7.25], "uv_size": [3.5, 0.25]},
								"east": {"uv": [5.25, 10.5], "uv_size": [0.5, 0.25]},
								"south": {"uv": [8.5, 9], "uv_size": [3.5, 0.25]},
								"west": {"uv": [6, 10.5], "uv_size": [0.5, 0.25]},
								"up": {"uv": [8.5, 2.5], "uv_size": [3.5, 0.5]},
								"down": {"uv": [8.5, 3.75], "uv_size": [3.5, -0.5]}
							}
						},
						{
							"origin": [-8, 0, 6],
							"size": [1, 2, 2],
							"uv": {
								"north": {"uv": [6.75, 10.5], "uv_size": [0.25, 0.5]},
								"east": {"uv": [4.5, 9.75], "uv_size": [0.5, 0.5]},
								"south": {"uv": [10.5, 9.5], "uv_size": [0.25, 0.5]},
								"west": {"uv": [5.25, 9.75], "uv_size": [0.5, 0.5]},
								"up": {"uv": [10.5, 10.25], "uv_size": [0.25, 0.5]},
								"down": {"uv": [10.75, 6], "uv_size": [0.25, -0.5]}
							}
						}
					]
				}
			],
			"item_display_transforms" : {
				"gui": {
					"rotation": [30, 225, 0],
					"translation": [0, 0, 0],
					"scale": [1, 1, 1]
				}
			}
		}
	]
}