{
	"format_version": "1.21.0",
	"minecraft:geometry": [
		{
			"description": {
				"identifier": "geometry.dss_bn_plates",
				"texture_width": 16,
				"texture_height": 16,
				"visible_bounds_width": 2,
				"visible_bounds_height": 2.5,
				"visible_bounds_offset": [0, 0.75, 0]
			},
			"bones": [
				{
					"name": "block",
					"pivot": [1.5, 0, 0],
					"cubes": [
						{
							"origin": [-6.5, 0, -3],
							"size": [13, 1, 6],
							"uv": {
								"north": {"uv": [7, 3], "uv_size": [4, 0.25]},
								"east": {"uv": [7, 8.25], "uv_size": [1.5, 0.25]},
								"south": {"uv": [3.5, 7], "uv_size": [4, 0.25]},
								"west": {"uv": [0, 8.75], "uv_size": [1.5, 0.25]},
								"up": {"uv": [0, 0], "uv_size": [4, 1.5]},
								"down": {"uv": [0, 3.25], "uv_size": [4, -1.5]}
							}
						},
						{
							"origin": [-6.5, 1, -3],
							"size": [1, 2, 6],
							"uv": {
								"north": {"uv": [4.25, 2], "uv_size": [0.25, 0.5]},
								"east": {"uv": [7, 3.5], "uv_size": [1.5, 0.5]},
								"south": {"uv": [4.25, 2.75], "uv_size": [0.25, 0.5]},
								"west": {"uv": [7, 4.25], "uv_size": [1.5, 0.5]},
								"up": {"uv": [1.75, 8.75], "uv_size": [0.25, 1.5]},
								"down": {"uv": [2.25, 10.25], "uv_size": [0.25, -1.5]}
							}
						},
						{
							"origin": [-5.5, 1, -3],
							"size": [0, 5, 6],
							"pivot": [-5.5, 1, 0],
							"rotation": [0, 0, 25],
							"uv": {
								"north": {"uv": [6.75, 9], "uv_size": [0, 1.25]},
								"east": {"uv": [3.5, 5.5], "uv_size": [1.5, 1.25]},
								"south": {"uv": [1.5, 9.25], "uv_size": [0, 1.25]},
								"west": {"uv": [5.25, 5.5], "uv_size": [1.5, 1.25]},
								"up": {"uv": [9.25, 7.25], "uv_size": [0, 1.5]},
								"down": {"uv": [9.5, 7.25], "uv_size": [0, -1.5]}
							}
						},
						{
							"origin": [0.5, 1, -3],
							"size": [0, 5, 6],
							"pivot": [0.5, 1, 0],
							"rotation": [0, 0, 25],
							"uv": {
								"north": {"uv": [6.75, 9], "uv_size": [0, 1.25]},
								"east": {"uv": [3.5, 5.5], "uv_size": [1.5, 1.25]},
								"south": {"uv": [1.5, 9.25], "uv_size": [0, 1.25]},
								"west": {"uv": [5.25, 5.5], "uv_size": [1.5, 1.25]},
								"up": {"uv": [9.25, 7.25], "uv_size": [0, 1.5]},
								"down": {"uv": [9.5, 7.25], "uv_size": [0, -1.5]}
							}
						},
						{
							"origin": [-3.5, 1, -3],
							"size": [0, 6, 6],
							"pivot": [-3.5, 1, 0],
							"rotation": [0, 0, 25],
							"uv": {
								"north": {"uv": [9.75, 3.5], "uv_size": [0, 1.5]},
								"east": {"uv": [5.25, 2], "uv_size": [1.5, 1.5]},
								"south": {"uv": [9.75, 5.25], "uv_size": [0, 1.5]},
								"west": {"uv": [5.25, 3.75], "uv_size": [1.5, 1.5]},
								"up": {"uv": [9.75, 7], "uv_size": [0, 1.5]},
								"down": {"uv": [9.75, 10.25], "uv_size": [0, -1.5]}
							}
						},
						{
							"origin": [2.5, 1, -3],
							"size": [0, 6, 6],
							"pivot": [2.5, 1, 0],
							"rotation": [0, 0, 25],
							"uv": {
								"north": {"uv": [9.75, 3.5], "uv_size": [0, 1.5]},
								"east": {"uv": [5.25, 2], "uv_size": [1.5, 1.5]},
								"south": {"uv": [9.75, 5.25], "uv_size": [0, 1.5]},
								"west": {"uv": [5.25, 3.75], "uv_size": [1.5, 1.5]},
								"up": {"uv": [9.75, 7], "uv_size": [0, 1.5]},
								"down": {"uv": [9.75, 10.25], "uv_size": [0, -1.5]}
							}
						},
						{
							"origin": [-1.5, 1, -3],
							"size": [0, 7, 6],
							"pivot": [-1.5, 1, 0],
							"rotation": [0, 0, 25],
							"uv": {
								"north": {"uv": [0.25, 10], "uv_size": [0, 1.75]},
								"east": {"uv": [0, 3.5], "uv_size": [1.5, 1.75]},
								"south": {"uv": [0.5, 10], "uv_size": [0, 1.75]},
								"west": {"uv": [1.75, 3.5], "uv_size": [1.5, 1.75]},
								"up": {"uv": [0.75, 10], "uv_size": [0, 1.5]},
								"down": {"uv": [1, 11.5], "uv_size": [0, -1.5]}
							}
						},
						{
							"origin": [4.5, 1, -3],
							"size": [0, 7, 6],
							"pivot": [4.5, 1, 0],
							"rotation": [0, 0, 25],
							"uv": {
								"north": {"uv": [0.25, 10], "uv_size": [0, 1.75]},
								"east": {"uv": [0, 3.5], "uv_size": [1.5, 1.75]},
								"south": {"uv": [0.5, 10], "uv_size": [0, 1.75]},
								"west": {"uv": [1.75, 3.5], "uv_size": [1.5, 1.75]},
								"up": {"uv": [0.75, 10], "uv_size": [0, 1.5]},
								"down": {"uv": [1, 11.5], "uv_size": [0, -1.5]}
							}
						},
						{
							"origin": [-4.5, 1, -3],
							"size": [1, 2, 6],
							"uv": {
								"north": {"uv": [8.75, 1.5], "uv_size": [0.25, 0.5]},
								"east": {"uv": [0, 7.25], "uv_size": [1.5, 0.5]},
								"south": {"uv": [8.75, 2.25], "uv_size": [0.25, 0.5]},
								"west": {"uv": [1.75, 7.25], "uv_size": [1.5, 0.5]},
								"up": {"uv": [7, 8.75], "uv_size": [0.25, 1.5]},
								"down": {"uv": [8.75, 8.75], "uv_size": [0.25, -1.5]}
							}
						},
						{
							"origin": [-2.5, 1, -3],
							"size": [1, 2, 6],
							"uv": {
								"north": {"uv": [8.75, 5.25], "uv_size": [0.25, 0.5]},
								"east": {"uv": [3.5, 7.5], "uv_size": [1.5, 0.5]},
								"south": {"uv": [9, 9], "uv_size": [0.25, 0.5]},
								"west": {"uv": [5.25, 7.5], "uv_size": [1.5, 0.5]},
								"up": {"uv": [7.5, 8.75], "uv_size": [0.25, 1.5]},
								"down": {"uv": [8, 10.25], "uv_size": [0.25, -1.5]}
							}
						},
						{
							"origin": [-0.5, 1, -3],
							"size": [1, 2, 6],
							"uv": {
								"north": {"uv": [0, 9.25], "uv_size": [0.25, 0.5]},
								"east": {"uv": [7, 7.5], "uv_size": [1.5, 0.5]},
								"south": {"uv": [0.5, 9.25], "uv_size": [0.25, 0.5]},
								"west": {"uv": [7.75, 0], "uv_size": [1.5, 0.5]},
								"up": {"uv": [3.25, 9], "uv_size": [0.25, 1.5]},
								"down": {"uv": [3.75, 10.5], "uv_size": [0.25, -1.5]}
							}
						},
						{
							"origin": [1.5, 1, -3],
							"size": [1, 2, 6],
							"uv": {
								"north": {"uv": [1, 9.25], "uv_size": [0.25, 0.5]},
								"east": {"uv": [7.75, 0.75], "uv_size": [1.5, 0.5]},
								"south": {"uv": [9.25, 1.5], "uv_size": [0.25, 0.5]},
								"west": {"uv": [7.75, 6.5], "uv_size": [1.5, 0.5]},
								"up": {"uv": [4.25, 9], "uv_size": [0.25, 1.5]},
								"down": {"uv": [4.75, 10.5], "uv_size": [0.25, -1.5]}
							}
						},
						{
							"origin": [5.5, 1, -3],
							"size": [1, 2, 6],
							"uv": {
								"north": {"uv": [9.25, 2.25], "uv_size": [0.25, 0.5]},
								"east": {"uv": [0, 8], "uv_size": [1.5, 0.5]},
								"south": {"uv": [9.25, 3.5], "uv_size": [0.25, 0.5]},
								"west": {"uv": [1.75, 8], "uv_size": [1.5, 0.5]},
								"up": {"uv": [5.25, 9], "uv_size": [0.25, 1.5]},
								"down": {"uv": [5.75, 10.5], "uv_size": [0.25, -1.5]}
							}
						},
						{
							"origin": [3.5, 1, -3],
							"size": [1, 2, 6],
							"uv": {
								"north": {"uv": [9.25, 4.25], "uv_size": [0.25, 0.5]},
								"east": {"uv": [3.5, 8.25], "uv_size": [1.5, 0.5]},
								"south": {"uv": [9.25, 5], "uv_size": [0.25, 0.5]},
								"west": {"uv": [5.25, 8.25], "uv_size": [1.5, 0.5]},
								"up": {"uv": [6.25, 9], "uv_size": [0.25, 1.5]},
								"down": {"uv": [8.5, 10.5], "uv_size": [0.25, -1.5]}
							}
						}
					]
				}
			],
			"item_display_transforms" : {
				"gui": {
					"rotation": [30, 225, 0],
					"translation": [0, 0, 0],
					"scale": [1, 1, 1]
				}
			}
		}
	]
}