{
	"format_version": "1.21.20",
	"minecraft:geometry": [
		{
			"description": {
				"identifier": "geometry.dss_bn_folded_towels",
				"texture_width": 64,
				"texture_height": 64,
				"visible_bounds_width": 2,
				"visible_bounds_height": 2.5,
				"visible_bounds_offset": [0, 0.75, 0]
			},
			"bones": [
				{
					"name": "block",
					"pivot": [0, -8, 0],
					"cubes": [
						{
							"origin": [-8, 0, -3],
							"size": [16, 2, 11],
							"uv": {
								"north": {"uv": [30, 22], "uv_size": [16, 2]},
								"east": {"uv": [0, 32], "uv_size": [11, 2]},
								"south": {"uv": [30, 25], "uv_size": [16, 2]},
								"west": {"uv": [32, 0], "uv_size": [11, 2]},
								"up": {"uv": [0, 0], "uv_size": [16, 11]},
								"down": {"uv": [0, 23], "uv_size": [16, -11]}
							}
						},
						{
							"origin": [-7, 2, -2],
							"size": [14, 2, 10],
							"uv": {
								"north": {"uv": [31, 28], "uv_size": [14, 2]},
								"east": {"uv": [32, 3], "uv_size": [10, 2]},
								"south": {"uv": [31, 31], "uv_size": [14, 2]},
								"west": {"uv": [32, 6], "uv_size": [10, 2]},
								"up": {"uv": [17, 0], "uv_size": [14, 10]},
								"down": {"uv": [17, 21], "uv_size": [14, -10]}
							}
						},
						{
							"origin": [-6, 4, 0],
							"size": [12, 1, 7],
							"uv": {
								"north": {"uv": [32, 9], "uv_size": [12, 1]},
								"east": {"uv": [32, 17], "uv_size": [7, 1]},
								"south": {"uv": [32, 11], "uv_size": [12, 1]},
								"west": {"uv": [32, 19], "uv_size": [7, 1]},
								"up": {"uv": [17, 22], "uv_size": [12, 7]},
								"down": {"uv": [0, 31], "uv_size": [12, -7]}
							}
						},
						{
							"origin": [-4, 5, 1],
							"size": [8, 1, 5],
							"uv": {
								"north": {"uv": [32, 13], "uv_size": [8, 1]},
								"east": {"uv": [31, 34], "uv_size": [5, 1]},
								"south": {"uv": [32, 15], "uv_size": [8, 1]},
								"west": {"uv": [0, 35], "uv_size": [5, 1]},
								"up": {"uv": [13, 30], "uv_size": [8, 5]},
								"down": {"uv": [22, 35], "uv_size": [8, -5]}
							}
						}
					]
				}
			],
			"item_display_transforms": {
				"gui": {
					"rotation": [30, -135, 0],
					"translation": [0, 0, 0],
					"scale": [1, 1, 1],
					"rotation_pivot": [0, 0, 0],
					"scale_pivot": [0, 0, 0],
					"fit_to_frame": true
				}
			}
		}
	]
}