{
	"format_version": "1.21.0",
	"minecraft:geometry": [
		{
			"description": {
				"identifier": "geometry.dss_bn_toilet_2",
				"texture_width": 16,
				"texture_height": 16,
				"visible_bounds_width": 2,
				"visible_bounds_height": 2.5,
				"visible_bounds_offset": [0, 0.75, 0]
			},
			"bones": [
				{
					"name": "block",
					"pivot": [0.5, 0, 1],
					"cubes": [
						{
							"origin": [-3.5, 0, -2],
							"size": [7, 2, 6],
							"uv": {
								"north": {"uv": [8, 2], "uv_size": [1.75, 0.5]},
								"east": {"uv": [8, 5.5], "uv_size": [1.5, 0.5]},
								"south": {"uv": [8, 2.75], "uv_size": [1.75, 0.5]},
								"west": {"uv": [8.5, 4.25], "uv_size": [1.5, 0.5]},
								"up": {"uv": [6, 1.25], "uv_size": [1.75, 1.5]},
								"down": {"uv": [6, 4.5], "uv_size": [1.75, -1.5]}
							}
						},
						{
							"origin": [-4.5, 2, -2],
							"size": [9, 2, 7],
							"uv": {
								"north": {"uv": [6, 4.75], "uv_size": [2.25, 0.5]},
								"east": {"uv": [8, 3.5], "uv_size": [1.75, 0.5]},
								"south": {"uv": [8, 1.25], "uv_size": [2.25, 0.5]},
								"west": {"uv": [4.75, 8], "uv_size": [1.75, 0.5]},
								"up": {"uv": [0, 5.5], "uv_size": [2.25, 1.75]},
								"down": {"uv": [2.5, 7.25], "uv_size": [2.25, -1.75]}
							}
						},
						{
							"origin": [-5.5, 4, 5],
							"size": [11, 10, 3],
							"uv": {
								"north": {"uv": [0, 0], "uv_size": [2.75, 2.5]},
								"east": {"uv": [2.75, 7.5], "uv_size": [0.75, 2.5]},
								"south": {"uv": [0, 2.75], "uv_size": [2.75, 2.5]},
								"west": {"uv": [3.75, 7.5], "uv_size": [0.75, 2.5]},
								"up": {"uv": [7.75, 6.75], "uv_size": [2.75, 0.75]},
								"down": {"uv": [7.75, 8.5], "uv_size": [2.75, -0.75]}
							}
						},
						{
							"origin": [-4.5, 12, 4],
							"size": [2, 1, 1],
							"uv": {
								"north": {"uv": [8, 6.25], "uv_size": [0.5, 0.25]},
								"east": {"uv": [8, 4.25], "uv_size": [0.25, 0.25]},
								"south": {"uv": [6.75, 8], "uv_size": [0.5, 0.25]},
								"west": {"uv": [0, 8.75], "uv_size": [0.25, 0.25]},
								"up": {"uv": [8.5, 5], "uv_size": [0.5, 0.25]},
								"down": {"uv": [6.75, 8.75], "uv_size": [0.5, -0.25]}
							}
						},
						{
							"origin": [-5.5, 4, -5],
							"size": [11, 4, 10],
							"uv": {
								"north": {"uv": [5, 5.5], "uv_size": [2.75, 1]},
								"east": {"uv": [5, 6.75], "uv_size": [2.5, 1]},
								"south": {"uv": [6, 0], "uv_size": [2.75, 1]},
								"west": {"uv": [0, 7.5], "uv_size": [2.5, 1]},
								"up": {"uv": [3, 0], "uv_size": [2.75, 2.5]},
								"down": {"uv": [3, 5.25], "uv_size": [2.75, -2.5]}
							}
						}
					]
				}
			],
			"item_display_transforms" : {
				"gui": {
					"rotation": [30, 225, 0],
					"translation": [0, 0, 0],
					"scale": [1, 1, 1]
				}
			}
		}
	]
}