{
	"format_version": "1.21.0",
	"minecraft:geometry": [
		{
			"description": {
				"identifier": "geometry.dss_bn_table_lamp_1",
				"texture_width": 16,
				"texture_height": 16,
				"visible_bounds_width": 2,
				"visible_bounds_height": 2.5,
				"visible_bounds_offset": [0, 0.75, 0]
			},
			"bones": [
				{
					"name": "block",
					"pivot": [0, 0, 0],
					"cubes": [
						{
							"origin": [-4, 6, -4],
							"size": [8, 5, 8],
							"uv": {
								"north": {"uv": [4.5, 0], "uv_size": [4, 2.5]},
								"east": {"uv": [4.5, 3], "uv_size": [4, 2.5]},
								"south": {"uv": [4.5, 6], "uv_size": [4, 2.5]},
								"west": {"uv": [0, 9], "uv_size": [4, 2.5]},
								"up": {"uv": [0, 0], "uv_size": [4, 4]},
								"down": {"uv": [0, 8.5], "uv_size": [4, -4]}
							}
						},
						{
							"origin": [-0.5, 5, -0.5],
							"size": [1, 5, 1],
							"uv": {
								"north": {"uv": [9, 4], "uv_size": [0.5, 2.5]},
								"east": {"uv": [4.5, 9], "uv_size": [0.5, 2.5]},
								"south": {"uv": [5.5, 9], "uv_size": [0.5, 2.5]},
								"west": {"uv": [6.5, 9], "uv_size": [0.5, 2.5]},
								"up": {"uv": [12, 1], "uv_size": [0.5, 0.5]},
								"down": {"uv": [12, 2.5], "uv_size": [0.5, -0.5]}
							}
						},
						{
							"origin": [-1.5, 4, -0.5],
							"size": [3, 1, 1],
							"uv": {
								"north": {"uv": [9, 8], "uv_size": [1.5, 0.5]},
								"east": {"uv": [3, 12], "uv_size": [0.5, 0.5]},
								"south": {"uv": [10, 4], "uv_size": [1.5, 0.5]},
								"west": {"uv": [12, 3], "uv_size": [0.5, 0.5]},
								"up": {"uv": [10, 5], "uv_size": [1.5, 0.5]},
								"down": {"uv": [10, 6.5], "uv_size": [1.5, -0.5]}
							}
						},
						{
							"origin": [-1.5, 1, -0.5],
							"size": [1, 3, 1],
							"uv": {
								"north": {"uv": [7.5, 10], "uv_size": [0.5, 1.5]},
								"east": {"uv": [8.5, 10], "uv_size": [0.5, 1.5]},
								"south": {"uv": [9.5, 10], "uv_size": [0.5, 1.5]},
								"west": {"uv": [10.5, 9], "uv_size": [0.5, 1.5]},
								"up": {"uv": [4, 12], "uv_size": [0.5, 0.5]},
								"down": {"uv": [12, 4.5], "uv_size": [0.5, -0.5]}
							}
						},
						{
							"origin": [0.5, 1, -0.5],
							"size": [1, 3, 1],
							"uv": {
								"north": {"uv": [10.5, 11], "uv_size": [0.5, 1.5]},
								"east": {"uv": [11.5, 8], "uv_size": [0.5, 1.5]},
								"south": {"uv": [11.5, 10], "uv_size": [0.5, 1.5]},
								"west": {"uv": [0, 12], "uv_size": [0.5, 1.5]},
								"up": {"uv": [5, 12], "uv_size": [0.5, 0.5]},
								"down": {"uv": [12, 5.5], "uv_size": [0.5, -0.5]}
							}
						},
						{
							"origin": [-2.5, 0, -1.5],
							"size": [5, 1, 3],
							"uv": {
								"north": {"uv": [9, 7], "uv_size": [2.5, 0.5]},
								"east": {"uv": [12, 0], "uv_size": [1.5, 0.5]},
								"south": {"uv": [7.5, 9], "uv_size": [2.5, 0.5]},
								"west": {"uv": [1, 12], "uv_size": [1.5, 0.5]},
								"up": {"uv": [9, 0], "uv_size": [2.5, 1.5]},
								"down": {"uv": [9, 3.5], "uv_size": [2.5, -1.5]}
							}
						}
					]
				}
			],
			"item_display_transforms" : {
				"gui": {
					"rotation": [30, 225, 0],
					"translation": [0, 0, 0],
					"scale": [1, 1, 1]
				}
			}
		}
	]
}