{
	"format_version": "1.21.0",
	"minecraft:geometry": [
		{
			"description": {
				"identifier": "geometry.dss_bn_bath_mat",
				"texture_width": 64,
				"texture_height": 64,
				"visible_bounds_width": 4,
				"visible_bounds_height": 2.5,
				"visible_bounds_offset": [0, 0.75, 0]
			},
			"bones": [
				{
					"name": "block",
					"pivot": [0, 0, 0],
					"cubes": [
						{
							"origin": [-12, 0, -9],
							"size": [24, 1, 18],
							"uv": {
								"north": {"uv": [25, 12], "uv_size": [24, 1]},
								"east": {"uv": [21, 38], "uv_size": [18, 1]},
								"south": {"uv": [25, 14], "uv_size": [24, 1]},
								"west": {"uv": [0, 40], "uv_size": [18, 1]},
								"up": {"uv": [0, 0], "uv_size": [24, 18]},
								"down": {"uv": [0, 37], "uv_size": [24, -18]}
							}
						},
						{
							"origin": [-13, 0, -8],
							"size": [1, 1, 16],
							"uv": {
								"north": {"uv": [48, 2], "uv_size": [1, 1]},
								"east": {"uv": [38, 44], "uv_size": [16, 1]},
								"south": {"uv": [48, 4], "uv_size": [1, 1]},
								"west": {"uv": [0, 46], "uv_size": [16, 1]},
								"up": {"uv": [17, 46], "uv_size": [1, 16]},
								"down": {"uv": [19, 62], "uv_size": [1, -16]}
							}
						},
						{
							"origin": [-14, 0, -7],
							"size": [1, 1, 14],
							"uv": {
								"north": {"uv": [5, 48], "uv_size": [1, 1]},
								"east": {"uv": [46, 26], "uv_size": [14, 1]},
								"south": {"uv": [48, 6], "uv_size": [1, 1]},
								"west": {"uv": [46, 28], "uv_size": [14, 1]},
								"up": {"uv": [42, 46], "uv_size": [1, 14]},
								"down": {"uv": [44, 60], "uv_size": [1, -14]}
							}
						},
						{
							"origin": [12, 0, -8],
							"size": [1, 1, 16],
							"uv": {
								"north": {"uv": [7, 48], "uv_size": [1, 1]},
								"east": {"uv": [21, 46], "uv_size": [16, 1]},
								"south": {"uv": [48, 8], "uv_size": [1, 1]},
								"west": {"uv": [46, 24], "uv_size": [16, 1]},
								"up": {"uv": [38, 46], "uv_size": [1, 16]},
								"down": {"uv": [40, 62], "uv_size": [1, -16]}
							}
						},
						{
							"origin": [13, 0, -7],
							"size": [1, 1, 14],
							"uv": {
								"north": {"uv": [9, 48], "uv_size": [1, 1]},
								"east": {"uv": [46, 30], "uv_size": [14, 1]},
								"south": {"uv": [48, 10], "uv_size": [1, 1]},
								"west": {"uv": [46, 32], "uv_size": [14, 1]},
								"up": {"uv": [46, 46], "uv_size": [1, 14]},
								"down": {"uv": [0, 62], "uv_size": [1, -14]}
							}
						},
						{
							"origin": [-11, 0, 9],
							"size": [22, 1, 2],
							"uv": {
								"north": {"uv": [25, 16], "uv_size": [22, 1]},
								"east": {"uv": [46, 34], "uv_size": [2, 1]},
								"south": {"uv": [25, 18], "uv_size": [22, 1]},
								"west": {"uv": [46, 36], "uv_size": [2, 1]},
								"up": {"uv": [25, 0], "uv_size": [22, 2]},
								"down": {"uv": [25, 5], "uv_size": [22, -2]}
							}
						},
						{
							"origin": [-10, 0, 11],
							"size": [20, 1, 1],
							"uv": {
								"north": {"uv": [25, 24], "uv_size": [20, 1]},
								"east": {"uv": [11, 48], "uv_size": [1, 1]},
								"south": {"uv": [25, 26], "uv_size": [20, 1]},
								"west": {"uv": [13, 48], "uv_size": [1, 1]},
								"up": {"uv": [25, 28], "uv_size": [20, 1]},
								"down": {"uv": [25, 31], "uv_size": [20, -1]}
							}
						},
						{
							"origin": [-9, 0, 12],
							"size": [18, 1, 1],
							"uv": {
								"north": {"uv": [19, 40], "uv_size": [18, 1]},
								"east": {"uv": [15, 48], "uv_size": [1, 1]},
								"south": {"uv": [38, 40], "uv_size": [18, 1]},
								"west": {"uv": [48, 16], "uv_size": [1, 1]},
								"up": {"uv": [40, 38], "uv_size": [18, 1]},
								"down": {"uv": [0, 43], "uv_size": [18, -1]}
							}
						},
						{
							"origin": [-11, 0, -11],
							"size": [22, 1, 2],
							"uv": {
								"north": {"uv": [25, 20], "uv_size": [22, 1]},
								"east": {"uv": [48, 0], "uv_size": [2, 1]},
								"south": {"uv": [25, 22], "uv_size": [22, 1]},
								"west": {"uv": [2, 48], "uv_size": [2, 1]},
								"up": {"uv": [25, 6], "uv_size": [22, 2]},
								"down": {"uv": [25, 11], "uv_size": [22, -2]}
							}
						},
						{
							"origin": [-10, 0, -12],
							"size": [20, 1, 1],
							"uv": {
								"north": {"uv": [25, 32], "uv_size": [20, 1]},
								"east": {"uv": [48, 18], "uv_size": [1, 1]},
								"south": {"uv": [25, 34], "uv_size": [20, 1]},
								"west": {"uv": [48, 20], "uv_size": [1, 1]},
								"up": {"uv": [25, 36], "uv_size": [20, 1]},
								"down": {"uv": [0, 39], "uv_size": [20, -1]}
							}
						},
						{
							"origin": [-9, 0, -13],
							"size": [18, 1, 1],
							"uv": {
								"north": {"uv": [19, 42], "uv_size": [18, 1]},
								"east": {"uv": [21, 48], "uv_size": [1, 1]},
								"south": {"uv": [38, 42], "uv_size": [18, 1]},
								"west": {"uv": [48, 22], "uv_size": [1, 1]},
								"up": {"uv": [0, 44], "uv_size": [18, 1]},
								"down": {"uv": [19, 45], "uv_size": [18, -1]}
							}
						}
					]
				}
			],
			"item_display_transforms" : {
				"gui": {
					"rotation": [30, 225, 0],
					"translation": [0, 0, 0],
					"scale": [1, 1, 1]
				}
			}
		}
	]
}