{
	"format_version": "1.21.0",
	"minecraft:geometry": [
		{
			"description": {
				"identifier": "geometry.dss_bn_bath_essentials",
				"texture_width": 64,
				"texture_height": 64,
				"visible_bounds_width": 2,
				"visible_bounds_height": 2.5,
				"visible_bounds_offset": [0, 0.75, 0]
			},
			"bones": [
				{
					"name": "block",
					"pivot": [0, -2, 0],
					"cubes": [
						{
							"origin": [-8, 5, 1],
							"size": [16, 2, 7],
							"uv": {
								"north": {"uv": [17, 0], "uv_size": [16, 2]},
								"east": {"uv": [0, 18], "uv_size": [8, 2]},
								"south": {"uv": [17, 3], "uv_size": [16, 2]},
								"west": {"uv": [9, 20], "uv_size": [8, 2]},
								"up": {"uv": [0, 0], "uv_size": [16, 8]},
								"down": {"uv": [0, 17], "uv_size": [16, -8]}
							}
						},
						{
							"origin": [-6, 7, 6],
							"size": [5, 5, 2],
							"uv": {
								"north": {"uv": [17, 6], "uv_size": [5, 6]},
								"east": {"uv": [23, 10], "uv_size": [2, 6]},
								"south": {"uv": [17, 13], "uv_size": [5, 6]},
								"west": {"uv": [14, 23], "uv_size": [2, 6]},
								"up": {"uv": [17, 26], "uv_size": [5, 2]},
								"down": {"uv": [26, 20], "uv_size": [5, -2]}
							}
						},
						{
							"origin": [0, 7, 6],
							"size": [3, 4, 2],
							"uv": {
								"north": {"uv": [18, 20], "uv_size": [3, 5]},
								"east": {"uv": [26, 21], "uv_size": [2, 5]},
								"south": {"uv": [0, 21], "uv_size": [3, 5]},
								"west": {"uv": [23, 26], "uv_size": [2, 5]},
								"up": {"uv": [29, 6], "uv_size": [3, 2]},
								"down": {"uv": [17, 31], "uv_size": [3, -2]}
							}
						},
						{
							"origin": [2, 6, 2],
							"size": [4, 2, 3],
							"uv": {
								"north": {"uv": [6, 27], "uv_size": [4, 2]},
								"east": {"uv": [29, 21], "uv_size": [3, 2]},
								"south": {"uv": [26, 27], "uv_size": [4, 2]},
								"west": {"uv": [29, 24], "uv_size": [3, 2]},
								"up": {"uv": [26, 10], "uv_size": [4, 3]},
								"down": {"uv": [26, 17], "uv_size": [4, -3]}
							}
						},
						{
							"origin": [3, 8, 3],
							"size": [2, 1, 1],
							"uv": {
								"north": {"uv": [23, 17], "uv_size": [2, 1]},
								"east": {"uv": [15, 18], "uv_size": [1, 1]},
								"south": {"uv": [11, 27], "uv_size": [2, 1]},
								"west": {"uv": [7, 33], "uv_size": [1, 1]},
								"up": {"uv": [14, 30], "uv_size": [2, 1]},
								"down": {"uv": [14, 33], "uv_size": [2, -1]}
							}
						},
						{
							"origin": [1, 11, 6],
							"size": [1, 1, 2],
							"uv": {
								"north": {"uv": [9, 33], "uv_size": [1, 1]},
								"east": {"uv": [17, 32], "uv_size": [2, 1]},
								"south": {"uv": [11, 33], "uv_size": [1, 1]},
								"west": {"uv": [32, 17], "uv_size": [2, 1]},
								"up": {"uv": [21, 29], "uv_size": [1, 2]},
								"down": {"uv": [20, 34], "uv_size": [1, -2]}
							}
						},
						{
							"origin": [4, 7, 6],
							"size": [3, 4, 2],
							"uv": {
								"north": {"uv": [4, 21], "uv_size": [3, 5]},
								"east": {"uv": [0, 27], "uv_size": [2, 5]},
								"south": {"uv": [22, 20], "uv_size": [3, 5]},
								"west": {"uv": [3, 27], "uv_size": [2, 5]},
								"up": {"uv": [6, 30], "uv_size": [3, 2]},
								"down": {"uv": [10, 32], "uv_size": [3, -2]}
							}
						},
						{
							"origin": [5, 11, 6],
							"size": [1, 1, 2],
							"uv": {
								"north": {"uv": [33, 21], "uv_size": [1, 1]},
								"east": {"uv": [32, 19], "uv_size": [2, 1]},
								"south": {"uv": [33, 23], "uv_size": [1, 1]},
								"west": {"uv": [22, 32], "uv_size": [2, 1]},
								"up": {"uv": [0, 33], "uv_size": [1, 2]},
								"down": {"uv": [2, 35], "uv_size": [1, -2]}
							}
						},
						{
							"origin": [-6, 7, 2],
							"size": [5, 1, 3],
							"uv": {
								"north": {"uv": [9, 18], "uv_size": [5, 1]},
								"east": {"uv": [31, 11], "uv_size": [3, 1]},
								"south": {"uv": [31, 9], "uv_size": [5, 1]},
								"west": {"uv": [31, 13], "uv_size": [3, 1]},
								"up": {"uv": [23, 6], "uv_size": [5, 3]},
								"down": {"uv": [8, 26], "uv_size": [5, -3]}
							}
						},
						{
							"origin": [-5, 8, 2.5],
							"size": [3, 1, 2],
							"uv": {
								"north": {"uv": [31, 15], "uv_size": [3, 1]},
								"east": {"uv": [4, 33], "uv_size": [2, 1]},
								"south": {"uv": [31, 27], "uv_size": [3, 1]},
								"west": {"uv": [33, 6], "uv_size": [2, 1]},
								"up": {"uv": [26, 30], "uv_size": [3, 2]},
								"down": {"uv": [30, 32], "uv_size": [3, -2]}
							}
						}
					]
				}
			],
			"item_display_transforms" : {
				"gui": {
					"rotation": [30, 225, 0],
					"translation": [0, 0, 0],
					"scale": [1, 1, 1]
				}
			}
		}
	]
}