{
	"format_version": "1.21.0",
	"minecraft:geometry": [
		{
			"description": {
				"identifier": "geometry.dss_bn_sprinkle",
				"texture_width": 16,
				"texture_height": 16,
				"visible_bounds_width": 2,
				"visible_bounds_height": 3,
				"visible_bounds_offset": [0, 0.5, 0]
			},
			"bones": [
				{
					"name": "block",
					"pivot": [0, 0, 0],
					"cubes": [
						{
							"origin": [-2, -9, 7],
							"size": [4, 3, 1],
							"uv": {
								"north": {"uv": [3, 0], "uv_size": [2, 1.5]},
								"east": {"uv": [0, 6], "uv_size": [0.5, 1.5]},
								"south": {"uv": [3, 2], "uv_size": [2, 1.5]},
								"west": {"uv": [1, 6], "uv_size": [0.5, 1.5]},
								"up": {"uv": [3, 4], "uv_size": [2, 0.5]},
								"down": {"uv": [3, 5.5], "uv_size": [2, -0.5]}
							}
						},
						{
							"origin": [-0.5, 13, 7],
							"size": [1, 3, 1],
							"uv": {
								"north": {"uv": [2, 6], "uv_size": [0.5, 1.5]},
								"east": {"uv": [3, 6], "uv_size": [0.5, 1.5]},
								"south": {"uv": [3, 6], "uv_size": [0.5, 1.5]},
								"west": {"uv": [6.5, 2], "uv_size": [0.5, 1.5]},
								"up": {"uv": [2, 8], "uv_size": [0.5, 0.5]},
								"down": {"uv": [3, 8.5], "uv_size": [0.5, -0.5]}
							}
						},
						{
							"origin": [-0.25, -6, 7.5],
							"size": [0.5, 19, 0],
							"uv": {
								"north": {"uv": [2, 6], "uv_size": [0.5, 1.5]},
								"east": {"uv": [3, 6], "uv_size": [0.5, 1.5]},
								"south": {"uv": [4, 6], "uv_size": [0.5, 1.5]},
								"west": {"uv": [6.5, 2], "uv_size": [0.5, 1.5]},
								"up": {"uv": [2, 8], "uv_size": [0.5, 0.5]},
								"down": {"uv": [3, 8.5], "uv_size": [0.5, -0.5]}
							}
						},
						{
							"origin": [-0.5, 14, 2],
							"size": [1, 2, 1],
							"uv": {
								"north": {"uv": [7.5, 2], "uv_size": [0.5, 1]},
								"east": {"uv": [0, 8], "uv_size": [0.5, 1]},
								"south": {"uv": [8, 0], "uv_size": [0.5, 1]},
								"west": {"uv": [1, 8], "uv_size": [0.5, 1]},
								"up": {"uv": [4, 8], "uv_size": [0.5, 0.5]},
								"down": {"uv": [5, 8.5], "uv_size": [0.5, -0.5]}
							}
						},
						{
							"origin": [-2.5, 16.25, 0],
							"size": [5, 0.5, 5],
							"pivot": [-0.5, 14.75, -5],
							"rotation": [-20, 0, 0],
							"uv": {
								"north": {"uv": [6.5, 4], "uv_size": [2.5, 0.25]},
								"east": {"uv": [6.5, 5], "uv_size": [2.5, 0.25]},
								"south": {"uv": [6.5, 6], "uv_size": [2.5, 0.25]},
								"west": {"uv": [5, 7], "uv_size": [2.5, 0.25]},
								"up": {"uv": [0, 0], "uv_size": [2.5, 2.5]},
								"down": {"uv": [0, 5.5], "uv_size": [2.5, -2.5]}
							}
						},
						{
							"origin": [-0.5, 15, 3],
							"size": [1, 1, 4],
							"uv": {
								"north": {"uv": [6, 8], "uv_size": [0.5, 0.5]},
								"east": {"uv": [5.5, 0], "uv_size": [2, 0.5]},
								"south": {"uv": [7, 8], "uv_size": [0.5, 0.5]},
								"west": {"uv": [5.5, 1], "uv_size": [2, 0.5]},
								"up": {"uv": [5.5, 2], "uv_size": [0.5, 2]},
								"down": {"uv": [5.5, 6.5], "uv_size": [0.5, -2]}
							}
						},
						{
							"origin": [-1.75, -8, 6],
							"size": [1, 1, 1],
							"uv": {
								"north": {"uv": [8, 7], "uv_size": [0.5, 0.5]},
								"east": {"uv": [8, 8], "uv_size": [0.5, 0.5]},
								"south": {"uv": [8.5, 1.5], "uv_size": [0.5, 0.5]},
								"west": {"uv": [8.5, 2.5], "uv_size": [0.5, 0.5]},
								"up": {"uv": [9, 0], "uv_size": [0.5, 0.5]},
								"down": {"uv": [2, 9.5], "uv_size": [0.5, -0.5]}
							}
						},
						{
							"origin": [0.75, -8, 6],
							"size": [1, 1, 1],
							"uv": {
								"north": {"uv": [8, 7], "uv_size": [0.5, 0.5]},
								"east": {"uv": [8, 8], "uv_size": [0.5, 0.5]},
								"south": {"uv": [8.5, 1.5], "uv_size": [0.5, 0.5]},
								"west": {"uv": [8.5, 2.5], "uv_size": [0.5, 0.5]},
								"up": {"uv": [9, 0], "uv_size": [0.5, 0.5]},
								"down": {"uv": [2, 9.5], "uv_size": [0.5, -0.5]}
							}
						},
						{
							"origin": [-0.5, -8, 6],
							"size": [1, 1, 1],
							"uv": {
								"north": {"uv": [3, 9], "uv_size": [0.5, 0.5]},
								"east": {"uv": [4, 9], "uv_size": [0.5, 0.5]},
								"south": {"uv": [5, 9], "uv_size": [0.5, 0.5]},
								"west": {"uv": [6, 9], "uv_size": [0.5, 0.5]},
								"up": {"uv": [7, 9], "uv_size": [0.5, 0.5]},
								"down": {"uv": [9, 7.5], "uv_size": [0.5, -0.5]}
							}
						}
					]
				}
			],
			"item_display_transforms" : {
				"gui": {
					"rotation": [30, 225, 0],
					"translation": [0, 0, 0],
					"scale": [1, 1, 1]
				}
			}
		}
	]
}