{
	"format_version": "1.21.0",
	"minecraft:geometry": [
		{
			"description": {
				"identifier": "geometry.dss_bn_barrier_rope",
				"texture_width": 16,
				"texture_height": 16,
				"visible_bounds_width": 2,
				"visible_bounds_height": 2.5,
				"visible_bounds_offset": [0, 0.75, 0]
			},
			"bones": [
				{
					"name": "block",
					"pivot": [0, 0, 0],
					"cubes": [
						{
							"origin": [-8, 0, -1.75],
							"size": [3, 1, 3.5],
							"uv": {
								"north": {"uv": [7.25, 2], "uv_size": [0.75, 0.25]},
								"east": {"uv": [7.25, 0], "uv_size": [0.875, 0.25]},
								"south": {"uv": [7.25, 2.5], "uv_size": [0.75, 0.25]},
								"west": {"uv": [7.25, 0.5], "uv_size": [0.875, 0.25]},
								"up": {"uv": [5, 4.25], "uv_size": [0.75, 0.875]},
								"down": {"uv": [5, 6.375], "uv_size": [0.75, -0.875]}
							}
						},
						{
							"origin": [-7, 1, -0.75],
							"size": [1, 15, 1.5],
							"uv": {
								"north": {"uv": [3, 4.25], "uv_size": [0.25, 3.75]},
								"east": {"uv": [0, 4.25], "uv_size": [0.375, 3.75]},
								"south": {"uv": [3.5, 4.25], "uv_size": [0.25, 3.75]},
								"west": {"uv": [0.75, 4.25], "uv_size": [0.375, 3.75]},
								"up": {"uv": [7.25, 7.25], "uv_size": [0.25, 0.375]},
								"down": {"uv": [5, 7.875], "uv_size": [0.25, -0.375]}
							}
						},
						{
							"origin": [-7.5, 16, -1],
							"size": [2, 2, 2],
							"uv": {
								"north": {"uv": [6.5, 0], "uv_size": [0.5, 0.5]},
								"east": {"uv": [6.5, 0.75], "uv_size": [0.5, 0.5]},
								"south": {"uv": [6.5, 1.5], "uv_size": [0.5, 0.5]},
								"west": {"uv": [6.5, 2.25], "uv_size": [0.5, 0.5]},
								"up": {"uv": [6.5, 3], "uv_size": [0.5, 0.5]},
								"down": {"uv": [5, 7.25], "uv_size": [0.5, -0.5]}
							}
						},
						{
							"origin": [5, 0, -1.75],
							"size": [3, 1, 3.5],
							"uv": {
								"north": {"uv": [7.25, 3], "uv_size": [0.75, 0.25]},
								"east": {"uv": [7.25, 1], "uv_size": [0.875, 0.25]},
								"south": {"uv": [7.25, 6.75], "uv_size": [0.75, 0.25]},
								"west": {"uv": [7.25, 1.5], "uv_size": [0.875, 0.25]},
								"up": {"uv": [6, 4.25], "uv_size": [0.75, 0.875]},
								"down": {"uv": [6, 6.375], "uv_size": [0.75, -0.875]}
							}
						},
						{
							"origin": [5.5, 16, -1],
							"size": [2, 2, 2],
							"uv": {
								"north": {"uv": [5.75, 6.75], "uv_size": [0.5, 0.5]},
								"east": {"uv": [6.5, 6.75], "uv_size": [0.5, 0.5]},
								"south": {"uv": [7, 3.75], "uv_size": [0.5, 0.5]},
								"west": {"uv": [7, 4.5], "uv_size": [0.5, 0.5]},
								"up": {"uv": [7, 5.25], "uv_size": [0.5, 0.5]},
								"down": {"uv": [7, 6.5], "uv_size": [0.5, -0.5]}
							}
						},
						{
							"origin": [6, 1, -0.75],
							"size": [1, 15, 1.5],
							"uv": {
								"north": {"uv": [4, 4.25], "uv_size": [0.25, 3.75]},
								"east": {"uv": [1.5, 4.25], "uv_size": [0.375, 3.75]},
								"south": {"uv": [4.5, 4.25], "uv_size": [0.25, 3.75]},
								"west": {"uv": [2.25, 4.25], "uv_size": [0.375, 3.75]},
								"up": {"uv": [5.5, 7.5], "uv_size": [0.25, 0.375]},
								"down": {"uv": [6, 7.875], "uv_size": [0.25, -0.375]}
							}
						},
						{
							"origin": [-6, 0, 0],
							"size": [12, 16, 0],
							"uv": {
								"north": {"uv": [0, 0], "uv_size": [3, 4]},
								"east": {"uv": [6.5, 7.5], "uv_size": [0, 4]},
								"south": {"uv": [3.25, 0], "uv_size": [3, 4]},
								"west": {"uv": [6.75, 7.5], "uv_size": [0, 4]},
								"up": {"uv": [7.25, 3.5], "uv_size": [3, 0]},
								"down": {"uv": [7.75, 3.75], "uv_size": [3, 0]}
							}
						}
					]
				}
			],
			"item_display_transforms" : {
				"gui": {
					"rotation": [30, 225, 0],
					"translation": [0, 0, 0],
					"scale": [1, 1, 1]
				}
			}
		}
	]
}