{
	"format_version": "1.21.0",
	"minecraft:geometry": [
		{
			"description": {
				"identifier": "geometry.dss_bn_counter_table",
				"texture_width": 128,
				"texture_height": 128,
				"visible_bounds_width": 2,
				"visible_bounds_height": 3,
				"visible_bounds_offset": [0, 0.5, 0]
			},
			"bones": [
				{
					"name": "block",
					"pivot": [0, 0, 0],
					"cubes": [
						{
							"origin": [-8, 0, -7],
							"size": [16, 15, 15],
							"uv": {
								"north": {"uv": [17, 0], "uv_size": [16, 15]},
								"east": {"uv": [34, 0], "uv_size": [15, 15]},
								"south": {"uv": [17, 16], "uv_size": [16, 15]},
								"west": {"uv": [34, 16], "uv_size": [15, 15]},
								"up": {"uv": [17, 32], "uv_size": [16, 15]},
								"down": {"uv": [0, 49], "uv_size": [16, -15]}
							}
						},
						{
							"origin": [-8, 15, -8],
							"size": [16, 1, 16],
							"uv": {
								"north": {"uv": [0, 50], "uv_size": [16, 1]},
								"east": {"uv": [50, 0], "uv_size": [16, 1]},
								"south": {"uv": [50, 2], "uv_size": [16, 1]},
								"west": {"uv": [50, 4], "uv_size": [16, 1]},
								"up": {"uv": [0, 0], "uv_size": [16, 16]},
								"down": {"uv": [0, 33], "uv_size": [16, -16]}
							}
						},
						{
							"origin": [-8, 9, -8],
							"size": [16, 4, 1],
							"uv": {
								"north": {"uv": [34, 32], "uv_size": [16, 6]},
								"east": {"uv": [50, 14], "uv_size": [1, 6]},
								"south": {"uv": [34, 39], "uv_size": [16, 6]},
								"west": {"uv": [50, 21], "uv_size": [1, 6]},
								"up": {"uv": [50, 6], "uv_size": [16, 1]},
								"down": {"uv": [50, 9], "uv_size": [16, -1]}
							}
						},
						{
							"origin": [-8, 1, -8],
							"size": [16, 7, 1],
							"uv": {
								"north": {"uv": [34, 46], "uv_size": [16, 6]},
								"east": {"uv": [51, 28], "uv_size": [1, 6]},
								"south": {"uv": [17, 48], "uv_size": [16, 6]},
								"west": {"uv": [51, 35], "uv_size": [1, 6]},
								"up": {"uv": [50, 10], "uv_size": [16, 1]},
								"down": {"uv": [50, 13], "uv_size": [16, -1]}
							}
						}
					]
				}
			],
			"item_display_transforms" : {
				"gui": {
					"rotation": [30, 225, 0],
					"translation": [0, 0, 0],
					"scale": [1, 1, 1]
				}
			}
		}
	]
}