{
	"format_version": "1.21.0",
	"minecraft:geometry": [
		{
			"description": {
				"identifier": "geometry.dss_bn_fridge",
				"texture_width": 64,
				"texture_height": 64,
				"visible_bounds_width": 2,
				"visible_bounds_height": 2.5,
				"visible_bounds_offset": [0, 0.75, 0]
			},
			"bones": [
				{
					"name": "block",
					"pivot": [0, 0, 0],
					"cubes": [
						{
							"origin": [-8, 0, -6],
							"size": [16, 16, 14],
							"uv": {
								"north": {"uv": [0, 0], "uv_size": [16, 16]},
								"east": {"uv": [17, 0], "uv_size": [14, 16]},
								"south": {"uv": [0, 17], "uv_size": [16, 16]},
								"west": {"uv": [17, 17], "uv_size": [14, 16]},
								"up": {"uv": [32, 0], "uv_size": [16, 14]},
								"down": {"uv": [32, 29], "uv_size": [16, -14]}
							}
						},
						{
							"origin": [-7, 1, -7],
							"size": [14, 14, 14],
							"uv": {
								"north": {"uv": [32, 30], "uv_size": [14, 14]},
								"east": {"uv": [0, 34], "uv_size": [14, 14]},
								"south": {"uv": [15, 34], "uv_size": [14, 14]},
								"west": {"uv": [30, 45], "uv_size": [14, 14]},
								"up": {"uv": [45, 45], "uv_size": [14, 14]},
								"down": {"uv": [47, 44], "uv_size": [14, -14]}
							}
						},
						{
							"origin": [-6, 3, -8],
							"size": [1, 10, 1],
							"uv": {
								"north": {"uv": [30, 34], "uv_size": [1, 10]},
								"east": {"uv": [0, 49], "uv_size": [1, 10]},
								"south": {"uv": [49, 0], "uv_size": [1, 10]},
								"west": {"uv": [2, 49], "uv_size": [1, 10]},
								"up": {"uv": [4, 49], "uv_size": [1, 1]},
								"down": {"uv": [6, 50], "uv_size": [1, -1]}
							}
						}
					]
				}
			],
			"item_display_transforms" : {
				"gui": {
					"rotation": [30, 225, 0],
					"translation": [0, 0, 0],
					"scale": [1, 1, 1]
				}
			}
		}
	]
}