{
	"format_version": "1.21.0",
	"minecraft:geometry": [
		{
			"description": {
				"identifier": "geometry.dss_bn_cupboard_3",
				"texture_width": 16,
				"texture_height": 16,
				"visible_bounds_width": 2,
				"visible_bounds_height": 2.5,
				"visible_bounds_offset": [0, 0.75, 0]
			},
			"bones": [
				{
					"name": "block",
					"pivot": [0, 0, 0],
					"cubes": [
						{
							"origin": [-8, 0, -7],
							"size": [1, 16, 15],
							"uv": {
								"north": {"uv": [3.75, 6.75], "uv_size": [0.125, 2]},
								"east": {"uv": [0, 0], "uv_size": [1.875, 2]},
								"south": {"uv": [4, 6.75], "uv_size": [0.125, 2]},
								"west": {"uv": [2, 0], "uv_size": [1.875, 2]},
								"up": {"uv": [6.5, 6.75], "uv_size": [0.125, 1.875]},
								"down": {"uv": [6.75, 8.625], "uv_size": [0.125, -1.875]}
							}
						},
						{
							"origin": [7, 0, -7],
							"size": [1, 16, 15],
							"uv": {
								"north": {"uv": [4.25, 6.75], "uv_size": [0.125, 2]},
								"east": {"uv": [0, 2.125], "uv_size": [1.875, 2]},
								"south": {"uv": [4.5, 6.75], "uv_size": [0.125, 2]},
								"west": {"uv": [2, 2.125], "uv_size": [1.875, 2]},
								"up": {"uv": [7, 6.75], "uv_size": [0.125, 1.875]},
								"down": {"uv": [7.25, 8], "uv_size": [0.125, -1.875]}
							}
						},
						{
							"origin": [-7, 0, -7],
							"size": [14, 1, 14],
							"uv": {
								"north": {"uv": [5.875, 3.75], "uv_size": [1.75, 0.125]},
								"east": {"uv": [5.875, 4], "uv_size": [1.75, 0.125]},
								"south": {"uv": [7.5, 4.25], "uv_size": [1.75, 0.125]},
								"west": {"uv": [7.5, 4.5], "uv_size": [1.75, 0.125]},
								"up": {"uv": [0, 4.25], "uv_size": [1.75, 1.75]},
								"down": {"uv": [1.875, 6], "uv_size": [1.75, -1.75]}
							}
						},
						{
							"origin": [-7, 15, -7],
							"size": [14, 1, 14],
							"uv": {
								"north": {"uv": [7.5, 4.75], "uv_size": [1.75, 0.125]},
								"east": {"uv": [7.5, 5], "uv_size": [1.75, 0.125]},
								"south": {"uv": [7.5, 5.25], "uv_size": [1.75, 0.125]},
								"west": {"uv": [7.5, 5.5], "uv_size": [1.75, 0.125]},
								"up": {"uv": [3.75, 4.25], "uv_size": [1.75, 1.75]},
								"down": {"uv": [5.625, 6], "uv_size": [1.75, -1.75]}
							}
						},
						{
							"origin": [-7, 1, -6.5],
							"size": [14, 14, 0],
							"uv": {
								"north": {"uv": [5.875, 0], "uv_size": [1.75, 1.75]},
								"east": {"uv": [8.125, 8.375], "uv_size": [0, 1.75]},
								"south": {"uv": [5.875, 1.875], "uv_size": [1.75, 1.75]},
								"west": {"uv": [8.5, 0.5], "uv_size": [0, 1.75]},
								"up": {"uv": [8.125, 4.125], "uv_size": [1.75, 0]},
								"down": {"uv": [0.625, 8.5], "uv_size": [1.75, 0]}
							}
						},
						{
							"origin": [-7, 0, 7],
							"size": [14, 16, 1],
							"uv": {
								"north": {"uv": [4, 0], "uv_size": [1.75, 2]},
								"east": {"uv": [4.75, 6.75], "uv_size": [0.125, 2]},
								"south": {"uv": [4, 2.125], "uv_size": [1.75, 2]},
								"west": {"uv": [5, 6.75], "uv_size": [0.125, 2]},
								"up": {"uv": [7.5, 5.75], "uv_size": [1.75, 0.125]},
								"down": {"uv": [7.5, 6.125], "uv_size": [1.75, -0.125]}
							}
						},
						{
							"origin": [-7, 7, -6],
							"size": [14, 1, 13],
							"uv": {
								"north": {"uv": [7.5, 6.25], "uv_size": [1.75, 0.125]},
								"east": {"uv": [7.5, 6.75], "uv_size": [1.625, 0.125]},
								"south": {"uv": [7.5, 6.5], "uv_size": [1.75, 0.125]},
								"west": {"uv": [7.5, 7], "uv_size": [1.625, 0.125]},
								"up": {"uv": [0, 6.125], "uv_size": [1.75, 1.625]},
								"down": {"uv": [1.875, 7.75], "uv_size": [1.75, -1.625]}
							}
						},
						{
							"origin": [-5, 8, -3],
							"size": [2, 4, 6],
							"uv": {
								"north": {"uv": [0.375, 7.875], "uv_size": [0.25, 0.5]},
								"east": {"uv": [3.75, 6.125], "uv_size": [0.75, 0.5]},
								"south": {"uv": [0.75, 7.875], "uv_size": [0.25, 0.5]},
								"west": {"uv": [4.625, 6.125], "uv_size": [0.75, 0.5]},
								"up": {"uv": [7.5, 7.25], "uv_size": [0.25, 0.75]},
								"down": {"uv": [7.75, 0.75], "uv_size": [0.25, -0.75]}
							}
						},
						{
							"origin": [-5, 1, -3],
							"size": [2, 4, 6],
							"uv": {
								"north": {"uv": [1.125, 7.875], "uv_size": [0.25, 0.5]},
								"east": {"uv": [5.5, 6.125], "uv_size": [0.75, 0.5]},
								"south": {"uv": [1.5, 7.875], "uv_size": [0.25, 0.5]},
								"west": {"uv": [6.375, 6.125], "uv_size": [0.75, 0.5]},
								"up": {"uv": [7.75, 0.875], "uv_size": [0.25, 0.75]},
								"down": {"uv": [7.75, 2.5], "uv_size": [0.25, -0.75]}
							}
						},
						{
							"origin": [-2, 8, -3],
							"size": [2, 2, 6],
							"uv": {
								"north": {"uv": [3.25, 7.875], "uv_size": [0.25, 0.25]},
								"east": {"uv": [7.75, 2.625], "uv_size": [0.75, 0.25]},
								"south": {"uv": [7.875, 7.625], "uv_size": [0.25, 0.25]},
								"west": {"uv": [7.75, 3], "uv_size": [0.75, 0.25]},
								"up": {"uv": [7.75, 3.375], "uv_size": [0.25, 0.75]},
								"down": {"uv": [0, 8.625], "uv_size": [0.25, -0.75]}
							}
						},
						{
							"origin": [2, 8, 1],
							"size": [4, 4, 2],
							"uv": {
								"north": {"uv": [5.25, 6.75], "uv_size": [0.5, 0.5]},
								"east": {"uv": [1.875, 7.875], "uv_size": [0.25, 0.5]},
								"south": {"uv": [5.875, 6.75], "uv_size": [0.5, 0.5]},
								"west": {"uv": [2.25, 7.875], "uv_size": [0.25, 0.5]},
								"up": {"uv": [2.625, 7.875], "uv_size": [0.5, 0.25]},
								"down": {"uv": [7.875, 7.5], "uv_size": [0.5, -0.25]}
							}
						},
						{
							"origin": [4, 1, -3],
							"size": [2, 2, 2],
							"uv": {
								"north": {"uv": [7.875, 8], "uv_size": [0.25, 0.25]},
								"east": {"uv": [8.125, 0], "uv_size": [0.25, 0.25]},
								"south": {"uv": [8.125, 0.375], "uv_size": [0.25, 0.25]},
								"west": {"uv": [8.125, 0.75], "uv_size": [0.25, 0.25]},
								"up": {"uv": [8.125, 1.125], "uv_size": [0.25, 0.25]},
								"down": {"uv": [8.125, 1.75], "uv_size": [0.25, -0.25]}
							}
						},
						{
							"origin": [1, 1, -3],
							"size": [2, 2, 2],
							"uv": {
								"north": {"uv": [8.125, 1.875], "uv_size": [0.25, 0.25]},
								"east": {"uv": [8.125, 2.25], "uv_size": [0.25, 0.25]},
								"south": {"uv": [8.125, 3.375], "uv_size": [0.25, 0.25]},
								"west": {"uv": [8.125, 3.75], "uv_size": [0.25, 0.25]},
								"up": {"uv": [7.25, 8.125], "uv_size": [0.25, 0.25]},
								"down": {"uv": [2.625, 8.5], "uv_size": [0.25, -0.25]}
							}
						},
						{
							"origin": [-2, 7, -7.5],
							"size": [1, 2, 1],
							"uv": {
								"north": {"uv": [6.25, 7.375], "uv_size": [0.125, 0.25]},
								"east": {"uv": [6.25, 7.75], "uv_size": [0.125, 0.25]},
								"south": {"uv": [6.25, 8.125], "uv_size": [0.125, 0.25]},
								"west": {"uv": [7.625, 8.125], "uv_size": [0.125, 0.25]},
								"up": {"uv": [8.25, 8], "uv_size": [0.125, 0.125]},
								"down": {"uv": [8.25, 8.375], "uv_size": [0.125, -0.125]}
							}
						},
						{
							"origin": [1, 7, -7.5],
							"size": [1, 2, 1],
							"uv": {
								"north": {"uv": [3, 8.25], "uv_size": [0.125, 0.25]},
								"east": {"uv": [3.25, 8.25], "uv_size": [0.125, 0.25]},
								"south": {"uv": [3.5, 8.25], "uv_size": [0.125, 0.25]},
								"west": {"uv": [8.25, 7.625], "uv_size": [0.125, 0.25]},
								"up": {"uv": [7.875, 8.375], "uv_size": [0.125, 0.125]},
								"down": {"uv": [8.5, 0.125], "uv_size": [0.125, -0.125]}
							}
						},
						{
							"origin": [-0.5, 1, -7],
							"size": [1, 14, 1],
							"uv": {
								"north": {"uv": [5.25, 7.375], "uv_size": [0.125, 1.75]},
								"east": {"uv": [5.5, 7.375], "uv_size": [0.125, 1.75]},
								"south": {"uv": [5.75, 7.375], "uv_size": [0.125, 1.75]},
								"west": {"uv": [6, 7.375], "uv_size": [0.125, 1.75]},
								"up": {"uv": [8.5, 0.25], "uv_size": [0.125, 0.125]},
								"down": {"uv": [0.375, 8.625], "uv_size": [0.125, -0.125]}
							}
						}
					]
				}
			],
			"item_display_transforms" : {
				"gui": {
					"rotation": [30, 225, 0],
					"translation": [0, 0, 0],
					"scale": [1, 1, 1]
				}
			}
		}
	]
}