{
	"format_version": "1.21.0",
	"minecraft:geometry": [
		{
			"description": {
				"identifier": "geometry.dss_bn_bathtub",
				"texture_width": 128,
				"texture_height": 128,
				"visible_bounds_width": 3,
				"visible_bounds_height": 3,
				"visible_bounds_offset": [0, 0.5, 0]
			},
			"bones": [
				{
					"name": "block",
					"pivot": [0, 0, 0],
					"cubes": [
						{
							"origin": [-12, 3, -8],
							"size": [24, 12, 2],
							"uv": {
								"north": {"uv": [0, 0], "uv_size": [28, 18]},
								"east": {"uv": [57, 61], "uv_size": [2, 18]},
								"south": {"uv": [0, 19], "uv_size": [28, 18]},
								"west": {"uv": [60, 61], "uv_size": [2, 18]},
								"up": {"uv": [58, 4], "uv_size": [28, 2]},
								"down": {"uv": [58, 9], "uv_size": [28, -2]}
							}
						},
						{
							"origin": [-12, 3, 6],
							"size": [24, 12, 2],
							"uv": {
								"north": {"uv": [28, 19], "uv_size": [-28, 18]},
								"east": {"uv": [59, 61], "uv_size": [-2, 18]},
								"south": {"uv": [28, 0], "uv_size": [-28, 18]},
								"west": {"uv": [62, 61], "uv_size": [-2, 18]},
								"up": {"uv": [58, 6], "uv_size": [28, -2]},
								"down": {"uv": [58, 7], "uv_size": [28, 2]}
							}
						},
						{
							"origin": [-14, 3, -8],
							"size": [2, 12, 16],
							"uv": {
								"north": {"uv": [63, 61], "uv_size": [2, 18]},
								"east": {"uv": [50, 38], "uv_size": [18, 18]},
								"south": {"uv": [66, 61], "uv_size": [2, 18]},
								"west": {"uv": [0, 57], "uv_size": [18, 18]},
								"up": {"uv": [69, 24], "uv_size": [2, 18]},
								"down": {"uv": [69, 79], "uv_size": [2, -18]}
							}
						},
						{
							"origin": [12, 3, -8],
							"size": [2, 12, 16],
							"uv": {
								"north": {"uv": [65, 61], "uv_size": [-2, 18]},
								"east": {"uv": [18, 57], "uv_size": [-18, 18]},
								"south": {"uv": [68, 61], "uv_size": [-2, 18]},
								"west": {"uv": [68, 38], "uv_size": [-18, 18]},
								"up": {"uv": [71, 24], "uv_size": [-2, 18]},
								"down": {"uv": [71, 79], "uv_size": [-2, -18]}
							}
						},
						{
							"origin": [-14, 15, -1],
							"size": [2, 3, 2],
							"uv": {
								"north": {"uv": [58, 30], "uv_size": [2, 3]},
								"east": {"uv": [58, 34], "uv_size": [2, 3]},
								"south": {"uv": [61, 30], "uv_size": [2, 3]},
								"west": {"uv": [61, 34], "uv_size": [2, 3]},
								"up": {"uv": [63, 24], "uv_size": [2, 2]},
								"down": {"uv": [63, 29], "uv_size": [2, -2]}
							}
						},
						{
							"origin": [-14, 18, -1],
							"size": [4, 1, 2],
							"uv": {
								"north": {"uv": [64, 30], "uv_size": [4, 1]},
								"east": {"uv": [69, 55], "uv_size": [2, 1]},
								"south": {"uv": [64, 32], "uv_size": [4, 1]},
								"west": {"uv": [72, 55], "uv_size": [2, 1]},
								"up": {"uv": [58, 24], "uv_size": [4, 2]},
								"down": {"uv": [58, 29], "uv_size": [4, -2]}
							}
						},
						{
							"origin": [-14, 15, -4],
							"size": [2, 2, 2],
							"uv": {
								"north": {"uv": [64, 34], "uv_size": [2, 2]},
								"east": {"uv": [66, 24], "uv_size": [2, 2]},
								"south": {"uv": [66, 27], "uv_size": [2, 2]},
								"west": {"uv": [69, 43], "uv_size": [2, 2]},
								"up": {"uv": [69, 46], "uv_size": [2, 2]},
								"down": {"uv": [69, 51], "uv_size": [2, -2]}
							}
						},
						{
							"origin": [-14, 15, 2],
							"size": [2, 2, 2],
							"uv": {
								"north": {"uv": [69, 52], "uv_size": [2, 2]},
								"east": {"uv": [72, 43], "uv_size": [2, 2]},
								"south": {"uv": [72, 46], "uv_size": [2, 2]},
								"west": {"uv": [72, 49], "uv_size": [2, 2]},
								"up": {"uv": [72, 52], "uv_size": [2, 2]},
								"down": {"uv": [75, 45], "uv_size": [2, -2]}
							}
						},
						{
							"origin": [-12, 0, -8],
							"size": [24, 3, 16],
							"uv": {
								"north": {"uv": [57, 57], "uv_size": [24, 3]},
								"east": {"uv": [58, 16], "uv_size": [18, 3]},
								"south": {"uv": [58, 0], "uv_size": [24, 3]},
								"west": {"uv": [58, 20], "uv_size": [18, 3]},
								"up": {"uv": [0, 38], "uv_size": [24, 18]},
								"down": {"uv": [25, 56], "uv_size": [24, -18]}
							}
						}
					]
				}
			],
			"item_display_transforms" : {
				"gui": {
					"rotation": [30, 225, 0],
					"translation": [0, 0, 0],
					"scale": [1, 1, 1]
				}
			}
		}
	]
}