{
	"format_version": "1.21.0",
	"minecraft:geometry": [
		{
			"description": {
				"identifier": "geometry.dss_bn_switch_off",
				"texture_width": 16,
				"texture_height": 16,
				"visible_bounds_width": 2,
				"visible_bounds_height": 2.5,
				"visible_bounds_offset": [0, 0.75, 0]
			},
			"bones": [
				{
					"name": "block",
					"pivot": [0, 0, 0],
					"cubes": [
						{
							"origin": [-2, 5, 7],
							"size": [4, 8, 1],
							"uv": {
								"north": {"uv": [0, 0], "uv_size": [2, 4]},
								"east": {"uv": [3, 4.5], "uv_size": [0.5, 4]},
								"south": {"uv": [2.5, 0], "uv_size": [2, 4]},
								"west": {"uv": [4, 4.5], "uv_size": [0.5, 4]},
								"up": {"uv": [6, 0], "uv_size": [2, 0.5]},
								"down": {"uv": [6, 1.5], "uv_size": [2, -0.5]}
							}
						},
						{
							"origin": [-1, 6, 5],
							"size": [2, 6, 2],
							"uv": {
								"north": {"uv": [0, 4.5], "uv_size": [1, 3]},
								"east": {"uv": [5, 0], "uv_size": [0.5, 3]},
								"south": {"uv": [1.5, 4.5], "uv_size": [1, 3]},
								"west": {"uv": [5, 3.5], "uv_size": [0.5, 3]},
								"up": {"uv": [6, 2], "uv_size": [1, 0.5]},
								"down": {"uv": [6, 3.5], "uv_size": [1, -0.5]}
							}
						}
					]
				}
			],
			"item_display_transforms" : {
				"gui": {
					"rotation": [30, 225, 0],
					"translation": [0, 0, 0],
					"scale": [1, 1, 1]
				}
			}
		}
	]
}