{
	"format_version": "1.21.0",
	"minecraft:geometry": [
		{
			"description": {
				"identifier": "geometry.dss_bn_toilet",
				"texture_width": 64,
				"texture_height": 64,
				"visible_bounds_width": 3,
				"visible_bounds_height": 2.5,
				"visible_bounds_offset": [0, 0.75, 0]
			},
			"bones": [
				{
					"name": "block",
					"pivot": [0.5, 0, 1],
					"cubes": [
						{
							"origin": [-3.5, 0, -2],
							"size": [7, 2, 6],
							"uv": {
								"north": {"uv": [32, 8], "uv_size": [7, 2]},
								"east": {"uv": [32, 22], "uv_size": [6, 2]},
								"south": {"uv": [32, 11], "uv_size": [7, 2]},
								"west": {"uv": [34, 17], "uv_size": [6, 2]},
								"up": {"uv": [24, 5], "uv_size": [7, 6]},
								"down": {"uv": [24, 18], "uv_size": [7, -6]}
							}
						},
						{
							"origin": [-4.5, 2, -2],
							"size": [9, 2, 7],
							"uv": {
								"north": {"uv": [24, 19], "uv_size": [9, 2]},
								"east": {"uv": [32, 14], "uv_size": [7, 2]},
								"south": {"uv": [32, 5], "uv_size": [9, 2]},
								"west": {"uv": [19, 32], "uv_size": [7, 2]},
								"up": {"uv": [0, 22], "uv_size": [9, 7]},
								"down": {"uv": [10, 29], "uv_size": [9, -7]}
							}
						},
						{
							"origin": [-5.5, 4, 5],
							"size": [11, 10, 3],
							"uv": {
								"north": {"uv": [0, 0], "uv_size": [11, 10]},
								"east": {"uv": [11, 30], "uv_size": [3, 10]},
								"south": {"uv": [0, 11], "uv_size": [11, 10]},
								"west": {"uv": [15, 30], "uv_size": [3, 10]},
								"up": {"uv": [31, 27], "uv_size": [11, 3]},
								"down": {"uv": [31, 34], "uv_size": [11, -3]}
							}
						},
						{
							"origin": [-4.5, 12, 4],
							"size": [2, 1, 1],
							"uv": {
								"north": {"uv": [32, 25], "uv_size": [2, 1]},
								"east": {"uv": [32, 17], "uv_size": [1, 1]},
								"south": {"uv": [27, 32], "uv_size": [2, 1]},
								"west": {"uv": [0, 35], "uv_size": [1, 1]},
								"up": {"uv": [34, 20], "uv_size": [2, 1]},
								"down": {"uv": [27, 35], "uv_size": [2, -1]}
							}
						},
						{
							"origin": [-5.5, 4, -5],
							"size": [11, 4, 10],
							"uv": {
								"north": {"uv": [20, 22], "uv_size": [11, 4]},
								"east": {"uv": [20, 27], "uv_size": [10, 4]},
								"south": {"uv": [24, 0], "uv_size": [11, 4]},
								"west": {"uv": [0, 30], "uv_size": [10, 4]},
								"up": {"uv": [12, 0], "uv_size": [11, 10]},
								"down": {"uv": [12, 21], "uv_size": [11, -10]}
							}
						}
					]
				}
			],
			"item_display_transforms" : {
				"gui": {
					"rotation": [30, 225, 0],
					"translation": [0, 0, 0],
					"scale": [1, 1, 1]
				}
			}
		}
	]
}