{
	"format_version": "1.21.0",
	"minecraft:geometry": [
		{
			"description": {
				"identifier": "geometry.dss_bn_lounge_chair",
				"texture_width": 16,
				"texture_height": 16,
				"visible_bounds_width": 3,
				"visible_bounds_height": 2.5,
				"visible_bounds_offset": [0, 0.75, 0]
			},
			"bones": [
				{
					"name": "block",
					"pivot": [0, 0, 3],
					"cubes": [
						{
							"origin": [-8, 6, -3],
							"size": [16, 2, 14],
							"uv": {
								"north": {"uv": [8.25, 3.5], "uv_size": [4, 0.5]},
								"east": {"uv": [8.25, 4.25], "uv_size": [4, 0.5]},
								"south": {"uv": [8.25, 5], "uv_size": [4, 0.5]},
								"west": {"uv": [8.25, 5.75], "uv_size": [4, 0.5]},
								"up": {"uv": [0, 0], "uv_size": [4, 4]},
								"down": {"uv": [0, 8.25], "uv_size": [4, -4]}
							}
						},
						{
							"origin": [-9.25, 11, -1],
							"size": [1.75, 2, 13],
							"uv": {
								"north": {"uv": [10.5, 12.75], "uv_size": [0.5, 0.5]},
								"east": {"uv": [0, 9.25], "uv_size": [3.25, 0.5]},
								"south": {"uv": [11.25, 12.75], "uv_size": [0.5, 0.5]},
								"west": {"uv": [3.5, 9.25], "uv_size": [3.25, 0.5]},
								"up": {"uv": [7, 9.25], "uv_size": [0.5, 3.25]},
								"down": {"uv": [7.75, 12.75], "uv_size": [0.5, -3.25]}
							}
						},
						{
							"origin": [7.5, 11, -1],
							"size": [1.75, 2, 13],
							"uv": {
								"north": {"uv": [12, 12.75], "uv_size": [0.5, 0.5]},
								"east": {"uv": [8.5, 9.5], "uv_size": [3.25, 0.5]},
								"south": {"uv": [12.75, 12.75], "uv_size": [0.5, 0.5]},
								"west": {"uv": [0, 10], "uv_size": [3.25, 0.5]},
								"up": {"uv": [3.5, 10], "uv_size": [0.5, 3.25]},
								"down": {"uv": [4.25, 13.25], "uv_size": [0.5, -3.25]}
							}
						},
						{
							"origin": [7, 5, -8],
							"size": [1, 1, 19],
							"uv": {
								"north": {"uv": [7.5, 13], "uv_size": [0.25, 0.25]},
								"east": {"uv": [8.5, 10.25], "uv_size": [5.5, 0.25]},
								"south": {"uv": [8, 13], "uv_size": [0.25, 0.25]},
								"west": {"uv": [8.5, 10.75], "uv_size": [5.5, 0.25]},
								"up": {"uv": [5, 10], "uv_size": [0.25, 5.5]},
								"down": {"uv": [5.5, 15.5], "uv_size": [0.25, -5.5]}
							}
						},
						{
							"origin": [-8, 5, -8],
							"size": [1, 1, 19],
							"uv": {
								"north": {"uv": [3.5, 13.5], "uv_size": [0.25, 0.25]},
								"east": {"uv": [8.5, 11.25], "uv_size": [5.5, 0.25]},
								"south": {"uv": [4, 13.5], "uv_size": [0.25, 0.25]},
								"west": {"uv": [8.5, 11.75], "uv_size": [5.5, 0.25]},
								"up": {"uv": [6, 10], "uv_size": [0.25, 5.5]},
								"down": {"uv": [6.5, 15.5], "uv_size": [0.25, -5.5]}
							}
						},
						{
							"origin": [-7, 6.47192, -6.59479],
							"size": [1, 1, 9],
							"pivot": [1, 0, -2],
							"rotation": [55, 0, 0],
							"uv": {
								"north": {"uv": [4.5, 13.5], "uv_size": [0.25, 0.25]},
								"east": {"uv": [12.5, 4.5], "uv_size": [2.25, 0.25]},
								"south": {"uv": [7.5, 13.5], "uv_size": [0.25, 0.25]},
								"west": {"uv": [12.5, 5], "uv_size": [2.25, 0.25]},
								"up": {"uv": [2, 11.75], "uv_size": [0.25, 2.25]},
								"down": {"uv": [2.5, 14], "uv_size": [0.25, -2.25]}
							}
						},
						{
							"origin": [-9, 7.97192, -0.59479],
							"size": [1, 1, 12],
							"pivot": [-1, 1.5, 4],
							"rotation": [65, 0, 0],
							"uv": {
								"north": {"uv": [8, 13.5], "uv_size": [0.25, 0.25]},
								"east": {"uv": [0, 10.75], "uv_size": [3, 0.25]},
								"south": {"uv": [10.5, 13.5], "uv_size": [0.25, 0.25]},
								"west": {"uv": [0, 11.25], "uv_size": [3, 0.25]},
								"up": {"uv": [0, 11.75], "uv_size": [0.25, 3]},
								"down": {"uv": [0.5, 14.75], "uv_size": [0.25, -3]}
							}
						},
						{
							"origin": [8, 7.97192, -0.59479],
							"size": [1, 1, 12],
							"pivot": [16, 1.5, 4],
							"rotation": [65, 0, 0],
							"uv": {
								"north": {"uv": [11, 13.5], "uv_size": [0.25, 0.25]},
								"east": {"uv": [12, 9.5], "uv_size": [3, 0.25]},
								"south": {"uv": [11.5, 13.5], "uv_size": [0.25, 0.25]},
								"west": {"uv": [8.5, 12.25], "uv_size": [3, 0.25]},
								"up": {"uv": [1, 11.75], "uv_size": [0.25, 3]},
								"down": {"uv": [1.5, 14.75], "uv_size": [0.25, -3]}
							}
						},
						{
							"origin": [-6, 6.47192, -6.59479],
							"size": [12, 1, 1],
							"pivot": [1, 0, -2],
							"rotation": [55, 0, 0],
							"uv": {
								"north": {"uv": [12.25, 8.75], "uv_size": [3, 0.25]},
								"east": {"uv": [12, 13.5], "uv_size": [0.25, 0.25]},
								"south": {"uv": [11.75, 12.25], "uv_size": [3, 0.25]},
								"west": {"uv": [12.5, 13.5], "uv_size": [0.25, 0.25]},
								"up": {"uv": [12.5, 0], "uv_size": [3, 0.25]},
								"down": {"uv": [12.5, 0.75], "uv_size": [3, -0.25]}
							}
						},
						{
							"origin": [6, 6.47192, -6.59479],
							"size": [1, 1, 9],
							"pivot": [14, 0, -2],
							"rotation": [55, 0, 0],
							"uv": {
								"north": {"uv": [13.5, 12.75], "uv_size": [0.25, 0.25]},
								"east": {"uv": [12.5, 5.5], "uv_size": [2.25, 0.25]},
								"south": {"uv": [13, 13.5], "uv_size": [0.25, 0.25]},
								"west": {"uv": [12.5, 6], "uv_size": [2.25, 0.25]},
								"up": {"uv": [3, 11.75], "uv_size": [0.25, 2.25]},
								"down": {"uv": [7, 15], "uv_size": [0.25, -2.25]}
							}
						},
						{
							"origin": [-7, 1.95659, 3.43312],
							"size": [1, 1, 9],
							"pivot": [1, 0, 11],
							"rotation": [-55, 0, 0],
							"uv": {
								"north": {"uv": [13.5, 13.25], "uv_size": [0.25, 0.25]},
								"east": {"uv": [12.5, 6.5], "uv_size": [2.25, 0.25]},
								"south": {"uv": [13.5, 13.75], "uv_size": [0.25, 0.25]},
								"west": {"uv": [12.5, 7], "uv_size": [2.25, 0.25]},
								"up": {"uv": [8.5, 12.75], "uv_size": [0.25, 2.25]},
								"down": {"uv": [9, 15], "uv_size": [0.25, -2.25]}
							}
						},
						{
							"origin": [6, 1.95659, 3.43312],
							"size": [1, 1, 9],
							"pivot": [14, 0, 11],
							"rotation": [-55, 0, 0],
							"uv": {
								"north": {"uv": [3.5, 14], "uv_size": [0.25, 0.25]},
								"east": {"uv": [12.5, 7.5], "uv_size": [2.25, 0.25]},
								"south": {"uv": [4, 14], "uv_size": [0.25, 0.25]},
								"west": {"uv": [12.5, 8], "uv_size": [2.25, 0.25]},
								"up": {"uv": [9.5, 12.75], "uv_size": [0.25, 2.25]},
								"down": {"uv": [10, 15], "uv_size": [0.25, -2.25]}
							}
						},
						{
							"origin": [-6, 1.95659, 11.43312],
							"size": [12, 1, 1],
							"pivot": [1, 0, 11],
							"rotation": [-55, 0, 0],
							"uv": {
								"north": {"uv": [12.5, 1], "uv_size": [3, 0.25]},
								"east": {"uv": [4.5, 14], "uv_size": [0.25, 0.25]},
								"south": {"uv": [12.5, 1.5], "uv_size": [3, 0.25]},
								"west": {"uv": [7.5, 14], "uv_size": [0.25, 0.25]},
								"up": {"uv": [12.5, 2], "uv_size": [3, 0.25]},
								"down": {"uv": [12.5, 2.75], "uv_size": [3, -0.25]}
							}
						},
						{
							"origin": [-8, 6, -8],
							"size": [16, 2, 5],
							"uv": {
								"north": {"uv": [8.25, 6.5], "uv_size": [4, 0.5]},
								"east": {"uv": [12.5, 3], "uv_size": [1.5, 0.5]},
								"south": {"uv": [8.25, 7.25], "uv_size": [4, 0.5]},
								"west": {"uv": [12.5, 3.75], "uv_size": [1.5, 0.5]},
								"up": {"uv": [8.25, 0], "uv_size": [4, 1.5]},
								"down": {"uv": [8.25, 3.25], "uv_size": [4, -1.5]}
							}
						},
						{
							"origin": [-7.5, 18.64295, 10.82772],
							"size": [15, 2, 16],
							"pivot": [0, 12, 19],
							"rotation": [75, 0, 0],
							"uv": {
								"north": {"uv": [4.25, 8.5], "uv_size": [3.75, 0.5]},
								"east": {"uv": [8.25, 8], "uv_size": [4, 0.5]},
								"south": {"uv": [8.25, 8.75], "uv_size": [3.75, 0.5]},
								"west": {"uv": [0, 8.5], "uv_size": [4, 0.5]},
								"up": {"uv": [4.25, 0], "uv_size": [3.75, 4]},
								"down": {"uv": [4.25, 8.25], "uv_size": [3.75, -4]}
							}
						}
					]
				}
			],
			"item_display_transforms" : {
				"gui": {
					"rotation": [30, 225, 0],
					"translation": [0, 0, 0],
					"scale": [1, 1, 1]
				}
			}
		}
	]
}