{
	"format_version": "1.21.0",
	"minecraft:geometry": [
		{
			"description": {
				"identifier": "geometry.dss_bn_umbrella",
				"texture_width": 16,
				"texture_height": 16,
				"visible_bounds_width": 3,
				"visible_bounds_height": 3.5,
				"visible_bounds_offset": [0, 1.25, 0]
			},
			"bones": [
				{
					"name": "bone",
					"pivot": [0, 13.75, -0.25],
					"cubes": [
						{
							"origin": [-5.0575, 15.1725, 11.0075],
							"size": [9.8175, 4.76, 0],
							"pivot": [0, 15.1725, 1.4875],
							"rotation": [15, 0, 0],
							"uv": {
								"north": {"uv": [5.25, 9.75], "uv_size": [2.125, 1]},
								"east": {"uv": [2, 10.75], "uv_size": [0, 1]},
								"south": {"uv": [7.75, 9.75], "uv_size": [2.125, 1]},
								"west": {"uv": [2, 12], "uv_size": [0, 1]},
								"up": {"uv": [13, 1.75], "uv_size": [2.125, 0]},
								"down": {"uv": [13, 2], "uv_size": [2.125, 0]}
							}
						},
						{
							"origin": [-5.0575, 15.47, 10.4125],
							"size": [9.8175, 8.33, 1.44],
							"pivot": [0, 16.66, 2.0825],
							"rotation": [42.5, 0, 0],
							"uv": {
								"north": {"uv": [7.5, 0], "uv_size": [2.125, 1.75]},
								"east": {"uv": [12.5, 5.5], "uv_size": [0.25, 1.75]},
								"south": {"uv": [7.5, 2], "uv_size": [2.125, 1.75]},
								"west": {"uv": [8.75, 12.75], "uv_size": [0.25, 1.75]},
								"up": {"uv": [7.75, 12.25], "uv_size": [2.125, 0.25]},
								"down": {"uv": [12.25, 9], "uv_size": [2.125, -0.25]}
							}
						},
						{
							"origin": [-5.5575, 15.1725, -11.0075],
							"size": [10.3175, 4.76, 0],
							"pivot": [0, 15.1725, -1.4875],
							"rotation": [-15, 0, 0],
							"uv": {
								"north": {"uv": [9.75, 8], "uv_size": [2.125, 1]},
								"east": {"uv": [9.75, 12.75], "uv_size": [0, 1]},
								"south": {"uv": [10, 0], "uv_size": [2.125, 1]},
								"west": {"uv": [10, 12.75], "uv_size": [0, 1]},
								"up": {"uv": [13, 2.25], "uv_size": [2.125, 0]},
								"down": {"uv": [13, 2.5], "uv_size": [2.125, 0]}
							}
						},
						{
							"origin": [-5.0575, 15.47, -11.8525],
							"size": [9.8175, 8.33, 1.44],
							"pivot": [0, 16.66, -2.0825],
							"rotation": [-42.5, 0, 0],
							"uv": {
								"north": {"uv": [7.5, 4], "uv_size": [2.125, 1.75]},
								"east": {"uv": [9.25, 12.75], "uv_size": [0.25, 1.75]},
								"south": {"uv": [7.5, 6], "uv_size": [2.125, 1.75]},
								"west": {"uv": [12.75, 9.25], "uv_size": [0.25, 1.75]},
								"up": {"uv": [12.5, 0], "uv_size": [2.125, 0.25]},
								"down": {"uv": [12.5, 0.75], "uv_size": [2.125, -0.25]}
							}
						},
						{
							"origin": [12.495, 15.7675, -5.355],
							"size": [0, 4.76, 10.115],
							"pivot": [3.8675, 15.7675, -0.2975],
							"rotation": [0, 0, -10],
							"uv": {
								"north": {"uv": [13, 2.75], "uv_size": [0, 1]},
								"east": {"uv": [10, 1.25], "uv_size": [2.125, 1]},
								"south": {"uv": [13, 4], "uv_size": [0, 1]},
								"west": {"uv": [10, 2.5], "uv_size": [2.125, 1]},
								"up": {"uv": [10.25, 13], "uv_size": [0, 2.125]},
								"down": {"uv": [10.5, 15.125], "uv_size": [0, -2.125]}
							}
						},
						{
							"origin": [13.09, 16.66, -2.38],
							"size": [0, 9.52, 10.115],
							"pivot": [5.0575, 16.66, 2.38],
							"rotation": [39.09208, -37.9431, -54.72795],
							"uv": {
								"north": {"uv": [13, 5.25], "uv_size": [0, 2]},
								"east": {"uv": [0, 0], "uv_size": [2.125, 2]},
								"south": {"uv": [10.75, 13], "uv_size": [0, 2]},
								"west": {"uv": [0, 2.25], "uv_size": [2.125, 2]},
								"up": {"uv": [11, 13], "uv_size": [0, 2.125]},
								"down": {"uv": [11.25, 15.125], "uv_size": [0, -2.125]}
							}
						},
						{
							"origin": [11.9, 16.3625, -2.38],
							"size": [0, 4.76, 10.115],
							"pivot": [5.0575, 16.66, 2.38],
							"rotation": [8.27576, -51.79211, -12.33434],
							"uv": {
								"north": {"uv": [11.5, 13], "uv_size": [0, 1]},
								"east": {"uv": [10, 3.75], "uv_size": [2.125, 1]},
								"south": {"uv": [11.75, 13], "uv_size": [0, 1]},
								"west": {"uv": [10, 5], "uv_size": [2.125, 1]},
								"up": {"uv": [12, 13], "uv_size": [0, 2.125]},
								"down": {"uv": [12.25, 15.125], "uv_size": [0, -2.125]}
							}
						},
						{
							"origin": [-13.09, 16.66, -2.38],
							"size": [0, 9.52, 10.115],
							"pivot": [-5.0575, 16.66, 2.38],
							"rotation": [39.09208, 37.9431, 54.72795],
							"uv": {
								"north": {"uv": [12.5, 13], "uv_size": [0, 2]},
								"east": {"uv": [2.5, 0], "uv_size": [2.125, 2]},
								"south": {"uv": [12.75, 13], "uv_size": [0, 2]},
								"west": {"uv": [2.5, 2.25], "uv_size": [2.125, 2]},
								"up": {"uv": [13, 13], "uv_size": [0, 2.125]},
								"down": {"uv": [0, 15.375], "uv_size": [0, -2.125]}
							}
						},
						{
							"origin": [-11.9, 16.3625, -2.38],
							"size": [0, 4.76, 10.115],
							"pivot": [-5.0575, 16.66, 2.38],
							"rotation": [8.27576, 51.79211, 12.33434],
							"uv": {
								"north": {"uv": [0.25, 13.25], "uv_size": [0, 1]},
								"east": {"uv": [10, 6.25], "uv_size": [2.125, 1]},
								"south": {"uv": [0.5, 13.25], "uv_size": [0, 1]},
								"west": {"uv": [10.25, 9.25], "uv_size": [2.125, 1]},
								"up": {"uv": [0.75, 13.25], "uv_size": [0, 2.125]},
								"down": {"uv": [1, 15.375], "uv_size": [0, -2.125]}
							}
						},
						{
							"origin": [-13.09, 16.66, -7.735],
							"size": [0, 9.52, 10.115],
							"pivot": [-5.0575, 16.66, -2.38],
							"rotation": [-39.09208, -37.9431, 54.72795],
							"uv": {
								"north": {"uv": [1.25, 13.25], "uv_size": [0, 2]},
								"east": {"uv": [0, 4.5], "uv_size": [2.125, 2]},
								"south": {"uv": [1.5, 13.25], "uv_size": [0, 2]},
								"west": {"uv": [2.5, 4.5], "uv_size": [2.125, 2]},
								"up": {"uv": [1.75, 13.25], "uv_size": [0, 2.125]},
								"down": {"uv": [2, 15.375], "uv_size": [0, -2.125]}
							}
						},
						{
							"origin": [-11.9, 16.3625, -7.735],
							"size": [0, 4.76, 10.115],
							"pivot": [-5.0575, 16.66, -2.38],
							"rotation": [-8.27576, -51.79211, 12.33434],
							"uv": {
								"north": {"uv": [13.25, 2.75], "uv_size": [0, 1]},
								"east": {"uv": [10.25, 10.5], "uv_size": [2.125, 1]},
								"south": {"uv": [13.25, 4], "uv_size": [0, 1]},
								"west": {"uv": [5.25, 11], "uv_size": [2.125, 1]},
								"up": {"uv": [13.25, 13], "uv_size": [0, 2.125]},
								"down": {"uv": [13.5, 4.875], "uv_size": [0, -2.125]}
							}
						},
						{
							"origin": [11.9, 16.3625, -7.735],
							"size": [0, 4.76, 10.115],
							"pivot": [5.0575, 16.66, -2.38],
							"rotation": [-8.27576, 51.79211, -12.33434],
							"uv": {
								"north": {"uv": [13.25, 5.25], "uv_size": [0, 1]},
								"east": {"uv": [7.75, 11], "uv_size": [2.125, 1]},
								"south": {"uv": [13.25, 9.25], "uv_size": [0, 1]},
								"west": {"uv": [10.25, 11.75], "uv_size": [2.125, 1]},
								"up": {"uv": [5.25, 13.5], "uv_size": [0, 2.125]},
								"down": {"uv": [5.5, 15.625], "uv_size": [0, -2.125]}
							}
						},
						{
							"origin": [13.09, 16.66, -7.735],
							"size": [0, 9.52, 10.115],
							"pivot": [5.0575, 16.66, -2.38],
							"rotation": [-39.09208, 37.9431, -54.72795],
							"uv": {
								"north": {"uv": [13.5, 5.25], "uv_size": [0, 2]},
								"east": {"uv": [5, 0], "uv_size": [2.125, 2]},
								"south": {"uv": [5.75, 13.5], "uv_size": [0, 2]},
								"west": {"uv": [5, 2.25], "uv_size": [2.125, 2]},
								"up": {"uv": [6, 13.5], "uv_size": [0, 2.125]},
								"down": {"uv": [6.25, 15.625], "uv_size": [0, -2.125]}
							}
						},
						{
							"origin": [12.1975, 14.28, -5.355],
							"size": [1.44, 9.52, 10.115],
							"pivot": [3.8675, 16.065, -0.2975],
							"rotation": [0, 0, -47.5],
							"uv": {
								"north": {"uv": [12.5, 1], "uv_size": [0.25, 2]},
								"east": {"uv": [5, 4.5], "uv_size": [2.125, 2]},
								"south": {"uv": [12.5, 3.25], "uv_size": [0.25, 2]},
								"west": {"uv": [0, 6.75], "uv_size": [2.125, 2]},
								"up": {"uv": [0, 10.75], "uv_size": [0.25, 2.125]},
								"down": {"uv": [0.5, 12.875], "uv_size": [0.25, -2.125]}
							}
						},
						{
							"origin": [-12.495, 15.7675, -5.355],
							"size": [0, 4.76, 10.115],
							"pivot": [-3.8675, 15.7675, -0.2975],
							"rotation": [0, 0, 10],
							"uv": {
								"north": {"uv": [6.5, 13.5], "uv_size": [0, 1]},
								"east": {"uv": [5.25, 12.25], "uv_size": [2.125, 1]},
								"south": {"uv": [6.75, 13.5], "uv_size": [0, 1]},
								"west": {"uv": [12.25, 7.5], "uv_size": [2.125, 1]},
								"up": {"uv": [7, 13.5], "uv_size": [0, 2.125]},
								"down": {"uv": [7.25, 15.625], "uv_size": [0, -2.125]}
							}
						},
						{
							"origin": [-13.6375, 14.28, -5.355],
							"size": [1.44, 9.52, 10.115],
							"pivot": [-3.8675, 16.065, -0.2975],
							"rotation": [0, 0, 47.5],
							"uv": {
								"north": {"uv": [7.75, 12.75], "uv_size": [0.25, 2]},
								"east": {"uv": [2.5, 6.75], "uv_size": [2.125, 2]},
								"south": {"uv": [8.25, 12.75], "uv_size": [0.25, 2]},
								"west": {"uv": [5, 6.75], "uv_size": [2.125, 2]},
								"up": {"uv": [1, 10.75], "uv_size": [0.25, 2.125]},
								"down": {"uv": [1.5, 12.875], "uv_size": [0.25, -2.125]}
							}
						},
						{
							"origin": [-0.75, 0, -0.75],
							"size": [1.5, 27.5, 1.5],
							"uv": {
								"north": {"uv": [2.25, 9], "uv_size": [0.5, 5.875]},
								"east": {"uv": [3, 9], "uv_size": [0.5, 5.875]},
								"south": {"uv": [3.75, 9], "uv_size": [0.5, 5.875]},
								"west": {"uv": [4.5, 9], "uv_size": [0.5, 5.875]},
								"up": {"uv": [12.75, 12.25], "uv_size": [0.5, 0.5]},
								"down": {"uv": [13, 1.5], "uv_size": [0.5, -0.5]}
							}
						},
						{
							"origin": [-5.26, 27.37, -5.57],
							"size": [10.27, 1.19, 10.39],
							"uv": {
								"north": {"uv": [5.25, 9], "uv_size": [2, 0.25]},
								"east": {"uv": [12.75, 11.25], "uv_size": [1.5, 0.25]},
								"south": {"uv": [10, 7.5], "uv_size": [2, 0.25]},
								"west": {"uv": [12.75, 11.75], "uv_size": [1.5, 0.25]},
								"up": {"uv": [7.5, 8], "uv_size": [2, 1.5]},
								"down": {"uv": [0, 10.5], "uv_size": [2, -1.5]}
							}
						}
					]
				}
			],
			"item_display_transforms" : {
				"gui": {
					"rotation": [30, 225, 0],
					"translation": [0, 0, 0],
					"scale": [1, 1, 1]
				}
			}
		}
	]
}