{
	"format_version": "1.21.0",
	"minecraft:geometry": [
		{
			"description": {
				"identifier": "geometry.dss_bn_cupboard_1",
				"texture_width": 128,
				"texture_height": 128,
				"visible_bounds_width": 2,
				"visible_bounds_height": 2.5,
				"visible_bounds_offset": [0, 0.75, 0]
			},
			"bones": [
				{
					"name": "block",
					"pivot": [0, 0, 0],
					"cubes": [
						{
							"origin": [-8, 0, -7],
							"size": [1, 16, 15],
							"uv": {
								"north": {"uv": [30, 54], "uv_size": [1, 16]},
								"east": {"uv": [0, 0], "uv_size": [15, 16]},
								"south": {"uv": [32, 54], "uv_size": [1, 16]},
								"west": {"uv": [16, 0], "uv_size": [15, 16]},
								"up": {"uv": [52, 54], "uv_size": [1, 15]},
								"down": {"uv": [54, 69], "uv_size": [1, -15]}
							}
						},
						{
							"origin": [7, 0, -7],
							"size": [1, 16, 15],
							"uv": {
								"north": {"uv": [34, 54], "uv_size": [1, 16]},
								"east": {"uv": [0, 17], "uv_size": [15, 16]},
								"south": {"uv": [36, 54], "uv_size": [1, 16]},
								"west": {"uv": [16, 17], "uv_size": [15, 16]},
								"up": {"uv": [56, 54], "uv_size": [1, 15]},
								"down": {"uv": [58, 64], "uv_size": [1, -15]}
							}
						},
						{
							"origin": [-7, 0, -7],
							"size": [14, 1, 14],
							"uv": {
								"north": {"uv": [47, 30], "uv_size": [14, 1]},
								"east": {"uv": [47, 32], "uv_size": [14, 1]},
								"south": {"uv": [60, 34], "uv_size": [14, 1]},
								"west": {"uv": [60, 36], "uv_size": [14, 1]},
								"up": {"uv": [0, 34], "uv_size": [14, 14]},
								"down": {"uv": [15, 48], "uv_size": [14, -14]}
							}
						},
						{
							"origin": [-7, 15, -7],
							"size": [14, 1, 14],
							"uv": {
								"north": {"uv": [60, 38], "uv_size": [14, 1]},
								"east": {"uv": [60, 40], "uv_size": [14, 1]},
								"south": {"uv": [60, 42], "uv_size": [14, 1]},
								"west": {"uv": [60, 44], "uv_size": [14, 1]},
								"up": {"uv": [30, 34], "uv_size": [14, 14]},
								"down": {"uv": [45, 48], "uv_size": [14, -14]}
							}
						},
						{
							"origin": [-7, 1, -6.5],
							"size": [14, 14, 0],
							"uv": {
								"north": {"uv": [47, 0], "uv_size": [14, 14]},
								"east": {"uv": [65, 67], "uv_size": [0, 14]},
								"south": {"uv": [47, 15], "uv_size": [14, 14]},
								"west": {"uv": [68, 4], "uv_size": [0, 14]},
								"up": {"uv": [65, 33], "uv_size": [14, 0]},
								"down": {"uv": [5, 68], "uv_size": [14, 0]}
							}
						},
						{
							"origin": [-7, 0, 7],
							"size": [14, 16, 1],
							"uv": {
								"north": {"uv": [32, 0], "uv_size": [14, 16]},
								"east": {"uv": [38, 54], "uv_size": [1, 16]},
								"south": {"uv": [32, 17], "uv_size": [14, 16]},
								"west": {"uv": [40, 54], "uv_size": [1, 16]},
								"up": {"uv": [60, 46], "uv_size": [14, 1]},
								"down": {"uv": [60, 49], "uv_size": [14, -1]}
							}
						},
						{
							"origin": [-7, 7, -6],
							"size": [14, 1, 13],
							"uv": {
								"north": {"uv": [60, 50], "uv_size": [14, 1]},
								"east": {"uv": [60, 54], "uv_size": [13, 1]},
								"south": {"uv": [60, 52], "uv_size": [14, 1]},
								"west": {"uv": [60, 56], "uv_size": [13, 1]},
								"up": {"uv": [0, 49], "uv_size": [14, 13]},
								"down": {"uv": [15, 62], "uv_size": [14, -13]}
							}
						},
						{
							"origin": [-5, 8, -3],
							"size": [2, 4, 6],
							"uv": {
								"north": {"uv": [3, 63], "uv_size": [2, 4]},
								"east": {"uv": [30, 49], "uv_size": [6, 4]},
								"south": {"uv": [6, 63], "uv_size": [2, 4]},
								"west": {"uv": [37, 49], "uv_size": [6, 4]},
								"up": {"uv": [60, 58], "uv_size": [2, 6]},
								"down": {"uv": [62, 6], "uv_size": [2, -6]}
							}
						},
						{
							"origin": [-5, 1, -3],
							"size": [2, 4, 6],
							"uv": {
								"north": {"uv": [9, 63], "uv_size": [2, 4]},
								"east": {"uv": [44, 49], "uv_size": [6, 4]},
								"south": {"uv": [12, 63], "uv_size": [2, 4]},
								"west": {"uv": [51, 49], "uv_size": [6, 4]},
								"up": {"uv": [62, 7], "uv_size": [2, 6]},
								"down": {"uv": [62, 20], "uv_size": [2, -6]}
							}
						},
						{
							"origin": [-2, 8, -3],
							"size": [2, 2, 6],
							"uv": {
								"north": {"uv": [26, 63], "uv_size": [2, 2]},
								"east": {"uv": [62, 21], "uv_size": [6, 2]},
								"south": {"uv": [63, 61], "uv_size": [2, 2]},
								"west": {"uv": [62, 24], "uv_size": [6, 2]},
								"up": {"uv": [62, 27], "uv_size": [2, 6]},
								"down": {"uv": [0, 69], "uv_size": [2, -6]}
							}
						},
						{
							"origin": [2, 8, 1],
							"size": [4, 4, 2],
							"uv": {
								"north": {"uv": [42, 54], "uv_size": [4, 4]},
								"east": {"uv": [15, 63], "uv_size": [2, 4]},
								"south": {"uv": [47, 54], "uv_size": [4, 4]},
								"west": {"uv": [18, 63], "uv_size": [2, 4]},
								"up": {"uv": [21, 63], "uv_size": [4, 2]},
								"down": {"uv": [63, 60], "uv_size": [4, -2]}
							}
						},
						{
							"origin": [4, 1, -3],
							"size": [2, 2, 2],
							"uv": {
								"north": {"uv": [63, 64], "uv_size": [2, 2]},
								"east": {"uv": [65, 0], "uv_size": [2, 2]},
								"south": {"uv": [65, 3], "uv_size": [2, 2]},
								"west": {"uv": [65, 6], "uv_size": [2, 2]},
								"up": {"uv": [65, 9], "uv_size": [2, 2]},
								"down": {"uv": [65, 14], "uv_size": [2, -2]}
							}
						},
						{
							"origin": [1, 1, -3],
							"size": [2, 2, 2],
							"uv": {
								"north": {"uv": [65, 15], "uv_size": [2, 2]},
								"east": {"uv": [65, 18], "uv_size": [2, 2]},
								"south": {"uv": [65, 27], "uv_size": [2, 2]},
								"west": {"uv": [65, 30], "uv_size": [2, 2]},
								"up": {"uv": [58, 65], "uv_size": [2, 2]},
								"down": {"uv": [21, 68], "uv_size": [2, -2]}
							}
						},
						{
							"origin": [-2, 7, -7.5],
							"size": [1, 2, 1],
							"uv": {
								"north": {"uv": [50, 59], "uv_size": [1, 2]},
								"east": {"uv": [50, 62], "uv_size": [1, 2]},
								"south": {"uv": [50, 65], "uv_size": [1, 2]},
								"west": {"uv": [61, 65], "uv_size": [1, 2]},
								"up": {"uv": [66, 64], "uv_size": [1, 1]},
								"down": {"uv": [66, 67], "uv_size": [1, -1]}
							}
						},
						{
							"origin": [1, 7, -7.5],
							"size": [1, 2, 1],
							"uv": {
								"north": {"uv": [24, 66], "uv_size": [1, 2]},
								"east": {"uv": [26, 66], "uv_size": [1, 2]},
								"south": {"uv": [28, 66], "uv_size": [1, 2]},
								"west": {"uv": [66, 61], "uv_size": [1, 2]},
								"up": {"uv": [63, 67], "uv_size": [1, 1]},
								"down": {"uv": [68, 1], "uv_size": [1, -1]}
							}
						},
						{
							"origin": [-0.5, 1, -7],
							"size": [1, 14, 1],
							"uv": {
								"north": {"uv": [42, 59], "uv_size": [1, 14]},
								"east": {"uv": [44, 59], "uv_size": [1, 14]},
								"south": {"uv": [46, 59], "uv_size": [1, 14]},
								"west": {"uv": [48, 59], "uv_size": [1, 14]},
								"up": {"uv": [68, 2], "uv_size": [1, 1]},
								"down": {"uv": [3, 69], "uv_size": [1, -1]}
							}
						}
					]
				}
			],
			"item_display_transforms" : {
				"gui": {
					"rotation": [30, 225, 0],
					"translation": [0, 0, 0],
					"scale": [1, 1, 1]
				}
			}
		}
	]
}