{
	"format_version": "1.21.0",
	"minecraft:geometry": [
		{
			"description": {
				"identifier": "geometry.dss_bn_big_plant_3",
				"texture_width": 16,
				"texture_height": 16,
				"visible_bounds_width": 2,
				"visible_bounds_height": 3.5,
				"visible_bounds_offset": [0, 1.25, 0]
			},
			"bones": [
				{
					"name": "block",
					"pivot": [0, 0, 0],
					"cubes": [
						{
							"origin": [-6, 0, -6],
							"size": [2, 14, 2],
							"uv": {
								"north": {"uv": [5.625, 0], "uv_size": [0.25, 1.75]},
								"east": {"uv": [5.625, 1.875], "uv_size": [0.25, 1.75]},
								"south": {"uv": [5.625, 3.75], "uv_size": [0.25, 1.75]},
								"west": {"uv": [5.625, 5.625], "uv_size": [0.25, 1.75]},
								"up": {"uv": [6.75, 4], "uv_size": [0.25, 0.25]},
								"down": {"uv": [6.75, 4.625], "uv_size": [0.25, -0.25]}
							}
						},
						{
							"origin": [4, 0, -6],
							"size": [2, 14, 2],
							"uv": {
								"north": {"uv": [5.875, 0], "uv_size": [-0.25, 1.75]},
								"east": {"uv": [5.875, 5.625], "uv_size": [-0.25, 1.75]},
								"south": {"uv": [5.875, 3.75], "uv_size": [-0.25, 1.75]},
								"west": {"uv": [5.875, 1.875], "uv_size": [-0.25, 1.75]},
								"up": {"uv": [7, 4], "uv_size": [-0.25, 0.25]},
								"down": {"uv": [7, 4.625], "uv_size": [-0.25, -0.25]}
							}
						},
						{
							"origin": [-6, 0, 4],
							"size": [2, 14, 2],
							"uv": {
								"north": {"uv": [5.625, 0], "uv_size": [0.25, 1.75]},
								"east": {"uv": [5.625, 1.875], "uv_size": [0.25, 1.75]},
								"south": {"uv": [5.625, 3.75], "uv_size": [0.25, 1.75]},
								"west": {"uv": [5.625, 5.625], "uv_size": [0.25, 1.75]},
								"up": {"uv": [6.75, 4], "uv_size": [0.25, 0.25]},
								"down": {"uv": [6.75, 4.625], "uv_size": [0.25, -0.25]}
							}
						},
						{
							"origin": [4, 0, 4],
							"size": [2, 14, 2],
							"uv": {
								"north": {"uv": [5.875, 0], "uv_size": [-0.25, 1.75]},
								"east": {"uv": [5.875, 5.625], "uv_size": [-0.25, 1.75]},
								"south": {"uv": [5.875, 3.75], "uv_size": [-0.25, 1.75]},
								"west": {"uv": [5.875, 1.875], "uv_size": [-0.25, 1.75]},
								"up": {"uv": [7, 4], "uv_size": [-0.25, 0.25]},
								"down": {"uv": [7, 4.625], "uv_size": [-0.25, -0.25]}
							}
						},
						{
							"origin": [-7, 10, -7],
							"size": [14, 9, 14],
							"uv": {
								"north": {"uv": [3.75, 3.75], "uv_size": [1.75, 1.125]},
								"east": {"uv": [3.75, 3.75], "uv_size": [1.75, 1.125]},
								"south": {"uv": [0, 5.25], "uv_size": [1.75, 1.125]},
								"west": {"uv": [3.75, 3.75], "uv_size": [1.75, 1.125]},
								"up": {"uv": [3.75, 0], "uv_size": [1.75, 1.75]},
								"down": {"uv": [3.75, 3.625], "uv_size": [1.75, -1.75]}
							}
						},
						{
							"origin": [-7, 18, -8],
							"size": [14, 2, 1],
							"uv": {
								"north": {"uv": [6.375, 5.625], "uv_size": [1.75, 0.25]},
								"east": {"uv": [1.75, 6.875], "uv_size": [0.125, 0.25]},
								"south": {"uv": [6.375, 6], "uv_size": [1.75, 0.25]},
								"west": {"uv": [2, 6.875], "uv_size": [0.125, 0.25]},
								"up": {"uv": [6.75, 1.125], "uv_size": [1.75, 0.125]},
								"down": {"uv": [6.75, 1.5], "uv_size": [1.75, -0.125]}
							}
						},
						{
							"origin": [-7, 18, 7],
							"size": [14, 2, 1],
							"uv": {
								"north": {"uv": [6.375, 6.375], "uv_size": [1.75, 0.25]},
								"east": {"uv": [2.25, 6.875], "uv_size": [0.125, 0.25]},
								"south": {"uv": [0, 6.5], "uv_size": [1.75, 0.25]},
								"west": {"uv": [2.5, 6.875], "uv_size": [0.125, 0.25]},
								"up": {"uv": [6.75, 1.625], "uv_size": [1.75, 0.125]},
								"down": {"uv": [6.75, 2], "uv_size": [1.75, -0.125]}
							}
						},
						{
							"origin": [-8, 18, -7],
							"size": [1, 2, 14],
							"uv": {
								"north": {"uv": [2.75, 6.875], "uv_size": [0.125, 0.25]},
								"east": {"uv": [1.875, 6.5], "uv_size": [1.75, 0.25]},
								"south": {"uv": [3, 6.875], "uv_size": [0.125, 0.25]},
								"west": {"uv": [6.75, 0], "uv_size": [1.75, 0.25]},
								"up": {"uv": [6.75, 2.125], "uv_size": [0.125, 1.75]},
								"down": {"uv": [6.375, 8.5], "uv_size": [0.125, -1.75]}
							}
						},
						{
							"origin": [7, 18, -7],
							"size": [1, 2, 14],
							"uv": {
								"north": {"uv": [3.25, 6.875], "uv_size": [0.125, 0.25]},
								"east": {"uv": [6.75, 0.375], "uv_size": [1.75, 0.25]},
								"south": {"uv": [3.5, 6.875], "uv_size": [0.125, 0.25]},
								"west": {"uv": [6.75, 0.75], "uv_size": [1.75, 0.25]},
								"up": {"uv": [6.625, 6.75], "uv_size": [0.125, 1.75]},
								"down": {"uv": [0, 8.625], "uv_size": [0.125, -1.75]}
							}
						},
						{
							"origin": [-7, 10, 0],
							"size": [14, 20, 0],
							"uv": {
								"north": {"uv": [0, 0], "uv_size": [1.75, 2.5]},
								"east": {"uv": [6.875, 6.75], "uv_size": [0, 2.5]},
								"south": {"uv": [1.875, 0], "uv_size": [1.75, 2.5]},
								"west": {"uv": [7, 6.75], "uv_size": [0, 2.5]},
								"up": {"uv": [6.75, 5.5], "uv_size": [1.75, 0]},
								"down": {"uv": [7, 2.125], "uv_size": [1.75, 0]}
							}
						},
						{
							"origin": [0, 10, -7],
							"size": [0, 20, 14],
							"uv": {
								"north": {"uv": [7.125, 2.25], "uv_size": [0, 2.5]},
								"east": {"uv": [0, 0], "uv_size": [1.75, 2.5]},
								"south": {"uv": [7.125, 6.75], "uv_size": [0, 2.5]},
								"west": {"uv": [1.875, 0], "uv_size": [1.75, 2.5]},
								"up": {"uv": [0.25, 7.25], "uv_size": [0, 1.75]},
								"down": {"uv": [0.375, 9], "uv_size": [0, -1.75]}
							}
						}
					]
				}
			],
			"item_display_transforms" : {
				"gui": {
					"rotation": [30, 225, 0],
					"translation": [0, 0, 0],
					"scale": [1, 1, 1]
				}
			}
		}
	]
}