{
	"format_version": "1.21.0",
	"minecraft:geometry": [
		{
			"description": {
				"identifier": "geometry.dss_bn_table_lamp_2",
				"texture_width": 16,
				"texture_height": 16,
				"visible_bounds_width": 2,
				"visible_bounds_height": 2.5,
				"visible_bounds_offset": [0, 0.75, 0]
			},
			"bones": [
				{
					"name": "block",
					"pivot": [0, 0, 0],
					"cubes": [
						{
							"origin": [-2, 6, -2],
							"size": [4, 5, 4],
							"uv": {
								"north": {"uv": [0, 0], "uv_size": [2, 2.5]},
								"east": {"uv": [2.5, 0], "uv_size": [2, 2.5]},
								"south": {"uv": [0, 3], "uv_size": [2, 2.5]},
								"west": {"uv": [2.5, 3], "uv_size": [2, 2.5]},
								"up": {"uv": [5, 0], "uv_size": [2, 2]},
								"down": {"uv": [5, 4.5], "uv_size": [2, -2]}
							}
						},
						{
							"origin": [-0.5, 5, -0.5],
							"size": [1, 5, 1],
							"uv": {
								"north": {"uv": [3, 6], "uv_size": [0.5, 2.5]},
								"east": {"uv": [4, 6], "uv_size": [0.5, 2.5]},
								"south": {"uv": [5, 7], "uv_size": [0.5, 2.5]},
								"west": {"uv": [6, 7], "uv_size": [0.5, 2.5]},
								"up": {"uv": [7.5, 3], "uv_size": [0.5, 0.5]},
								"down": {"uv": [7.5, 4.5], "uv_size": [0.5, -0.5]}
							}
						},
						{
							"origin": [-0.5, 3, -0.5],
							"size": [1, 1, 1],
							"uv": {
								"north": {"uv": [0, 8], "uv_size": [0.5, 0.5]},
								"east": {"uv": [1, 8], "uv_size": [0.5, 0.5]},
								"south": {"uv": [2, 8], "uv_size": [0.5, 0.5]},
								"west": {"uv": [8, 5], "uv_size": [0.5, 0.5]},
								"up": {"uv": [8, 6], "uv_size": [0.5, 0.5]},
								"down": {"uv": [7, 8.5], "uv_size": [0.5, -0.5]}
							}
						},
						{
							"origin": [-0.5, 1, -0.5],
							"size": [1, 1, 1],
							"uv": {
								"north": {"uv": [8, 8], "uv_size": [0.5, 0.5]},
								"east": {"uv": [8.5, 3], "uv_size": [0.5, 0.5]},
								"south": {"uv": [8.5, 4], "uv_size": [0.5, 0.5]},
								"west": {"uv": [0, 9], "uv_size": [0.5, 0.5]},
								"up": {"uv": [1, 9], "uv_size": [0.5, 0.5]},
								"down": {"uv": [2, 9.5], "uv_size": [0.5, -0.5]}
							}
						},
						{
							"origin": [-1, 4, -0.5],
							"size": [1, 1, 1],
							"uv": {
								"north": {"uv": [3, 9], "uv_size": [0.5, 0.5]},
								"east": {"uv": [4, 9], "uv_size": [0.5, 0.5]},
								"south": {"uv": [9, 5], "uv_size": [0.5, 0.5]},
								"west": {"uv": [9, 6], "uv_size": [0.5, 0.5]},
								"up": {"uv": [7, 9], "uv_size": [0.5, 0.5]},
								"down": {"uv": [8, 9.5], "uv_size": [0.5, -0.5]}
							}
						},
						{
							"origin": [-1, 2, -0.5],
							"size": [1, 1, 1],
							"uv": {
								"north": {"uv": [9, 8], "uv_size": [0.5, 0.5]},
								"east": {"uv": [9, 9], "uv_size": [0.5, 0.5]},
								"south": {"uv": [9.5, 1], "uv_size": [0.5, 0.5]},
								"west": {"uv": [9.5, 2], "uv_size": [0.5, 0.5]},
								"up": {"uv": [9.5, 3], "uv_size": [0.5, 0.5]},
								"down": {"uv": [9.5, 4.5], "uv_size": [0.5, -0.5]}
							}
						},
						{
							"origin": [-2.5, 0, -1.5],
							"size": [5, 1, 3],
							"uv": {
								"north": {"uv": [7, 7], "uv_size": [2.5, 0.5]},
								"east": {"uv": [7.5, 1], "uv_size": [1.5, 0.5]},
								"south": {"uv": [7.5, 0], "uv_size": [2.5, 0.5]},
								"west": {"uv": [7.5, 2], "uv_size": [1.5, 0.5]},
								"up": {"uv": [5, 5], "uv_size": [2.5, 1.5]},
								"down": {"uv": [0, 7.5], "uv_size": [2.5, -1.5]}
							}
						}
					]
				}
			],
			"item_display_transforms" : {
				"gui": {
					"rotation": [30, 225, 0],
					"translation": [0, 0, 0],
					"scale": [1, 1, 1]
				}
			}
		}
	]
}