{
	"format_version": "1.21.0",
	"minecraft:geometry": [
		{
			"description": {
				"identifier": "geometry.dss_bn_single_towel",
				"texture_width": 16,
				"texture_height": 16,
				"visible_bounds_width": 2,
				"visible_bounds_height": 2.5,
				"visible_bounds_offset": [0, 0.75, 0]
			},
			"bones": [
				{
					"name": "block",
					"pivot": [0, 3, 0],
					"cubes": [
						{
							"origin": [-8, 12, 7],
							"size": [16, 3, 1],
							"uv": {
								"north": {"uv": [0, 4.5], "uv_size": [4, 0.75]},
								"east": {"uv": [9.75, 2.5], "uv_size": [0.25, 0.75]},
								"south": {"uv": [4.25, 4.5], "uv_size": [4, 0.75]},
								"west": {"uv": [9.75, 3.5], "uv_size": [0.25, 0.75]},
								"up": {"uv": [3.25, 7.25], "uv_size": [4, 0.25]},
								"down": {"uv": [7.5, 7.5], "uv_size": [4, -0.25]}
							}
						},
						{
							"origin": [-6, 15, 4],
							"size": [12, 1, 3],
							"uv": {
								"north": {"uv": [0, 8.75], "uv_size": [3, 0.25]},
								"east": {"uv": [5.25, 9.75], "uv_size": [0.75, 0.25]},
								"south": {"uv": [3.25, 8.75], "uv_size": [3, 0.25]},
								"west": {"uv": [6.25, 9.75], "uv_size": [0.75, 0.25]},
								"up": {"uv": [0, 6.5], "uv_size": [3, 0.75]},
								"down": {"uv": [6.5, 0.75], "uv_size": [3, -0.75]}
							}
						},
						{
							"origin": [-6, 3, 4],
							"size": [12, 12, 1],
							"uv": {
								"north": {"uv": [0, 0], "uv_size": [3, 2]},
								"east": {"uv": [3.25, 9.75], "uv_size": [0.25, 2]},
								"south": {"uv": [0, 2.25], "uv_size": [3, 2]},
								"west": {"uv": [3.75, 9.75], "uv_size": [0.25, 2]},
								"up": {"uv": [6.5, 8.75], "uv_size": [3, 0.25]},
								"down": {"uv": [0, 9.5], "uv_size": [3, -0.25]}
							}
						},
						{
							"origin": [-6, 13, 6],
							"size": [12, 2, 1],
							"uv": {
								"north": {"uv": [6.5, 3], "uv_size": [3, 0.5]},
								"east": {"uv": [9.75, 8.75], "uv_size": [0.25, 0.5]},
								"south": {"uv": [3.25, 6.5], "uv_size": [3, 0.5]},
								"west": {"uv": [9.25, 9.75], "uv_size": [0.25, 0.5]},
								"up": {"uv": [3.25, 9.25], "uv_size": [3, 0.25]},
								"down": {"uv": [6.5, 9.5], "uv_size": [3, -0.25]}
							}
						},
						{
							"origin": [-8, 14, 5],
							"size": [16, 1, 1],
							"uv": {
								"north": {"uv": [0, 7.75], "uv_size": [4, 0.25]},
								"east": {"uv": [0.5, 10.25], "uv_size": [0.25, 0.25]},
								"south": {"uv": [4.25, 7.75], "uv_size": [4, 0.25]},
								"west": {"uv": [1, 10.25], "uv_size": [0.25, 0.25]},
								"up": {"uv": [0, 8.25], "uv_size": [4, 0.25]},
								"down": {"uv": [4.25, 8.5], "uv_size": [4, -0.25]}
							}
						},
						{
							"origin": [-8, 14, 6],
							"size": [1, 1, 1],
							"uv": {
								"north": {"uv": [1.5, 10.25], "uv_size": [0.25, 0.25]},
								"east": {"uv": [2, 10.25], "uv_size": [0.25, 0.25]},
								"south": {"uv": [2.5, 10.25], "uv_size": [0.25, 0.25]},
								"west": {"uv": [10.25, 2.5], "uv_size": [0.25, 0.25]},
								"up": {"uv": [10.25, 3], "uv_size": [0.25, 0.25]},
								"down": {"uv": [10.25, 3.75], "uv_size": [0.25, -0.25]}
							}
						},
						{
							"origin": [7, 14, 6],
							"size": [1, 1, 1],
							"uv": {
								"north": {"uv": [10.25, 4], "uv_size": [0.25, 0.25]},
								"east": {"uv": [5.25, 10.25], "uv_size": [0.25, 0.25]},
								"south": {"uv": [5.75, 10.25], "uv_size": [0.25, 0.25]},
								"west": {"uv": [6.25, 10.25], "uv_size": [0.25, 0.25]},
								"up": {"uv": [6.75, 10.25], "uv_size": [0.25, 0.25]},
								"down": {"uv": [8.25, 10.5], "uv_size": [0.25, -0.25]}
							}
						}
					]
				}
			],
			"item_display_transforms" : {
				"gui": {
					"rotation": [30, 225, 0],
					"translation": [0, 0, 0],
					"scale": [1, 1, 1]
				}
			}
		}
	]
}