{
	"format_version": "1.21.0",
	"minecraft:geometry": [
		{
			"description": {
				"identifier": "geometry.dss_bn_chair_1",
				"texture_width": 16,
				"texture_height": 16,
				"visible_bounds_width": 2,
				"visible_bounds_height": 2.5,
				"visible_bounds_offset": [0, 0.75, 0]
			},
			"bones": [
				{
					"name": "whole",
					"pivot": [0, 0, 0]
				},
				{
					"name": "root",
					"parent": "whole",
					"pivot": [0, -1, 0],
					"cubes": [
						{
							"origin": [-7, 9, 4],
							"size": [14, 12, 2],
							"uv": {
								"north": {"uv": [4.25, 1.75], "uv_size": [1.75, 1.5]},
								"east": {"uv": [5.875, 5.625], "uv_size": [0.25, 1.5]},
								"south": {"uv": [1.875, 4.25], "uv_size": [1.75, 1.5]},
								"west": {"uv": [0, 6], "uv_size": [0.25, 1.5]},
								"up": {"uv": [4.625, 4.125], "uv_size": [1.75, 0.25]},
								"down": {"uv": [4.625, 4.75], "uv_size": [1.75, -0.25]}
							}
						},
						{
							"origin": [-8, 5, -8],
							"size": [16, 1, 16],
							"uv": {
								"north": {"uv": [6.125, 0], "uv_size": [2, 0.125]},
								"east": {"uv": [6.125, 0.25], "uv_size": [2, 0.125]},
								"south": {"uv": [6.125, 0.5], "uv_size": [2, 0.125]},
								"west": {"uv": [6.125, 0.75], "uv_size": [2, 0.125]},
								"up": {"uv": [0, 0], "uv_size": [2, 2]},
								"down": {"uv": [0, 4.125], "uv_size": [2, -2]}
							}
						},
						{
							"origin": [-7, 0, -7],
							"size": [1, 5, 1],
							"uv": {
								"north": {"uv": [4.625, 6], "uv_size": [0.125, 0.625]},
								"east": {"uv": [4.875, 6], "uv_size": [0.125, 0.625]},
								"south": {"uv": [5.125, 6], "uv_size": [0.125, 0.625]},
								"west": {"uv": [5.375, 6], "uv_size": [0.125, 0.625]},
								"up": {"uv": [1.875, 6.25], "uv_size": [0.125, 0.125]},
								"down": {"uv": [2.125, 6.375], "uv_size": [0.125, -0.125]}
							}
						},
						{
							"origin": [6, 0, -7],
							"size": [1, 5, 1],
							"uv": {
								"north": {"uv": [5.625, 6], "uv_size": [0.125, 0.625]},
								"east": {"uv": [6.125, 1], "uv_size": [0.125, 0.625]},
								"south": {"uv": [6.125, 1.75], "uv_size": [0.125, 0.625]},
								"west": {"uv": [6.125, 2.5], "uv_size": [0.125, 0.625]},
								"up": {"uv": [2.375, 6.25], "uv_size": [0.125, 0.125]},
								"down": {"uv": [2.625, 6.375], "uv_size": [0.125, -0.125]}
							}
						},
						{
							"origin": [6, 0, 6],
							"size": [1, 7, 1],
							"uv": {
								"north": {"uv": [0.375, 6], "uv_size": [0.125, 0.875]},
								"east": {"uv": [0.625, 6], "uv_size": [0.125, 0.875]},
								"south": {"uv": [0.875, 6], "uv_size": [0.125, 0.875]},
								"west": {"uv": [1.125, 6], "uv_size": [0.125, 0.875]},
								"up": {"uv": [2.875, 6.25], "uv_size": [0.125, 0.125]},
								"down": {"uv": [3.125, 6.375], "uv_size": [0.125, -0.125]}
							}
						},
						{
							"origin": [-7, 0, 6],
							"size": [1, 7, 1],
							"uv": {
								"north": {"uv": [1.375, 6], "uv_size": [0.125, 0.875]},
								"east": {"uv": [1.625, 6], "uv_size": [0.125, 0.875]},
								"south": {"uv": [4.125, 6], "uv_size": [0.125, 0.875]},
								"west": {"uv": [4.375, 6], "uv_size": [0.125, 0.875]},
								"up": {"uv": [3.375, 6.25], "uv_size": [0.125, 0.125]},
								"down": {"uv": [6.25, 5.75], "uv_size": [0.125, -0.125]}
							}
						},
						{
							"origin": [-8, 6, 6],
							"size": [16, 16, 2],
							"uv": {
								"north": {"uv": [2.125, 0], "uv_size": [2, 2]},
								"east": {"uv": [4.25, 3.375], "uv_size": [0.25, 2]},
								"south": {"uv": [2.125, 2.125], "uv_size": [2, 2]},
								"west": {"uv": [3.75, 4.25], "uv_size": [0.25, 2]},
								"up": {"uv": [4.625, 3.375], "uv_size": [2, 0.25]},
								"down": {"uv": [4.625, 4], "uv_size": [2, -0.25]}
							}
						}
					]
				},
				{
					"name": "seat",
					"parent": "whole",
					"pivot": [0, 0, 0],
					"cubes": [
						{
							"origin": [-7, 6, -7],
							"size": [14, 2, 13],
							"uv": {
								"north": {"uv": [4.625, 4.875], "uv_size": [1.75, 0.25]},
								"east": {"uv": [4.125, 5.625], "uv_size": [1.625, 0.25]},
								"south": {"uv": [4.625, 5.25], "uv_size": [1.75, 0.25]},
								"west": {"uv": [1.875, 5.875], "uv_size": [1.625, 0.25]},
								"up": {"uv": [0, 4.25], "uv_size": [1.75, 1.625]},
								"down": {"uv": [4.25, 1.625], "uv_size": [1.75, -1.625]}
							}
						}
					]
				}
			],
			"item_display_transforms" : {
				"gui": {
					"rotation": [30, 225, 0],
					"translation": [0, 0, 0],
					"scale": [1, 1, 1]
				}
			}
		}
	]
}