{
	"format_version": "1.21.0",
	"minecraft:geometry": [
		{
			"description": {
				"identifier": "geometry.dss_bn_microwave_oven",
				"texture_width": 32,
				"texture_height": 32,
				"visible_bounds_width": 2,
				"visible_bounds_height": 2.5,
				"visible_bounds_offset": [0, 0.75, 0]
			},
			"bones": [
				{
					"name": "block",
					"pivot": [0, 0, 0],
					"cubes": [
						{
							"origin": [-7, 0, -5],
							"size": [14, 8, 10],
							"uv": {
								"north": {"uv": [15, 0], "uv_size": [14, 8]},
								"east": {"uv": [15, 18], "uv_size": [10, 8]},
								"south": {"uv": [15, 9], "uv_size": [14, 8]},
								"west": {"uv": [0, 22], "uv_size": [10, 8]},
								"up": {"uv": [0, 0], "uv_size": [14, 10]},
								"down": {"uv": [0, 21], "uv_size": [14, -10]}
							}
						}
					]
				}
			],
			"item_display_transforms" : {
				"gui": {
					"rotation": [30, 225, 0],
					"translation": [0, 0, 0],
					"scale": [1, 1, 1]
				}
			}
		}
	]
}