{
	"format_version": "1.21.0",
	"minecraft:geometry": [
		{
			"description": {
				"identifier": "geometry.dss_bn_wall_vase",
				"texture_width": 16,
				"texture_height": 16,
				"visible_bounds_width": 3,
				"visible_bounds_height": 3.5,
				"visible_bounds_offset": [0, 1.25, 0]
			},
			"bones": [
				{
					"name": "block",
					"pivot": [0, 0, 0],
					"cubes": [
						{
							"origin": [-6.12, 0, 6.71],
							"size": [4.59, 24.48, 1.53],
							"uv": {
								"north": {"uv": [0, 0], "uv_size": [0.75, 4]},
								"east": {"uv": [4, 0], "uv_size": [0.25, 4]},
								"south": {"uv": [1, 0], "uv_size": [0.75, 4]},
								"west": {"uv": [0, 4.25], "uv_size": [0.25, 4]},
								"up": {"uv": [4, 5.25], "uv_size": [0.75, 0.25]},
								"down": {"uv": [5.5, 0.25], "uv_size": [0.75, -0.25]}
							}
						},
						{
							"origin": [-6.12, 6.12, 2.12],
							"size": [4.59, 1.53, 4.59],
							"uv": {
								"north": {"uv": [5.5, 0.5], "uv_size": [0.75, 0.25]},
								"east": {"uv": [5.5, 1], "uv_size": [0.75, 0.25]},
								"south": {"uv": [5.5, 1.5], "uv_size": [0.75, 0.25]},
								"west": {"uv": [5.5, 2], "uv_size": [0.75, 0.25]},
								"up": {"uv": [0.5, 4.25], "uv_size": [0.75, 0.75]},
								"down": {"uv": [4, 5], "uv_size": [0.75, -0.75]}
							}
						},
						{
							"origin": [-4.59, 12.24, 2.885],
							"size": [1.53, 1.53, 3.06],
							"uv": {
								"north": {"uv": [3.25, 5.5], "uv_size": [0.5, 0.25]},
								"east": {"uv": [1.25, 5.75], "uv_size": [0.5, 0.25]},
								"south": {"uv": [4, 5.75], "uv_size": [0.5, 0.25]},
								"west": {"uv": [0.5, 6], "uv_size": [0.5, 0.25]},
								"up": {"uv": [3.25, 4.75], "uv_size": [0.5, 0.5]},
								"down": {"uv": [0.5, 5.75], "uv_size": [0.5, -0.5]}
							}
						},
						{
							"origin": [-5.355, 7.65, 2.12],
							"size": [3.06, 4.59, 4.59],
							"uv": {
								"north": {"uv": [3.25, 0], "uv_size": [0.5, 0.75]},
								"east": {"uv": [4.5, 0], "uv_size": [0.75, 0.75]},
								"south": {"uv": [3.25, 1], "uv_size": [0.5, 0.75]},
								"west": {"uv": [4.5, 1], "uv_size": [0.75, 0.75]},
								"up": {"uv": [3.25, 2], "uv_size": [0.5, 0.75]},
								"down": {"uv": [1.5, 5.5], "uv_size": [0.5, -0.75]}
							}
						},
						{
							"origin": [-6.885, 13.77, 4.415],
							"size": [6.12, 7.65, 0],
							"uv": {
								"north": {"uv": [2, 0], "uv_size": [1, 1.25]},
								"east": {"uv": [2, 5.75], "uv_size": [0, 1.25]},
								"south": {"uv": [2, 1.5], "uv_size": [1, 1.25]},
								"west": {"uv": [5.75, 6], "uv_size": [0, 1.25]},
								"up": {"uv": [6, 6], "uv_size": [1, 0]},
								"down": {"uv": [6, 6.25], "uv_size": [1, 0]}
							}
						},
						{
							"origin": [1.53, 7.65, 6.71],
							"size": [4.59, 9.18, 1.53],
							"uv": {
								"north": {"uv": [2, 3], "uv_size": [0.75, 1.5]},
								"east": {"uv": [2.25, 4.75], "uv_size": [0.25, 1.5]},
								"south": {"uv": [3, 3], "uv_size": [0.75, 1.5]},
								"west": {"uv": [2.75, 4.75], "uv_size": [0.25, 1.5]},
								"up": {"uv": [5.5, 2.5], "uv_size": [0.75, 0.25]},
								"down": {"uv": [5.5, 3.25], "uv_size": [0.75, -0.25]}
							}
						},
						{
							"origin": [1.53, 7.65, 3.65],
							"size": [4.59, 1.53, 3.06],
							"uv": {
								"north": {"uv": [5.5, 3.5], "uv_size": [0.75, 0.25]},
								"east": {"uv": [3.25, 6], "uv_size": [0.5, 0.25]},
								"south": {"uv": [5, 5.5], "uv_size": [0.75, 0.25]},
								"west": {"uv": [6, 4], "uv_size": [0.5, 0.25]},
								"up": {"uv": [5, 4], "uv_size": [0.75, 0.5]},
								"down": {"uv": [5, 5.25], "uv_size": [0.75, -0.5]}
							}
						},
						{
							"origin": [3.06, 9.18, 4.415],
							"size": [1.53, 1.53, 1.53],
							"uv": {
								"north": {"uv": [1.5, 4.25], "uv_size": [0.25, 0.25]},
								"east": {"uv": [6, 4.5], "uv_size": [0.25, 0.25]},
								"south": {"uv": [4.75, 6], "uv_size": [0.25, 0.25]},
								"west": {"uv": [6, 5], "uv_size": [0.25, 0.25]},
								"up": {"uv": [5.25, 6], "uv_size": [0.25, 0.25]},
								"down": {"uv": [6, 5.75], "uv_size": [0.25, -0.25]}
							}
						},
						{
							"origin": [1.53, 9.18, 5.18],
							"size": [4.59, 4.59, 0],
							"uv": {
								"north": {"uv": [4.5, 2], "uv_size": [0.75, 0.75]},
								"east": {"uv": [1.25, 6.25], "uv_size": [0, 0.75]},
								"south": {"uv": [4.5, 3], "uv_size": [0.75, 0.75]},
								"west": {"uv": [1.5, 6.25], "uv_size": [0, 0.75]},
								"up": {"uv": [6.5, 0], "uv_size": [0.75, 0]},
								"down": {"uv": [6.5, 0.25], "uv_size": [0.75, 0]}
							}
						}
					]
				}
			],
			"item_display_transforms" : {
				"gui": {
					"rotation": [30, 225, 0],
					"translation": [0, 0, 0],
					"scale": [1, 1, 1]
				}
			}
		}
	]
}