{
	"format_version": "1.21.0",
	"minecraft:geometry": [
		{
			"description": {
				"identifier": "geometry.dss_bn_chandelier_3",
				"texture_width": 16,
				"texture_height": 16,
				"visible_bounds_width": 2,
				"visible_bounds_height": 2.5,
				"visible_bounds_offset": [0, 0.75, 0]
			},
			"bones": [
				{
					"name": "block",
					"pivot": [0, 0, -1],
					"cubes": [
						{
							"origin": [-8, 15, -2],
							"size": [16, 1, 4],
							"uv": {
								"north": {"uv": [0, 2.5], "uv_size": [4, 0.25]},
								"east": {"uv": [5.75, 0], "uv_size": [1, 0.25]},
								"south": {"uv": [0, 3], "uv_size": [4, 0.25]},
								"west": {"uv": [5.75, 0.5], "uv_size": [1, 0.25]},
								"up": {"uv": [0, 0], "uv_size": [4, 1]},
								"down": {"uv": [0, 2.25], "uv_size": [4, -1]}
							}
						},
						{
							"origin": [-6.5, 5, -0.5],
							"size": [1, 7, 1],
							"uv": {
								"north": {"uv": [1, 3.5], "uv_size": [0.25, 1.75]},
								"east": {"uv": [1.5, 3.5], "uv_size": [0.25, 1.75]},
								"south": {"uv": [2, 3.5], "uv_size": [0.25, 1.75]},
								"west": {"uv": [2.5, 3.5], "uv_size": [0.25, 1.75]},
								"up": {"uv": [6, 3], "uv_size": [0.25, 0.25]},
								"down": {"uv": [6, 3.75], "uv_size": [0.25, -0.25]}
							}
						},
						{
							"origin": [-3.5, 3, -0.5],
							"size": [1, 7, 1],
							"uv": {
								"north": {"uv": [3, 3.5], "uv_size": [0.25, 1.75]},
								"east": {"uv": [3.5, 3.5], "uv_size": [0.25, 1.75]},
								"south": {"uv": [4, 3.5], "uv_size": [0.25, 1.75]},
								"west": {"uv": [4.25, 0], "uv_size": [0.25, 1.75]},
								"up": {"uv": [6, 4], "uv_size": [0.25, 0.25]},
								"down": {"uv": [4.5, 6.25], "uv_size": [0.25, -0.25]}
							}
						},
						{
							"origin": [-0.5, 0, -0.5],
							"size": [1, 7, 1],
							"uv": {
								"north": {"uv": [4.5, 2], "uv_size": [0.25, 1.75]},
								"east": {"uv": [4.5, 4], "uv_size": [0.25, 1.75]},
								"south": {"uv": [4.75, 0], "uv_size": [0.25, 1.75]},
								"west": {"uv": [5, 2], "uv_size": [0.25, 1.75]},
								"up": {"uv": [6, 4.5], "uv_size": [0.25, 0.25]},
								"down": {"uv": [5, 6.25], "uv_size": [0.25, -0.25]}
							}
						},
						{
							"origin": [2.5, 3, -0.5],
							"size": [1, 7, 1],
							"uv": {
								"north": {"uv": [5, 4], "uv_size": [0.25, 1.75]},
								"east": {"uv": [5.25, 0], "uv_size": [0.25, 1.75]},
								"south": {"uv": [1, 5.5], "uv_size": [0.25, 1.75]},
								"west": {"uv": [1.5, 5.5], "uv_size": [0.25, 1.75]},
								"up": {"uv": [6, 5], "uv_size": [0.25, 0.25]},
								"down": {"uv": [6, 5.75], "uv_size": [0.25, -0.25]}
							}
						},
						{
							"origin": [5.5, 5, -0.5],
							"size": [1, 7, 1],
							"uv": {
								"north": {"uv": [2, 5.5], "uv_size": [0.25, 1.75]},
								"east": {"uv": [5.5, 2], "uv_size": [0.25, 1.75]},
								"south": {"uv": [2.5, 5.5], "uv_size": [0.25, 1.75]},
								"west": {"uv": [3, 5.5], "uv_size": [0.25, 1.75]},
								"up": {"uv": [6, 6], "uv_size": [0.25, 0.25]},
								"down": {"uv": [6.25, 1.25], "uv_size": [0.25, -0.25]}
							}
						}
					]
				},
				{
					"name": "bone",
					"parent": "block",
					"pivot": [11.5, 0, -1],
					"cubes": [
						{
							"origin": [-6.75, 12, 0],
							"size": [1, 3, 0],
							"uv": {
								"north": {"uv": [0, 5.75], "uv_size": [0.25, 0.75]},
								"east": {"uv": [4.25, 2], "uv_size": [0, 0.75]},
								"south": {"uv": [0.5, 5.75], "uv_size": [0.25, 0.75]},
								"west": {"uv": [6.5, 1.5], "uv_size": [0, 0.75]},
								"up": {"uv": [6.5, 2.5], "uv_size": [0.25, 0]},
								"down": {"uv": [6.5, 2.75], "uv_size": [0.25, 0]}
							}
						},
						{
							"origin": [-3.75, 10, 0],
							"size": [1, 5, 0],
							"uv": {
								"north": {"uv": [3.5, 5.5], "uv_size": [0.25, 1.25]},
								"east": {"uv": [6.5, 3], "uv_size": [0, 1.25]},
								"south": {"uv": [4, 5.5], "uv_size": [0.25, 1.25]},
								"west": {"uv": [4.5, 6.5], "uv_size": [0, 1.25]},
								"up": {"uv": [6.5, 4.5], "uv_size": [0.25, 0]},
								"down": {"uv": [4.75, 6.5], "uv_size": [0.25, 0]}
							}
						},
						{
							"origin": [-0.75, 7, 0],
							"size": [1, 8, 0],
							"uv": {
								"north": {"uv": [0, 3.5], "uv_size": [0.25, 2]},
								"east": {"uv": [6.5, 4.75], "uv_size": [0, 2]},
								"south": {"uv": [0.5, 3.5], "uv_size": [0.25, 2]},
								"west": {"uv": [5.25, 6.5], "uv_size": [0, 2]},
								"up": {"uv": [6, 6.5], "uv_size": [0.25, 0]},
								"down": {"uv": [0, 6.75], "uv_size": [0.25, 0]}
							}
						},
						{
							"origin": [2.75, 10, 0],
							"size": [1, 5, 0],
							"uv": {
								"north": {"uv": [5.5, 4], "uv_size": [0.25, 1.25]},
								"east": {"uv": [0.5, 6.75], "uv_size": [0, 1.25]},
								"south": {"uv": [5.5, 5.5], "uv_size": [0.25, 1.25]},
								"west": {"uv": [0.75, 6.75], "uv_size": [0, 1.25]},
								"up": {"uv": [6.75, 1], "uv_size": [0.25, 0]},
								"down": {"uv": [6.75, 1.25], "uv_size": [0.25, 0]}
							}
						},
						{
							"origin": [5.75, 12, 0],
							"size": [1, 3, 0],
							"uv": {
								"north": {"uv": [5.75, 1], "uv_size": [0.25, 0.75]},
								"east": {"uv": [6.75, 1.5], "uv_size": [0, 0.75]},
								"south": {"uv": [6, 2], "uv_size": [0.25, 0.75]},
								"west": {"uv": [6.75, 3], "uv_size": [0, 0.75]},
								"up": {"uv": [6.75, 4], "uv_size": [0.25, 0]},
								"down": {"uv": [6.75, 4.25], "uv_size": [0.25, 0]}
							}
						}
					]
				}
			],
			"item_display_transforms" : {
				"gui": {
					"rotation": [30, 225, 0],
					"translation": [0, 0, 0],
					"scale": [1, 1, 1]
				}
			}
		}
	]
}