{
	"format_version": "1.21.0",
	"minecraft:geometry": [
		{
			"description": {
				"identifier": "geometry.dss_bn_floor_lamp_1",
				"texture_width": 16,
				"texture_height": 16,
				"visible_bounds_width": 2,
				"visible_bounds_height": 3.5,
				"visible_bounds_offset": [0, 1.25, 0]
			},
			"bones": [
				{
					"name": "block",
					"pivot": [0.5, 0, 0.5],
					"cubes": [
						{
							"origin": [-0.5, 0, -0.5],
							"size": [1, 24, 1],
							"uv": {
								"north": {"uv": [4, 0], "uv_size": [0.25, 7.5]},
								"east": {"uv": [4.5, 0], "uv_size": [0.25, 7.5]},
								"south": {"uv": [5, 0], "uv_size": [0.25, 7.5]},
								"west": {"uv": [2, 5.25], "uv_size": [0.25, 7.5]},
								"up": {"uv": [1.5, 5.75], "uv_size": [0.25, 0.25]},
								"down": {"uv": [1, 6.5], "uv_size": [0.25, -0.25]}
							}
						},
						{
							"origin": [-2.5, 21, -1.5],
							"size": [5, 1, 3],
							"uv": {
								"north": {"uv": [5.5, 3.5], "uv_size": [1.25, 0.25]},
								"east": {"uv": [5.5, 6], "uv_size": [0.75, 0.25]},
								"south": {"uv": [5.5, 4], "uv_size": [1.25, 0.25]},
								"west": {"uv": [0, 6.25], "uv_size": [0.75, 0.25]},
								"up": {"uv": [5.5, 1.5], "uv_size": [1.25, 0.75]},
								"down": {"uv": [5.5, 3.25], "uv_size": [1.25, -0.75]}
							}
						},
						{
							"origin": [-2.5, 0, -2.5],
							"size": [5, 1, 5],
							"uv": {
								"north": {"uv": [5.5, 4.5], "uv_size": [1.25, 0.25]},
								"east": {"uv": [5.5, 5], "uv_size": [1.25, 0.25]},
								"south": {"uv": [5.5, 5.5], "uv_size": [1.25, 0.25]},
								"west": {"uv": [0, 5.75], "uv_size": [1.25, 0.25]},
								"up": {"uv": [2.5, 5.25], "uv_size": [1.25, 1.25]},
								"down": {"uv": [5.5, 1.25], "uv_size": [1.25, -1.25]}
							}
						},
						{
							"origin": [-3.5, 24, -3.5],
							"size": [7, 6, 7],
							"uv": {
								"north": {"uv": [2, 0], "uv_size": [1.75, 1.5]},
								"east": {"uv": [2, 1.75], "uv_size": [1.75, 1.5]},
								"south": {"uv": [2, 3.5], "uv_size": [1.75, 1.5]},
								"west": {"uv": [0, 4], "uv_size": [1.75, 1.5]},
								"up": {"uv": [0, 0], "uv_size": [1.75, 1.75]},
								"down": {"uv": [0, 3.75], "uv_size": [1.75, -1.75]}
							}
						}
					]
				}
			],
			"item_display_transforms" : {
				"gui": {
					"rotation": [30, 225, 0],
					"translation": [0, 0, 0],
					"scale": [1, 1, 1]
				}
			}
		}
	]
}