{
	"format_version": "1.21.20",
	"minecraft:geometry": [
		{
			"description": {
				"identifier": "geometry.dss_crafting_table",
				"texture_width": 64,
				"texture_height": 64,
				"visible_bounds_width": 5,
				"visible_bounds_height": 2.5,
				"visible_bounds_offset": [0, 0.75, 0]
			},
			"bones": [
				{
					"name": "bone",
					"pivot": [0, 0, 0],
					"cubes": [
						{
							"origin": [-8, 0, -8],
							"size": [16, 8, 16],
							"uv": {
								"north": {"uv": [14, 32], "uv_size": [16, 8]},
								"east": {"uv": [32, 14], "uv_size": [16, 8]},
								"south": {"uv": [32, 22], "uv_size": [16, 8]},
								"west": {"uv": [30, 32], "uv_size": [16, 8]},
								"up": {"uv": [0, 0], "uv_size": [16, 16]},
								"down": {"uv": [0, 32], "uv_size": [16, -16]}
							}
						},
						{
							"origin": [-7, 8, -7],
							"size": [14, 6, 14],
							"uv": {
								"north": {"uv": [14, 40], "uv_size": [14, 6]},
								"east": {"uv": [28, 40], "uv_size": [14, 6]},
								"south": {"uv": [42, 40], "uv_size": [14, 6]},
								"west": {"uv": [0, 46], "uv_size": [14, 6]},
								"up": {"uv": [0, 32], "uv_size": [14, 14]},
								"down": {"uv": [32, 14], "uv_size": [14, -14]}
							}
						},
						{
							"origin": [-8, 14, -8],
							"size": [16, 2, 16],
							"uv": {
								"north": {"uv": [32, 30], "uv_size": [16, 2]},
								"east": {"uv": [46, 0], "uv_size": [16, 2]},
								"south": {"uv": [46, 2], "uv_size": [16, 2]},
								"west": {"uv": [46, 4], "uv_size": [16, 2]},
								"up": {"uv": [16, 0], "uv_size": [16, 16]},
								"down": {"uv": [16, 32], "uv_size": [16, -16]}
							}
						}
					]
				},
				{
					"name": "bone2",
					"parent": "bone",
					"pivot": [3, 12.5, -13.5],
					"cubes": [
						{
							"origin": [5, 12.5, -7.5],
							"size": [1, 1, 1],
							"uv": {
								"north": {"uv": [47, 32], "uv_size": [1, 1]},
								"east": {"uv": [33, 47], "uv_size": [1, 1]},
								"south": {"uv": [47, 33], "uv_size": [1, 1]},
								"west": {"uv": [34, 47], "uv_size": [1, 1]},
								"up": {"uv": [47, 34], "uv_size": [1, 1]},
								"down": {"uv": [35, 48], "uv_size": [1, -1]}
							}
						},
						{
							"origin": [4, 11.5, -7.5],
							"size": [1, 1, 1],
							"uv": {
								"north": {"uv": [27, 47], "uv_size": [1, 1]},
								"east": {"uv": [28, 47], "uv_size": [1, 1]},
								"south": {"uv": [29, 47], "uv_size": [1, 1]},
								"west": {"uv": [30, 47], "uv_size": [1, 1]},
								"up": {"uv": [31, 47], "uv_size": [1, 1]},
								"down": {"uv": [32, 48], "uv_size": [1, -1]}
							}
						},
						{
							"origin": [3, 10.5, -7.5],
							"size": [1, 1, 1],
							"uv": {
								"north": {"uv": [39, 46], "uv_size": [1, 1]},
								"east": {"uv": [46, 39], "uv_size": [1, 1]},
								"south": {"uv": [40, 46], "uv_size": [1, 1]},
								"west": {"uv": [41, 46], "uv_size": [1, 1]},
								"up": {"uv": [42, 46], "uv_size": [1, 1]},
								"down": {"uv": [43, 47], "uv_size": [1, -1]}
							}
						},
						{
							"origin": [2, 11.5, -7.5],
							"size": [1, 1, 1],
							"uv": {
								"north": {"uv": [47, 9], "uv_size": [1, 1]},
								"east": {"uv": [47, 10], "uv_size": [1, 1]},
								"south": {"uv": [47, 11], "uv_size": [1, 1]},
								"west": {"uv": [47, 12], "uv_size": [1, 1]},
								"up": {"uv": [47, 13], "uv_size": [1, 1]},
								"down": {"uv": [20, 48], "uv_size": [1, -1]}
							}
						},
						{
							"origin": [2, 9.5, -7.5],
							"size": [1, 1, 1],
							"uv": {
								"north": {"uv": [36, 46], "uv_size": [1, 1]},
								"east": {"uv": [46, 36], "uv_size": [1, 1]},
								"south": {"uv": [37, 46], "uv_size": [1, 1]},
								"west": {"uv": [46, 37], "uv_size": [1, 1]},
								"up": {"uv": [38, 46], "uv_size": [1, 1]},
								"down": {"uv": [46, 39], "uv_size": [1, -1]}
							}
						},
						{
							"origin": [4, 9.5, -7.5],
							"size": [1, 1, 1],
							"uv": {
								"north": {"uv": [44, 46], "uv_size": [1, 1]},
								"east": {"uv": [45, 46], "uv_size": [1, 1]},
								"south": {"uv": [46, 46], "uv_size": [1, 1]},
								"west": {"uv": [47, 6], "uv_size": [1, 1]},
								"up": {"uv": [47, 7], "uv_size": [1, 1]},
								"down": {"uv": [47, 9], "uv_size": [1, -1]}
							}
						},
						{
							"origin": [1, 8.5, -7.5],
							"size": [1, 1, 1],
							"uv": {
								"north": {"uv": [21, 47], "uv_size": [1, 1]},
								"east": {"uv": [22, 47], "uv_size": [1, 1]},
								"south": {"uv": [23, 47], "uv_size": [1, 1]},
								"west": {"uv": [24, 47], "uv_size": [1, 1]},
								"up": {"uv": [25, 47], "uv_size": [1, 1]},
								"down": {"uv": [26, 48], "uv_size": [1, -1]}
							}
						},
						{
							"origin": [-3, 8.5, -7.5],
							"size": [1, 3, 1],
							"uv": {
								"north": {"uv": [16, 46], "uv_size": [1, 3]},
								"east": {"uv": [17, 46], "uv_size": [1, 3]},
								"south": {"uv": [18, 46], "uv_size": [1, 3]},
								"west": {"uv": [19, 46], "uv_size": [1, 3]},
								"up": {"uv": [20, 46], "uv_size": [1, 1]},
								"down": {"uv": [21, 47], "uv_size": [1, -1]}
							}
						},
						{
							"origin": [-5, 8.5, -7.5],
							"size": [1, 3, 1],
							"uv": {
								"north": {"uv": [46, 6], "uv_size": [1, 3]},
								"east": {"uv": [46, 9], "uv_size": [1, 3]},
								"south": {"uv": [14, 46], "uv_size": [1, 3]},
								"west": {"uv": [15, 46], "uv_size": [1, 3]},
								"up": {"uv": [46, 12], "uv_size": [1, 1]},
								"down": {"uv": [46, 14], "uv_size": [1, -1]}
							}
						},
						{
							"origin": [-4, 11.5, -7.5],
							"size": [1, 1, 1],
							"uv": {
								"north": {"uv": [22, 46], "uv_size": [1, 1]},
								"east": {"uv": [23, 46], "uv_size": [1, 1]},
								"south": {"uv": [24, 46], "uv_size": [1, 1]},
								"west": {"uv": [25, 46], "uv_size": [1, 1]},
								"up": {"uv": [26, 46], "uv_size": [1, 1]},
								"down": {"uv": [27, 47], "uv_size": [1, -1]}
							}
						},
						{
							"origin": [-5, 12.5, -7.5],
							"size": [1, 1, 1],
							"uv": {
								"north": {"uv": [33, 46], "uv_size": [1, 1]},
								"east": {"uv": [46, 33], "uv_size": [1, 1]},
								"south": {"uv": [34, 46], "uv_size": [1, 1]},
								"west": {"uv": [46, 34], "uv_size": [1, 1]},
								"up": {"uv": [35, 46], "uv_size": [1, 1]},
								"down": {"uv": [46, 36], "uv_size": [1, -1]}
							}
						},
						{
							"origin": [-3, 12.5, -7.5],
							"size": [1, 1, 1],
							"uv": {
								"north": {"uv": [28, 46], "uv_size": [1, 1]},
								"east": {"uv": [29, 46], "uv_size": [1, 1]},
								"south": {"uv": [30, 46], "uv_size": [1, 1]},
								"west": {"uv": [31, 46], "uv_size": [1, 1]},
								"up": {"uv": [32, 46], "uv_size": [1, 1]},
								"down": {"uv": [46, 33], "uv_size": [1, -1]}
							}
						}
					]
				},
				{
					"name": "bone3",
					"parent": "bone",
					"pivot": [3, 12.5, 13.5],
					"cubes": [
						{
							"origin": [5, 12.5, 6.5],
							"size": [1, 1, 1],
							"uv": {
								"north": {"uv": [48, 33], "uv_size": [-1, 1]},
								"east": {"uv": [34, 47], "uv_size": [-1, 1]},
								"south": {"uv": [48, 32], "uv_size": [-1, 1]},
								"west": {"uv": [35, 47], "uv_size": [-1, 1]},
								"up": {"uv": [47, 35], "uv_size": [1, -1]},
								"down": {"uv": [35, 47], "uv_size": [1, 1]}
							}
						},
						{
							"origin": [4, 11.5, 6.5],
							"size": [1, 1, 1],
							"uv": {
								"north": {"uv": [30, 47], "uv_size": [-1, 1]},
								"east": {"uv": [29, 47], "uv_size": [-1, 1]},
								"south": {"uv": [28, 47], "uv_size": [-1, 1]},
								"west": {"uv": [31, 47], "uv_size": [-1, 1]},
								"up": {"uv": [31, 48], "uv_size": [1, -1]},
								"down": {"uv": [32, 47], "uv_size": [1, 1]}
							}
						},
						{
							"origin": [3, 10.5, 6.5],
							"size": [1, 1, 1],
							"uv": {
								"north": {"uv": [41, 46], "uv_size": [-1, 1]},
								"east": {"uv": [47, 39], "uv_size": [-1, 1]},
								"south": {"uv": [40, 46], "uv_size": [-1, 1]},
								"west": {"uv": [42, 46], "uv_size": [-1, 1]},
								"up": {"uv": [42, 47], "uv_size": [1, -1]},
								"down": {"uv": [43, 46], "uv_size": [1, 1]}
							}
						},
						{
							"origin": [2, 11.5, 6.5],
							"size": [1, 1, 1],
							"uv": {
								"north": {"uv": [48, 11], "uv_size": [-1, 1]},
								"east": {"uv": [48, 10], "uv_size": [-1, 1]},
								"south": {"uv": [48, 9], "uv_size": [-1, 1]},
								"west": {"uv": [48, 12], "uv_size": [-1, 1]},
								"up": {"uv": [47, 14], "uv_size": [1, -1]},
								"down": {"uv": [20, 47], "uv_size": [1, 1]}
							}
						},
						{
							"origin": [2, 9.5, 6.5],
							"size": [1, 1, 1],
							"uv": {
								"north": {"uv": [38, 46], "uv_size": [-1, 1]},
								"east": {"uv": [47, 36], "uv_size": [-1, 1]},
								"south": {"uv": [37, 46], "uv_size": [-1, 1]},
								"west": {"uv": [47, 37], "uv_size": [-1, 1]},
								"up": {"uv": [38, 47], "uv_size": [1, -1]},
								"down": {"uv": [46, 38], "uv_size": [1, 1]}
							}
						},
						{
							"origin": [4, 9.5, 6.5],
							"size": [1, 1, 1],
							"uv": {
								"north": {"uv": [47, 46], "uv_size": [-1, 1]},
								"east": {"uv": [46, 46], "uv_size": [-1, 1]},
								"south": {"uv": [45, 46], "uv_size": [-1, 1]},
								"west": {"uv": [48, 6], "uv_size": [-1, 1]},
								"up": {"uv": [47, 8], "uv_size": [1, -1]},
								"down": {"uv": [47, 8], "uv_size": [1, 1]}
							}
						},
						{
							"origin": [1, 8.5, 6.5],
							"size": [1, 1, 1],
							"uv": {
								"north": {"uv": [24, 47], "uv_size": [-1, 1]},
								"east": {"uv": [23, 47], "uv_size": [-1, 1]},
								"south": {"uv": [22, 47], "uv_size": [-1, 1]},
								"west": {"uv": [25, 47], "uv_size": [-1, 1]},
								"up": {"uv": [25, 48], "uv_size": [1, -1]},
								"down": {"uv": [26, 47], "uv_size": [1, 1]}
							}
						},
						{
							"origin": [-3, 8.5, 6.5],
							"size": [1, 3, 1],
							"uv": {
								"north": {"uv": [19, 46], "uv_size": [-1, 3]},
								"east": {"uv": [18, 46], "uv_size": [-1, 3]},
								"south": {"uv": [17, 46], "uv_size": [-1, 3]},
								"west": {"uv": [20, 46], "uv_size": [-1, 3]},
								"up": {"uv": [20, 47], "uv_size": [1, -1]},
								"down": {"uv": [21, 46], "uv_size": [1, 1]}
							}
						},
						{
							"origin": [-5, 8.5, 6.5],
							"size": [1, 3, 1],
							"uv": {
								"north": {"uv": [15, 46], "uv_size": [-1, 3]},
								"east": {"uv": [47, 9], "uv_size": [-1, 3]},
								"south": {"uv": [47, 6], "uv_size": [-1, 3]},
								"west": {"uv": [16, 46], "uv_size": [-1, 3]},
								"up": {"uv": [46, 13], "uv_size": [1, -1]},
								"down": {"uv": [46, 13], "uv_size": [1, 1]}
							}
						},
						{
							"origin": [-4, 11.5, 6.5],
							"size": [1, 1, 1],
							"uv": {
								"north": {"uv": [25, 46], "uv_size": [-1, 1]},
								"east": {"uv": [24, 46], "uv_size": [-1, 1]},
								"south": {"uv": [23, 46], "uv_size": [-1, 1]},
								"west": {"uv": [26, 46], "uv_size": [-1, 1]},
								"up": {"uv": [26, 47], "uv_size": [1, -1]},
								"down": {"uv": [27, 46], "uv_size": [1, 1]}
							}
						},
						{
							"origin": [-5, 12.5, 6.5],
							"size": [1, 1, 1],
							"uv": {
								"north": {"uv": [35, 46], "uv_size": [-1, 1]},
								"east": {"uv": [47, 33], "uv_size": [-1, 1]},
								"south": {"uv": [34, 46], "uv_size": [-1, 1]},
								"west": {"uv": [47, 34], "uv_size": [-1, 1]},
								"up": {"uv": [35, 47], "uv_size": [1, -1]},
								"down": {"uv": [46, 35], "uv_size": [1, 1]}
							}
						},
						{
							"origin": [-3, 12.5, 6.5],
							"size": [1, 1, 1],
							"uv": {
								"north": {"uv": [31, 46], "uv_size": [-1, 1]},
								"east": {"uv": [30, 46], "uv_size": [-1, 1]},
								"south": {"uv": [29, 46], "uv_size": [-1, 1]},
								"west": {"uv": [32, 46], "uv_size": [-1, 1]},
								"up": {"uv": [32, 47], "uv_size": [1, -1]},
								"down": {"uv": [46, 32], "uv_size": [1, 1]}
							}
						}
					]
				}
			],
			"item_display_transforms": {
				"thirdperson_righthand": {
					"rotation": [32, 34, 8],
					"translation": [0, 0, -1],
					"scale": [0.3, 0.3, 0.3],
					"rotation_pivot": [0, 0, 0],
					"scale_pivot": [0, 0, 0]
				},
				"thirdperson_lefthand": {
					"rotation": [0, 0, 0],
					"translation": [0, 0, 0],
					"scale": [0.3, 0.3, 0.3],
					"rotation_pivot": [0, 0, 0],
					"scale_pivot": [0, 0, 0]
				},
				"firstperson_righthand": {
					"rotation": [0, 0, 0],
					"translation": [0, 0, 0],
					"scale": [0.3, 0.3, 0.3],
					"rotation_pivot": [0, 0, 0],
					"scale_pivot": [0, 0, 0]
				},
				"firstperson_lefthand": {
					"rotation": [0, 0, 0],
					"translation": [0, 0, 0],
					"scale": [0.3, 0.3, 0.3],
					"rotation_pivot": [0, 0, 0],
					"scale_pivot": [0, 0, 0]
				},
				"ground": {
					"rotation": [0, 0, 0],
					"translation": [0, 0, 0],
					"scale": [0.3, 0.3, 0.3],
					"rotation_pivot": [0, 0, 0],
					"scale_pivot": [0, 0, 0]
				},
				"gui": {
					"rotation": [35, 44, 0],
					"translation": [0, 0, 0],
					"scale": [0.6, 0.6, 0.6],
					"rotation_pivot": [0, 0, 0],
					"scale_pivot": [0, 0, 0]
				},
				"head": {
					"rotation": [0, 0, 0],
					"translation": [0, 0, 0],
					"scale": [1, 1, 1],
					"rotation_pivot": [0, 0, 0],
					"scale_pivot": [0, 0, 0]
				},
				"fixed": {
					"rotation": [0, 0, 0],
					"translation": [0, 0, 0],
					"scale": [1, 1, 0.45],
					"rotation_pivot": [0, 0, 0],
					"scale_pivot": [0, 0, 0.4]
				}
			}
		}
	]
}