{
	"format_version": "1.21.0",
	"minecraft:geometry": [
		{
			"description": {
				"identifier": "geometry.dss_bn_bathroom_sink",
				"texture_width": 128,
				"texture_height": 128,
				"visible_bounds_width": 2,
				"visible_bounds_height": 2.5,
				"visible_bounds_offset": [0, 0.75, 0]
			},
			"bones": [
				{
					"name": "block",
					"pivot": [0, 0, 0],
					"cubes": [
						{
							"origin": [-8, 2, -6],
							"size": [16, 10, 14],
							"uv": {
								"north": {"uv": [0, 0], "uv_size": [16, 14]},
								"east": {"uv": [17, 28], "uv_size": [13, 14]},
								"south": {"uv": [0, 15], "uv_size": [16, 14]},
								"west": {"uv": [0, 30], "uv_size": [13, 14]},
								"up": {"uv": [17, 0], "uv_size": [16, 13]},
								"down": {"uv": [17, 27], "uv_size": [16, -13]}
							}
						},
						{
							"origin": [6, 12, 3.25],
							"size": [2, 3, 2],
							"uv": {
								"north": {"uv": [60, 24], "uv_size": [2, 3]},
								"east": {"uv": [63, 24], "uv_size": [2, 3]},
								"south": {"uv": [70, 44], "uv_size": [2, 3]},
								"west": {"uv": [70, 48], "uv_size": [2, 3]},
								"up": {"uv": [26, 53], "uv_size": [2, 2]},
								"down": {"uv": [65, 72], "uv_size": [2, -2]}
							}
						},
						{
							"origin": [5, 15, 4.25],
							"size": [4, 4, 0],
							"uv": {
								"north": {"uv": [26, 43], "uv_size": [4, 4]},
								"east": {"uv": [16, 30], "uv_size": [0, 4]},
								"south": {"uv": [26, 48], "uv_size": [4, 4]},
								"west": {"uv": [16, 35], "uv_size": [0, 4]},
								"up": {"uv": [75, 23], "uv_size": [4, 0]},
								"down": {"uv": [52, 75], "uv_size": [4, 0]}
							}
						},
						{
							"origin": [5.75, 15, 17.25],
							"size": [4, 4, 0],
							"pivot": [0.75, -4, 11],
							"rotation": [0, 90, 0],
							"uv": {
								"north": {"uv": [26, 43], "uv_size": [4, 4]},
								"east": {"uv": [16, 30], "uv_size": [0, 4]},
								"south": {"uv": [26, 48], "uv_size": [4, 4]},
								"west": {"uv": [16, 35], "uv_size": [0, 4]},
								"up": {"uv": [75, 23], "uv_size": [4, 0]},
								"down": {"uv": [52, 75], "uv_size": [4, 0]}
							}
						},
						{
							"origin": [-6, 2, -5],
							"size": [1, 12, 11],
							"uv": {
								"north": {"uv": [23, 57], "uv_size": [1, 13]},
								"east": {"uv": [14, 43], "uv_size": [11, 13]},
								"south": {"uv": [0, 69], "uv_size": [1, 13]},
								"west": {"uv": [0, 45], "uv_size": [11, 13]},
								"up": {"uv": [14, 30], "uv_size": [1, 11]},
								"down": {"uv": [12, 56], "uv_size": [1, -11]}
							}
						},
						{
							"origin": [5, 2, -5],
							"size": [1, 12, 11],
							"uv": {
								"north": {"uv": [2, 69], "uv_size": [1, 13]},
								"east": {"uv": [46, 28], "uv_size": [11, 13]},
								"south": {"uv": [4, 69], "uv_size": [1, 13]},
								"west": {"uv": [46, 42], "uv_size": [11, 13]},
								"up": {"uv": [68, 42], "uv_size": [1, 11]},
								"down": {"uv": [50, 80], "uv_size": [1, -11]}
							}
						},
						{
							"origin": [-5, 2, -5],
							"size": [10, 12, 1],
							"uv": {
								"north": {"uv": [49, 0], "uv_size": [10, 13]},
								"east": {"uv": [6, 69], "uv_size": [1, 13]},
								"south": {"uv": [49, 14], "uv_size": [10, 13]},
								"west": {"uv": [8, 69], "uv_size": [1, 13]},
								"up": {"uv": [12, 70], "uv_size": [10, 1]},
								"down": {"uv": [25, 71], "uv_size": [10, -1]}
							}
						},
						{
							"origin": [-5, 2, 5],
							"size": [10, 12, 1],
							"uv": {
								"north": {"uv": [26, 56], "uv_size": [10, 13]},
								"east": {"uv": [10, 69], "uv_size": [1, 13]},
								"south": {"uv": [37, 56], "uv_size": [10, 13]},
								"west": {"uv": [48, 69], "uv_size": [1, 13]},
								"up": {"uv": [36, 70], "uv_size": [10, 1]},
								"down": {"uv": [70, 43], "uv_size": [10, -1]}
							}
						},
						{
							"origin": [-1, 12, 6],
							"size": [2, 4, 1],
							"uv": {
								"north": {"uv": [52, 69], "uv_size": [2, 5]},
								"east": {"uv": [61, 70], "uv_size": [1, 5]},
								"south": {"uv": [55, 69], "uv_size": [2, 5]},
								"west": {"uv": [63, 70], "uv_size": [1, 5]},
								"up": {"uv": [12, 75], "uv_size": [2, 1]},
								"down": {"uv": [15, 76], "uv_size": [2, -1]}
							}
						},
						{
							"origin": [-4, 12, 6],
							"size": [2, 3, 1],
							"uv": {
								"north": {"uv": [70, 52], "uv_size": [2, 3]},
								"east": {"uv": [66, 24], "uv_size": [1, 3]},
								"south": {"uv": [70, 56], "uv_size": [2, 3]},
								"west": {"uv": [75, 3], "uv_size": [1, 3]},
								"up": {"uv": [75, 15], "uv_size": [2, 1]},
								"down": {"uv": [75, 18], "uv_size": [2, -1]}
							}
						},
						{
							"origin": [2, 12, 6],
							"size": [2, 3, 1],
							"uv": {
								"north": {"uv": [58, 70], "uv_size": [2, 3]},
								"east": {"uv": [75, 7], "uv_size": [1, 3]},
								"south": {"uv": [70, 60], "uv_size": [2, 3]},
								"west": {"uv": [75, 11], "uv_size": [1, 3]},
								"up": {"uv": [18, 75], "uv_size": [2, 1]},
								"down": {"uv": [75, 20], "uv_size": [2, -1]}
							}
						},
						{
							"origin": [-1, 15, 4],
							"size": [2, 1, 2],
							"uv": {
								"north": {"uv": [21, 75], "uv_size": [2, 1]},
								"east": {"uv": [75, 21], "uv_size": [2, 1]},
								"south": {"uv": [24, 75], "uv_size": [2, 1]},
								"west": {"uv": [27, 75], "uv_size": [2, 1]},
								"up": {"uv": [68, 70], "uv_size": [2, 2]},
								"down": {"uv": [71, 72], "uv_size": [2, -2]}
							}
						},
						{
							"origin": [-5, 2, -4],
							"size": [10, 11, 9],
							"uv": {
								"north": {"uv": [48, 56], "uv_size": [10, 12]},
								"east": {"uv": [58, 28], "uv_size": [9, 12]},
								"south": {"uv": [12, 57], "uv_size": [10, 12]},
								"west": {"uv": [58, 41], "uv_size": [9, 12]},
								"up": {"uv": [0, 59], "uv_size": [10, 9]},
								"down": {"uv": [59, 63], "uv_size": [10, -9]}
							}
						},
						{
							"origin": [-7, 4, -7],
							"size": [14, 3, 13],
							"uv": {
								"north": {"uv": [60, 0], "uv_size": [14, 5]},
								"east": {"uv": [59, 64], "uv_size": [13, 5]},
								"south": {"uv": [60, 6], "uv_size": [14, 5]},
								"west": {"uv": [68, 24], "uv_size": [13, 5]},
								"up": {"uv": [31, 28], "uv_size": [14, 13]},
								"down": {"uv": [34, 13], "uv_size": [14, -13]}
							}
						},
						{
							"origin": [-1, 5, -8],
							"size": [2, 1, 1],
							"uv": {
								"north": {"uv": [12, 72], "uv_size": [2, 2]},
								"east": {"uv": [29, 53], "uv_size": [1, 2]},
								"south": {"uv": [15, 72], "uv_size": [2, 2]},
								"west": {"uv": [30, 75], "uv_size": [1, 2]},
								"up": {"uv": [32, 75], "uv_size": [2, 1]},
								"down": {"uv": [35, 76], "uv_size": [2, -1]}
							}
						},
						{
							"origin": [-7, 8, -7],
							"size": [14, 3, 13],
							"uv": {
								"north": {"uv": [60, 0], "uv_size": [14, 5]},
								"east": {"uv": [59, 64], "uv_size": [13, 5]},
								"south": {"uv": [60, 6], "uv_size": [14, 5]},
								"west": {"uv": [68, 24], "uv_size": [13, 5]},
								"up": {"uv": [31, 28], "uv_size": [14, 13]},
								"down": {"uv": [34, 13], "uv_size": [14, -13]}
							}
						},
						{
							"origin": [-1, 9, -8],
							"size": [2, 1, 1],
							"uv": {
								"north": {"uv": [12, 72], "uv_size": [2, 2]},
								"east": {"uv": [29, 53], "uv_size": [1, 2]},
								"south": {"uv": [15, 72], "uv_size": [2, 2]},
								"west": {"uv": [30, 75], "uv_size": [1, 2]},
								"up": {"uv": [32, 75], "uv_size": [2, 1]},
								"down": {"uv": [35, 76], "uv_size": [2, -1]}
							}
						},
						{
							"origin": [-8, 0, -5],
							"size": [2, 2, 2],
							"uv": {
								"north": {"uv": [24, 72], "uv_size": [2, 2]},
								"east": {"uv": [27, 72], "uv_size": [2, 2]},
								"south": {"uv": [30, 72], "uv_size": [2, 2]},
								"west": {"uv": [33, 72], "uv_size": [2, 2]},
								"up": {"uv": [36, 72], "uv_size": [2, 2]},
								"down": {"uv": [39, 74], "uv_size": [2, -2]}
							}
						},
						{
							"origin": [6, 0, -5],
							"size": [2, 2, 2],
							"uv": {
								"north": {"uv": [42, 72], "uv_size": [2, 2]},
								"east": {"uv": [45, 72], "uv_size": [2, 2]},
								"south": {"uv": [73, 44], "uv_size": [2, 2]},
								"west": {"uv": [73, 47], "uv_size": [2, 2]},
								"up": {"uv": [73, 50], "uv_size": [2, 2]},
								"down": {"uv": [73, 55], "uv_size": [2, -2]}
							}
						},
						{
							"origin": [6, 0, 6],
							"size": [2, 2, 2],
							"uv": {
								"north": {"uv": [73, 56], "uv_size": [2, 2]},
								"east": {"uv": [73, 59], "uv_size": [2, 2]},
								"south": {"uv": [73, 62], "uv_size": [2, 2]},
								"west": {"uv": [65, 73], "uv_size": [2, 2]},
								"up": {"uv": [73, 65], "uv_size": [2, 2]},
								"down": {"uv": [68, 75], "uv_size": [2, -2]}
							}
						},
						{
							"origin": [-8, 0, 6],
							"size": [2, 2, 2],
							"uv": {
								"north": {"uv": [71, 73], "uv_size": [2, 2]},
								"east": {"uv": [58, 74], "uv_size": [2, 2]},
								"south": {"uv": [74, 68], "uv_size": [2, 2]},
								"west": {"uv": [74, 71], "uv_size": [2, 2]},
								"up": {"uv": [74, 74], "uv_size": [2, 2]},
								"down": {"uv": [75, 2], "uv_size": [2, -2]}
							}
						}
					]
				}
			],
			"item_display_transforms" : {
				"gui": {
					"rotation": [30, 225, 0],
					"translation": [0, 0, 0],
					"scale": [1, 1, 1]
				}
			}
		}
	]
}