{
	"format_version": "1.21.0",
	"minecraft:geometry": [
		{
			"description": {
				"identifier": "geometry.dss_bn_counter_table_2",
				"texture_width": 16,
				"texture_height": 16,
				"visible_bounds_width": 2,
				"visible_bounds_height": 2.5,
				"visible_bounds_offset": [0, 0.75, 0]
			},
			"bones": [
				{
					"name": "block",
					"pivot": [0, 0, 0],
					"cubes": [
						{
							"origin": [-8, 0, -7],
							"size": [16, 15, 15],
							"uv": {
								"north": {"uv": [2.125, 0], "uv_size": [2, 1.875]},
								"east": {"uv": [4.25, 0], "uv_size": [1.875, 1.875]},
								"south": {"uv": [2.125, 2], "uv_size": [2, 1.875]},
								"west": {"uv": [4.25, 2], "uv_size": [1.875, 1.875]},
								"up": {"uv": [2.125, 4], "uv_size": [2, 1.875]},
								"down": {"uv": [0, 6.125], "uv_size": [2, -1.875]}
							}
						},
						{
							"origin": [-8, 15, -8],
							"size": [16, 1, 16],
							"uv": {
								"north": {"uv": [0, 6.25], "uv_size": [2, 0.125]},
								"east": {"uv": [6.25, 0], "uv_size": [2, 0.125]},
								"south": {"uv": [6.25, 0.25], "uv_size": [2, 0.125]},
								"west": {"uv": [6.25, 0.5], "uv_size": [2, 0.125]},
								"up": {"uv": [0, 0], "uv_size": [2, 2]},
								"down": {"uv": [0, 4.125], "uv_size": [2, -2]}
							}
						},
						{
							"origin": [-7, 2, -8],
							"size": [6, 11, 1],
							"uv": {
								"north": {"uv": [4.25, 4], "uv_size": [2, 0.75]},
								"east": {"uv": [6.25, 1.75], "uv_size": [0.125, 0.75]},
								"south": {"uv": [4.25, 4.875], "uv_size": [2, 0.75]},
								"west": {"uv": [6.25, 2.625], "uv_size": [0.125, 0.75]},
								"up": {"uv": [6.25, 0.75], "uv_size": [2, 0.125]},
								"down": {"uv": [6.25, 1.125], "uv_size": [2, -0.125]}
							}
						},
						{
							"origin": [1, 2, -8],
							"size": [6, 11, 1],
							"uv": {
								"north": {"uv": [4.25, 5.75], "uv_size": [2, 0.75]},
								"east": {"uv": [6.375, 3.5], "uv_size": [0.125, 0.75]},
								"south": {"uv": [2.125, 6], "uv_size": [2, 0.75]},
								"west": {"uv": [6.375, 4.375], "uv_size": [0.125, 0.75]},
								"up": {"uv": [6.25, 1.25], "uv_size": [2, 0.125]},
								"down": {"uv": [6.25, 1.625], "uv_size": [2, -0.125]}
							}
						}
					]
				}
			],
			"item_display_transforms" : {
				"gui": {
					"rotation": [30, 225, 0],
					"translation": [0, 0, 0],
					"scale": [1, 1, 1]
				}
			}
		}
	]
}