{
	"format_version": "1.21.0",
	"minecraft:geometry": [
		{
			"description": {
				"identifier": "geometry.dss_bn_chandelier_2",
				"texture_width": 32,
				"texture_height": 32,
				"visible_bounds_width": 2,
				"visible_bounds_height": 2.5,
				"visible_bounds_offset": [0, 0.75, 0]
			},
			"bones": [
				{
					"name": "block",
					"pivot": [0, 0, 0],
					"cubes": [
						{
							"origin": [-0.5, 11, -0.5],
							"size": [1, 4, 1],
							"uv": {
								"north": {"uv": [26, 4], "uv_size": [1, 4]},
								"east": {"uv": [6, 26], "uv_size": [1, 4]},
								"south": {"uv": [8, 26], "uv_size": [1, 4]},
								"west": {"uv": [26, 9], "uv_size": [1, 4]},
								"up": {"uv": [10, 26], "uv_size": [1, 1]},
								"down": {"uv": [26, 15], "uv_size": [1, -1]}
							}
						},
						{
							"origin": [-2.5, 15, -2.5],
							"size": [5, 1, 5],
							"uv": {
								"north": {"uv": [25, 24], "uv_size": [5, 1]},
								"east": {"uv": [0, 26], "uv_size": [5, 1]},
								"south": {"uv": [26, 0], "uv_size": [5, 1]},
								"west": {"uv": [26, 2], "uv_size": [5, 1]},
								"up": {"uv": [13, 24], "uv_size": [5, 5]},
								"down": {"uv": [19, 29], "uv_size": [5, -5]}
							}
						},
						{
							"origin": [-6, 6, -6],
							"size": [12, 5, 12],
							"uv": {
								"north": {"uv": [13, 0], "uv_size": [12, 5]},
								"east": {"uv": [13, 6], "uv_size": [12, 5]},
								"south": {"uv": [13, 12], "uv_size": [12, 5]},
								"west": {"uv": [13, 18], "uv_size": [12, 5]},
								"up": {"uv": [0, 0], "uv_size": [12, 12]},
								"down": {"uv": [0, 25], "uv_size": [12, -12]}
							}
						}
					]
				}
			],
			"item_display_transforms" : {
				"gui": {
					"rotation": [30, 225, 0],
					"translation": [0, 0, 0],
					"scale": [1, 1, 1]
				}
			}
		}
	]
}