{
	"format_version": "1.21.0",
	"minecraft:geometry": [
		{
			"description": {
				"identifier": "geometry.dss_bn_coffee_table_2",
				"texture_width": 16,
				"texture_height": 16,
				"visible_bounds_width": 2,
				"visible_bounds_height": 2.5,
				"visible_bounds_offset": [0, 0.75, 0]
			},
			"bones": [
				{
					"name": "whole",
					"pivot": [5, 10, 0]
				},
				{
					"name": "decors",
					"parent": "whole",
					"pivot": [-3, 0, 0],
					"cubes": [
						{
							"origin": [1, 8, -3],
							"size": [4, 1, 5],
							"pivot": [2, 9, 0],
							"rotation": [0, 15, 0],
							"uv": {
								"north": {"uv": [9.25, 7.75], "uv_size": [1, 0.25]},
								"east": {"uv": [9, 5], "uv_size": [1.25, 0.25]},
								"south": {"uv": [9.25, 8.25], "uv_size": [1, 0.25]},
								"west": {"uv": [9.25, 2.75], "uv_size": [1.25, 0.25]},
								"up": {"uv": [4.25, 8.25], "uv_size": [1, 1.25]},
								"down": {"uv": [0, 9.75], "uv_size": [1, -1.25]}
							}
						},
						{
							"origin": [1, 9, -3],
							"size": [4, 1, 5],
							"uv": {
								"north": {"uv": [9.25, 8.75], "uv_size": [1, 0.25]},
								"east": {"uv": [9.25, 3.25], "uv_size": [1.25, 0.25]},
								"south": {"uv": [9.25, 9.25], "uv_size": [1, 0.25]},
								"west": {"uv": [7.75, 9.25], "uv_size": [1.25, 0.25]},
								"up": {"uv": [8.5, 0], "uv_size": [1, 1.25]},
								"down": {"uv": [1.25, 9.75], "uv_size": [1, -1.25]}
							}
						}
					]
				},
				{
					"name": "decors2",
					"parent": "whole",
					"pivot": [9, 4, 3],
					"rotation": [0, -35, 0]
				},
				{
					"name": "block",
					"parent": "whole",
					"pivot": [0, 0, 0],
					"cubes": [
						{
							"origin": [-8, 5, -8],
							"size": [16, 3, 16],
							"uv": {
								"north": {"uv": [4.25, 0], "uv_size": [4, 0.75]},
								"east": {"uv": [4.25, 1], "uv_size": [4, 0.75]},
								"south": {"uv": [4.25, 2], "uv_size": [4, 0.75]},
								"west": {"uv": [4.25, 3], "uv_size": [4, 0.75]},
								"up": {"uv": [0, 0], "uv_size": [4, 4]},
								"down": {"uv": [0, 8.25], "uv_size": [4, -4]}
							}
						},
						{
							"origin": [-3.5, 0, -2],
							"size": [7, 5, 4],
							"uv": {
								"north": {"uv": [6.75, 5.5], "uv_size": [1.75, 1.25]},
								"east": {"uv": [8.5, 7.75], "uv_size": [0.5, 1.25]},
								"south": {"uv": [6.5, 7], "uv_size": [1.75, 1.25]},
								"west": {"uv": [8.75, 5.5], "uv_size": [0.5, 1.25]},
								"up": {"uv": [6.25, 8.5], "uv_size": [1.75, 0.5]},
								"down": {"uv": [8.5, 7.5], "uv_size": [1.75, -0.5]}
							}
						}
					]
				}
			],
			"item_display_transforms" : {
				"gui": {
					"rotation": [30, 225, 0],
					"translation": [0, 0, 0],
					"scale": [1, 1, 1]
				}
			}
		}
	]
}