{
	"format_version": "1.21.20",
	"minecraft:geometry": [
		{
			"description": {
				"identifier": "geometry.dss_bn_poodle_statue",
				"texture_width": 16,
				"texture_height": 16,
				"visible_bounds_width": 3,
				"visible_bounds_height": 3.5,
				"visible_bounds_offset": [0, 1.25, 0]
			},
			"bones": [
				{
					"name": "block",
					"pivot": [0, 0, 0],
					"cubes": [
						{
							"origin": [-4, 8, -9],
							"size": [8, 8, 13],
							"uv": {
								"north": {"uv": [0, 2.25], "uv_size": [1, 1]},
								"east": {"uv": [0, 0], "uv_size": [1.625, 1]},
								"south": {"uv": [2.875, 0], "uv_size": [1, 1]},
								"west": {"uv": [0, 1.125], "uv_size": [1.625, 1]},
								"up": {"uv": [1.75, 0], "uv_size": [1, 1.625]},
								"down": {"uv": [1.75, 3.375], "uv_size": [1, -1.625]}
							}
						},
						{
							"origin": [-4, 10, 4],
							"size": [8, 6, 4],
							"uv": {
								"north": {"uv": [2.875, 1.125], "uv_size": [1, 0.75]},
								"east": {"uv": [1.125, 2.25], "uv_size": [0.5, 0.75]},
								"south": {"uv": [2.875, 2], "uv_size": [1, 0.75]},
								"west": {"uv": [2.625, 5.5], "uv_size": [0.5, 0.75]},
								"up": {"uv": [4.375, 4.5], "uv_size": [1, 0.5]},
								"down": {"uv": [1, 5.125], "uv_size": [1, -0.5]}
							}
						},
						{
							"origin": [-0.5, 12, 4],
							"size": [1, 8, 1],
							"pivot": [-0.5, 2, 5],
							"rotation": [-15, 0, 0],
							"uv": {
								"north": {"uv": [4.25, 6.875], "uv_size": [0.125, 1]},
								"east": {"uv": [7.375, 1.5], "uv_size": [0.125, 1]},
								"south": {"uv": [2.375, 7.375], "uv_size": [0.125, 1]},
								"west": {"uv": [2.625, 7.375], "uv_size": [0.125, 1]},
								"up": {"uv": [1.125, 3.125], "uv_size": [0.125, 0.125]},
								"down": {"uv": [1.375, 3.25], "uv_size": [0.125, -0.125]}
							}
						},
						{
							"origin": [-2, 17, 7.25],
							"size": [4, 4, 4],
							"uv": {
								"north": {"uv": [5, 0.875], "uv_size": [0.5, 0.5]},
								"east": {"uv": [5.625, 3.5], "uv_size": [0.5, 0.5]},
								"south": {"uv": [1.75, 6.875], "uv_size": [0.5, 0.5]},
								"west": {"uv": [3.625, 6.875], "uv_size": [0.5, 0.5]},
								"up": {"uv": [6.875, 3.625], "uv_size": [0.5, 0.5]},
								"down": {"uv": [6.875, 4.75], "uv_size": [0.5, -0.5]}
							}
						},
						{
							"origin": [1, 2, 4],
							"size": [5, 6, 4],
							"uv": {
								"north": {"uv": [4.875, 1.5], "uv_size": [0.625, 0.75]},
								"east": {"uv": [5.5, 4.875], "uv_size": [0.5, 0.75]},
								"south": {"uv": [4.875, 2.375], "uv_size": [0.625, 0.75]},
								"west": {"uv": [5.625, 0.875], "uv_size": [0.5, 0.75]},
								"up": {"uv": [6.5, 4.875], "uv_size": [0.625, 0.5]},
								"down": {"uv": [6.5, 6], "uv_size": [0.625, -0.5]}
							}
						},
						{
							"origin": [2, 0, 3],
							"size": [3, 2, 2],
							"uv": {
								"north": {"uv": [7.375, 2.625], "uv_size": [0.375, 0.25]},
								"east": {"uv": [7.375, 7.75], "uv_size": [0.25, 0.25]},
								"south": {"uv": [7.375, 3], "uv_size": [0.375, 0.25]},
								"west": {"uv": [7.75, 7.75], "uv_size": [0.25, 0.25]},
								"up": {"uv": [5.25, 7.375], "uv_size": [0.375, 0.25]},
								"down": {"uv": [7, 7.625], "uv_size": [0.375, -0.25]}
							}
						},
						{
							"origin": [-6, 2, 4],
							"size": [5, 6, 4],
							"uv": {
								"north": {"uv": [3.25, 4.875], "uv_size": [0.625, 0.75]},
								"east": {"uv": [5.625, 1.75], "uv_size": [0.5, 0.75]},
								"south": {"uv": [4.875, 3.25], "uv_size": [0.625, 0.75]},
								"west": {"uv": [5.625, 2.625], "uv_size": [0.5, 0.75]},
								"up": {"uv": [6.625, 0.5], "uv_size": [0.625, 0.5]},
								"down": {"uv": [6.625, 1.625], "uv_size": [0.625, -0.5]}
							}
						},
						{
							"origin": [-5, 0, 5],
							"size": [3, 11, 2],
							"uv": {
								"north": {"uv": [2.75, 4], "uv_size": [0.375, 1.375]},
								"east": {"uv": [4.875, 6], "uv_size": [0.25, 1.375]},
								"south": {"uv": [4.375, 1.5], "uv_size": [0.375, 1.375]},
								"west": {"uv": [1, 6.125], "uv_size": [0.25, 1.375]},
								"up": {"uv": [1.75, 7.5], "uv_size": [0.375, 0.25]},
								"down": {"uv": [7.5, 3.625], "uv_size": [0.375, -0.25]}
							}
						},
						{
							"origin": [2, 0, 5],
							"size": [3, 11, 2],
							"uv": {
								"north": {"uv": [3.125, 4], "uv_size": [-0.375, 1.375]},
								"east": {"uv": [1.25, 6.125], "uv_size": [-0.25, 1.375]},
								"south": {"uv": [4.75, 1.5], "uv_size": [-0.375, 1.375]},
								"west": {"uv": [5.125, 6], "uv_size": [-0.25, 1.375]},
								"up": {"uv": [2.125, 7.5], "uv_size": [-0.375, 0.25]},
								"down": {"uv": [7.875, 3.625], "uv_size": [-0.375, -0.25]}
							}
						},
						{
							"origin": [-5, 0, 5],
							"size": [3, 11, 2],
							"uv": {
								"north": {"uv": [2.75, 4], "uv_size": [0.375, 1.375]},
								"east": {"uv": [4.875, 6], "uv_size": [0.25, 1.375]},
								"south": {"uv": [4.375, 1.5], "uv_size": [0.375, 1.375]},
								"west": {"uv": [1, 6.125], "uv_size": [0.25, 1.375]},
								"up": {"uv": [1.75, 7.5], "uv_size": [0.375, 0.25]},
								"down": {"uv": [7.5, 3.625], "uv_size": [0.375, -0.25]}
							}
						},
						{
							"origin": [-5, 0, 3],
							"size": [3, 2, 2],
							"uv": {
								"north": {"uv": [3.625, 7.5], "uv_size": [0.375, 0.25]},
								"east": {"uv": [1.5, 7.875], "uv_size": [0.25, 0.25]},
								"south": {"uv": [7.5, 3.75], "uv_size": [0.375, 0.25]},
								"west": {"uv": [1.875, 7.875], "uv_size": [0.25, 0.25]},
								"up": {"uv": [7.5, 4.125], "uv_size": [0.375, 0.25]},
								"down": {"uv": [4.5, 7.75], "uv_size": [0.375, -0.25]}
							}
						},
						{
							"origin": [1, 2, -6],
							"size": [5, 6, 4],
							"uv": {
								"north": {"uv": [5, 0], "uv_size": [0.625, 0.75]},
								"east": {"uv": [5.75, 0], "uv_size": [0.5, 0.75]},
								"south": {"uv": [4, 5.125], "uv_size": [0.625, 0.75]},
								"west": {"uv": [3.25, 5.75], "uv_size": [0.5, 0.75]},
								"up": {"uv": [6.625, 1.75], "uv_size": [0.625, 0.5]},
								"down": {"uv": [6.625, 2.875], "uv_size": [0.625, -0.5]}
							}
						},
						{
							"origin": [2, 0, -5],
							"size": [3, 11, 2],
							"uv": {
								"north": {"uv": [4.375, 3], "uv_size": [0.375, 1.375]},
								"east": {"uv": [1.375, 6.125], "uv_size": [0.25, 1.375]},
								"south": {"uv": [0, 4.5], "uv_size": [0.375, 1.375]},
								"west": {"uv": [6.125, 4.875], "uv_size": [0.25, 1.375]},
								"up": {"uv": [7.5, 4.5], "uv_size": [0.375, 0.25]},
								"down": {"uv": [7.5, 7.625], "uv_size": [0.375, -0.25]}
							}
						},
						{
							"origin": [2, 0, -7],
							"size": [3, 2, 2],
							"uv": {
								"north": {"uv": [0, 7.625], "uv_size": [0.375, 0.25]},
								"east": {"uv": [7.875, 2.625], "uv_size": [0.25, 0.25]},
								"south": {"uv": [0.5, 7.625], "uv_size": [0.375, 0.25]},
								"west": {"uv": [7.875, 3], "uv_size": [0.25, 0.25]},
								"up": {"uv": [1, 7.625], "uv_size": [0.375, 0.25]},
								"down": {"uv": [7.625, 1.75], "uv_size": [0.375, -0.25]}
							}
						},
						{
							"origin": [-5, 0, -7],
							"size": [3, 2, 2],
							"uv": {
								"north": {"uv": [7.625, 1.875], "uv_size": [0.375, 0.25]},
								"east": {"uv": [3.625, 7.875], "uv_size": [0.25, 0.25]},
								"south": {"uv": [7.625, 2.25], "uv_size": [0.375, 0.25]},
								"west": {"uv": [4.5, 7.875], "uv_size": [0.25, 0.25]},
								"up": {"uv": [7.625, 4.875], "uv_size": [0.375, 0.25]},
								"down": {"uv": [7.625, 5.5], "uv_size": [0.375, -0.25]}
							}
						},
						{
							"origin": [-5, 0, -5],
							"size": [3, 11, 2],
							"uv": {
								"north": {"uv": [4.5, 0], "uv_size": [0.375, 1.375]},
								"east": {"uv": [6.25, 0.875], "uv_size": [0.25, 1.375]},
								"south": {"uv": [0.5, 4.5], "uv_size": [0.375, 1.375]},
								"west": {"uv": [6.25, 2.375], "uv_size": [0.25, 1.375]},
								"up": {"uv": [7.75, 0], "uv_size": [0.375, 0.25]},
								"down": {"uv": [7.75, 0.625], "uv_size": [0.375, -0.25]}
							}
						},
						{
							"origin": [-6, 2, -6],
							"size": [5, 6, 4],
							"uv": {
								"north": {"uv": [4.75, 5.125], "uv_size": [0.625, 0.75]},
								"east": {"uv": [5.5, 5.75], "uv_size": [0.5, 0.75]},
								"south": {"uv": [1, 5.25], "uv_size": [0.625, 0.75]},
								"west": {"uv": [0, 6], "uv_size": [0.5, 0.75]},
								"up": {"uv": [2.875, 6.625], "uv_size": [0.625, 0.5]},
								"down": {"uv": [6.625, 3.5], "uv_size": [0.625, -0.5]}
							}
						},
						{
							"origin": [-1, 12, -8],
							"size": [2, 7, 3],
							"uv": {
								"north": {"uv": [2.875, 7.25], "uv_size": [0.25, 0.875]},
								"east": {"uv": [2.375, 6.375], "uv_size": [0.375, 0.875]},
								"south": {"uv": [3.25, 7.25], "uv_size": [0.25, 0.875]},
								"west": {"uv": [6.375, 3.875], "uv_size": [0.375, 0.875]},
								"up": {"uv": [7.75, 0.75], "uv_size": [0.25, 0.375]},
								"down": {"uv": [5, 8.125], "uv_size": [0.25, -0.375]}
							}
						},
						{
							"origin": [-2, 19, -11],
							"size": [4, 5, 6],
							"uv": {
								"north": {"uv": [5.25, 6.625], "uv_size": [0.5, 0.625]},
								"east": {"uv": [1.75, 5.25], "uv_size": [0.75, 0.625]},
								"south": {"uv": [0, 6.875], "uv_size": [0.5, 0.625]},
								"west": {"uv": [5.5, 4.125], "uv_size": [0.75, 0.625]},
								"up": {"uv": [1.75, 6], "uv_size": [0.5, 0.75]},
								"down": {"uv": [3.875, 6.75], "uv_size": [0.5, -0.75]}
							}
						},
						{
							"origin": [0.17605, 18.72213, -10.5],
							"size": [2, 8, 4.5],
							"pivot": [2, 28, -1],
							"rotation": [0, 0, -22.5],
							"uv": {
								"north": {"uv": [4, 1.5], "uv_size": [0.25, 1]},
								"east": {"uv": [2.875, 2.875], "uv_size": [0.5625, 1]},
								"south": {"uv": [5.875, 6.875], "uv_size": [0.25, 1]},
								"west": {"uv": [0, 3.375], "uv_size": [0.5625, 1]},
								"up": {"uv": [3.25, 4], "uv_size": [0.25, 0.5625]},
								"down": {"uv": [7.25, 5.4375], "uv_size": [0.25, -0.5625]}
							}
						},
						{
							"origin": [-2.17605, 18.72213, -10.5],
							"size": [2, 8, 4.5],
							"pivot": [-2, 28, -1],
							"rotation": [0, 0, 22.5],
							"uv": {
								"north": {"uv": [6.25, 6.875], "uv_size": [0.25, 1]},
								"east": {"uv": [0.75, 3.375], "uv_size": [0.5625, 1]},
								"south": {"uv": [6.625, 6.875], "uv_size": [0.25, 1]},
								"west": {"uv": [1.5, 3.5], "uv_size": [0.5625, 1]},
								"up": {"uv": [7.375, 0], "uv_size": [0.25, 0.5625]},
								"down": {"uv": [7.375, 1.3125], "uv_size": [0.25, -0.5625]}
							}
						},
						{
							"origin": [-2.5, 24, -12],
							"size": [5, 3, 7],
							"uv": {
								"north": {"uv": [7, 6.875], "uv_size": [0.625, 0.375]},
								"east": {"uv": [6.375, 0], "uv_size": [0.875, 0.375]},
								"south": {"uv": [7.125, 6.125], "uv_size": [0.625, 0.375]},
								"west": {"uv": [6.125, 6.375], "uv_size": [0.875, 0.375]},
								"up": {"uv": [3.625, 2.875], "uv_size": [0.625, 0.875]},
								"down": {"uv": [3.625, 4.75], "uv_size": [0.625, -0.875]}
							}
						},
						{
							"origin": [-1, 19, -13],
							"size": [2, 3, 2],
							"uv": {
								"north": {"uv": [5.375, 7.75], "uv_size": [0.25, 0.375]},
								"east": {"uv": [7.75, 5.625], "uv_size": [0.25, 0.375]},
								"south": {"uv": [7.75, 6.625], "uv_size": [0.25, 0.375]},
								"west": {"uv": [7, 7.75], "uv_size": [0.25, 0.375]},
								"up": {"uv": [7.875, 6.125], "uv_size": [0.25, 0.25]},
								"down": {"uv": [0, 8.25], "uv_size": [0.25, -0.25]}
							}
						}
					]
				}
			],
			"item_display_transforms": {
				"gui": {
					"rotation": [30, -135, 0],
					"translation": [0, 0, 0],
					"scale": [1, 1, 1],
					"rotation_pivot": [0, 0, 0],
					"scale_pivot": [0, 0, 0],
					"fit_to_frame": true
				}
			}
		}
	]
}