{
	"format_version": "1.21.0",
	"minecraft:geometry": [
		{
			"description": {
				"identifier": "geometry.dss_bn_mirror",
				"texture_width": 64,
				"texture_height": 64,
				"visible_bounds_width": 2,
				"visible_bounds_height": 4,
				"visible_bounds_offset": [0, 1, 0]
			},
			"bones": [
				{
					"name": "block",
					"pivot": [0, 0, 0],
					"cubes": [
						{
							"origin": [-8, 0, 7],
							"size": [16, 16, 1],
							"uv": {
								"north": {"uv": [0, 0], "uv_size": [16, 16]},
								"east": {"uv": [17, 0], "uv_size": [1, 16]},
								"south": {"uv": [0, 17], "uv_size": [16, 16]},
								"west": {"uv": [17, 17], "uv_size": [1, 16]},
								"up": {"uv": [19, 0], "uv_size": [16, 1]},
								"down": {"uv": [19, 3], "uv_size": [16, -1]}
							}
						},
						{
							"origin": [-8, 15, 6],
							"size": [16, 1, 1],
							"uv": {
								"north": {"uv": [19, 4], "uv_size": [16, 1]},
								"east": {"uv": [29, 18], "uv_size": [1, 1]},
								"south": {"uv": [19, 6], "uv_size": [16, 1]},
								"west": {"uv": [29, 20], "uv_size": [1, 1]},
								"up": {"uv": [19, 8], "uv_size": [16, 1]},
								"down": {"uv": [19, 11], "uv_size": [16, -1]}
							}
						},
						{
							"origin": [-7, 0, 6],
							"size": [14, 1, 1],
							"uv": {
								"north": {"uv": [25, 28], "uv_size": [14, 1]},
								"east": {"uv": [29, 22], "uv_size": [1, 1]},
								"south": {"uv": [29, 12], "uv_size": [14, 1]},
								"west": {"uv": [29, 24], "uv_size": [1, 1]},
								"up": {"uv": [29, 14], "uv_size": [14, 1]},
								"down": {"uv": [29, 17], "uv_size": [14, -1]}
							}
						},
						{
							"origin": [-8, 0, 6],
							"size": [1, 15, 1],
							"uv": {
								"north": {"uv": [19, 12], "uv_size": [1, 15]},
								"east": {"uv": [21, 12], "uv_size": [1, 15]},
								"south": {"uv": [23, 12], "uv_size": [1, 15]},
								"west": {"uv": [25, 12], "uv_size": [1, 15]},
								"up": {"uv": [29, 26], "uv_size": [1, 1]},
								"down": {"uv": [25, 31], "uv_size": [1, -1]}
							}
						},
						{
							"origin": [7, 0, 6],
							"size": [1, 15, 1],
							"uv": {
								"north": {"uv": [27, 12], "uv_size": [1, 15]},
								"east": {"uv": [19, 28], "uv_size": [1, 15]},
								"south": {"uv": [21, 28], "uv_size": [1, 15]},
								"west": {"uv": [23, 28], "uv_size": [1, 15]},
								"up": {"uv": [27, 30], "uv_size": [1, 1]},
								"down": {"uv": [29, 31], "uv_size": [1, -1]}
							}
						}
					]
				}
			],
			"item_display_transforms" : {
				"gui": {
					"rotation": [30, 225, 0],
					"translation": [0, 0, 0],
					"scale": [1, 1, 1]
				}
			}
		}
	]
}