{
	"format_version": "1.21.0",
	"minecraft:geometry": [
		{
			"description": {
				"identifier": "geometry.dss_bn_coffee_table_1",
				"texture_width": 16,
				"texture_height": 16,
				"visible_bounds_width": 3,
				"visible_bounds_height": 2.5,
				"visible_bounds_offset": [0, 0.75, 0]
			},
			"bones": [
				{
					"name": "whole",
					"pivot": [5, 10, 0]
				},
				{
					"name": "decors",
					"parent": "whole",
					"pivot": [0, 0, 0],
					"cubes": [
						{
							"origin": [0.5, 6, -3],
							"size": [4, 1, 5],
							"pivot": [1.5, 7, 0],
							"rotation": [0, 32.5, 0],
							"uv": {
								"north": {"uv": [11.75, 9.25], "uv_size": [1, 0.25]},
								"east": {"uv": [10.5, 9.75], "uv_size": [1.25, 0.25]},
								"south": {"uv": [11.5, 11.75], "uv_size": [1, 0.25]},
								"west": {"uv": [2.5, 11.75], "uv_size": [1.25, 0.25]},
								"up": {"uv": [10.5, 8.25], "uv_size": [1, 1.25]},
								"down": {"uv": [5.25, 12], "uv_size": [1, -1.25]}
							}
						},
						{
							"origin": [0.5, 7, -3],
							"size": [4, 1, 5],
							"uv": {
								"north": {"uv": [4, 12], "uv_size": [1, 0.25]},
								"east": {"uv": [11.75, 8.25], "uv_size": [1.25, 0.25]},
								"south": {"uv": [12, 9.75], "uv_size": [1, 0.25]},
								"west": {"uv": [11.75, 8.75], "uv_size": [1.25, 0.25]},
								"up": {"uv": [6.5, 10.75], "uv_size": [1, 1.25]},
								"down": {"uv": [7.75, 12], "uv_size": [1, -1.25]}
							}
						}
					]
				},
				{
					"name": "decors2",
					"parent": "whole",
					"pivot": [0, 0, 2],
					"rotation": [0, -32.5, 0],
					"cubes": [
						{
							"origin": [-5.5, 6, 1],
							"size": [4, 2, 4],
							"pivot": [-4.5, 7, 3],
							"rotation": [0, 32.5, 0],
							"uv": {
								"north": {"uv": [4, 11.25], "uv_size": [1, 0.5]},
								"east": {"uv": [11.5, 11], "uv_size": [1, 0.5]},
								"south": {"uv": [0, 11.75], "uv_size": [1, 0.5]},
								"west": {"uv": [1.25, 11.75], "uv_size": [1, 0.5]},
								"up": {"uv": [9, 11], "uv_size": [1, 1]},
								"down": {"uv": [10.25, 12], "uv_size": [1, -1]}
							}
						},
						{
							"origin": [-4.5, 7, 2],
							"size": [2, 2, 2],
							"pivot": [-4.5, 8, 3],
							"rotation": [0, 32.5, 0],
							"uv": {
								"north": {"uv": [2.5, 12.25], "uv_size": [0.5, 0.5]},
								"east": {"uv": [3.25, 12.25], "uv_size": [0.5, 0.5]},
								"south": {"uv": [5.25, 12.25], "uv_size": [0.5, 0.5]},
								"west": {"uv": [6, 12.25], "uv_size": [0.5, 0.5]},
								"up": {"uv": [6.75, 12.25], "uv_size": [0.5, 0.5]},
								"down": {"uv": [7.5, 12.75], "uv_size": [0.5, -0.5]}
							}
						},
						{
							"origin": [-5.5, 6, 3],
							"size": [4, 10, 0],
							"pivot": [-4.5, 7, 3],
							"rotation": [0, 32.5, 0],
							"uv": {
								"north": {"uv": [4, 8.5], "uv_size": [1, 2.5]},
								"east": {"uv": [5, 12.5], "uv_size": [0, 2.5]},
								"south": {"uv": [9.25, 7.5], "uv_size": [1, 2.5]},
								"west": {"uv": [3.5, 13], "uv_size": [0, 2.5]},
								"up": {"uv": [5.25, 13], "uv_size": [1, 0]},
								"down": {"uv": [6.5, 13], "uv_size": [1, 0]}
							}
						}
					]
				},
				{
					"name": "block",
					"parent": "whole",
					"pivot": [0, 0, 0],
					"cubes": [
						{
							"origin": [-7.75, 2, -8],
							"size": [15.75, 2, 16],
							"uv": {
								"north": {"uv": [9.75, 0], "uv_size": [5, 0.5]},
								"east": {"uv": [9.75, 3], "uv_size": [4, 0.5]},
								"south": {"uv": [9.75, 0.75], "uv_size": [5, 0.5]},
								"west": {"uv": [9.75, 3.75], "uv_size": [4, 0.5]},
								"up": {"uv": [0, 0], "uv_size": [5, 4]},
								"down": {"uv": [0, 8.25], "uv_size": [5, -4]}
							}
						},
						{
							"origin": [-7, 4, -6],
							"size": [14, 2, 12],
							"uv": {
								"north": {"uv": [9.75, 4.5], "uv_size": [3.75, 0.5]},
								"east": {"uv": [9.25, 10.25], "uv_size": [3, 0.5]},
								"south": {"uv": [9.75, 5.25], "uv_size": [3.75, 0.5]},
								"west": {"uv": [10.5, 7.5], "uv_size": [3, 0.5]},
								"up": {"uv": [5.25, 7.5], "uv_size": [3.75, 3]},
								"down": {"uv": [0, 11.5], "uv_size": [3.75, -3]}
							}
						},
						{
							"origin": [3.5, 0, -8],
							"size": [1, 2, 1],
							"uv": {
								"north": {"uv": [8.25, 12.25], "uv_size": [0.25, 0.5]},
								"east": {"uv": [8.75, 12.25], "uv_size": [0.25, 0.5]},
								"south": {"uv": [9.25, 12.25], "uv_size": [0.25, 0.5]},
								"west": {"uv": [9.75, 12.25], "uv_size": [0.25, 0.5]},
								"up": {"uv": [12.5, 10.25], "uv_size": [0.25, 0.25]},
								"down": {"uv": [12.75, 11], "uv_size": [0.25, -0.25]}
							}
						},
						{
							"origin": [-5.5, 0, 7],
							"size": [1, 2, 1],
							"uv": {
								"north": {"uv": [10.25, 12.25], "uv_size": [0.25, 0.5]},
								"east": {"uv": [10.75, 12.25], "uv_size": [0.25, 0.5]},
								"south": {"uv": [11.25, 12.25], "uv_size": [0.25, 0.5]},
								"west": {"uv": [11.75, 12.25], "uv_size": [0.25, 0.5]},
								"up": {"uv": [12.75, 11.25], "uv_size": [0.25, 0.25]},
								"down": {"uv": [12.75, 12], "uv_size": [0.25, -0.25]}
							}
						},
						{
							"origin": [3.5, 0, 7],
							"size": [1, 2, 1],
							"uv": {
								"north": {"uv": [12.25, 12.25], "uv_size": [0.25, 0.5]},
								"east": {"uv": [0, 12.5], "uv_size": [0.25, 0.5]},
								"south": {"uv": [0.5, 12.5], "uv_size": [0.25, 0.5]},
								"west": {"uv": [1, 12.5], "uv_size": [0.25, 0.5]},
								"up": {"uv": [12.75, 12.25], "uv_size": [0.25, 0.25]},
								"down": {"uv": [12.75, 13], "uv_size": [0.25, -0.25]}
							}
						},
						{
							"origin": [-5.5, 0, -8],
							"size": [1, 2, 1],
							"uv": {
								"north": {"uv": [1.5, 12.5], "uv_size": [0.25, 0.5]},
								"east": {"uv": [2, 12.5], "uv_size": [0.25, 0.5]},
								"south": {"uv": [4, 12.5], "uv_size": [0.25, 0.5]},
								"west": {"uv": [4.5, 12.5], "uv_size": [0.25, 0.5]},
								"up": {"uv": [2.5, 13], "uv_size": [0.25, 0.25]},
								"down": {"uv": [3, 13.25], "uv_size": [0.25, -0.25]}
							}
						}
					]
				}
			],
			"item_display_transforms" : {
				"gui": {
					"rotation": [30, 225, 0],
					"translation": [0, 0, 0],
					"scale": [1, 1, 1]
				}
			}
		}
	]
}