{
	"format_version": "1.21.0",
	"minecraft:geometry": [
		{
			"description": {
				"identifier": "geometry.dss_bn_table_lamp_3",
				"texture_width": 16,
				"texture_height": 16,
				"visible_bounds_width": 2,
				"visible_bounds_height": 2.5,
				"visible_bounds_offset": [0, 0.75, 0]
			},
			"bones": [
				{
					"name": "block",
					"pivot": [0, 0, 0],
					"cubes": [
						{
							"origin": [-4, 5, -2],
							"size": [8, 6, 4],
							"uv": {
								"north": {"uv": [0, 0], "uv_size": [4, 3]},
								"east": {"uv": [4.5, 5], "uv_size": [2, 3]},
								"south": {"uv": [0, 3.5], "uv_size": [4, 3]},
								"west": {"uv": [0, 7], "uv_size": [2, 3]},
								"up": {"uv": [4.5, 0], "uv_size": [4, 2]},
								"down": {"uv": [4.5, 4.5], "uv_size": [4, -2]}
							}
						},
						{
							"origin": [-3, 0, -2],
							"size": [6, 4, 4],
							"uv": {
								"north": {"uv": [7, 5], "uv_size": [3, 2]},
								"east": {"uv": [9, 2.5], "uv_size": [2, 2]},
								"south": {"uv": [7, 7.5], "uv_size": [3, 2]},
								"west": {"uv": [6, 10], "uv_size": [2, 2]},
								"up": {"uv": [2.5, 8.5], "uv_size": [3, 2]},
								"down": {"uv": [9, 2], "uv_size": [3, -2]}
							}
						},
						{
							"origin": [-0.5, 4, -0.5],
							"size": [1, 6, 1],
							"uv": {
								"north": {"uv": [8.5, 10], "uv_size": [0.5, 3]},
								"east": {"uv": [9.5, 10], "uv_size": [0.5, 3]},
								"south": {"uv": [0, 10.5], "uv_size": [0.5, 3]},
								"west": {"uv": [1, 10.5], "uv_size": [0.5, 3]},
								"up": {"uv": [2.5, 7], "uv_size": [0.5, 0.5]},
								"down": {"uv": [3.5, 7.5], "uv_size": [0.5, -0.5]}
							}
						}
					]
				}
			],
			"item_display_transforms" : {
				"gui": {
					"rotation": [30, 225, 0],
					"translation": [0, 0, 0],
					"scale": [1, 1, 1]
				}
			}
		}
	]
}