{
	"format_version": "1.21.0",
	"minecraft:geometry": [
		{
			"description": {
				"identifier": "geometry.dss_bn_side_table_1",
				"texture_width": 16,
				"texture_height": 16,
				"visible_bounds_width": 2,
				"visible_bounds_height": 2.5,
				"visible_bounds_offset": [0, 0.75, 0]
			},
			"bones": [
				{
					"name": "block",
					"pivot": [0, 0, 0],
					"cubes": [
						{
							"origin": [-5, 13, -5],
							"size": [10, 1, 10],
							"uv": {
								"north": {"uv": [5.5, 5], "uv_size": [5, 0.5]},
								"east": {"uv": [5.5, 6], "uv_size": [5, 0.5]},
								"south": {"uv": [5.5, 7], "uv_size": [5, 0.5]},
								"west": {"uv": [8, 0], "uv_size": [5, 0.5]},
								"up": {"uv": [0, 0], "uv_size": [5, 5]},
								"down": {"uv": [0, 10.5], "uv_size": [5, -5]}
							}
						},
						{
							"origin": [-3, 14, -2],
							"size": [3, 3, 3],
							"uv": {
								"north": {"uv": [8, 1], "uv_size": [1.5, 1.5]},
								"east": {"uv": [8, 3], "uv_size": [1.5, 1.5]},
								"south": {"uv": [5.5, 8], "uv_size": [1.5, 1.5]},
								"west": {"uv": [7.5, 8], "uv_size": [1.5, 1.5]},
								"up": {"uv": [9.5, 8], "uv_size": [1.5, 1.5]},
								"down": {"uv": [10, 2.5], "uv_size": [1.5, -1.5]}
							}
						},
						{
							"origin": [0.5, 14, -2],
							"size": [3, 0.5, 3],
							"uv": {
								"north": {"uv": [11.5, 8], "uv_size": [1.5, 0.25]},
								"east": {"uv": [11.5, 9], "uv_size": [1.5, 0.25]},
								"south": {"uv": [11.5, 10], "uv_size": [1.5, 0.25]},
								"west": {"uv": [11.5, 11], "uv_size": [1.5, 0.25]},
								"up": {"uv": [10, 3], "uv_size": [1.5, 1.5]},
								"down": {"uv": [5.5, 11.5], "uv_size": [1.5, -1.5]}
							}
						},
						{
							"origin": [0.25, 14.5, -1.5],
							"size": [0.5, 0.5, 2],
							"pivot": [0.5, 7.5, 1.75],
							"rotation": [0, -25, 0],
							"uv": {
								"north": {"uv": [5, 13], "uv_size": [0.25, 0.25]},
								"east": {"uv": [12, 1], "uv_size": [1, 0.25]},
								"south": {"uv": [6, 13], "uv_size": [0.25, 0.25]},
								"west": {"uv": [12, 2], "uv_size": [1, 0.25]},
								"up": {"uv": [3, 12], "uv_size": [0.25, 1]},
								"down": {"uv": [12, 4], "uv_size": [0.25, -1]}
							}
						},
						{
							"origin": [2.25, 14.5, -1.5],
							"size": [0.5, 0.5, 2],
							"pivot": [2.5, 7.5, 1.75],
							"rotation": [0, 2.5, 0],
							"uv": {
								"north": {"uv": [12.5, 13], "uv_size": [0.25, 0.25]},
								"east": {"uv": [4, 12], "uv_size": [1, 0.25]},
								"south": {"uv": [13.5, 0], "uv_size": [0.25, 0.25]},
								"west": {"uv": [5.5, 12], "uv_size": [1, 0.25]},
								"up": {"uv": [11.5, 12], "uv_size": [0.25, 1]},
								"down": {"uv": [7, 13.5], "uv_size": [0.25, -1]}
							}
						},
						{
							"origin": [2.96, 14.42, -0.58],
							"size": [0.26, 0.46, 1.04],
							"pivot": [3.19, 7.98, 1.61],
							"rotation": [0, 2.5, 0],
							"uv": {
								"north": {"uv": [13.5, 1], "uv_size": [0.25, 0.25]},
								"east": {"uv": [12.5, 12], "uv_size": [0.5, 0.25]},
								"south": {"uv": [13.5, 2], "uv_size": [0.25, 0.25]},
								"west": {"uv": [13, 3], "uv_size": [0.5, 0.25]},
								"up": {"uv": [4, 13], "uv_size": [0.25, 0.5]},
								"down": {"uv": [13, 4.5], "uv_size": [0.25, -0.5]}
							}
						},
						{
							"origin": [-2.25, 15.5, -0.5],
							"size": [1.25, 4, 0],
							"uv": {
								"north": {"uv": [7.5, 10], "uv_size": [0.75, 2]},
								"east": {"uv": [10, 12.5], "uv_size": [0, 2]},
								"south": {"uv": [9, 10], "uv_size": [0.75, 2]},
								"west": {"uv": [3, 13.5], "uv_size": [0, 2]},
								"up": {"uv": [13.5, 5], "uv_size": [0.75, 0]},
								"down": {"uv": [13.5, 5.5], "uv_size": [0.75, 0]}
							}
						},
						{
							"origin": [-2, 0, -2],
							"size": [4, 1, 4],
							"uv": {
								"north": {"uv": [3, 11], "uv_size": [2, 0.5]},
								"east": {"uv": [11, 5], "uv_size": [2, 0.5]},
								"south": {"uv": [11, 6], "uv_size": [2, 0.5]},
								"west": {"uv": [11, 7], "uv_size": [2, 0.5]},
								"up": {"uv": [5.5, 0], "uv_size": [2, 2]},
								"down": {"uv": [5.5, 4.5], "uv_size": [2, -2]}
							}
						},
						{
							"origin": [-0.5, 1, -0.5],
							"size": [1, 12, 1],
							"uv": {
								"north": {"uv": [10.5, 10], "uv_size": [0.5, 3]},
								"east": {"uv": [0, 11], "uv_size": [0.5, 3]},
								"south": {"uv": [1, 11], "uv_size": [0.5, 3]},
								"west": {"uv": [2, 11], "uv_size": [0.5, 3]},
								"up": {"uv": [8, 12.5], "uv_size": [0.5, 0.5]},
								"down": {"uv": [9, 13], "uv_size": [0.5, -0.5]}
							}
						}
					]
				}
			],
			"item_display_transforms" : {
				"gui": {
					"rotation": [30, 225, 0],
					"translation": [0, 0, 0],
					"scale": [1, 1, 1]
				}
			}
		}
	]
}