{
	"format_version": "1.21.0",
	"minecraft:geometry": [
		{
			"description": {
				"identifier": "geometry.dss_bn_chair_3",
				"texture_width": 16,
				"texture_height": 16,
				"visible_bounds_width": 3,
				"visible_bounds_height": 2.5,
				"visible_bounds_offset": [0, 0.75, 0]
			},
			"bones": [
				{
					"name": "whole",
					"pivot": [0, 0, 0]
				},
				{
					"name": "root",
					"parent": "whole",
					"pivot": [0, -1, 0],
					"cubes": [
						{
							"origin": [-6, 9, -1.5],
							"size": [12, 4, 3],
							"pivot": [0, -7, 5.5],
							"rotation": [-25, 0, 0],
							"uv": {
								"north": {"uv": [3.75, 0], "uv_size": [3, 1]},
								"east": {"uv": [0.75, 7.75], "uv_size": [0.75, 1]},
								"south": {"uv": [3.75, 1.25], "uv_size": [3, 1]},
								"west": {"uv": [1.75, 7.75], "uv_size": [0.75, 1]},
								"up": {"uv": [3.75, 2.5], "uv_size": [3, 0.75]},
								"down": {"uv": [3.75, 4.25], "uv_size": [3, -0.75]}
							}
						},
						{
							"origin": [-8, -2.25, -9],
							"size": [1, 12, 1],
							"pivot": [-1, -2.25, -2],
							"rotation": [-22.5, 0, 0],
							"uv": {
								"north": {"uv": [2.75, 7.75], "uv_size": [0.25, 3]},
								"east": {"uv": [8, 5.75], "uv_size": [0.25, 3]},
								"south": {"uv": [3.25, 8.25], "uv_size": [0.25, 3]},
								"west": {"uv": [3.75, 8.25], "uv_size": [0.25, 3]},
								"up": {"uv": [3.25, 7], "uv_size": [0.25, 0.25]},
								"down": {"uv": [7, 4.25], "uv_size": [0.25, -0.25]}
							}
						},
						{
							"origin": [-8, 10.25, -4.5],
							"size": [2, 2, 12],
							"uv": {
								"north": {"uv": [9.5, 10], "uv_size": [0.5, 0.5]},
								"east": {"uv": [0, 7], "uv_size": [3, 0.5]},
								"south": {"uv": [10.25, 0], "uv_size": [0.5, 0.5]},
								"west": {"uv": [7, 0], "uv_size": [3, 0.5]},
								"up": {"uv": [7, 0.75], "uv_size": [0.5, 3]},
								"down": {"uv": [7.25, 9], "uv_size": [0.5, -3]}
							}
						},
						{
							"origin": [6, 10.25, -4.5],
							"size": [2, 2, 12],
							"uv": {
								"north": {"uv": [10.25, 10], "uv_size": [0.5, 0.5]},
								"east": {"uv": [3.25, 7.5], "uv_size": [3, 0.5]},
								"south": {"uv": [10.5, 7.75], "uv_size": [0.5, 0.5]},
								"west": {"uv": [7.5, 4], "uv_size": [3, 0.5]},
								"up": {"uv": [6.5, 7.5], "uv_size": [0.5, 3]},
								"down": {"uv": [0, 10.75], "uv_size": [0.5, -3]}
							}
						},
						{
							"origin": [7, -2.25, -9],
							"size": [1, 12, 1],
							"pivot": [14, -2.25, -2],
							"rotation": [-22.5, 0, 0],
							"uv": {
								"north": {"uv": [4.25, 8.25], "uv_size": [0.25, 3]},
								"east": {"uv": [4.75, 8.25], "uv_size": [0.25, 3]},
								"south": {"uv": [5.25, 8.25], "uv_size": [0.25, 3]},
								"west": {"uv": [5.75, 8.25], "uv_size": [0.25, 3]},
								"up": {"uv": [10.5, 8.5], "uv_size": [0.25, 0.25]},
								"down": {"uv": [10.5, 9.25], "uv_size": [0.25, -0.25]}
							}
						},
						{
							"origin": [-8, -2.25, 8.5],
							"size": [1, 7.25, 1],
							"pivot": [-4, -2.25, 2.5],
							"rotation": [22.5, 0, 0],
							"uv": {
								"north": {"uv": [2.25, 9], "uv_size": [0.25, 1.875]},
								"east": {"uv": [9, 7.75], "uv_size": [0.25, 1.875]},
								"south": {"uv": [8, 9], "uv_size": [0.25, 1.875]},
								"west": {"uv": [7.25, 9.25], "uv_size": [0.25, 1.875]},
								"up": {"uv": [10.5, 9.5], "uv_size": [0.25, 0.25]},
								"down": {"uv": [10.75, 4], "uv_size": [0.25, -0.25]}
							}
						},
						{
							"origin": [7, -2.25, 8.5],
							"size": [1, 7.25, 1],
							"pivot": [11, -2.25, 2.5],
							"rotation": [22.5, 0, 0],
							"uv": {
								"north": {"uv": [9.5, 7.75], "uv_size": [0.25, 1.875]},
								"east": {"uv": [8.5, 9.75], "uv_size": [0.25, 1.875]},
								"south": {"uv": [10, 7.75], "uv_size": [0.25, 1.875]},
								"west": {"uv": [9, 10], "uv_size": [0.25, 1.875]},
								"up": {"uv": [10.75, 4.25], "uv_size": [0.25, 0.25]},
								"down": {"uv": [6.25, 11], "uv_size": [0.25, -0.25]}
							}
						},
						{
							"origin": [-8, 6, -5.25],
							"size": [1, 1, 11],
							"uv": {
								"north": {"uv": [6.75, 10.75], "uv_size": [0.25, 0.25]},
								"east": {"uv": [8.5, 5.75], "uv_size": [2.75, 0.25]},
								"south": {"uv": [9.5, 10.75], "uv_size": [0.25, 0.25]},
								"west": {"uv": [8.5, 6.25], "uv_size": [2.75, 0.25]},
								"up": {"uv": [8.5, 6.75], "uv_size": [0.25, 2.75]},
								"down": {"uv": [0.75, 11.75], "uv_size": [0.25, -2.75]}
							}
						},
						{
							"origin": [7, 6, -5.25],
							"size": [1, 1, 11],
							"uv": {
								"north": {"uv": [10, 10.75], "uv_size": [0.25, 0.25]},
								"east": {"uv": [9, 6.75], "uv_size": [2.75, 0.25]},
								"south": {"uv": [10.5, 10.75], "uv_size": [0.25, 0.25]},
								"west": {"uv": [9, 7.25], "uv_size": [2.75, 0.25]},
								"up": {"uv": [1.25, 9], "uv_size": [0.25, 2.75]},
								"down": {"uv": [1.75, 11.75], "uv_size": [0.25, -2.75]}
							}
						},
						{
							"origin": [-7, 5, -6.25],
							"size": [14, 1, 1],
							"uv": {
								"north": {"uv": [7.75, 1.75], "uv_size": [3.5, 0.25]},
								"east": {"uv": [2.75, 11], "uv_size": [0.25, 0.25]},
								"south": {"uv": [7.75, 2.25], "uv_size": [3.5, 0.25]},
								"west": {"uv": [11, 8.5], "uv_size": [0.25, 0.25]},
								"up": {"uv": [7.75, 2.75], "uv_size": [3.5, 0.25]},
								"down": {"uv": [7.75, 3.5], "uv_size": [3.5, -0.25]}
							}
						},
						{
							"origin": [-7, 5, 5.75],
							"size": [14, 1, 1],
							"uv": {
								"north": {"uv": [7.75, 1.75], "uv_size": [3.5, 0.25]},
								"east": {"uv": [2.75, 11], "uv_size": [0.25, 0.25]},
								"south": {"uv": [7.75, 2.25], "uv_size": [3.5, 0.25]},
								"west": {"uv": [11, 8.5], "uv_size": [0.25, 0.25]},
								"up": {"uv": [7.75, 2.75], "uv_size": [3.5, 0.25]},
								"down": {"uv": [7.75, 3.5], "uv_size": [3.5, -0.25]}
							}
						}
					]
				},
				{
					"name": "seat",
					"parent": "whole",
					"pivot": [0, 0, 0],
					"cubes": [
						{
							"origin": [-7, 6, -7],
							"size": [14, 2, 13],
							"uv": {
								"north": {"uv": [3.75, 4.5], "uv_size": [3.5, 0.5]},
								"east": {"uv": [3.75, 6], "uv_size": [3.25, 0.5]},
								"south": {"uv": [3.75, 5.25], "uv_size": [3.5, 0.5]},
								"west": {"uv": [3.75, 6.75], "uv_size": [3.25, 0.5]},
								"up": {"uv": [0, 0], "uv_size": [3.5, 3.25]},
								"down": {"uv": [0, 6.75], "uv_size": [3.5, -3.25]}
							}
						}
					]
				}
			],
			"item_display_transforms" : {
				"gui": {
					"rotation": [30, 225, 0],
					"translation": [0, 0, 0],
					"scale": [1, 1, 1]
				}
			}
		}
	]
}