{
	"format_version": "1.10.0",
	"minecraft:attachable": {
		"description": {
			"identifier": "pb_scraft:dark_wizard_boots",
			"render_controllers": ["controller.render.armor"],
			"materials": {
				"default": "entity_alphatest_change_color",
				"enchanted": "entity_alphatest_change_color_glint"
			},
			"textures": {
				"default": "textures/pb/scraft/attachable/armor/dark_wizard_boots",
				"enchanted": "textures/misc/enchanted_item_glint"
			},
			"geometry": {
				"default": "geometry.pb_scraft.dark_wizard_boots"
			}
		}
	}
}