{
    "format_version": "1.20.20",
    "sound_definitions": {
        "nv_me:mech.wake_up": {
            "category": "neutral",
            "max_distance": null,
            "min_distance": null,
            "sounds": [ "sounds/nv_me/mech_sounds/wake_up" ]
        },
        "nv_me:mech.power_off": {
            "category": "neutral",
            "max_distance": null,
            "min_distance": null,
            "sounds": [ "sounds/nv_me/mech_sounds/power_off" ]
        },
        "nv_me:mech.walking": {
            "category": "neutral",
            "max_distance": null,
            "min_distance": null,
            "sounds": [ 
                { "name": "sounds/nv_me/mech_sounds/step_1", "volume": 0.4 },
                { "name": "sounds/nv_me/mech_sounds/step_2", "volume": 0.4 },
                { "name": "sounds/nv_me/mech_sounds/step_3", "volume": 0.4 }
            ]
        },
        "nv_me:mech.land": {
            "category": "neutral",
            "max_distance": null,
            "min_distance": null,
            "sounds": [{
                "name": "sounds/nv_me/mech_sounds/land",
                "volume": 0.7
            }]
        },
        "nv_me:mech.jump": {
            "category": "neutral",
            "max_distance": null,
            "min_distance": null,
            "sounds": [{
                "name": "sounds/nv_me/mech_sounds/jump",
                "volume": 0.7
            }]
        },
        "nv_me:mech.headlight_turn": {
            "category": "neutral",
            "max_distance": null,
            "min_distance": null,
            "sounds": [{
                "name": "sounds/nv_me/mech_sounds/headlight_turn"
            }]
        },
        "nv_me:mech.spawn_mech": {
            "category": "neutral",
            "max_distance": null,
            "min_distance": null,
            "sounds": [{
                "name": "sounds/nv_me/mech_sounds/spawn_mech"
            }]
        },
        "nv_me:mech.disassemble": {
            "category": "neutral",
            "max_distance": null,
            "min_distance": null,
            "sounds": [{
                "name": "sounds/nv_me/mech_sounds/disassemble"
            }]
        },
        "nv_me:mech.fuel_insert": {
            "category": "neutral",
            "max_distance": null,
            "min_distance": null,
            "sounds": [{
                "name": "sounds/nv_me/mech_sounds/fuel_insert"
            }]
        },
        "nv_me:mech.warn": {
            "category": "neutral",
            "max_distance": null,
            "min_distance": null,
            "sounds": [{
                "name": "sounds/nv_me/mech_sounds/warn",
                "volume": 0.4
            }]
        },
        "nv_me:mech.actived_drill": {
            "category": "neutral",
            "max_distance": null,
            "min_distance": null,
            "sounds": [{
                "name": "sounds/nv_me/mech_sounds/actived_drill",
                "volume": 0.6
            }]
        },
        "nv_me:mech.jetpack_loop": {
            "category": "neutral",
            "max_distance": null,
            "min_distance": null,
            "sounds": [{
                "name": "sounds/nv_me/mech_sounds/jetpack/jetpack_loop",
                "volume": 0.5
            }]
        },
        "nv_me:mech.flamethrower_sound": {
            "category": "neutral",
            "max_distance": null,
            "min_distance": null,
            "sounds": [{
                "name": "sounds/nv_me/mech_sounds/flamethrower",
                "volume": 0.35
            }]
        },
        "nv_me:mech.jetpack_start": {
            "category": "neutral",
            "max_distance": null,
            "min_distance": null,
            "sounds": [{
                "name": "sounds/nv_me/mech_sounds/jetpack/ignition",
                "volume": 0.7
            }]
        },
        "nv_me:mech.jetpack_end": {
            "category": "neutral",
            "max_distance": null,
            "min_distance": null,
            "sounds": [{
                "name": "sounds/nv_me/mech_sounds/jetpack/end",
                "volume": 0.7
            }]
        }
    }
}