{
	"format_version": "1.12.0",
	"minecraft:geometry": [
		{
			"description": {
				"identifier": "geometry.ljw_ww.crafting_table",
				"texture_width": 16,
				"texture_height": 16,
				"visible_bounds_width": 2,
				"visible_bounds_height": 2.5,
				"visible_bounds_offset": [0, 0.75, 0]
			},
			"bones": [
				{
					"name": "block",
					"pivot": [0, 0, 0],
					"cubes": [
						{
							"origin": [-8, 0, -8],
							"size": [16, 16, 16],
							"pivot": [0, 0, 0],
							"rotation": [0, 90, 0],
							"uv": {
								"north": {
									"uv": [16, 0],
									"uv_size": [-16, 16]
								},
								"east": {
									"uv": [0, 0],
									"uv_size": [16, 16]
								},
								"south": {
									"uv": [0, 0],
									"uv_size": [16, 16]
								},
								"west": {
									"uv": [0, 0],
									"uv_size": [16, 16]
								},
								"up": {
									"uv": [0, 0],
									"uv_size": [16, 16]
								},
								"down": {
									"uv": [0, 0],
									"uv_size": [16, 16]
								}
							}
						}
					]
				}
			]
		},
		{
			"description": {
				"identifier": "geometry.ljw_ww.lantern",
				"texture_width": 16,
				"texture_height": 16,
				"visible_bounds_width": 2,
				"visible_bounds_height": 2.5,
				"visible_bounds_offset": [0, 0.75, 0]
			},
			"bones": [
				{
					"name": "block",
					"pivot": [0, 0, 0],
					"cubes": [
						{
							"origin": [-9, 0, -3],
							"size": [6, 7, 6],
							"pivot": [-3, 0, -3],
							"rotation": [0, 90, 0],
							"uv": {
								"north": {"uv": [6, 2], "uv_size": [-6, 7]},
								"east": {"uv": [0, 2], "uv_size": [6, 7]},
								"south": {"uv": [0, 2], "uv_size": [6, 7]},
								"west": {"uv": [0, 2], "uv_size": [6, 7]},
								"up": {"uv": [0, 9], "uv_size": [6, 6]},
								"down": {"uv": [0, 9], "uv_size": [6, 6]}
							}
						},
						{
							"origin": [-8.5, 7, -2.5],
							"size": [5, 2, 5],
							"pivot": [-3, 7, -3],
							"rotation": [0, 90, 0],
							"uv": {
								"north": {"uv": [5, 0], "uv_size": [-4, 2]},
								"east": {"uv": [1, 0], "uv_size": [4, 2]},
								"south": {"uv": [1, 0], "uv_size": [4, 2]},
								"west": {"uv": [1, 0], "uv_size": [4, 2]},
								"up": {"uv": [1, 10], "uv_size": [4, 4]},
								"down": {"uv": [1, 10], "uv_size": [4, 4]}
							}
						}
					]
				},
				{
					"name": "link",
					"parent": "block",
					"pivot": [0, 9, 0],
					"rotation": [0, -45, 0],
					"cubes": [
						{
							"origin": [-1.5, 9, 0],
							"size": [3, 2, 0],
							"uv": {
								"north": {"uv": [11, 10], "uv_size": [3, 2]}
							}
						}
					]
				},
				{
					"name": "link_b",
					"parent": "link",
					"pivot": [0, 0, 0],
					"cubes": [
						{
							"origin": [-1.5, 9, 0],
							"size": [3, 2, 0],
							"pivot": [0, 0, 0],
							"rotation": [0, -90, 0],
							"uv": {
								"north": {"uv": [11, 10], "uv_size": [3, 2]}
							}
						}
					]
				},
				{
					"name": "chain",
					"parent": "link",
					"pivot": [0, 0, 0],
					"cubes": [
						{
							"origin": [-1.5, 13, 0],
							"size": [3, 2, 0],
							"uv": {
								"north": {"uv": [11, 6], "uv_size": [3, 2]}
							}
						},
						{
							"origin": [-1.5, 10, 0],
							"size": [3, 4, 0],
							"pivot": [0, 1, 0],
							"rotation": [0, -90, 0],
							"uv": {
								"north": {"uv": [11, 1], "uv_size": [3, 4]}
							}
						}
					]
				}
			]
		}
	]
}