{
	"format_version": "1.12.0",
	"minecraft:geometry": [
		{
			"description": {
				"identifier": "geometry.ljw_ww.block.plant_square",
				"texture_width": 16,
				"texture_height": 16,
				"visible_bounds_width": 2,
				"visible_bounds_height": 3,
				"visible_bounds_offset": [0, 0.5, 0]
			},
			"bones": [
				{
					"name": "plant",
					"pivot": [0, 0, 0],
					"cubes": [
						{
							"origin": [-8, 0, -6],
							"size": [16, 16, 0],
							"uv": {
								"north": {
									"uv": [0, 0],
									"uv_size": [16, 16]
								}
							}
						},
						{
							"origin": [-2, 0, 0],
							"size": [16, 16, 0],
							"pivot": [6, 0, 0],
							"rotation": [0, -90, 0],
							"uv": {
								"north": {
									"uv": [0, 0],
									"uv_size": [16, 16]
								}
							}
						},
						{
							"origin": [-14, 0, 0],
							"size": [16, 16, 0],
							"pivot": [-6, 0, 0],
							"rotation": [0, -90, 0],
							"uv": {
								"north": {
									"uv": [0, 0],
									"uv_size": [16, 16]
								}
							}
						},
						{
							"origin": [-8, 0, 6],
							"size": [16, 16, 0],
							"uv": {
								"north": {
									"uv": [0, 0],
									"uv_size": [16, 16]
								}
							}
						}
					]
				}
			]
		},
		{
			"description": {
				"identifier": "geometry.ljw_ww.block.plant_x",
				"texture_width": 16,
				"texture_height": 16,
				"visible_bounds_width": 2,
				"visible_bounds_height": 3,
				"visible_bounds_offset": [0, 0.5, 0]
			},
			"bones": [
				{
					"name": "plant",
					"pivot": [0, 0, 0],
					"cubes": [
						{
							"origin": [-8, 0, 0],
							"size": [16, 16, 0],
							"pivot": [0, 0, 0],
							"rotation": [0, -135, 0],
							"uv": {
								"north": {"uv": [0, 0], "uv_size": [16, 16]}
							}
						},
						{
							"origin": [-8, 0, 0],
							"size": [16, 16, 0],
							"pivot": [0, 0, 0],
							"rotation": [0, -45, 0],
							"uv": {
								"north": {"uv": [0, 0], "uv_size": [16, 16]}
							}
						}
					]
				}
			]
		}
	]
}