{
	"format_version": "1.10.0",
	"particle_effect": {
		"description": {
			"identifier": "pb_scraft:dragon_breath_embers",
			"basic_render_parameters": {
				"material": "particles_add",
				"texture": "textures/pb/scraft/particle/flash_2"
			}
		},
		"curves": {
			"variable.size_curve": {
				"type": "linear",
				"input": "v.particle_age",
				"horizontal_range": "v.particle_lifetime",
				"nodes": [0.17, 0.46, 0.52, 0.37]
			}
		},
		"components": {
			"minecraft:emitter_initialization": {
				"creation_expression": "variable.lifetime = 1.8;variable.size_variant = 0.2;variable.angle = 65;"
			},
			"minecraft:emitter_rate_steady": {
				"spawn_rate": 80,
				"max_particles": 400
			},
			"minecraft:emitter_lifetime_once": {
				"active_time": 0.3
			},
			"minecraft:emitter_shape_sphere": {
				"offset": [0, 0.3, 0],
				"radius": 0.4,
				"direction": ["math.sin(variable.particle_random_2*variable.angle-variable.angle/2+variable.direction)", "variable.direction_y + (variable.particle_random_3-0.5)*0.7", "math.cos(variable.particle_random_2*variable.angle-variable.angle/2+variable.direction)"]
			},
			"minecraft:particle_lifetime_expression": {
				"max_lifetime": "Math.random(variable.lifetime, variable.lifetime*1.3)"
			},
			"minecraft:particle_initial_spin": {
				"rotation": "(variable.particle_random_3-0.5)*360",
				"rotation_rate": "(variable.particle_random_1-0.5)*720"
			},
			"minecraft:particle_initial_speed": "Math.random(12,16)",
			"minecraft:particle_motion_dynamic": {
				"linear_acceleration": [0, 0.3, 0],
				"linear_drag_coefficient": "1.0+variable.particle_random_3*3"
			},
			"minecraft:particle_appearance_billboard": {
				"size": ["variable.size_curve+(variable.particle_random_1*variable.size_variant)", "variable.size_curve+(variable.particle_random_1*variable.size_variant)"],
				"facing_camera_mode": "lookat_xyz",
				"uv": {
					"texture_width": 64,
					"texture_height": 64,
					"uv": [0, 0],
					"uv_size": [64, 64]
				}
			},
			"minecraft:particle_motion_collision": {
				"collision_drag": 0.1,
				"collision_radius": 0.1
			},
			"minecraft:particle_appearance_tinting": {
				"color": {
					"interpolant": "variable.particle_age",
					"gradient": {
						"0.0": "#FFFF4507",
						"0.41": "#F0FFBC17",
						"1.21": "#E3D0BD25",
						"1.8": "#421A1A1A"
					}
				}
			}
		}
	}
}