{
	"format_version": "1.10.0",
	"particle_effect": {
		"description": {
			"identifier": "pb_scraft:dragon_breath_fireburst",
			"basic_render_parameters": {
				"material": "particles_add",
				"texture": "textures/pb/scraft/particle/explosion"
			}
		},
		"components": {
			"minecraft:emitter_initialization": {
				"creation_expression": "variable.size = 0.5;variable.age_growth = 0.8;variable.lifetime = 1.8;variable.size_variant = 0.2;variable.angle = 60;"
			},
			"minecraft:emitter_rate_steady": {
				"spawn_rate": 30,
				"max_particles": 400
			},
			"minecraft:emitter_lifetime_once": {
				"active_time": 0.3
			},
			"minecraft:emitter_shape_sphere": {
				"radius": 0.3,
				"direction": ["math.sin(variable.particle_random_2*variable.angle-variable.angle/2+variable.direction)", "variable.direction_y", "math.cos(variable.particle_random_2*variable.angle-variable.angle/2+variable.direction)"]
			},
			"minecraft:particle_lifetime_expression": {
				"max_lifetime": "Math.random(variable.lifetime, variable.lifetime*1.3)"
			},
			"minecraft:particle_initial_spin": {
				"rotation": "(variable.particle_random_3-0.5)*360",
				"rotation_rate": "(variable.particle_random_1-0.5)*90"
			},
			"minecraft:particle_initial_speed": "Math.random(12,16)",
			"minecraft:particle_motion_dynamic": {
				"linear_drag_coefficient": 2
			},
			"minecraft:particle_appearance_billboard": {
				"size": ["variable.size+(variable.particle_random_1*variable.size_variant)+math.clamp(variable.particle_age*variable.age_growth, 0, 4)", "variable.size+(variable.particle_random_1*variable.size_variant)+math.clamp(variable.particle_age*variable.age_growth, 0, 4)"],
				"facing_camera_mode": "lookat_xyz",
				"uv": {
					"texture_width": 64,
					"texture_height": 384,
					"flipbook": {
						"base_UV": [0, 0],
						"size_UV": [64, 64],
						"step_UV": [0, 64],
						"frames_per_second": 8,
						"max_frame": 6,
						"stretch_to_lifetime": true
					}
				}
			},
			"minecraft:particle_motion_collision": {
				"collision_drag": 0.1,
				"collision_radius": 0.1
			},
			"minecraft:particle_appearance_tinting": {
				"color": {
					"interpolant": "variable.particle_age",
					"gradient": {
						"0.0": "#1CFFFFFF",
						"0.41": "#66ECF44E",
						"1.21": "#52707070",
						"1.8": "#121A1A1A"
					}
				}
			}
		}
	}
}