{"format_version":"1.20.20","minecraft:block":{"description":{"identifier":"ftb_bees:apiarists_bench","menu_category":{"category":"equipment"},"traits":{"minecraft:placement_direction":{"enabled_states":["minecraft:cardinal_direction"]}}},"components":{"tag:metal":{},"minecraft:light_dampening":0,"minecraft:crafting_table":{"crafting_tags":["ftb_bee_crafter"],"table_name":"Apiarist's Table"},"minecraft:collision_box":true,"minecraft:destructible_by_mining":{"seconds_to_destroy":1},"minecraft:destructible_by_explosion":{"explosion_resistance":30},"minecraft:display_name":"Apiarist's Table\n§9Feed the Bees","minecraft:geometry":"geometry.ftb_bees.ftb_block","minecraft:material_instances":{"up":{"texture":"apiarists_bench_top","render_method":"alpha_test"},"down":{"texture":"apiarists_bench_bottom","render_method":"alpha_test"},"north":{"texture":"apiarists_bench_side","render_method":"alpha_test"},"south":{"texture":"apiarists_bench_side","render_method":"alpha_test"},"east":{"texture":"apiarists_bench_side","render_method":"alpha_test"},"west":{"texture":"apiarists_bench_side","render_method":"alpha_test"}}}}}