{"format_version":"1.20.20","minecraft:block":{"description":{"identifier":"ftb_bees:bee_crate","menu_category":{"category":"equipment"},"traits":{"minecraft:placement_direction":{"enabled_states":["minecraft:cardinal_direction"]}}},"components":{"tag:wood":{},"minecraft:light_dampening":0,"minecraft:loot":"loot_tables/ftb/bees/bee_crate.json","minecraft:collision_box":true,"minecraft:destructible_by_mining":{"seconds_to_destroy":1},"minecraft:destructible_by_explosion":{"explosion_resistance":30},"minecraft:display_name":"Bee Crate\n§7Break open for Bees\n§9Feed the Bees","minecraft:geometry":"geometry.ftb_bees.ftb_block","minecraft:material_instances":{"up":{"texture":"bee_crate_top","render_method":"alpha_test"},"down":{"texture":"bee_crate_top","render_method":"alpha_test"},"north":{"texture":"bee_crate_side","render_method":"alpha_test"},"south":{"texture":"bee_crate_side","render_method":"alpha_test"},"east":{"texture":"bee_crate_side","render_method":"alpha_test"},"west":{"texture":"bee_crate_side","render_method":"alpha_test"}}}}}