{"format_version":"1.20.20","minecraft:block":{"description":{"identifier":"ftb_bees:honeycomb_brick_carved","menu_category":{"category":"construction"}},"components":{"minecraft:light_dampening":0,"minecraft:display_name":"Carved Honeycomb Brick\n§9Feed the Bees","minecraft:destructible_by_mining":{"seconds_to_destroy":1},"minecraft:destructible_by_explosion":{"explosion_resistance":15},"minecraft:friction":0.5,"minecraft:collision_box":true,"minecraft:selection_box":true,"minecraft:geometry":"geometry.ftb_bees.ftb_block","minecraft:material_instances":{"up":{"texture":"honeycomb_brick_carved_top","render_method":"alpha_test"},"down":{"texture":"honeycomb_brick_carved_top","render_method":"alpha_test"},"north":{"texture":"honeycomb_brick_carved","render_method":"alpha_test"},"south":{"texture":"honeycomb_brick_carved","render_method":"alpha_test"},"east":{"texture":"honeycomb_brick_carved","render_method":"alpha_test"},"west":{"texture":"honeycomb_brick_carved","render_method":"alpha_test"}}}}}