{"format_version":"1.20.20","minecraft:block":{"description":{"identifier":"ftb_bees:raw_diamond_block","menu_category":{"category":"construction"}},"components":{"tag:metal":{},"minecraft:light_dampening":0,"minecraft:display_name":"Block of Raw Diamond\n§9Feed the Bees","minecraft:destructible_by_mining":{"seconds_to_destroy":1},"minecraft:destructible_by_explosion":{"explosion_resistance":15},"minecraft:flammable":{"catch_chance_modifier":5,"destroy_chance_modifier":0},"minecraft:collision_box":true,"minecraft:selection_box":true,"minecraft:geometry":"geometry.ftb_bees.ftb_block","minecraft:material_instances":{"*":{"texture":"raw_diamond_block","render_method":"alpha_test"}}}}}