{"format_version":"1.20.20","minecraft:block":{"description":{"identifier":"ftb_bees:stem_crafting_table","menu_category":{"category":"equipment"},"traits":{"minecraft:placement_direction":{"enabled_states":["minecraft:cardinal_direction"]}}},"components":{"tag:metal":{},"minecraft:light_dampening":0,"minecraft:crafting_table":{"crafting_tags":["crafting_table"],"table_name":"Crafting Table"},"minecraft:collision_box":true,"minecraft:destructible_by_mining":{"seconds_to_destroy":1},"minecraft:destructible_by_explosion":{"explosion_resistance":30},"minecraft:display_name":"Stem Crafting Table\n§9Feed the Bees","minecraft:geometry":"geometry.ftb_bees.ftb_block","minecraft:material_instances":{"up":{"texture":"stem_crafting_table_top","render_method":"alpha_test"},"down":{"texture":"stem_planks","render_method":"alpha_test"},"north":{"texture":"stem_crafting_table_front","render_method":"alpha_test"},"south":{"texture":"stem_crafting_table_front","render_method":"alpha_test"},"east":{"texture":"stem_crafting_table_side","render_method":"alpha_test"},"west":{"texture":"stem_crafting_table_side","render_method":"alpha_test"}}}}}