{
	"format_version": "1.12.0",
	"minecraft:geometry": [
		{
			"description": {
				"identifier": "geometry.nv_me.battle_mech",
				"texture_width": 256,
				"texture_height": 256,
				"visible_bounds_width": 9,
				"visible_bounds_height": 7,
				"visible_bounds_offset": [0, 3.5, 0]
			},
			"bones": [
				{
					"name": "root",
					"pivot": [0, 0, 0]
				},
				{
					"name": "leftLeg",
					"parent": "root",
					"pivot": [11, 34.25833, 1.5],
					"cubes": [
						{"origin": [11.31957, 16.78658, -6.44539], "size": [10, 23, 13], "pivot": [16, 27.25833, 0.5], "rotation": [-15, 0, -5], "uv": [48, 121], "mirror": true},
						{"origin": [12.31957, 22.78658, -7.44539], "size": [4, 15, 2], "pivot": [16, 27.25833, 0.5], "rotation": [-15, 0, -5], "uv": [60, 49], "mirror": true},
						{"origin": [21.31957, 28.78658, -4.44539], "size": [3, 9, 9], "pivot": [16, 27.25833, 0.5], "rotation": [-15, 0, -5], "uv": [0, 188], "mirror": true},
						{"origin": [9, 28.925, -3.5], "size": [3, 8, 10], "uv": [148, 185], "mirror": true}
					]
				},
				{
					"name": "leftKnee",
					"parent": "leftLeg",
					"pivot": [16, 22.25833, -0.5],
					"rotation": [10, 0, 0],
					"cubes": [
						{"origin": [21.32001, 19.47764, -4.54638], "size": [5, 6, 6], "pivot": [16, 27.81988, 2.5115], "rotation": [0, 0, -5], "uv": [54, 189], "mirror": true},
						{"origin": [21.32001, 9.47764, -3.54638], "size": [4, 10, 4], "pivot": [16, 27.81988, 2.5115], "rotation": [0, 0, -5], "uv": [0, 49], "mirror": true},
						{"origin": [6.32001, 4.47764, -4.54638], "size": [20, 5, 6], "pivot": [16, 27.81988, 2.5115], "rotation": [0, 0, -5], "uv": [136, 0], "mirror": true},
						{"origin": [7.32001, 9.47764, -3.54638], "size": [4, 10, 4], "pivot": [16, 27.81988, 2.5115], "rotation": [0, 0, -5], "uv": [0, 25], "mirror": true},
						{"origin": [6.32001, 19.47764, -4.54638], "size": [5, 6, 6], "pivot": [16, 27.81988, 2.5115], "rotation": [0, 0, -5], "uv": [188, 150], "mirror": true}
					]
				},
				{
					"name": "leftFeet",
					"parent": "leftKnee",
					"pivot": [18, 7.25833, 0.5],
					"rotation": [-10, 0, 0],
					"cubes": [
						{"origin": [6.17431, -0.1505, -3.01567], "size": [24, 3, 11], "uv": [116, 55], "mirror": true},
						{"origin": [15.17431, 2.8495, -4.01567], "size": [6, 8, 10], "uv": [98, 175], "mirror": true},
						{"origin": [14.17431, 0.88073, -7.8748], "size": [8, 13, 4], "pivot": [18.17431, 7.18283, -6.01567], "rotation": [-25, 0, 0], "uv": [188, 0], "mirror": true},
						{"origin": [23.17431, -0.1505, 7.98433], "size": [7, 3, 3], "uv": [0, 63], "mirror": true},
						{"origin": [6.17431, -0.1505, 7.98433], "size": [7, 3, 3], "uv": [0, 39], "mirror": true},
						{"origin": [19.17431, -0.1505, -16.01567], "size": [6, 3, 13], "uv": [60, 173], "mirror": true},
						{"origin": [10.17431, -0.1505, -16.01567], "size": [6, 3, 13], "uv": [163, 158], "mirror": true}
					],
					"locators": {
						"feet2": [18, 5, 0]
					}
				},
				{
					"name": "rightLeg",
					"parent": "root",
					"pivot": [-11, 34.25833, 1.5],
					"cubes": [
						{"origin": [-21.31957, 16.78658, -6.44539], "size": [10, 23, 13], "pivot": [-16, 27.25833, 0.5], "rotation": [-15, 0, 5], "uv": [48, 121]},
						{"origin": [-16.31957, 22.78658, -7.44539], "size": [4, 15, 2], "pivot": [-16, 27.25833, 0.5], "rotation": [-15, 0, 5], "uv": [60, 49]},
						{"origin": [-24.31957, 28.78658, -4.44539], "size": [3, 9, 9], "pivot": [-16, 27.25833, 0.5], "rotation": [-15, 0, 5], "uv": [0, 188]},
						{"origin": [-12, 28.925, -3.5], "size": [3, 8, 10], "uv": [148, 185]}
					]
				},
				{
					"name": "rightKnee",
					"parent": "rightLeg",
					"pivot": [-16, 22.25833, -0.5],
					"rotation": [10, 0, 0],
					"cubes": [
						{"origin": [-26.32001, 19.47764, -4.54638], "size": [5, 6, 6], "pivot": [-16, 27.81988, 2.5115], "rotation": [0, 0, 5], "uv": [54, 189]},
						{"origin": [-25.32001, 9.47764, -3.54638], "size": [4, 10, 4], "pivot": [-16, 27.81988, 2.5115], "rotation": [0, 0, 5], "uv": [0, 49]},
						{"origin": [-26.32001, 4.47764, -4.54638], "size": [20, 5, 6], "pivot": [-16, 27.81988, 2.5115], "rotation": [0, 0, 5], "uv": [136, 0]},
						{"origin": [-11.32001, 9.47764, -3.54638], "size": [4, 10, 4], "pivot": [-16, 27.81988, 2.5115], "rotation": [0, 0, 5], "uv": [0, 25]},
						{"origin": [-11.32001, 19.47764, -4.54638], "size": [5, 6, 6], "pivot": [-16, 27.81988, 2.5115], "rotation": [0, 0, 5], "uv": [188, 150]}
					]
				},
				{
					"name": "rightFeet",
					"parent": "rightKnee",
					"pivot": [-18, 7.25833, 0.5],
					"rotation": [-10, 0, 0],
					"cubes": [
						{"origin": [-30.17431, -0.1505, -3.01567], "size": [24, 3, 11], "uv": [116, 55]},
						{"origin": [-21.17431, 2.8495, -4.01567], "size": [6, 8, 10], "uv": [98, 175]},
						{"origin": [-22.17431, 0.88073, -7.8748], "size": [8, 13, 4], "pivot": [-18.17431, 7.18283, -6.01567], "rotation": [-25, 0, 0], "uv": [188, 0]},
						{"origin": [-30.17431, -0.1505, 7.98433], "size": [7, 3, 3], "uv": [0, 63]},
						{"origin": [-13.17431, -0.1505, 7.98433], "size": [7, 3, 3], "uv": [0, 39]},
						{"origin": [-25.17431, -0.1505, -16.01567], "size": [6, 3, 13], "uv": [60, 173]},
						{"origin": [-16.17431, -0.1505, -16.01567], "size": [6, 3, 13], "uv": [163, 158]}
					],
					"locators": {
						"feet1": [-18, 5, 0]
					}
				},
				{
					"name": "waist",
					"parent": "root",
					"pivot": [0, 33, -1],
					"cubes": [
						{"origin": [-6, 38.925, -5.5], "size": [11, 12, 16], "uv": [130, 76]},
						{"origin": [-9, 26.925, -7.5], "size": [18, 12, 18], "uv": [62, 62]}
					]
				},
				{
					"name": "body",
					"parent": "waist",
					"pivot": [0, 43.3291, 0.731],
					"cubes": [
						{"origin": [8, 48.12487, -1.35453], "size": [2, 10, 16], "pivot": [0, -1.74167, -11.5], "rotation": [10, 0, 0], "uv": [0, 162]},
						{"origin": [-10, 48.12487, -1.35453], "size": [2, 10, 16], "pivot": [0, -1.74167, -11.5], "rotation": [10, 0, 0], "uv": [143, 158]},
						{"origin": [-10, 48.12487, -4.35453], "size": [20, 10, 3], "pivot": [0, -1.74167, -11.5], "rotation": [10, 0, 0], "uv": [150, 120]},
						{"origin": [7, 54.87266, -24.82884], "size": [2, 21, 2], "inflate": 0.01, "pivot": [6, 16.33846, -7.95445], "rotation": [-15, 0, 0], "uv": [77, 189]},
						{"origin": [-9, 54.87266, -24.82884], "size": [2, 21, 2], "inflate": 0.01, "pivot": [-6, 16.33846, -7.95445], "rotation": [-15, 0, 0], "uv": [87, 189]},
						{"origin": [-9, 76.2115, -8.84527], "size": [2, 2, 19], "uv": [99, 154]},
						{"origin": [-9, 65.2115, 8.15473], "size": [2, 11, 2], "uv": [28, 106]},
						{"origin": [7, 76.2115, -8.84527], "size": [2, 2, 19], "uv": [29, 157]},
						{"origin": [7, 76.2115, 8.15473], "size": [2, 16, 2], "uv": [243, 29]},
						{"origin": [4, 66.2115, 11.15473], "size": [1, 34, 1], "uv": [252, 19]},
						{"origin": [-7, 67.2115, 8.15473], "size": [14, 1, 2], "uv": [139, 69]},
						{"origin": [-7, 71.2115, 8.15473], "size": [14, 1, 2], "uv": [28, 121]},
						{"origin": [-7, 75.2115, 8.15473], "size": [14, 1, 2], "uv": [88, 21]},
						{"origin": [7, 65.2115, 8.15473], "size": [2, 11, 2], "uv": [94, 0]},
						{"origin": [-7, 77.2115, 2.15473], "size": [14, 1, 2], "uv": [142, 72]},
						{"origin": [-17, 52.12863, -3.51661], "size": [34, 15, 10], "pivot": [0, -1.74167, -11.5], "rotation": [-5, 0, 0], "uv": [0, 0]},
						{"origin": [18, 59.51305, -4.41355], "size": [4, 18, 20], "pivot": [0, 66.9469, 7.15648], "rotation": [-20, 0, 0], "uv": [0, 106], "mirror": true},
						{"origin": [-22, 59.51305, -4.41355], "size": [4, 18, 20], "pivot": [0, 66.9469, 7.15648], "rotation": [-20, 0, 0], "uv": [0, 106]},
						{"origin": [10, 59.51305, -4.41355], "size": [5, 18, 20], "pivot": [0, 66.9469, 7.15648], "rotation": [-20, 0, 0], "uv": [100, 100], "mirror": true},
						{"origin": [-15, 59.51305, -4.41355], "size": [5, 18, 20], "pivot": [0, 66.9469, 7.15648], "rotation": [-20, 0, 0], "uv": [100, 100]},
						{"origin": [15, 60.51305, -3.41355], "size": [3, 16, 18], "pivot": [0, 66.9469, 7.15648], "rotation": [-20, 0, 0], "uv": [76, 139], "mirror": true},
						{"origin": [-18, 60.51305, -3.41355], "size": [3, 16, 18], "pivot": [0, 66.9469, 7.15648], "rotation": [-20, 0, 0], "uv": [76, 139]},
						{"origin": [4.8277, 43.94281, -6.83028], "size": [9, 8, 17], "pivot": [15.19766, 40.63111, 3.66972], "rotation": [0, 0, -5], "uv": [133, 133], "mirror": true},
						{"origin": [-11, 44.18532, -14.82997], "size": [22, 7, 9], "uv": [130, 104]},
						{"origin": [-13.8277, 43.94281, -6.83028], "size": [9, 8, 17], "pivot": [-15.19766, 40.63111, 3.66972], "rotation": [0, 0, 5], "uv": [133, 133]}
					]
				},
				{
					"name": "leftArm",
					"parent": "body",
					"pivot": [24.91335, 70.5823, 5.44452],
					"cubes": [
						{"origin": [22, 62.85311, 27.63218], "size": [3, 8, 8], "pivot": [5, -2.67095, 11.73104], "rotation": [20, 0, 0], "uv": [0, 73]},
						{"origin": [24.14526, 61.46054, 0.65336], "size": [6, 15, 11], "pivot": [25.5, 67.80022, 3.65336], "rotation": [0, 0, -5], "uv": [168, 29]},
						{"origin": [30.14526, 67.46054, 2.65336], "size": [7, 7, 7], "pivot": [25.5, 67.80022, 3.65336], "rotation": [0, 0, -5], "uv": [20, 162]},
						{"origin": [30.14526, 61.46054, 0.65336], "size": [8, 6, 11], "pivot": [25.5, 67.80022, 3.65336], "rotation": [0, 0, -5], "uv": [168, 133]},
						{"origin": [32.14526, 69.46054, 0.65336], "size": [6, 7, 12], "pivot": [25.5, 67.80022, 3.65336], "rotation": [0, 0, -5], "uv": [168, 69]},
						{"origin": [26.14526, 55.46054, 2.65336], "size": [10, 8, 3], "pivot": [25.5, 67.80022, 3.65336], "rotation": [0, 0, -5], "uv": [185, 174]},
						{"origin": [26.14526, 55.46054, 6.65336], "size": [10, 8, 3], "pivot": [25.5, 67.80022, 3.65336], "rotation": [0, 0, -5], "uv": [116, 69]},
						{"origin": [24.14526, 47.46054, 1.65336], "size": [16, 8, 10], "pivot": [25.5, 67.80022, 3.65336], "rotation": [0, 0, -5], "uv": [146, 11]}
					]
				},
				{
					"name": "leftElbow",
					"parent": "leftArm",
					"pivot": [36.22148, 52.75425, 6.43544],
					"rotation": [-5, 0, -5],
					"cubes": [
						{"origin": [31.61982, 43.8862, 3.03861], "size": [8, 5, 8], "uv": [183, 96]},
						{"origin": [29.61982, 40.8862, 1.03861], "size": [12, 4, 12], "uv": [184, 240]}
					]
				},
				{
					"name": "leftHand",
					"parent": "leftElbow",
					"pivot": [35.61982, 40.8862, 7.03861],
					"cubes": [
						{"origin": [36.61982, 34.8362, 2.03861], "size": [4, 10, 4], "uv": [240, 203]},
						{"origin": [30.61982, 34.8362, 2.03861], "size": [4, 10, 4], "uv": [240, 203]},
						{"origin": [30.61982, 34.8362, 8.03861], "size": [4, 10, 4], "uv": [240, 203]},
						{"origin": [36.61982, 34.8362, 8.03861], "size": [4, 10, 4], "uv": [240, 203]}
					]
				},
				{
					"name": "bone7",
					"parent": "leftHand",
					"pivot": [35.61982, 34.8862, 7.03861],
					"cubes": [
						{"origin": [29.61982, 31.8862, 1.03861], "size": [12, 4, 12], "uv": [184, 240]}
					]
				},
				{
					"name": "leftGlove",
					"parent": "bone7",
					"pivot": [35.23698, 32.96904, 6.34611],
					"cubes": [
						{"origin": [27.61982, 27.8862, -0.96139], "size": [16, 5, 16], "uv": [120, 235]},
						{"origin": [28.79413, 24.87101, -0.13504], "size": [14, 3, 14], "uv": [64, 239]},
						{"origin": [27.61982, 9.8862, -0.96139], "size": [16, 15, 16], "uv": [0, 225]}
					]
				},
				{
					"name": "rightArm",
					"parent": "body",
					"pivot": [-24.91335, 70.5823, 5.44452],
					"cubes": [
						{"origin": [-25, 62.85311, 27.63218], "size": [3, 8, 8], "pivot": [-5, -2.67095, 11.73104], "rotation": [20, 0, 0], "uv": [0, 73], "mirror": true},
						{"origin": [-30.14526, 61.46054, 0.65336], "size": [6, 15, 11], "pivot": [-25.5, 67.80022, 3.65336], "rotation": [0, 0, 5], "uv": [168, 29], "mirror": true},
						{"origin": [-37.14526, 67.46054, 2.65336], "size": [7, 7, 7], "pivot": [-25.5, 67.80022, 3.65336], "rotation": [0, 0, 5], "uv": [20, 162], "mirror": true},
						{"origin": [-38.14526, 61.46054, 0.65336], "size": [8, 6, 11], "pivot": [-25.5, 67.80022, 3.65336], "rotation": [0, 0, 5], "uv": [168, 133], "mirror": true},
						{"origin": [-38.14526, 69.46054, 0.65336], "size": [6, 7, 12], "pivot": [-25.5, 67.80022, 3.65336], "rotation": [0, 0, 5], "uv": [168, 69], "mirror": true},
						{"origin": [-36.14526, 55.46054, 2.65336], "size": [10, 8, 3], "pivot": [-25.5, 67.80022, 3.65336], "rotation": [0, 0, 5], "uv": [185, 174], "mirror": true},
						{"origin": [-36.14526, 55.46054, 6.65336], "size": [10, 8, 3], "pivot": [-25.5, 67.80022, 3.65336], "rotation": [0, 0, 5], "uv": [116, 69], "mirror": true},
						{"origin": [-40.14526, 47.46054, 1.65336], "size": [16, 8, 10], "pivot": [-25.5, 67.80022, 3.65336], "rotation": [0, 0, 5], "uv": [146, 11], "mirror": true}
					]
				},
				{
					"name": "rightElbow",
					"parent": "rightArm",
					"pivot": [-36.22148, 52.75425, 6.43544],
					"rotation": [-5, 0, 5],
					"cubes": [
						{"origin": [-39.61982, 43.8862, 3.03861], "size": [8, 5, 8], "uv": [183, 96], "mirror": true},
						{"origin": [-41.61982, 40.8862, 1.03861], "size": [12, 4, 12], "uv": [184, 240], "mirror": true}
					]
				},
				{
					"name": "rightHand",
					"parent": "rightElbow",
					"pivot": [-35.61982, 40.8862, 7.03861],
					"cubes": [
						{"origin": [-40.61982, 34.7862, 2.03861], "size": [4, 10, 4], "uv": [240, 203], "mirror": true},
						{"origin": [-34.61982, 34.7862, 2.03861], "size": [4, 10, 4], "uv": [240, 203], "mirror": true},
						{"origin": [-34.61982, 34.7862, 8.03861], "size": [4, 10, 4], "uv": [240, 203], "mirror": true},
						{"origin": [-40.61982, 34.7862, 8.03861], "size": [4, 10, 4], "uv": [240, 203], "mirror": true}
					]
				},
				{
					"name": "bone13",
					"parent": "rightHand",
					"pivot": [-35.61982, 34.8862, 7.03861],
					"cubes": [
						{"origin": [-41.61982, 31.8862, 1.03861], "size": [12, 4, 12], "uv": [184, 240], "mirror": true}
					]
				},
				{
					"name": "rightGlove",
					"parent": "bone13",
					"pivot": [-35.23698, 32.96904, 6.34611],
					"cubes": [
						{"origin": [-43.61982, 27.8862, -0.96139], "size": [16, 5, 16], "uv": [120, 235], "mirror": true},
						{"origin": [-42.79413, 24.87101, -0.13504], "size": [14, 3, 14], "uv": [64, 239], "mirror": true},
						{"origin": [-43.61982, 9.8862, -0.96139], "size": [16, 15, 16], "uv": [0, 225], "mirror": true}
					]
				},
				{
					"name": "headlight",
					"parent": "body",
					"pivot": [0, 47.9584, -14.02132],
					"rotation": [5, 0, 0],
					"cubes": [
						{"origin": [5, 43.4584, -16.22132], "size": [2, 9, 1], "uv": [0, 116]},
						{"origin": [-7, 41.4584, -16.22132], "size": [14, 2, 1], "uv": [50, 73]},
						{"origin": [-7, 52.4584, -16.22132], "size": [14, 2, 1], "uv": [50, 76]},
						{"origin": [-7, 43.4584, -16.22132], "size": [2, 9, 1], "uv": [6, 116]},
						{"origin": [-7, 41.4584, -15.22132], "size": [14, 13, 16], "uv": [40, 92]}
					]
				}
			]
		}
	]
}