{
	"format_version": "1.12.0",
	"minecraft:geometry": [
		{
			"description": {
				"identifier": "geometry.nv_me.jump_mech",
				"texture_width": 224,
				"texture_height": 224,
				"visible_bounds_width": 8,
				"visible_bounds_height": 7,
				"visible_bounds_offset": [0, 2.5, 0]
			},
			"bones": [
				{
					"name": "root",
					"pivot": [0, 0, 0]
				},
				{
					"name": "leftLeg",
					"parent": "root",
					"pivot": [11, 34.25833, 1.5],
					"cubes": [
						{"origin": [11.31957, 16.78658, -6.44539], "size": [10, 23, 13], "pivot": [16, 27.25833, 0.5], "rotation": [-15, 0, -5], "uv": [48, 121], "mirror": true},
						{"origin": [12.31957, 22.78658, -7.44539], "size": [4, 15, 2], "pivot": [16, 27.25833, 0.5], "rotation": [-15, 0, -5], "uv": [60, 49], "mirror": true},
						{"origin": [21.31957, 28.78658, -4.44539], "size": [3, 9, 9], "pivot": [16, 27.25833, 0.5], "rotation": [-15, 0, -5], "uv": [0, 188], "mirror": true},
						{"origin": [9, 28.925, -3.5], "size": [3, 8, 10], "uv": [148, 185], "mirror": true}
					]
				},
				{
					"name": "leftKnee",
					"parent": "leftLeg",
					"pivot": [16, 22.25833, -0.5],
					"rotation": [10, 0, 0],
					"cubes": [
						{"origin": [21.32001, 19.47764, -4.54638], "size": [5, 6, 6], "pivot": [16, 27.81988, 2.5115], "rotation": [0, 0, -5], "uv": [54, 189], "mirror": true},
						{"origin": [21.32001, 9.47764, -3.54638], "size": [4, 10, 4], "pivot": [16, 27.81988, 2.5115], "rotation": [0, 0, -5], "uv": [0, 49], "mirror": true},
						{"origin": [6.32001, 4.47764, -4.54638], "size": [20, 5, 6], "pivot": [16, 27.81988, 2.5115], "rotation": [0, 0, -5], "uv": [136, 0], "mirror": true},
						{"origin": [7.32001, 9.47764, -3.54638], "size": [4, 10, 4], "pivot": [16, 27.81988, 2.5115], "rotation": [0, 0, -5], "uv": [0, 25], "mirror": true},
						{"origin": [6.32001, 19.47764, -4.54638], "size": [5, 6, 6], "pivot": [16, 27.81988, 2.5115], "rotation": [0, 0, -5], "uv": [188, 150], "mirror": true}
					]
				},
				{
					"name": "leftFeet",
					"parent": "leftKnee",
					"pivot": [18, 7.25833, 0.5],
					"rotation": [-10, 0, 0],
					"cubes": [
						{"origin": [6.17431, -0.1505, -3.01567], "size": [24, 3, 11], "uv": [116, 55], "mirror": true},
						{"origin": [15.17431, 2.8495, -4.01567], "size": [6, 8, 10], "uv": [98, 175], "mirror": true},
						{"origin": [14.17431, 0.88073, -7.8748], "size": [8, 13, 4], "pivot": [18.17431, 7.18283, -6.01567], "rotation": [-25, 0, 0], "uv": [188, 0], "mirror": true},
						{"origin": [23.17431, -0.1505, 7.98433], "size": [7, 3, 3], "uv": [0, 63], "mirror": true},
						{"origin": [6.17431, -0.1505, 7.98433], "size": [7, 3, 3], "uv": [0, 39], "mirror": true},
						{"origin": [19.17431, -0.1505, -16.01567], "size": [6, 3, 13], "uv": [60, 173], "mirror": true},
						{"origin": [10.17431, -0.1505, -16.01567], "size": [6, 3, 13], "uv": [163, 158], "mirror": true}
					]
				},
				{
					"name": "rightLeg",
					"parent": "root",
					"pivot": [-11, 34.25833, 1.5],
					"cubes": [
						{"origin": [-21.31957, 16.78658, -6.44539], "size": [10, 23, 13], "pivot": [-16, 27.25833, 0.5], "rotation": [-15, 0, 5], "uv": [48, 121]},
						{"origin": [-16.31957, 22.78658, -7.44539], "size": [4, 15, 2], "pivot": [-16, 27.25833, 0.5], "rotation": [-15, 0, 5], "uv": [60, 49]},
						{"origin": [-24.31957, 28.78658, -4.44539], "size": [3, 9, 9], "pivot": [-16, 27.25833, 0.5], "rotation": [-15, 0, 5], "uv": [0, 188]},
						{"origin": [-12, 28.925, -3.5], "size": [3, 8, 10], "uv": [148, 185]}
					]
				},
				{
					"name": "rightKnee",
					"parent": "rightLeg",
					"pivot": [-16, 22.25833, -0.5],
					"rotation": [10, 0, 0],
					"cubes": [
						{"origin": [-26.32001, 19.47764, -4.54638], "size": [5, 6, 6], "pivot": [-16, 27.81988, 2.5115], "rotation": [0, 0, 5], "uv": [54, 189]},
						{"origin": [-25.32001, 9.47764, -3.54638], "size": [4, 10, 4], "pivot": [-16, 27.81988, 2.5115], "rotation": [0, 0, 5], "uv": [0, 49]},
						{"origin": [-26.32001, 4.47764, -4.54638], "size": [20, 5, 6], "pivot": [-16, 27.81988, 2.5115], "rotation": [0, 0, 5], "uv": [136, 0]},
						{"origin": [-11.32001, 9.47764, -3.54638], "size": [4, 10, 4], "pivot": [-16, 27.81988, 2.5115], "rotation": [0, 0, 5], "uv": [0, 25]},
						{"origin": [-11.32001, 19.47764, -4.54638], "size": [5, 6, 6], "pivot": [-16, 27.81988, 2.5115], "rotation": [0, 0, 5], "uv": [188, 150]}
					]
				},
				{
					"name": "rightFeet",
					"parent": "rightKnee",
					"pivot": [-18, 7.25833, 0.5],
					"rotation": [-10, 0, 0],
					"cubes": [
						{"origin": [-30.17431, -0.1505, -3.01567], "size": [24, 3, 11], "uv": [116, 55]},
						{"origin": [-21.17431, 2.8495, -4.01567], "size": [6, 8, 10], "uv": [98, 175]},
						{"origin": [-22.17431, 0.88073, -7.8748], "size": [8, 13, 4], "pivot": [-18.17431, 7.18283, -6.01567], "rotation": [-25, 0, 0], "uv": [188, 0]},
						{"origin": [-30.17431, -0.1505, 7.98433], "size": [7, 3, 3], "uv": [0, 63]},
						{"origin": [-13.17431, -0.1505, 7.98433], "size": [7, 3, 3], "uv": [0, 39]},
						{"origin": [-25.17431, -0.1505, -16.01567], "size": [6, 3, 13], "uv": [60, 173]},
						{"origin": [-16.17431, -0.1505, -16.01567], "size": [6, 3, 13], "uv": [163, 158]}
					]
				},
				{
					"name": "waist",
					"parent": "root",
					"pivot": [0, 33, -1],
					"cubes": [
						{"origin": [-6, 38.925, -5.5], "size": [11, 12, 16], "uv": [130, 76]},
						{"origin": [-9, 26.925, -7.5], "size": [18, 12, 18], "uv": [62, 62]}
					]
				},
				{
					"name": "body",
					"parent": "waist",
					"pivot": [0, 43.32905, 0.73104],
					"cubes": [
						{"origin": [8, 48.12487, -1.35453], "size": [2, 10, 16], "pivot": [0, -1.74167, -11.5], "rotation": [10, 0, 0], "uv": [0, 162]},
						{"origin": [-10, 48.12487, -1.35453], "size": [2, 10, 16], "pivot": [0, -1.74167, -11.5], "rotation": [10, 0, 0], "uv": [143, 158]},
						{"origin": [-10, 48.12487, -4.35453], "size": [20, 10, 3], "pivot": [0, -1.74167, -11.5], "rotation": [10, 0, 0], "uv": [150, 120]},
						{"origin": [6, 54.87266, -24.82884], "size": [3, 21, 2], "inflate": 0.01, "pivot": [6, 16.33846, -7.95445], "rotation": [-15, 0, 0], "uv": [76, 189]},
						{"origin": [-9, 54.87266, -24.82884], "size": [3, 21, 2], "inflate": 0.01, "pivot": [-6, 16.33846, -7.95445], "rotation": [-15, 0, 0], "uv": [86, 189]},
						{"origin": [-9, 76.2115, -8.84527], "size": [3, 2, 19], "uv": [99, 154]},
						{"origin": [-9, 65.2115, 8.15473], "size": [3, 11, 2], "uv": [28, 106]},
						{"origin": [6, 76.2115, -8.84527], "size": [3, 2, 19], "uv": [29, 157]},
						{"origin": [-6, 67.2115, 8.15473], "size": [12, 1, 2], "uv": [139, 69]},
						{"origin": [-6, 71.2115, 8.15473], "size": [12, 1, 2], "uv": [28, 121]},
						{"origin": [-6, 75.2115, 8.15473], "size": [12, 1, 2], "uv": [88, 21]},
						{"origin": [6, 65.2115, 8.15473], "size": [3, 11, 2], "uv": [94, 0]},
						{"origin": [-6, 77.2115, -5.84527], "size": [12, 1, 2], "uv": [168, 88]},
						{"origin": [-6, 77.2115, 2.15473], "size": [12, 1, 2], "uv": [142, 72]},
						{"origin": [-17, 52.12863, -3.51661], "size": [34, 15, 10], "pivot": [0, -1.74167, -11.5], "rotation": [-5, 0, 0], "uv": [0, 0]},
						{"origin": [18, 59.51305, -4.41355], "size": [4, 18, 20], "pivot": [0, 66.9469, 7.15648], "rotation": [-20, 0, 0], "uv": [0, 106], "mirror": true},
						{"origin": [-22, 59.51305, -4.41355], "size": [4, 18, 20], "pivot": [0, 66.9469, 7.15648], "rotation": [-20, 0, 0], "uv": [0, 106]},
						{"origin": [10, 59.51305, -4.41355], "size": [5, 18, 20], "pivot": [0, 66.9469, 7.15648], "rotation": [-20, 0, 0], "uv": [100, 100], "mirror": true},
						{"origin": [-15, 59.51305, -4.41355], "size": [5, 18, 20], "pivot": [0, 66.9469, 7.15648], "rotation": [-20, 0, 0], "uv": [100, 100]},
						{"origin": [15, 60.51305, -3.41355], "size": [3, 16, 18], "pivot": [0, 66.9469, 7.15648], "rotation": [-20, 0, 0], "uv": [76, 139], "mirror": true},
						{"origin": [-18, 60.51305, -3.41355], "size": [3, 16, 18], "pivot": [0, 66.9469, 7.15648], "rotation": [-20, 0, 0], "uv": [76, 139]},
						{"origin": [4.8277, 43.94281, -6.83028], "size": [9, 8, 17], "pivot": [15.19766, 40.63111, 3.66972], "rotation": [0, 0, -5], "uv": [133, 133], "mirror": true},
						{"origin": [-11, 44.18532, -14.82997], "size": [22, 7, 9], "uv": [130, 104]},
						{"origin": [-13.8277, 43.94281, -6.83028], "size": [9, 8, 17], "pivot": [-15.19766, 40.63111, 3.66972], "rotation": [0, 0, 5], "uv": [133, 133]}
					]
				},
				{
					"name": "headlight",
					"parent": "body",
					"pivot": [0, 47.9584, -14.02132],
					"rotation": [5, 0, 0],
					"cubes": [
						{"origin": [5, 43.4584, -16.22132], "size": [2, 9, 1], "uv": [0, 116]},
						{"origin": [-7, 41.4584, -16.22132], "size": [14, 2, 1], "uv": [50, 73]},
						{"origin": [-7, 52.4584, -16.22132], "size": [14, 2, 1], "uv": [50, 76]},
						{"origin": [-7, 43.4584, -16.22132], "size": [2, 9, 1], "uv": [6, 116]},
						{"origin": [-7, 41.4584, -15.22132], "size": [14, 13, 16], "uv": [40, 92]}
					]
				},
				{
					"name": "leftArm",
					"parent": "body",
					"pivot": [27.91335, 70.5823, 4.77785],
					"rotation": [-10, 0, 0],
					"cubes": [
						{"origin": [22, 64.64813, 29.31548], "size": [3, 8, 8], "pivot": [5, -1.88695, 16.1773], "rotation": [20, 0, 0], "uv": [146, 29], "mirror": true},
						{"origin": [24.1457, 62.24959, 2.15751], "size": [6, 15, 11], "pivot": [25.5, 68.58422, 8.09962], "rotation": [0, 0, -5], "uv": [168, 29]},
						{"origin": [30.1457, 68.24959, 4.15751], "size": [7, 7, 7], "pivot": [25.5, 68.58422, 8.09962], "rotation": [0, 0, -5], "uv": [20, 162]},
						{"origin": [30.1457, 62.24959, 2.15751], "size": [8, 6, 11], "pivot": [25.5, 68.58422, 8.09962], "rotation": [0, 0, -5], "uv": [168, 133]},
						{"origin": [32.1457, 70.24959, 2.15751], "size": [6, 7, 12], "pivot": [25.5, 68.58422, 8.09962], "rotation": [0, 0, -5], "uv": [168, 69]},
						{"origin": [26.1457, 56.24959, 4.15751], "size": [10, 8, 3], "pivot": [25.5, 68.58422, 8.09962], "rotation": [0, 0, -5], "uv": [185, 174], "mirror": true},
						{"origin": [26.1457, 56.24959, 8.15751], "size": [10, 8, 3], "pivot": [25.5, 68.58422, 8.09962], "rotation": [0, 0, -5], "uv": [116, 69]},
						{"origin": [24.1457, 48.24959, 3.15751], "size": [16, 8, 10], "pivot": [25.5, 68.58422, 8.09962], "rotation": [0, 0, -5], "uv": [146, 11]}
					]
				},
				{
					"name": "leftElbow",
					"parent": "leftArm",
					"pivot": [37.22148, 53.53825, 10.2817],
					"rotation": [-5, 0, -5],
					"cubes": [
						{"origin": [31.62407, 41.76709, 4.5345], "size": [8, 8, 8], "uv": [84, 92], "mirror": true}
					]
				},
				{
					"name": "leftHand",
					"parent": "leftElbow",
					"pivot": [25.9312, 68.63379, 3.66626],
					"cubes": [
						{"origin": [27.53691, 30.77469, -3.37867], "size": [5, 10, 23], "uv": [0, 73], "mirror": true},
						{"origin": [28.62407, 39.76709, 2.5345], "size": [3, 7, 12], "uv": [118, 181]},
						{"origin": [38.53691, 30.77469, -2.37867], "size": [5, 10, 22], "uv": [114, 23], "mirror": true},
						{"origin": [39.62407, 39.76709, 2.5345], "size": [3, 7, 12], "uv": [24, 178]},
						{"origin": [25.53691, 29.77469, -1.37867], "size": [20, 4, 20], "uv": [0, 49], "mirror": true},
						{"origin": [26.53691, 33.77469, -0.37867], "size": [18, 2, 18], "uv": [64, 25], "mirror": true},
						{"origin": [27.53691, 24.77469, 0.62133], "size": [16, 5, 16], "uv": [88, 0], "mirror": true},
						{"origin": [24.53691, 35.77469, -1.37867], "size": [22, 4, 20], "uv": [0, 25], "mirror": true}
					],
					"locators": {
						"hand2": {
							"offset": [35.5, 25, 9],
							"rotation": [180, 0, 0]
						}
					}
				},
				{
					"name": "rightArm",
					"parent": "body",
					"pivot": [-27.91335, 70.5823, 4.77785],
					"rotation": [-10, 0, 0],
					"cubes": [
						{"origin": [-25, 64.64813, 29.31548], "size": [3, 8, 8], "pivot": [-5, -1.88695, 16.1773], "rotation": [20, 0, 0], "uv": [146, 29]},
						{"origin": [-30.1457, 62.24959, 2.15751], "size": [6, 15, 11], "pivot": [-25.5, 68.58422, 8.09962], "rotation": [0, 0, 5], "uv": [168, 29], "mirror": true},
						{"origin": [-37.1457, 68.24959, 4.15751], "size": [7, 7, 7], "pivot": [-25.5, 68.58422, 8.09962], "rotation": [0, 0, 5], "uv": [20, 162], "mirror": true},
						{"origin": [-38.1457, 62.24959, 2.15751], "size": [8, 6, 11], "pivot": [-25.5, 68.58422, 8.09962], "rotation": [0, 0, 5], "uv": [168, 133], "mirror": true},
						{"origin": [-38.1457, 70.24959, 2.15751], "size": [6, 7, 12], "pivot": [-25.5, 68.58422, 8.09962], "rotation": [0, 0, 5], "uv": [168, 69], "mirror": true},
						{"origin": [-36.1457, 56.24959, 4.15751], "size": [10, 8, 3], "pivot": [-25.5, 68.58422, 8.09962], "rotation": [0, 0, 5], "uv": [185, 174]},
						{"origin": [-36.1457, 56.24959, 8.15751], "size": [10, 8, 3], "pivot": [-25.5, 68.58422, 8.09962], "rotation": [0, 0, 5], "uv": [116, 69], "mirror": true},
						{"origin": [-40.1457, 48.24959, 3.15751], "size": [16, 8, 10], "pivot": [-25.5, 68.58422, 8.09962], "rotation": [0, 0, 5], "uv": [146, 11], "mirror": true}
					]
				},
				{
					"name": "rightElbow",
					"parent": "rightArm",
					"pivot": [-37.22148, 53.53825, 10.2817],
					"rotation": [-5, 0, 5],
					"cubes": [
						{"origin": [-39.62407, 41.76709, 4.5345], "size": [8, 8, 8], "uv": [84, 92]}
					]
				},
				{
					"name": "rightHand",
					"parent": "rightElbow",
					"pivot": [-25.9312, 68.63379, 3.66626],
					"cubes": [
						{"origin": [-32.53691, 30.77469, -3.37867], "size": [5, 10, 23], "uv": [0, 73]},
						{"origin": [-31.62407, 39.76709, 2.5345], "size": [3, 7, 12], "uv": [118, 181], "mirror": true},
						{"origin": [-43.53691, 30.77469, -2.37867], "size": [5, 10, 22], "uv": [114, 23]},
						{"origin": [-42.62407, 39.76709, 2.5345], "size": [3, 7, 12], "uv": [24, 178], "mirror": true},
						{"origin": [-45.53691, 29.77469, -1.37867], "size": [20, 4, 20], "uv": [0, 49]},
						{"origin": [-43.53691, 24.77469, 0.62133], "size": [16, 5, 16], "uv": [88, 0]},
						{"origin": [-44.53691, 33.77469, -0.37867], "size": [18, 2, 18], "uv": [64, 25]},
						{"origin": [-46.53691, 35.77469, -1.37867], "size": [22, 4, 20], "uv": [0, 25]}
					],
					"locators": {
						"hand1": {
							"offset": [-35.5, 24.75, 9],
							"rotation": [180, 0, 0]
						}
					}
				}
			]
		}
	]
}