{
	"format_version": "1.16.0",
	"minecraft:geometry": [
		{
			"description": {
				"identifier": "geometry.pb_scraft.dark_wizard_chestplate",
				"texture_width": 64,
				"texture_height": 64,
				"visible_bounds_width": 3,
				"visible_bounds_height": 2.5,
				"visible_bounds_offset": [0, 0.75, 0]
			},
			"bones": [
				{
					"name": "body",
					"pivot": [0, 14, 0]
				},
				{
					"name": "chestplate",
					"parent": "body",
					"pivot": [0, 0, 0],
					"binding": "'body'",
					"cubes": [
						{"origin": [-5, 5.3, -3.075], "size": [10, 9, 6], "uv": [0, 0]},
						{"origin": [-4, 2, -2], "size": [8, 12, 4], "inflate": 0.6, "uv": [0, 15]}
					]
				},
				{
					"name": "strap_right",
					"parent": "chestplate",
					"pivot": [2, 10, -2.5],
					"rotation": [0, 0, -65]
				},
				{
					"name": "strap_left",
					"parent": "chestplate",
					"pivot": [-2, 10, -2.5],
					"rotation": [0, 0, 65]
				},
				{
					"name": "Bottle",
					"parent": "chestplate",
					"pivot": [-5.4, 0.25, 0],
					"rotation": [0, 0, 10.5],
					"cubes": [
						{"origin": [-7.4, -2.75, -2], "size": [4, 4, 4], "inflate": -0.2, "uv": [16, 56]},
						{"origin": [-7.4, -2.75, -2], "size": [4, 4, 4], "uv": [0, 56]},
						{"origin": [-6.4, 1.25, -1], "size": [2, 2, 2], "uv": [32, 49]}
					]
				},
				{
					"name": "rightArm",
					"pivot": [-5, 12, 0]
				},
				{
					"name": "arm_plate_right",
					"parent": "rightArm",
					"pivot": [-5, 12, 0],
					"cubes": [
						{"origin": [-8, 2, -2], "size": [4, 12, 4], "inflate": 0.3, "uv": [0, 31]}
					]
				},
				{
					"name": "shoulder_pauldron_left",
					"parent": "rightArm",
					"pivot": [-7.70442, 12.68837, 0],
					"cubes": [
						{"origin": [-9.70442, 9.68837, -3], "size": [5, 6, 6], "uv": [24, 15]}
					]
				},
				{
					"name": "leftArm",
					"pivot": [5, 12, 0]
				},
				{
					"name": "arm_plate_left",
					"parent": "leftArm",
					"pivot": [5, 12, 0],
					"cubes": [
						{"origin": [4, 2, -2], "size": [4, 12, 4], "inflate": 0.3, "uv": [0, 31], "mirror": true}
					]
				},
				{
					"name": "shoulder_pauldron_right",
					"parent": "leftArm",
					"pivot": [7.70442, 12.68837, 0],
					"cubes": [
						{"origin": [4.70442, 9.68837, -3], "size": [5, 6, 6], "uv": [24, 15], "mirror": true}
					]
				}
			]
		}
	]
}