{
	"format_version": "1.16.0",
	"minecraft:geometry": [
		{
			"description": {
				"identifier": "geometry.pb_scraft.dark_wizard_hat",
				"texture_width": 128,
				"texture_height": 128,
				"visible_bounds_width": 4,
				"visible_bounds_height": 2.5,
				"visible_bounds_offset": [0, 0.75, 0]
			},
			"bones": [
				{
					"name": "root_item",
					"pivot": [0, -2, 0]
				},
				{
					"name": "helmet",
					"parent": "root_item",
					"pivot": [-0.42857, 9.0681, 1.60875],
					"binding": "'head'",
					"cubes": [
						{"origin": [-1.9, 6.99581, -3.09587], "size": [3, 3, 1], "pivot": [-0.45, 7.80278, 2.52386], "rotation": [-2.5, 0, 0], "uv": [28, 58]},
						{"origin": [-5.4, 4.98768, -4.98284], "size": [10, 2, 10], "inflate": 0.2, "pivot": [2.84464, 10.38868, 2.76668], "rotation": [5, 0, 0], "uv": [0, 23]},
						{"origin": [-12.57413, 4.13187, -8.06348], "size": [22, 1, 22], "pivot": [2.84464, 10.38868, 2.76668], "rotation": [10.54684, -44.5119, -7.43656], "uv": [0, 0]},
						{"origin": [-4, 5.17535, -2.94167], "size": [7, 6, 7], "inflate": 0.3, "pivot": [2.84464, 10.38868, 2.76668], "rotation": [-5, 0, 0], "uv": [0, 46]},
						{"origin": [-9, 5.10454, 0.20532], "size": [17, 11, 0], "pivot": [2.84464, 10.38868, 2.76668], "rotation": [7.5, 0, 0], "uv": [0, 35]},
						{"origin": [-3, 9.62592, -1.20268], "size": [5, 6, 5], "inflate": 0.3, "pivot": [2.84464, 10.38868, 2.76668], "rotation": [12.5, 0, 0], "uv": [28, 47]},
						{"origin": [-2.5, 14.72513, 1.06187], "size": [4, 4, 4], "inflate": 0.3, "pivot": [2.84464, 10.38868, 2.76668], "rotation": [35, 0, 0], "uv": [48, 47]},
						{"origin": [0.78633, 8.02051, 4.94332], "size": [4, 9, 0], "pivot": [2.84464, 10.38868, 2.76668], "rotation": [-29.80633, 5.68422, 13.9042], "uv": [48, 55]},
						{"origin": [3.01609, 8.66971, 5.2709], "size": [4, 9, 0], "pivot": [2.84464, 10.38868, 2.76668], "rotation": [-21.04432, 19.67947, 49.61734], "uv": [56, 55]}
					]
				},
				{
					"name": "beard",
					"parent": "helmet",
					"pivot": [0.0076, -3.91318, -4.79619],
					"rotation": [-5, 0, 5]
				},
				{
					"name": "mask",
					"parent": "helmet",
					"pivot": [-1.2, 1, -3],
					"cubes": [
						{"origin": [-4.1, -3, -4], "size": [8, 4, 8], "inflate": 0.6, "uv": [34, 35]},
						{"origin": [-4.1, -2, -4], "size": [8, 2, 8], "inflate": 0.7, "uv": [40, 23]}
					]
				}
			]
		}
	]
}