{
	"format_version": "1.12.0",
	"minecraft:geometry": [
		{
			"description": {
				"identifier": "geometry.pb_scraft.skull_wizard_leggings",
				"texture_width": 32,
				"texture_height": 32,
				"visible_bounds_width": 2,
				"visible_bounds_height": 2.5,
				"visible_bounds_offset": [0, 0.75, 0]
			},
			"bones": [
				{
					"name": "rightLeg",
					"pivot": [-1.9, 12, 0],
					"cubes": [
						{"origin": [-4, 0, -2], "size": [4, 12, 4], "inflate": 0.5, "uv": [0, 0]},
						{"origin": [-5.2, 3.4, -3], "size": [0, 9, 6], "pivot": [-5.2, 7.9, 0], "rotation": [0, 0, 10], "uv": [16, 0], "mirror": true}
					]
				},
				{
					"name": "leftLeg",
					"pivot": [1.9, 12, 0],
					"cubes": [
						{"origin": [0, 0, -2], "size": [4, 12, 4], "inflate": 0.51, "uv": [0, 16]},
						{"origin": [5.2, 3.4, -3], "size": [0, 9, 6], "pivot": [5.2, 7.9, 0], "rotation": [0, 0, -10], "uv": [16, 0]}
					]
				}
			]
		}
	]
}