{
	"format_version": "1.16.0",
	"minecraft:geometry": [
		{
			"description": {
				"identifier": "geometry.pb_scraft.skull_wizard_chestplate",
				"texture_width": 128,
				"texture_height": 128,
				"visible_bounds_width": 3,
				"visible_bounds_height": 3,
				"visible_bounds_offset": [0, 0.5, 0]
			},
			"bones": [
				{
					"name": "body",
					"pivot": [0, 14, 0]
				},
				{
					"name": "chestplate",
					"parent": "body",
					"pivot": [0, 0, 0],
					"binding": "'body'",
					"cubes": [
						{"origin": [-5, 5.3, -3.075], "size": [10, 9, 6], "uv": [0, 25]},
						{"origin": [-4, 2, -2], "size": [8, 12, 4], "inflate": 0.6, "uv": [28, 0]},
						{"origin": [-2, 8, -3.7], "size": [4, 4, 1], "inflate": -0.3, "uv": [22, 40]},
						{"origin": [-6, -7.9, 2], "size": [12, 23, 2], "uv": [0, 0]}
					]
				},
				{
					"name": "strap_right",
					"parent": "chestplate",
					"pivot": [2, 10, -2.5],
					"rotation": [0, 0, -65]
				},
				{
					"name": "strap_left",
					"parent": "chestplate",
					"pivot": [-2, 10, -2.5],
					"rotation": [0, 0, 65]
				},
				{
					"name": "leggings",
					"parent": "chestplate",
					"pivot": [0, -2.05, 3],
					"cubes": [
						{"origin": [-3, -8.55, -3], "size": [6, 11, 0], "pivot": [0, -2.05, -3], "rotation": [-7.5, 0, 0], "uv": [0, 50]},
						{"origin": [-3, -8.55, 3], "size": [6, 11, 0], "pivot": [0, -2.05, 3], "rotation": [7.5, 0, 0], "uv": [0, 50], "mirror": true}
					]
				},
				{
					"name": "rightArm",
					"pivot": [-5, 12, 0]
				},
				{
					"name": "arm_plate_right",
					"parent": "rightArm",
					"pivot": [-5, 12, 0],
					"cubes": [
						{"origin": [-8, 2, -2], "size": [4, 12, 4], "inflate": 0.3, "uv": [32, 16]}
					]
				},
				{
					"name": "shoulder_pauldron_left",
					"parent": "rightArm",
					"pivot": [-7.70442, 12.68837, 0],
					"cubes": [
						{"origin": [-9, 11, -3], "size": [5, 4, 6], "uv": [0, 40]}
					]
				},
				{
					"name": "leftArm",
					"pivot": [5, 12, 0]
				},
				{
					"name": "arm_plate_left",
					"parent": "leftArm",
					"pivot": [5, 12, 0],
					"cubes": [
						{"origin": [4, 2, -2], "size": [4, 12, 4], "inflate": 0.3, "uv": [32, 32]}
					]
				},
				{
					"name": "shoulder_pauldron_right",
					"parent": "leftArm",
					"pivot": [7.70442, 12.68837, 0],
					"cubes": [
						{"origin": [4, 11, -3], "size": [5, 4, 6], "uv": [48, 16]}
					]
				}
			]
		}
	]
}