{
	"format_version": "1.16.0",
	"minecraft:geometry": [
		{
			"description": {
				"identifier": "geometry.pb_scraft.wizard_hat",
				"texture_width": 128,
				"texture_height": 128,
				"visible_bounds_width": 3,
				"visible_bounds_height": 4,
				"visible_bounds_offset": [0, 1, 0]
			},
			"bones": [
				{
					"name": "root_item",
					"pivot": [0, -2, 0]
				},
				{
					"name": "helmet",
					"parent": "root_item",
					"pivot": [-0.42857, 9.0681, 1.60875],
					"rotation": [5.97733, 0.52199, -4.97275],
					"binding": "'head'",
					"cubes": [
						{"origin": [-4.5, 12.71519, -3.09492], "size": [2, 4, 2], "inflate": 0.2, "pivot": [-3.43259, 12.63389, -0.09606], "rotation": [47.5, -87.5, -167.5], "uv": [34, 41]},
						{"origin": [-5, 10.51352, -2.48856], "size": [3, 4, 3], "inflate": 0.2, "pivot": [-3.53259, 12.63389, -0.09606], "rotation": [87.49998, -87.5, -167.49998], "uv": [40, 20]},
						{"origin": [-5.9, 7.56308, -3.31145], "size": [5, 5, 4], "inflate": 0.2, "pivot": [-3.43259, 12.63389, -0.09606], "rotation": [127.5, -87.5, -167.5], "uv": [26, 32]},
						{"origin": [-1.9, 6.99581, -3.09587], "size": [3, 3, 1], "pivot": [-0.45, 7.80278, 2.52386], "rotation": [-2.5, 0, 0], "uv": [40, 27]},
						{"origin": [-5.4, 4.99581, -5.09587], "size": [10, 2, 10], "inflate": 0.2, "pivot": [-0.45, 7.80278, 2.52386], "rotation": [-2.5, 0, 0], "uv": [0, 20]},
						{"origin": [-11.4, 3.97081, -11.09587], "size": [22, 1, 22], "pivot": [-0.45, 7.80278, 3.52386], "rotation": [-2.5, 0, 0], "uv": [7, 77]},
						{"origin": [-4, 5.10454, -2.79468], "size": [7, 6, 6], "inflate": 0.3, "pivot": [-0.48259, 11.02433, 3.16344], "rotation": [-12.5, 0, 0], "uv": [0, 32]},
						{"origin": [1, 6.3, -3.9], "size": [4, 9, 0], "pivot": [3, 9.8, -3.9], "rotation": [-8, 0, 15], "uv": [26, 41]},
						{"origin": [3.4, 4.6, -3.6], "size": [4, 9, 0], "pivot": [5.4, 8.1, -3.6], "rotation": [-6.67902, 2.10018, 52.37744], "uv": [26, 41]},
						{"origin": [-1.375, 5.4, -6], "size": [2, 3, 2], "uv": [1, 25]}
					]
				},
				{
					"name": "beard",
					"parent": "helmet",
					"pivot": [0.0076, -3.91318, -4.79619],
					"rotation": [-5, 0, 5],
					"cubes": [
						{"origin": [-5.9924, -7.35213, -7.0133], "size": [10, 8, 0], "pivot": [-0.9924, -4.91318, -5.99619], "rotation": [-15, 0, 0], "uv": [59, 25]},
						{"origin": [-4.9924, -12.80184, -6.00398], "size": [8, 13, 2], "inflate": 0.3, "pivot": [-0.9924, -4.91318, -4.79619], "rotation": [-8, 0, 0], "uv": [68, 0]}
					]
				}
			]
		}
	]
}