{
	"format_version": "1.16.0",
	"minecraft:geometry": [
		{
			"description": {
				"identifier": "geometry.pb_scraft.wizard_hood",
				"texture_width": 64,
				"texture_height": 64,
				"visible_bounds_width": 2,
				"visible_bounds_height": 2.5,
				"visible_bounds_offset": [0, 0.75, 0]
			},
			"bones": [
				{
					"name": "root_item",
					"pivot": [0, -1, -1.5]
				},
				{
					"name": "helmet",
					"parent": "root_item",
					"pivot": [0, -4, -1.5],
					"rotation": [5, 0, 0],
					"binding": "'head'",
					"cubes": [
						{"origin": [-4, -2.6, -5.1], "size": [8, 2, 10], "inflate": 0.4, "pivot": [0, -2.6, -2], "rotation": [10, 0, 0], "uv": [0, 0]},
						{"origin": [-3.5, 6.8, -6.4], "size": [7, 1, 10], "inflate": 0.5, "pivot": [0, 7, -3.5], "rotation": [10, 0, 0], "uv": [0, 28]},
						{"origin": [-3.5, 5.14399, 2.83602], "size": [7, 3, 4], "inflate": 0.6, "pivot": [0, 6.64399, 4.43602], "rotation": [-32.5, 0, 0], "uv": [36, 0]},
						{"origin": [-3.5, -0.80601, 3.43602], "size": [7, 8, 1], "pivot": [0, 5.69399, 5.43602], "rotation": [5, 0, 0], "uv": [48, 44]},
						{"origin": [-6.33915, -0.10961, -5.94034], "size": [2, 3, 10], "inflate": 0.3, "pivot": [-5.10422, 3.16378, -1.42916], "rotation": [7.96341, 6.06809, -32.07723], "uv": [0, 39]},
						{"origin": [-5.77686, 2.21743, -5.94054], "size": [2, 6, 10], "inflate": 0.3, "pivot": [-5.10422, 3.16378, -1.42916], "rotation": [8.74652, -3.48586, 20.12869], "uv": [32, 12]},
						{"origin": [3.77686, 2.21743, -5.94054], "size": [2, 6, 10], "inflate": 0.3, "pivot": [5.10422, 3.16378, -1.42916], "rotation": [8.74652, 3.48586, -20.12869], "uv": [32, 12], "mirror": true},
						{"origin": [4.33915, -0.10961, -5.94034], "size": [2, 3, 10], "inflate": 0.3, "pivot": [5.10422, 3.16378, -1.42916], "rotation": [7.96341, -6.06809, 32.07723], "uv": [0, 39], "mirror": true},
						{"origin": [-4, -2.18201, -6.56387], "size": [8, 8, 1], "pivot": [0, 1.81799, -5.86387], "rotation": [-4, 0, 0], "uv": [1, 55]}
					]
				}
			]
		}
	]
}