{
	"format_version": "1.16.0",
	"minecraft:geometry": [
		{
			"description": {
				"identifier": "geometry.pb_scraft.twilight_staff_2",
				"texture_width": 64,
				"texture_height": 64,
				"visible_bounds_width": 5,
				"visible_bounds_height": 5,
				"visible_bounds_offset": [0, 1.5, 0]
			},
			"bones": [
				{
					"name": "root",
					"pivot": [0, 11, 0],
					"binding": "q.item_slot_to_bone_name(c.item_slot)",
					"cubes": [
						{"origin": [-1, 15, -1], "size": [2, 2, 2], "inflate": 0.3, "uv": [16, 30]},
						{"origin": [-1, 9.7, -1], "size": [2, 5, 2], "inflate": 0.2, "uv": [28, 12]},
						{"origin": [-1, -19, -1], "size": [2, 30, 2], "inflate": -0.2, "uv": [0, 0]},
						{"origin": [-1, -19, -1], "size": [2, 3, 2], "inflate": 0.2, "uv": [8, 30]},
						{"origin": [-1, -21, -1], "size": [2, 2, 2], "inflate": 0.4, "pivot": [0, -20, 0], "rotation": [0, -45, 0], "uv": [24, 30]},
						{"origin": [-1, 17, -1], "size": [2, 2, 2], "uv": [0, 32]}
					]
				},
				{
					"name": "twilight_2_base",
					"parent": "root",
					"pivot": [0, 28, 0],
					"cubes": [
						{"origin": [-1.475, 18.3, -2], "size": [4, 4, 4], "pivot": [0.025, 20.8, 0.5], "rotation": [0, 0, 45], "uv": [8, 22]},
						{"origin": [-6, 22, -1], "size": [12, 12, 2], "pivot": [0, 28, 0], "rotation": [0, 0, -45], "uv": [0, 50]}
					]
				},
				{
					"name": "twilight_2_spike_left",
					"parent": "root",
					"pivot": [-12.1, 27, -0.1],
					"cubes": [
						{"origin": [-10.9, 27.5, -0.5], "size": [3, 1, 1], "uv": [28, 19]},
						{"origin": [-9.9, 27.5, -0.5], "size": [2, 1, 1], "inflate": 0.2, "uv": [32, 0]},
						{"origin": [-12.9, 27.5, -0.1], "size": [2, 1, 0], "pivot": [-11.9, 28, -0.1], "rotation": [45, 0, 0], "uv": [28, 21]},
						{"origin": [-12.9, 27.5, -0.1], "size": [2, 1, 0], "pivot": [-11.9, 28, -0.1], "rotation": [-45, 0, 0], "uv": [32, 4]}
					]
				},
				{
					"name": "twilight_2_spike_right",
					"parent": "root",
					"pivot": [12.1, 27, -0.1],
					"cubes": [
						{"origin": [7.9, 27.5, -0.5], "size": [3, 1, 1], "uv": [28, 19], "mirror": true},
						{"origin": [7.9, 27.5, -0.5], "size": [2, 1, 1], "inflate": 0.2, "uv": [32, 0], "mirror": true},
						{"origin": [10.9, 27.5, -0.1], "size": [2, 1, 0], "pivot": [11.9, 28, -0.1], "rotation": [45, 0, 0], "uv": [28, 21], "mirror": true},
						{"origin": [10.9, 27.5, -0.1], "size": [2, 1, 0], "pivot": [11.9, 28, -0.1], "rotation": [-45, 0, 0], "uv": [32, 4], "mirror": true}
					]
				},
				{
					"name": "twilight_2_spike_top",
					"parent": "root",
					"pivot": [0.025, 37.25, -0.05],
					"rotation": [0, 0, 90],
					"cubes": [
						{"origin": [-1.35, 36.75, -0.5], "size": [3, 1, 1], "uv": [24, 28]},
						{"origin": [-0.35, 36.75, -0.5], "size": [2, 1, 1], "inflate": 0.2, "uv": [32, 2]},
						{"origin": [-3.35, 36.75, -0.1], "size": [2, 1, 0], "pivot": [-1.35, 37.25, -0.1], "rotation": [45, 0, 0], "uv": [32, 5]},
						{"origin": [-3.35, 36.75, -0.1], "size": [2, 1, 0], "pivot": [-1.35, 37.25, -0.1], "rotation": [-45, 0, 0], "uv": [32, 6]}
					]
				},
				{
					"name": "twilight_2_spike_top_right",
					"parent": "root",
					"pivot": [-6.05612, 33.43162, -0.05],
					"rotation": [0, 0, 45],
					"cubes": [
						{"origin": [-7.13823, 33.63873, -0.5], "size": [3, 1, 1], "uv": [24, 28]},
						{"origin": [-6.13823, 33.63873, -0.5], "size": [2, 1, 1], "inflate": 0.2, "uv": [32, 2]},
						{"origin": [-9.13823, 33.43162, 0.4], "size": [2, 1, 0], "pivot": [-7.43112, 33.43162, -0.1], "rotation": [45, 0, 0], "uv": [32, 5]},
						{"origin": [-9.13823, 33.43162, -0.6], "size": [2, 1, 0], "pivot": [-7.43112, 33.43162, -0.1], "rotation": [-45, 0, 0], "uv": [32, 6]}
					]
				},
				{
					"name": "twilight_2_spike_top_left",
					"parent": "root",
					"pivot": [6.05612, 33.43162, -0.05],
					"rotation": [0, 0, -45],
					"cubes": [
						{"origin": [4.13823, 33.63873, -0.5], "size": [3, 1, 1], "uv": [24, 28], "mirror": true},
						{"origin": [4.13823, 33.63873, -0.5], "size": [2, 1, 1], "inflate": 0.2, "uv": [32, 2], "mirror": true},
						{"origin": [7.13823, 33.43162, 0.4], "size": [2, 1, 0], "pivot": [7.43112, 33.43162, -0.1], "rotation": [45, 0, 0], "uv": [32, 5], "mirror": true},
						{"origin": [7.13823, 33.43162, -0.6], "size": [2, 1, 0], "pivot": [7.43112, 33.43162, -0.1], "rotation": [-45, 0, 0], "uv": [32, 6], "mirror": true}
					]
				},
				{
					"name": "twilight_2_spell",
					"parent": "root",
					"pivot": [0.49645, 28.02132, 0]
				},
				{
					"name": "twilight_2_spell_core",
					"parent": "twilight_2_spell",
					"pivot": [1.24487, 28.24264, 0.2724],
					"cubes": [
						{"origin": [-0.28388, 26.11464, -1.5], "size": [3, 3, 3], "pivot": [0.49645, 28.02132, 0], "rotation": [14.43276, -13.99545, -46.78082], "uv": [24, 22]}
					]
				},
				{
					"name": "twilight_2_spell_ring",
					"parent": "twilight_2_spell",
					"pivot": [-0.0598, 27.87633, -0.06569],
					"rotation": [0, 0, 160],
					"cubes": [
						{"origin": [-9.5598, 27.25, -3.56569], "size": [19, 1, 7], "uv": [12, 42]}
					]
				},
				{
					"name": "twilight_2_spell_moon",
					"parent": "twilight_2_spell",
					"pivot": [0.49645, 28.02132, 0],
					"cubes": [
						{"origin": [-5.3, 22.8, 0], "size": [10, 10, 0], "pivot": [0.49645, 28.02132, 0], "rotation": [0, -20, 0], "uv": [8, 12]}
					]
				}
			]
		}
	]
}