{
	"format_version": "1.16.0",
	"minecraft:geometry": [
		{
			"description": {
				"identifier": "geometry.pb_scraft.twilight_staff_3",
				"texture_width": 64,
				"texture_height": 64,
				"visible_bounds_width": 4,
				"visible_bounds_height": 5,
				"visible_bounds_offset": [0, 1.5, 0]
			},
			"bones": [
				{
					"name": "root",
					"pivot": [0, 11, 0],
					"binding": "q.item_slot_to_bone_name(c.item_slot)",
					"cubes": [
						{"origin": [-1, -20, -1], "size": [2, 7, 2], "inflate": 0.2, "uv": [0, 52]},
						{"origin": [-1, -18, -1], "size": [2, 3, 2], "inflate": 0.4, "pivot": [0, -17, 0], "rotation": [0, -45, 0], "uv": [8, 52]},
						{"origin": [-1, -16, -1], "size": [2, 30, 2], "inflate": -0.2, "uv": [28, 20]},
						{"origin": [-1, 10.7, -1], "size": [2, 5, 2], "inflate": 0.2, "uv": [48, 50]}
					]
				},
				{
					"name": "twilight_3_base",
					"parent": "root",
					"pivot": [7.04607, 17.64949, -0.05],
					"cubes": [
						{"origin": [-6, 15.9, -1], "size": [12, 12, 2], "uv": [0, 20]},
						{"origin": [-2, 15.7, -2], "size": [4, 2, 4], "inflate": 0.2, "uv": [40, 12]},
						{"origin": [-2, 13.7, -2], "size": [4, 2, 4], "inflate": -0.2, "uv": [36, 44]}
					]
				},
				{
					"name": "bone9",
					"parent": "twilight_3_base",
					"pivot": [7.04607, 17.64949, -0.05],
					"rotation": [0, 0, 45],
					"cubes": [
						{"origin": [6.90599, 15.16457, -0.5], "size": [3, 1, 1], "uv": [40, 18], "mirror": true},
						{"origin": [6.90599, 15.16457, -0.5], "size": [2, 1, 1], "inflate": 0.2, "uv": [48, 18], "mirror": true},
						{"origin": [9.90599, 15.59949, 0.95], "size": [2, 1, 0], "pivot": [8.42107, 17.14949, -0.1], "rotation": [-45, 0, 0], "uv": [24, 34], "mirror": true},
						{"origin": [9.90599, 15.59949, -1.15], "size": [2, 1, 0], "pivot": [8.42107, 17.14949, -0.1], "rotation": [45, 0, 0], "uv": [24, 35], "mirror": true}
					]
				},
				{
					"name": "bone7",
					"parent": "twilight_3_base",
					"pivot": [7.04607, 30.35051, -0.05],
					"rotation": [0, 0, -45],
					"cubes": [
						{"origin": [3.93614, 28.86558, -0.5], "size": [3, 1, 1], "uv": [40, 18], "mirror": true},
						{"origin": [3.93614, 28.86558, -0.5], "size": [2, 1, 1], "inflate": 0.2, "uv": [48, 18], "mirror": true},
						{"origin": [6.93614, 29.30051, -1.15], "size": [2, 1, 0], "pivot": [8.42107, 30.85051, -0.1], "rotation": [45, 0, 0], "uv": [24, 34], "mirror": true},
						{"origin": [6.93614, 29.30051, 0.95], "size": [2, 1, 0], "pivot": [8.42107, 30.85051, -0.1], "rotation": [-45, 0, 0], "uv": [24, 35], "mirror": true}
					]
				},
				{
					"name": "bone8",
					"parent": "twilight_3_base",
					"pivot": [-7.04607, 17.64949, -0.05],
					"rotation": [0, 0, -45],
					"cubes": [
						{"origin": [-9.90599, 15.16457, -0.5], "size": [3, 1, 1], "uv": [40, 18]},
						{"origin": [-8.90599, 15.16457, -0.5], "size": [2, 1, 1], "inflate": 0.2, "uv": [48, 18]},
						{"origin": [-11.90599, 15.59949, 0.95], "size": [2, 1, 0], "pivot": [-8.42107, 17.14949, -0.1], "rotation": [-45, 0, 0], "uv": [24, 34]},
						{"origin": [-11.90599, 15.59949, -1.15], "size": [2, 1, 0], "pivot": [-8.42107, 17.14949, -0.1], "rotation": [45, 0, 0], "uv": [24, 35]}
					]
				},
				{
					"name": "bone6",
					"parent": "twilight_3_base",
					"pivot": [-7.04607, 30.35051, -0.05],
					"rotation": [0, 0, 45],
					"cubes": [
						{"origin": [-6.93614, 28.86558, -0.5], "size": [3, 1, 1], "uv": [40, 18]},
						{"origin": [-5.93614, 28.86558, -0.5], "size": [2, 1, 1], "inflate": 0.2, "uv": [48, 18]},
						{"origin": [-8.93614, 29.30051, -1.15], "size": [2, 1, 0], "pivot": [-8.42107, 30.85051, -0.1], "rotation": [45, 0, 0], "uv": [24, 34]},
						{"origin": [-8.93614, 29.30051, 0.95], "size": [2, 1, 0], "pivot": [-8.42107, 30.85051, -0.1], "rotation": [-45, 0, 0], "uv": [24, 35]}
					]
				},
				{
					"name": "twilight_3_eye",
					"parent": "root",
					"pivot": [0, 21.75, 0]
				},
				{
					"name": "twilight_3_eye_inner_layer",
					"parent": "twilight_3_eye",
					"pivot": [0, 21.75, 0]
				},
				{
					"name": "twilight_3_eyelid_upper",
					"parent": "twilight_3_eye_inner_layer",
					"pivot": [0, 23.2, 0],
					"cubes": [
						{"origin": [-3, 21.7, -3], "size": [6, 3, 6], "inflate": -0.3, "uv": [36, 20]}
					]
				},
				{
					"name": "twilight_3_pupil",
					"parent": "twilight_3_eye_inner_layer",
					"pivot": [0, 21.7, 0],
					"cubes": [
						{"origin": [-3, 18.7, -3], "size": [6, 6, 6], "inflate": -0.4, "uv": [0, 34]}
					]
				},
				{
					"name": "twilight_3_eyelid_lower",
					"parent": "twilight_3_eye_inner_layer",
					"pivot": [0, 20.2, 0],
					"cubes": [
						{"origin": [-3, 18.7, -3], "size": [6, 3, 6], "inflate": -0.3, "uv": [36, 29]}
					]
				},
				{
					"name": "twilight_3_arrow_left",
					"parent": "root",
					"pivot": [-10.25, 21.9, 0]
				},
				{
					"name": "twilight_3_arrow_left_inner_layer",
					"parent": "twilight_3_arrow_left",
					"pivot": [0, 0, 0],
					"cubes": [
						{"origin": [-12, 19.9, -1], "size": [4, 4, 2], "pivot": [-10, 21.9, 0], "rotation": [0, 0, -45], "uv": [12, 46]},
						{
							"origin": [-10, 19.9, -1],
							"size": [8, 4, 2],
							"inflate": 0.1,
							"uv": {
								"north": {"uv": [42, 2], "uv_size": [8, 4]},
								"east": {"uv": [40, 2], "uv_size": [2, 4]},
								"south": {"uv": [52, 2], "uv_size": [8, 4]},
								"west": {"uv": [40, 8], "uv_size": [2, 4]},
								"up": {"uv": [42, 0], "uv_size": [8, 2]},
								"down": {"uv": [50, 2], "uv_size": [8, -2]}
							}
						}
					]
				},
				{
					"name": "twilight_3_arrow_right",
					"parent": "root",
					"pivot": [10, 21.9, 0]
				},
				{
					"name": "twilight_3_arrow_right_inner_layer",
					"parent": "twilight_3_arrow_right",
					"pivot": [0, 0, 0],
					"cubes": [
						{"origin": [8, 19.9, -1], "size": [4, 4, 2], "pivot": [10, 21.9, 0], "rotation": [0, 0, 45], "uv": [0, 46]},
						{
							"origin": [2, 19.9, -1],
							"size": [8, 4, 2],
							"inflate": 0.1,
							"uv": {
								"north": {"uv": [38, 40], "uv_size": [8, 4]},
								"east": {"uv": [40, 8], "uv_size": [2, 4]},
								"south": {"uv": [48, 40], "uv_size": [8, 4]},
								"west": {"uv": [46, 40], "uv_size": [2, 4]},
								"up": {"uv": [38, 38], "uv_size": [8, 2]},
								"down": {"uv": [46, 40], "uv_size": [8, -2]}
							}
						}
					]
				},
				{
					"name": "twilight_3_arrow_top",
					"parent": "root",
					"pivot": [0, 31.9, 0]
				},
				{
					"name": "twilight_3_arrow_top_inner_layer",
					"parent": "twilight_3_arrow_top",
					"pivot": [0, 29.9, 0],
					"cubes": [
						{"origin": [-0.58579, 29.31421, -1], "size": [4, 4, 2], "pivot": [0, 29.9, 0], "rotation": [0, 0, -45], "uv": [36, 50]},
						{"origin": [-6, 27.9, -1], "size": [8, 4, 2], "inflate": 0.1, "pivot": [0, 29.9, 0], "rotation": [0, 0, -90], "uv": [40, 6]}
					]
				}
			]
		}
	]
}