{
	"format_version": "1.16.0",
	"minecraft:geometry": [
		{
			"description": {
				"identifier": "geometry.pb_scraft.twilight_staff_1",
				"texture_width": 64,
				"texture_height": 64,
				"visible_bounds_width": 4,
				"visible_bounds_height": 4,
				"visible_bounds_offset": [0, 1, 0]
			},
			"bones": [
				{
					"name": "root",
					"pivot": [-0.05455, 11.4, 0],
					"binding": "q.item_slot_to_bone_name(c.item_slot)",
					"cubes": [
						{"origin": [-1, -18, -1], "size": [2, 30, 2], "inflate": -0.2, "uv": [0, 0]},
						{"origin": [-1, -15, -1], "size": [2, 3, 2], "inflate": 0.2, "uv": [8, 21]},
						{"origin": [-1, -19, -1], "size": [2, 4, 2], "inflate": 0.4, "pivot": [0, -17, 0], "rotation": [0, -45, 0], "uv": [48, 0]}
					]
				},
				{
					"name": "twilight_1_ray",
					"parent": "root",
					"pivot": [0, 16.75, 0],
					"cubes": [
						{"origin": [-1, 6.7, -1], "size": [2, 19, 2], "inflate": 0.2, "uv": [8, 0]}
					]
				},
				{
					"name": "twilight_1_base",
					"parent": "root",
					"pivot": [0, 17, 0],
					"cubes": [
						{"origin": [-2, 4.7, -2], "size": [4, 4, 4], "inflate": -0.2, "uv": [8, 27]},
						{"origin": [-1, 3, -1], "size": [2, 3, 2], "inflate": 0.2, "uv": [40, 0]}
					]
				},
				{
					"name": "twilight_1_ring",
					"parent": "twilight_1_base",
					"pivot": [-0.1, 16.69018, 0.5],
					"cubes": [
						{"origin": [-2.6, 16.19018, -1.5], "size": [1, 12, 3], "pivot": [-2.1, 21.69018, 0.5], "rotation": [0, 0, 17.5], "uv": [24, 27]},
						{"origin": [-2.6, 7, -1.5], "size": [1, 10, 3], "pivot": [-2.1, 11.5, 0.5], "rotation": [0, 0, -17.5], "uv": [32, 0]},
						{"origin": [1.6, 7, -1.5], "size": [1, 10, 3], "pivot": [2.1, 11.5, 0.5], "rotation": [0, 0, 17.5], "uv": [32, 13]},
						{"origin": [1.6, 16.19018, -1.5], "size": [1, 12, 3], "pivot": [2.1, 21.69018, 0.5], "rotation": [0, 0, -17.5], "uv": [0, 32]}
					]
				},
				{
					"name": "twilight_1_tip",
					"parent": "twilight_1_ring",
					"pivot": [0, 16.8, 0],
					"cubes": [
						{"origin": [-1, 26.1, -1], "size": [2, 3, 2], "inflate": 0.2, "uv": [16, 35]},
						{"origin": [-2.9, 24.4, -0.5], "size": [3, 4, 1], "pivot": [-1.4, 26.4, 0], "rotation": [0, 0, -32.5], "uv": [32, 36]},
						{"origin": [-0.1, 24.4, -0.5], "size": [3, 4, 1], "pivot": [1.4, 26.4, 0], "rotation": [0, 0, 32.5], "uv": [8, 35]}
					]
				},
				{
					"name": "twilight_1_eye",
					"parent": "root",
					"pivot": [0, 16.8, 0]
				},
				{
					"name": "twilight_1_eyelid_lower",
					"parent": "twilight_1_eye",
					"pivot": [0, 15.3, 0],
					"cubes": [
						{"origin": [-3, 13.8, -3], "size": [6, 3, 6], "inflate": -0.3, "uv": [16, 50]}
					]
				},
				{
					"name": "twilight_1_eyelid_upper",
					"parent": "twilight_1_eye",
					"pivot": [0, 18.3, 0],
					"cubes": [
						{"origin": [-3, 16.8, -3], "size": [6, 3, 6], "inflate": -0.3, "uv": [40, 14]}
					]
				},
				{
					"name": "twilight_1_pupil",
					"parent": "twilight_1_eye",
					"pivot": [0, 16.8, 0],
					"cubes": [
						{"origin": [-3, 13.8, -3], "size": [6, 6, 6], "inflate": -0.4, "uv": [40, 52]}
					]
				}
			]
		}
	]
}