{"format_version":"1.10.0","render_controllers":{"controller.render.oreville_hp.vzpjyox.knomtfv":{"geometry":"Geometry.wxcvxix","textures":["Texture.default"],"uv_anim":{"offset":["v.qxwzdmx",0],"scale":[1,1]},"ignore_lighting":true,"is_hurt_color":{},"on_fire_color":{},"materials":[{"*":"Material.default"},{"cazpiqo*":"q.property('p:qrueajp_alfggfi') ? Material.oreville_hp_vzpjyox : Material.oreville_hp_vzpjyox_wkeyzub"},{"hiawgwo*":"q.property('p:qrueajp_alfggfi') ? Material.oreville_hp_vzpjyox_pzovias : Material.oreville_hp_vzpjyox_wkeyzub"}]},"controller.render.oreville_hp.vzpjyox.fqiqmvh":{"geometry":"Geometry.nyqunex","textures":["Texture.default"],"uv_anim":{"offset":["v.bgwfoap",0],"scale":[1,1]},"ignore_lighting":true,"is_hurt_color":{},"on_fire_color":{},"materials":[{"*":"Material.default"},{"cazpiqo*":"q.property('p:qrueajp_alfggfi') ? Material.oreville_hp_vzpjyox : Material.oreville_hp_vzpjyox_wkeyzub"},{"hiawgwo*":"q.property('p:qrueajp_alfggfi') ? Material.oreville_hp_vzpjyox_pzovias : Material.oreville_hp_vzpjyox_wkeyzub"}]},"controller.render.oreville_hp.vzpjyox.ptvtlvs":{"geometry":"Geometry.lnrikot","textures":["Texture.default"],"uv_anim":{"offset":["v.puavybm",0],"scale":[1,1]},"ignore_lighting":true,"is_hurt_color":{},"on_fire_color":{},"materials":[{"*":"Material.default"},{"cazpiqo*":"q.property('p:qrueajp_alfggfi') ? Material.oreville_hp_vzpjyox : Material.oreville_hp_vzpjyox_wkeyzub"},{"hiawgwo*":"q.property('p:qrueajp_alfggfi') ? Material.oreville_hp_vzpjyox_pzovias : Material.oreville_hp_vzpjyox_wkeyzub"}]},"controller.render.oreville_hp.vzpjyox.aurhjkr":{"geometry":"Geometry.dcdnzok","textures":["Texture.default"],"uv_anim":{"offset":["v.smbhkoo",0],"scale":[1,1]},"ignore_lighting":true,"is_hurt_color":{},"on_fire_color":{},"materials":[{"*":"Material.default"},{"cazpiqo*":"q.property('p:qrueajp_alfggfi') ? Material.oreville_hp_vzpjyox : Material.oreville_hp_vzpjyox_wkeyzub"},{"hiawgwo*":"q.property('p:qrueajp_alfggfi') ? Material.oreville_hp_vzpjyox_pzovias : Material.oreville_hp_vzpjyox_wkeyzub"}]},"controller.render.oreville_hp.vzpjyox.gxfiznt":{"geometry":"Geometry.mbofyqu","textures":["Texture.default"],"ignore_lighting":true,"is_hurt_color":{},"on_fire_color":{},"materials":[{"*":"Material.default"},{"cazpiqo*":"q.property('p:qrueajp_alfggfi') ? Material.oreville_hp_vzpjyox : Material.oreville_hp_vzpjyox_wkeyzub"},{"hiawgwo*":"q.property('p:qrueajp_alfggfi') ? Material.oreville_hp_vzpjyox_pzovias : Material.oreville_hp_vzpjyox_wkeyzub"}]},"controller.render.oreville_hp.vzpjyox.ykhvnpu":{"geometry":"Geometry.tcmazna","textures":["Texture.default"],"uv_anim":{"offset":["v.dbgzuru",0],"scale":[1,1]},"ignore_lighting":true,"is_hurt_color":{},"on_fire_color":{},"materials":[{"*":"Material.default"},{"cazpiqo*":"q.property('p:qrueajp_alfggfi') ? Material.oreville_hp_vzpjyox : Material.oreville_hp_vzpjyox_wkeyzub"},{"hiawgwo*":"q.property('p:qrueajp_alfggfi') ? Material.oreville_hp_vzpjyox_pzovias : Material.oreville_hp_vzpjyox_wkeyzub"}]},"controller.render.oreville_hp.vzpjyox.fteynpk":{"geometry":"Geometry.gugpljw","textures":["Texture.default"],"uv_anim":{"offset":["v.qobuags",0],"scale":[1,1]},"ignore_lighting":true,"is_hurt_color":{},"on_fire_color":{},"materials":[{"*":"Material.default"},{"cazpiqo*":"q.property('p:qrueajp_alfggfi') ? Material.oreville_hp_vzpjyox : Material.oreville_hp_vzpjyox_wkeyzub"},{"hiawgwo*":"q.property('p:qrueajp_alfggfi') ? Material.oreville_hp_vzpjyox_pzovias : Material.oreville_hp_vzpjyox_wkeyzub"}]},"controller.render.oreville_hp.vzpjyox.lnnmrlu":{"geometry":"Geometry.kxdvglq","textures":["Texture.default"],"uv_anim":{"offset":["v.qhcdhor",0],"scale":[1,1]},"ignore_lighting":true,"is_hurt_color":{},"on_fire_color":{},"materials":[{"*":"Material.default"},{"cazpiqo*":"q.property('p:qrueajp_alfggfi') ? Material.oreville_hp_vzpjyox : Material.oreville_hp_vzpjyox_wkeyzub"},{"hiawgwo*":"q.property('p:qrueajp_alfggfi') ? Material.oreville_hp_vzpjyox_pzovias : Material.oreville_hp_vzpjyox_wkeyzub"}]},"controller.render.oreville_hp.vzpjyox.ahfbtyw":{"geometry":"Geometry.mufeewh","textures":["Texture.default"],"uv_anim":{"offset":["v.gdnqyox",0],"scale":[1,1]},"ignore_lighting":true,"is_hurt_color":{},"on_fire_color":{},"materials":[{"*":"Material.default"},{"cazpiqo*":"q.property('p:qrueajp_alfggfi') ? Material.oreville_hp_vzpjyox : Material.oreville_hp_vzpjyox_wkeyzub"},{"hiawgwo*":"q.property('p:qrueajp_alfggfi') ? Material.oreville_hp_vzpjyox_pzovias : Material.oreville_hp_vzpjyox_wkeyzub"}]},"controller.render.oreville_hp.vzpjyox.ofoqngc":{"geometry":"Geometry.czpaemz","textures":["Texture.default"],"ignore_lighting":true,"is_hurt_color":{},"on_fire_color":{},"materials":[{"*":"Material.default"},{"gtdfqda":"q.property('p:qrueajp_alfggfi') ? Material.oreville_hp_vzpjyox_pzovias : Material.oreville_hp_vzpjyox_wkeyzub"},{"dvesrzs":"q.property('p:qrueajp_alfggfi') ? Material.oreville_hp_vzpjyox : Material.oreville_hp_vzpjyox_wkeyzub"}]}}}