{
    "format_version": "1.10.0",
    "minecraft:client_entity": {
        "description": {
            "identifier": "nv_me:jump_mech",
            "materials": {
                "default": "entity_emissive_alpha"
            },
            "textures": {
                "default": "textures/nv_me/common/entity/jump_mech",
                "headlight": "textures/nv_me/common/entity/jump_mech_headlight"
            },
            "geometry": {
                "default": "geometry.nv_me.jump_mech"
            },
            "animations": {
                "legs_controller": "controller.animation.nv_me.jump_mech.legs",
                "arms_controller": "controller.animation.nv_me.jump_mech.arms",
                "power_off": "animation.nv_me.mech.power_off",
                "idle": "animation.nv_me.mech.idle.close_arms",
                "walking_legs": "animation.nv_me.mech.legs_walk.close_arms",
                "walking_arms": "animation.nv_me.mech.arms_walk.close_arms",
                "jumping": "animation.nv_me.mech.jump",
                "landing": "animation.nv_me.mech.land",
                "super_jump": "animation.nv_me.mech.super_jump",
                "yaw": "animation.nv_me.mech.body_yaw"
            },
            "sound_effects": {
                "wake_up": "nv_me:mech.wake_up",
                "power_off": "nv_me:mech.power_off",
                "walking": "nv_me:mech.walking",
                "land": "nv_me:mech.land",
                "jump": "nv_me:mech.jump",
                "jetpack_loop": "nv_me:mech.jetpack_loop",
                "jetpack_start": "nv_me:mech.jetpack_start",
                "jetpack_end": "nv_me:mech.jetpack_end"
            },
            "particle_effects": {
                "rocket_thrust": "nv_me:rocket_thrust_particle"
            },
            "scripts": {
                "initialize": [
                    "v.smoothed_yaw = q.property('nv_me:yaw') - q.body_y_rotation(0) + (-360*1000);",
                    "v.smoothed_torso = 0;"
                ],
                "pre_animation": [
                    "v.smoothed_yaw = v.smoothed_yaw + (math.mod((q.property('nv_me:yaw') - q.body_y_rotation(0)) - v.smoothed_yaw + 180, 360) - 180) * (1 - math.exp(-q.delta_time * 10));",
                    "v.smoothed_torso = math.lerp(v.smoothed_torso, q.property('nv_me:torso'), 1 - math.exp(-q.delta_time * 3));"
                ],
                "animate": [ "legs_controller", "arms_controller", "yaw" ]
            },
            "render_controllers": [ "controller.render.nv_me.mech" ]
        }
    }
}