{
	"format_version": "1.13.0",
	"minecraft:single_block_feature": {
		"description": {
			"identifier": "ljw_ww:moonglow_sprig_feature"
		},
		"places_block": {
			"name": "ljw_ww:moonglow_sprig",
			"states": {
				"ljw_ww:activated": 1
			}
		},
		"enforce_survivability_rules": false,
		"enforce_placement_rules": true
		//"may_attach_to": {
		//	"min_sides_must_attach": 1,
		//	"top": [
		//		"minecraft:grass",
		//		"minecraft:dirt",
		//		"minecraft:podzol"
		//	]
		//}
	}
}