{
	"format_version": "1.8.0",
	"animations": {
		"animation.wacky_animals_butterfly_fly": {
			"loop": true,
			"animation_length": 1,
			"bones": {
				"root": {
					"position": {
						"0.0": {
							"post": [0, 0, 0],
							"lerp_mode": "catmullrom"
						},
						"0.5": {
							"post": [0, 5.7, 0],
							"lerp_mode": "catmullrom"
						},
						"1.0": [0, 0, 0]
					}
				},
				"body": {
					"rotation": {
						"0.0": {
							"post": [62.5, 0, 0],
							"lerp_mode": "catmullrom"
						},
						"0.25": {
							"post": [74.5, 0, 0],
							"lerp_mode": "catmullrom"
						},
						"0.5": {
							"post": [78.5, 0, 0],
							"lerp_mode": "catmullrom"
						},
						"0.75": {
							"post": [61.75, 0, 0],
							"lerp_mode": "catmullrom"
						},
						"1.0": [62.5, 0, 0]
					}
				},
				"head": {
					"rotation": {
						"0.0": {
							"post": [35, 0, 0],
							"lerp_mode": "catmullrom"
						},
						"0.25": {
							"post": [42.5, 0, 0],
							"lerp_mode": "catmullrom"
						},
						"0.5": {
							"post": [32.5, 0, 0],
							"lerp_mode": "catmullrom"
						},
						"0.75": {
							"post": [25.63, 0, 0],
							"lerp_mode": "catmullrom"
						},
						"1.0": [35, 0, 0]
					}
				},
				"leftWing": {
					"rotation": {
						"0.0": {
							"post": [0, -72.5, 0],
							"lerp_mode": "catmullrom"
						},
						"0.25": {
							"post": [0, 27.5, 0],
							"lerp_mode": "catmullrom"
						},
						"0.5": {
							"post": [0, 57.5, 0],
							"lerp_mode": "catmullrom"
						},
						"0.75": {
							"post": [0, -15.62, 0],
							"lerp_mode": "catmullrom"
						},
						"1.0": [0, -72.5, 0]
					}
				},
				"leftWingTip": {
					"rotation": {
						"0.0": {
							"post": [0, -25, 0],
							"lerp_mode": "catmullrom"
						},
						"0.25": {
							"post": [0, -40, 0],
							"lerp_mode": "catmullrom"
						},
						"0.5": {
							"post": [0, 31, 0],
							"lerp_mode": "catmullrom"
						},
						"0.75": {
							"post": [0, 32.44, 0],
							"lerp_mode": "catmullrom"
						},
						"1.0": [0, -25, 0]
					}
				},
				"rightWing": {
					"rotation": {
						"0.0": {
							"post": [0, 72.5, 0],
							"lerp_mode": "catmullrom"
						},
						"0.25": {
							"post": [0, -27.5, 0],
							"lerp_mode": "catmullrom"
						},
						"0.5": {
							"post": [0, -57.5, 0],
							"lerp_mode": "catmullrom"
						},
						"0.75": {
							"post": [0, 15.62, 0],
							"lerp_mode": "catmullrom"
						},
						"1.0": [0, 72.5, 0]
					}
				},
				"rightWingTip": {
					"rotation": {
						"0.0": {
							"post": [0, 25, 0],
							"lerp_mode": "catmullrom"
						},
						"0.25": {
							"post": [0, 40, 0],
							"lerp_mode": "catmullrom"
						},
						"0.5": {
							"post": [0, -31, 0],
							"lerp_mode": "catmullrom"
						},
						"0.75": {
							"post": [0, -32.44, 0],
							"lerp_mode": "catmullrom"
						},
						"1.0": [0, 25, 0]
					}
				}
			}
		}
	}
}