{
	"format_version": "1.8.0",
	"animations": {
		"animation.wacky_animals_cappybara_walk": {
			"loop": true,
			"animation_length": 1,
			"bones": {
				"root": {
					"position": {
						"0.0": {
							"post": [0, -1.2, 0],
							"lerp_mode": "catmullrom"
						},
						"0.25": {
							"post": [0, -0.4, 0],
							"lerp_mode": "catmullrom"
						},
						"0.5": {
							"post": [0, -1.2, 0],
							"lerp_mode": "catmullrom"
						},
						"0.75": {
							"post": [0, -0.4, 0],
							"lerp_mode": "catmullrom"
						},
						"1.0": [0, -1.2, 0]
					}
				},
				"body": {
					"rotation": {
						"0.0": {
							"post": [-7.5, 0, 0],
							"lerp_mode": "catmullrom"
						},
						"0.25": {
							"post": [-4.5, 0, 0],
							"lerp_mode": "catmullrom"
						},
						"0.5": {
							"post": [-7.5, 0, 0],
							"lerp_mode": "catmullrom"
						},
						"0.75": {
							"post": [-4.5, 0, 0],
							"lerp_mode": "catmullrom"
						},
						"1.0": [-7.5, 0, 0]
					}
				},
				"leg_left_back": {
					"rotation": {
						"0.0": {
							"post": [-17.5, 0, 0],
							"lerp_mode": "catmullrom"
						},
						"0.1667": {
							"post": [20, 0, 0],
							"lerp_mode": "catmullrom"
						},
						"0.3333": {
							"post": [35.16, 0, 0],
							"lerp_mode": "catmullrom"
						},
						"0.5": {
							"post": [30.5, 0, 0],
							"lerp_mode": "catmullrom"
						},
						"0.6667": {
							"post": [26.65, 0, 0],
							"lerp_mode": "catmullrom"
						},
						"0.8333": {
							"post": [-4.28, 0, 0],
							"lerp_mode": "catmullrom"
						},
						"1.0": [-17.5, 0, 0]
					}
				},
				"leg_left_front": {
					"rotation": {
						"0.0": {
							"post": [39.97957, -0.26882, -2.70236],
							"lerp_mode": "catmullrom"
						},
						"0.1667": {
							"post": [55.57922, -0.29402, -2.9557],
							"lerp_mode": "catmullrom"
						},
						"0.3333": {
							"post": [1.47957, -0.26882, -2.70236],
							"lerp_mode": "catmullrom"
						},
						"0.5": {
							"post": [-22.5, 0, 0],
							"lerp_mode": "catmullrom"
						},
						"0.6667": {
							"post": [20, 0, 0],
							"lerp_mode": "catmullrom"
						},
						"0.8333": {
							"post": [37.36479, -0.13441, -1.35118],
							"lerp_mode": "catmullrom"
						},
						"1.0": [39.97957, -0.26882, -2.70236]
					}
				},
				"head": {
					"rotation": {
						"0.0": {
							"post": [26.44561, -0.06483, 7.5949],
							"lerp_mode": "catmullrom"
						},
						"0.25": {
							"post": [36.64194, -6.70327, -4.30479],
							"lerp_mode": "catmullrom"
						},
						"0.5": {
							"post": [26.44561, 0.06483, -7.5949],
							"lerp_mode": "catmullrom"
						},
						"0.75": {
							"post": [36.64194, 6.70327, 4.30479],
							"lerp_mode": "catmullrom"
						},
						"1.0": [26.44561, -0.06483, 7.5949]
					}
				},
				"legfore_left_back": {
					"rotation": {
						"0.0": {
							"post": [-22.5, 0, 0],
							"lerp_mode": "catmullrom"
						},
						"0.1667": {
							"post": [-32.5, 0, 0],
							"lerp_mode": "catmullrom"
						},
						"0.3333": {
							"post": [-15.03, 0, 0],
							"lerp_mode": "catmullrom"
						},
						"0.5": {
							"post": [7, 0, 0],
							"lerp_mode": "catmullrom"
						},
						"0.6667": {
							"post": [-51.69, 0, 0],
							"lerp_mode": "catmullrom"
						},
						"0.8333": {
							"post": [-40.85, 0, 0],
							"lerp_mode": "catmullrom"
						},
						"1.0": [-22.5, 0, 0]
					}
				},
				"sole_left_back": {
					"rotation": {
						"0.0": {
							"post": [22.5, 0, 0],
							"lerp_mode": "catmullrom"
						},
						"0.1667": {
							"post": [12.5, 0, 0],
							"lerp_mode": "catmullrom"
						},
						"0.3333": {
							"post": [-15.87, 0, 0],
							"lerp_mode": "catmullrom"
						},
						"0.5": {
							"post": [-24, 0, 0],
							"lerp_mode": "catmullrom"
						},
						"0.6667": {
							"post": [2.8, 0, 0],
							"lerp_mode": "catmullrom"
						},
						"0.8333": {
							"post": [8.39, 0, 0],
							"lerp_mode": "catmullrom"
						},
						"1.0": [22.5, 0, 0]
					}
				},
				"leg_right_back": {
					"rotation": {
						"0.0": {
							"post": [30.5, 0, 0],
							"lerp_mode": "catmullrom"
						},
						"0.1667": {
							"post": [26.65, 0, 0],
							"lerp_mode": "catmullrom"
						},
						"0.3333": {
							"post": [-4.28, 0, 0],
							"lerp_mode": "catmullrom"
						},
						"0.5": {
							"post": [-17.5, 0, 0],
							"lerp_mode": "catmullrom"
						},
						"0.6667": {
							"post": [20, 0, 0],
							"lerp_mode": "catmullrom"
						},
						"0.8333": {
							"post": [35.16, 0, 0],
							"lerp_mode": "catmullrom"
						},
						"1.0": [30.5, 0, 0]
					}
				},
				"legfore_right_back": {
					"rotation": {
						"0.0": {
							"post": [7, 0, 0],
							"lerp_mode": "catmullrom"
						},
						"0.1667": {
							"post": [-51.69, 0, 0],
							"lerp_mode": "catmullrom"
						},
						"0.3333": {
							"post": [-40.85, 0, 0],
							"lerp_mode": "catmullrom"
						},
						"0.5": {
							"post": [-22.5, 0, 0],
							"lerp_mode": "catmullrom"
						},
						"0.6667": {
							"post": [-32.5, 0, 0],
							"lerp_mode": "catmullrom"
						},
						"0.8333": {
							"post": [-15.03, 0, 0],
							"lerp_mode": "catmullrom"
						},
						"1.0": [7, 0, 0]
					}
				},
				"sole_right_back": {
					"rotation": {
						"0.0": {
							"post": [-24, 0, 0],
							"lerp_mode": "catmullrom"
						},
						"0.1667": {
							"post": [2.8, 0, 0],
							"lerp_mode": "catmullrom"
						},
						"0.3333": {
							"post": [8.39, 0, 0],
							"lerp_mode": "catmullrom"
						},
						"0.5": {
							"post": [22.5, 0, 0],
							"lerp_mode": "catmullrom"
						},
						"0.6667": {
							"post": [12.5, 0, 0],
							"lerp_mode": "catmullrom"
						},
						"0.8333": {
							"post": [-15.87, 0, 0],
							"lerp_mode": "catmullrom"
						},
						"1.0": [-24, 0, 0]
					}
				},
				"neck": {
					"rotation": {
						"0.0": {
							"post": [4.16527, -8.40056, 6.82861],
							"lerp_mode": "catmullrom"
						},
						"0.25": {
							"post": [11.66527, 1.05007, -0.85358],
							"lerp_mode": "catmullrom"
						},
						"0.5": {
							"post": [4.16527, 8.40056, -6.82861],
							"lerp_mode": "catmullrom"
						},
						"0.75": {
							"post": [11.66527, -1.05007, 0.85358],
							"lerp_mode": "catmullrom"
						},
						"1.0": [4.16527, -8.40056, 6.82861]
					}
				},
				"legfore_left_front": {
					"rotation": {
						"0.0": {
							"post": [-13.5, 0, 0],
							"lerp_mode": "catmullrom"
						},
						"0.1667": {
							"post": [-87.21, 0, 0],
							"lerp_mode": "catmullrom"
						},
						"0.3333": {
							"post": [-60.5, 0, 0],
							"lerp_mode": "catmullrom"
						},
						"0.5": {
							"post": [-20, 0, 0],
							"lerp_mode": "catmullrom"
						},
						"0.6667": {
							"post": [-47.5, 0, 0],
							"lerp_mode": "catmullrom"
						},
						"0.8333": {
							"post": [-20.66, 0, 0],
							"lerp_mode": "catmullrom"
						},
						"1.0": [-13.5, 0, 0]
					}
				},
				"sole_left_front": {
					"rotation": {
						"0.0": {
							"post": [-17, 0, 0],
							"lerp_mode": "catmullrom"
						},
						"0.1667": {
							"post": [25.73, 0, 0],
							"lerp_mode": "catmullrom"
						},
						"0.3333": {
							"post": [15, 0, 0],
							"lerp_mode": "catmullrom"
						},
						"0.5": {
							"post": [19.5, 0, 0],
							"lerp_mode": "catmullrom"
						},
						"0.6667": {
							"post": [27, 0, 0],
							"lerp_mode": "catmullrom"
						},
						"0.8333": {
							"post": [-15.16, 0, 0],
							"lerp_mode": "catmullrom"
						},
						"1.0": [-17, 0, 0]
					}
				},
				"leg_right_front": {
					"rotation": {
						"0.0": {
							"post": [-22.5, 0, 0],
							"lerp_mode": "catmullrom"
						},
						"0.1667": {
							"post": [20, 0, 0],
							"lerp_mode": "catmullrom"
						},
						"0.3333": {
							"post": [37.36479, 0.13441, 1.35118],
							"lerp_mode": "catmullrom"
						},
						"0.5": {
							"post": [39.97957, 0.26882, 2.70236],
							"lerp_mode": "catmullrom"
						},
						"0.6667": {
							"post": [55.57922, 0.29402, 2.9557],
							"lerp_mode": "catmullrom"
						},
						"0.8333": {
							"post": [1.47957, 0.26882, 2.70236],
							"lerp_mode": "catmullrom"
						},
						"1.0": [-22.5, 0, 0]
					}
				},
				"legfore_right_front": {
					"rotation": {
						"0.0": {
							"post": [-20, 0, 0],
							"lerp_mode": "catmullrom"
						},
						"0.1667": {
							"post": [-47.5, 0, 0],
							"lerp_mode": "catmullrom"
						},
						"0.3333": {
							"post": [-20.66, 0, 0],
							"lerp_mode": "catmullrom"
						},
						"0.5": {
							"post": [-13.5, 0, 0],
							"lerp_mode": "catmullrom"
						},
						"0.6667": {
							"post": [-87.21, 0, 0],
							"lerp_mode": "catmullrom"
						},
						"0.8333": {
							"post": [-60.5, 0, 0],
							"lerp_mode": "catmullrom"
						},
						"1.0": [-20, 0, 0]
					}
				},
				"sole_right_front": {
					"rotation": {
						"0.0": {
							"post": [19.5, 0, 0],
							"lerp_mode": "catmullrom"
						},
						"0.1667": {
							"post": [27, 0, 0],
							"lerp_mode": "catmullrom"
						},
						"0.3333": {
							"post": [-15.16, 0, 0],
							"lerp_mode": "catmullrom"
						},
						"0.5": {
							"post": [-17, 0, 0],
							"lerp_mode": "catmullrom"
						},
						"0.6667": {
							"post": [25.73, 0, 0],
							"lerp_mode": "catmullrom"
						},
						"0.8333": {
							"post": [15, 0, 0],
							"lerp_mode": "catmullrom"
						},
						"1.0": [19.5, 0, 0]
					}
				}
			}
		},
		"animation.wacky_animals_cappybara_idle": {
			"loop": true,
			"animation_length": 4,
			"bones": {
				"body": {
					"rotation": ["-5-Math.cos((query.anim_time - 0.6) * 90) * 2", 0, 0],
					"position": [0, "0.5+Math.cos((query.anim_time - 0.4) * 90) * 0.2", 0]
				},
				"neck": {
					"rotation": ["Math.cos((query.anim_time - 0.0) * 180) * 5", 0, 0]
				},
				"head": {
					"rotation": ["17.5+Math.cos((query.anim_time - 0.2) * 180) * 5", 0, 0]
				}
			}
		}
	}
}