{
	"format_version": "1.8.0",
	"animations": {
		"animation.wacky_animals_deer_idle": {
			"loop": true,
			"animation_length": 8,
			"bones": {
				"body": {
					"rotation": ["-2.5-Math.cos((query.anim_time - 0.6) * 90) * 2", 0, 0]
				},
				"neck2": {
					"rotation": ["Math.cos((query.anim_time - 0.6) * 90) * 2", 0, 0]
				},
				"neck3": {
					"rotation": ["Math.cos((query.anim_time - 1) * 90) * 5", 0, 0]
				},
				"head": {
					"rotation": {
						"4.5": [0, 0, 0],
						"4.6": [0, 0, 17],
						"4.65": [0, 0, 20],
						"5.55": [0, 0, 20],
						"5.7": [0, 0, -2.5],
						"5.75": [0, 0, 0]
					}
				},
				"left_ear": {
					"rotation": {
						"0.0": [0, 0, 0],
						"0.05": [0, -7.5, 0],
						"0.1": [0, -9.5, 0],
						"0.15": [0, 0, 0],
						"4.95": [0, 0, 0],
						"5.0": [0, -10, 0],
						"5.05": [0, -12, 0],
						"5.1": [0, 0, 0]
					}
				},
				"right_ear": {
					"rotation": {
						"0.95": [0, 0, 0],
						"1.0": [0, -7.5, 0],
						"1.05": [0, -9.5, 0],
						"1.1": [0, 0, 0]
					}
				},
				"tail": {
					"rotation": {
						"1.45": [0, 0, 0],
						"1.55": [0, 25, 0],
						"1.65": [0, -15, 0],
						"1.75": [0, 0, 0]
					}
				}
			}
		},
		"animation.wacky_animals_deer_walk": {
			"loop": true,
			"animation_length": 1,
			"bones": {
				"root": {
					"position": {
						"0.0": {
							"post": [0, -1.9, 0],
							"lerp_mode": "catmullrom"
						},
						"0.25": {
							"post": [0, -1.8, 0],
							"lerp_mode": "catmullrom"
						},
						"0.5": {
							"post": [0, -1.9, 0],
							"lerp_mode": "catmullrom"
						},
						"0.75": {
							"post": [0, -1.8, 0],
							"lerp_mode": "catmullrom"
						},
						"1.0": [0, -1.9, 0]
					}
				},
				"neck3": {
					"rotation": {
						"0.0": {
							"post": [-0.61088, 4.96264, -7.02647],
							"lerp_mode": "catmullrom"
						},
						"0.25": {
							"post": [-2.15845, -5.67201, 8.1654],
							"lerp_mode": "catmullrom"
						},
						"0.5": {
							"post": [-0.61088, -4.96264, 7.02647],
							"lerp_mode": "catmullrom"
						},
						"0.75": {
							"post": [-2.15845, 5.67201, -8.1654],
							"lerp_mode": "catmullrom"
						},
						"1.0": [-0.61088, 4.96264, -7.02647]
					}
				},
				"head": {
					"rotation": {
						"0.0": {
							"post": [0, 8, -6],
							"lerp_mode": "catmullrom"
						},
						"0.25": {
							"post": [-0.06983, -1.99878, -3.99878],
							"lerp_mode": "catmullrom"
						},
						"0.5": {
							"post": [0, -8, 6],
							"lerp_mode": "catmullrom"
						},
						"0.75": {
							"post": [-0.06983, 1.99878, 3.99878],
							"lerp_mode": "catmullrom"
						},
						"1.0": [0, 8, -6]
					}
				},
				"left_ear": {
					"rotation": {
						"0.0": {
							"post": [0, -17.5, 20],
							"lerp_mode": "catmullrom"
						},
						"0.25": {
							"post": [-2.40648, 4.65596, 27.43875],
							"lerp_mode": "catmullrom"
						},
						"0.5": {
							"post": [0, 10, 12.5],
							"lerp_mode": "catmullrom"
						},
						"0.75": {
							"post": [3.50273, -13.5675, 31.39707],
							"lerp_mode": "catmullrom"
						},
						"1.0": [0, -17.5, 20]
					}
				},
				"right_ear": {
					"rotation": {
						"0.0": {
							"post": [0, -10, -12.5],
							"lerp_mode": "catmullrom"
						},
						"0.25": {
							"post": [3.50273, 13.5675, -31.39707],
							"lerp_mode": "catmullrom"
						},
						"0.5": {
							"post": [0, 17.5, -20],
							"lerp_mode": "catmullrom"
						},
						"0.75": {
							"post": [-2.40648, -4.65596, -27.43875],
							"lerp_mode": "catmullrom"
						},
						"1.0": [0, -10, -12.5]
					}
				},
				"jaw": {
					"rotation": {
						"0.0": {
							"post": [17, 0, 0],
							"lerp_mode": "catmullrom"
						},
						"0.25": {
							"post": [27, 0, 0],
							"lerp_mode": "catmullrom"
						},
						"0.5": {
							"post": [17, 0, 0],
							"lerp_mode": "catmullrom"
						},
						"0.75": {
							"post": [27, 0, 0],
							"lerp_mode": "catmullrom"
						},
						"1.0": [17, 0, 0]
					}
				},
				"arm_left": {
					"rotation": {
						"0.0": {
							"post": [15, 0, 0],
							"lerp_mode": "catmullrom"
						},
						"0.1667": {
							"post": [6.88, 0, 0],
							"lerp_mode": "catmullrom"
						},
						"0.3333": {
							"post": [-15, 0, 0],
							"lerp_mode": "catmullrom"
						},
						"0.5": {
							"post": [-22.5, 0, 0],
							"lerp_mode": "catmullrom"
						},
						"0.75": {
							"post": [0, 0, 0],
							"lerp_mode": "catmullrom"
						},
						"1.0": [15, 0, 0]
					}
				},
				"armfore_left2": {
					"rotation": {
						"0.0": {
							"post": [-13, 0, 0],
							"lerp_mode": "catmullrom"
						},
						"0.1667": {
							"post": [-36.75, 0, 0],
							"lerp_mode": "catmullrom"
						},
						"0.3333": {
							"post": [-40.5, 0, 0],
							"lerp_mode": "catmullrom"
						},
						"0.5": {
							"post": [2.5, 0, 0],
							"lerp_mode": "catmullrom"
						},
						"0.75": {
							"post": [-27.5, 0, 0],
							"lerp_mode": "catmullrom"
						},
						"1.0": [-13, 0, 0]
					}
				},
				"leg_left": {
					"rotation": {
						"0.0": {
							"post": [-16.5, 0, 0],
							"lerp_mode": "catmullrom"
						},
						"0.25": {
							"post": [8.5, 0, 0],
							"lerp_mode": "catmullrom"
						},
						"0.5": {
							"post": [10, 0, 0],
							"lerp_mode": "catmullrom"
						},
						"0.6667": {
							"post": [-13.22, 0, 0],
							"lerp_mode": "catmullrom"
						},
						"0.8333": {
							"post": [-20, 0, 0],
							"lerp_mode": "catmullrom"
						},
						"1.0": [-16.5, 0, 0]
					}
				},
				"legfore_left2": {
					"rotation": {
						"0.0": {
							"post": [-14, 0, 0],
							"lerp_mode": "catmullrom"
						},
						"0.25": {
							"post": [-28, 0, 0],
							"lerp_mode": "catmullrom"
						},
						"0.5": {
							"post": [5, 0, 0],
							"lerp_mode": "catmullrom"
						},
						"0.6667": {
							"post": [-34.5, 0, 0],
							"lerp_mode": "catmullrom"
						},
						"0.8333": {
							"post": [-30.2205, 1.19584, 1.82062],
							"lerp_mode": "catmullrom"
						},
						"1.0": [-14, 0, 0]
					}
				},
				"armfore_left": {
					"rotation": {
						"0.0": {
							"post": [13, 0, 0],
							"lerp_mode": "catmullrom"
						},
						"0.1667": {
							"post": [-12.72, 0, 0],
							"lerp_mode": "catmullrom"
						},
						"0.3333": {
							"post": [-2, 0, 0],
							"lerp_mode": "catmullrom"
						},
						"0.5": {
							"post": [2.5, 0, 0],
							"lerp_mode": "catmullrom"
						},
						"0.75": {
							"post": [20, 0, 0],
							"lerp_mode": "catmullrom"
						},
						"1.0": [13, 0, 0]
					}
				},
				"hand_left": {
					"rotation": {
						"0.0": {
							"post": [-14, 0, 0],
							"lerp_mode": "catmullrom"
						},
						"0.1667": {
							"post": [88.5, 0, 0],
							"lerp_mode": "catmullrom"
						},
						"0.3333": {
							"post": [66, 0, 0],
							"lerp_mode": "catmullrom"
						},
						"0.5": {
							"post": [15, 0, 0],
							"lerp_mode": "catmullrom"
						},
						"0.75": {
							"post": [-5, 0, 0],
							"lerp_mode": "catmullrom"
						},
						"1.0": [-14, 0, 0]
					}
				},
				"legfore_left": {
					"rotation": {
						"0.0": {
							"post": [-15, 0, 0],
							"lerp_mode": "catmullrom"
						},
						"0.25": {
							"post": [-10, 0, 0],
							"lerp_mode": "catmullrom"
						},
						"0.5": {
							"post": [0, 0, 0],
							"lerp_mode": "catmullrom"
						},
						"0.6667": {
							"post": [27.84, 0, 0],
							"lerp_mode": "catmullrom"
						},
						"0.8333": {
							"post": [2.5, 0, 0],
							"lerp_mode": "catmullrom"
						},
						"1.0": [-15, 0, 0]
					}
				},
				"sole_left": {
					"rotation": {
						"0.0": {
							"post": [44, 0, 0],
							"lerp_mode": "catmullrom"
						},
						"0.25": {
							"post": [29, 0, 0],
							"lerp_mode": "catmullrom"
						},
						"0.5": {
							"post": [-15, 0, 0],
							"lerp_mode": "catmullrom"
						},
						"0.6667": {
							"post": [75, 0, 0],
							"lerp_mode": "catmullrom"
						},
						"0.8333": {
							"post": [52.5, 0, 0],
							"lerp_mode": "catmullrom"
						},
						"1.0": [44, 0, 0]
					}
				},
				"arm_right": {
					"rotation": {
						"0.0": {
							"post": [-22.5, 0, 0],
							"lerp_mode": "catmullrom"
						},
						"0.25": {
							"post": [0, 0, 0],
							"lerp_mode": "catmullrom"
						},
						"0.5": {
							"post": [15, 0, 0],
							"lerp_mode": "catmullrom"
						},
						"0.6667": {
							"post": [6.88, 0, 0],
							"lerp_mode": "catmullrom"
						},
						"0.8333": {
							"post": [-15, 0, 0],
							"lerp_mode": "catmullrom"
						},
						"1.0": [-22.5, 0, 0]
					}
				},
				"armfore_right": {
					"rotation": {
						"0.0": {
							"post": [2.5, 0, 0],
							"lerp_mode": "catmullrom"
						},
						"0.25": {
							"post": [20, 0, 0],
							"lerp_mode": "catmullrom"
						},
						"0.5": {
							"post": [13, 0, 0],
							"lerp_mode": "catmullrom"
						},
						"0.6667": {
							"post": [-12.72, 0, 0],
							"lerp_mode": "catmullrom"
						},
						"0.8333": {
							"post": [-2, 0, 0],
							"lerp_mode": "catmullrom"
						},
						"1.0": [2.5, 0, 0]
					}
				},
				"armfore_right2": {
					"rotation": {
						"0.0": {
							"post": [2.5, 0, 0],
							"lerp_mode": "catmullrom"
						},
						"0.25": {
							"post": [-27.5, 0, 0],
							"lerp_mode": "catmullrom"
						},
						"0.5": {
							"post": [-13, 0, 0],
							"lerp_mode": "catmullrom"
						},
						"0.6667": {
							"post": [-36.75, 0, 0],
							"lerp_mode": "catmullrom"
						},
						"0.8333": {
							"post": [-40.5, 0, 0],
							"lerp_mode": "catmullrom"
						},
						"1.0": [2.5, 0, 0]
					}
				},
				"hand_right": {
					"rotation": {
						"0.0": {
							"post": [15, 0, 0],
							"lerp_mode": "catmullrom"
						},
						"0.25": {
							"post": [-5, 0, 0],
							"lerp_mode": "catmullrom"
						},
						"0.5": {
							"post": [-14, 0, 0],
							"lerp_mode": "catmullrom"
						},
						"0.6667": {
							"post": [88.5, 0, 0],
							"lerp_mode": "catmullrom"
						},
						"0.8333": {
							"post": [66, 0, 0],
							"lerp_mode": "catmullrom"
						},
						"1.0": [15, 0, 0]
					}
				},
				"neck": {
					"rotation": {
						"0.0": {
							"post": [0, -4, 0],
							"lerp_mode": "catmullrom"
						},
						"0.25": {
							"post": [0, 1, 0],
							"lerp_mode": "catmullrom"
						},
						"0.5": {
							"post": [0, 4, 0],
							"lerp_mode": "catmullrom"
						},
						"0.75": {
							"post": [0, -1, 0],
							"lerp_mode": "catmullrom"
						},
						"1.0": [0, -4, 0]
					}
				},
				"neck2": {
					"rotation": {
						"0.0": {
							"post": [-0.13951, -0.99757, 1.99756],
							"lerp_mode": "catmullrom"
						},
						"0.25": {
							"post": [-0.34919, -3.98475, 5.01215],
							"lerp_mode": "catmullrom"
						},
						"0.5": {
							"post": [-0.13951, 0.99757, -1.99756],
							"lerp_mode": "catmullrom"
						},
						"0.75": {
							"post": [-0.34919, 3.98475, -5.01215],
							"lerp_mode": "catmullrom"
						},
						"1.0": [-0.13951, -0.99757, 1.99756]
					}
				},
				"leg_right": {
					"rotation": {
						"0.0": {
							"post": [10, 0, 0],
							"lerp_mode": "catmullrom"
						},
						"0.1667": {
							"post": [-13.22, 0, 0],
							"lerp_mode": "catmullrom"
						},
						"0.3333": {
							"post": [-20, 0, 0],
							"lerp_mode": "catmullrom"
						},
						"0.5": {
							"post": [-16.5, 0, 0],
							"lerp_mode": "catmullrom"
						},
						"0.75": {
							"post": [8.5, 0, 0],
							"lerp_mode": "catmullrom"
						},
						"1.0": [10, 0, 0]
					}
				},
				"legfore_right": {
					"rotation": {
						"0.0": {
							"post": [0, 0, 0],
							"lerp_mode": "catmullrom"
						},
						"0.1667": {
							"post": [27.84, 0, 0],
							"lerp_mode": "catmullrom"
						},
						"0.3333": {
							"post": [2.5, 0, 0],
							"lerp_mode": "catmullrom"
						},
						"0.5": {
							"post": [-15, 0, 0],
							"lerp_mode": "catmullrom"
						},
						"0.75": {
							"post": [-10, 0, 0],
							"lerp_mode": "catmullrom"
						},
						"1.0": [0, 0, 0]
					}
				},
				"legfore_right2": {
					"rotation": {
						"0.0": {
							"post": [5, 0, 0],
							"lerp_mode": "catmullrom"
						},
						"0.1667": {
							"post": [-34.5, 0, 0],
							"lerp_mode": "catmullrom"
						},
						"0.3333": {
							"post": [-30.2205, -1.19584, -1.82062],
							"lerp_mode": "catmullrom"
						},
						"0.5": {
							"post": [-14, 0, 0],
							"lerp_mode": "catmullrom"
						},
						"0.75": {
							"post": [-28, 0, 0],
							"lerp_mode": "catmullrom"
						},
						"1.0": [5, 0, 0]
					}
				},
				"sole_right": {
					"rotation": {
						"0.0": {
							"post": [-15, 0, 0],
							"lerp_mode": "catmullrom"
						},
						"0.1667": {
							"post": [75, 0, 0],
							"lerp_mode": "catmullrom"
						},
						"0.3333": {
							"post": [52.5, 0, 0],
							"lerp_mode": "catmullrom"
						},
						"0.5": {
							"post": [44, 0, 0],
							"lerp_mode": "catmullrom"
						},
						"0.75": {
							"post": [29, 0, 0],
							"lerp_mode": "catmullrom"
						},
						"1.0": [-15, 0, 0]
					}
				}
			}
		}
	}
}