{
	"format_version": "1.8.0",
	"animations": {
		"animation.wacky_animals_duck_walk": {
			"loop": true,
			"animation_length": 1,
			"bones": {
				"root": {
					"position": {
						"0.0": {
							"post": [0, 0.4, 0],
							"lerp_mode": "catmullrom"
						},
						"0.25": {
							"post": [0, -0.5, 0],
							"lerp_mode": "catmullrom"
						},
						"0.5": {
							"post": [0, 0.4, 0],
							"lerp_mode": "catmullrom"
						},
						"0.75": {
							"post": [0, -0.5, 0],
							"lerp_mode": "catmullrom"
						},
						"1.0": [0, 0.4, 0]
					}
				},
				"body": {
					"rotation": {
						"0.0": {
							"post": [-6.01777, -2.51074, -4.76374],
							"lerp_mode": "catmullrom"
						},
						"0.25": {
							"post": [1.3703, 1.42586, -2.16638],
							"lerp_mode": "catmullrom"
						},
						"0.5": {
							"post": [-6.01777, 2.51074, 4.76374],
							"lerp_mode": "catmullrom"
						},
						"0.75": {
							"post": [1.3703, -1.42586, 2.16638],
							"lerp_mode": "catmullrom"
						},
						"1.0": [-6.01777, -2.51074, -4.76374]
					}
				},
				"leg1": {
					"rotation": {
						"0.0": {
							"post": [-42.24307, -11.71446, -6.94043],
							"lerp_mode": "catmullrom"
						},
						"0.25": {
							"post": [-15.43054, 0.53473, 2.58061],
							"lerp_mode": "catmullrom"
						},
						"0.5": {
							"post": [7.3183, -8.73047, -6.99456],
							"lerp_mode": "catmullrom"
						},
						"0.75": {
							"post": [50.71287, -13.75575, -13.23377],
							"lerp_mode": "catmullrom"
						},
						"0.875": {
							"post": [-11.20833, -7.00894, -26.89976],
							"lerp_mode": "catmullrom"
						},
						"1.0": [-42.24307, -11.71446, -6.94043]
					}
				},
				"wingleft": {
					"rotation": {
						"0.0": {
							"post": [-12.01599, 2.93438, -0.62428],
							"lerp_mode": "catmullrom"
						},
						"0.25": {
							"post": [0.48339, 0.43447, -0.64539],
							"lerp_mode": "catmullrom"
						},
						"0.5": {
							"post": [-3.20946, 2.99269, -4.00547],
							"lerp_mode": "catmullrom"
						},
						"0.75": {
							"post": [1.79054, 2.99269, -4.00547],
							"lerp_mode": "catmullrom"
						},
						"1.0": [-12.01599, 2.93438, -0.62428]
					}
				},
				"neck": {
					"rotation": {
						"0.0": {
							"post": [7, 0, 0],
							"lerp_mode": "catmullrom"
						},
						"0.25": {
							"post": [2, 0, 0],
							"lerp_mode": "catmullrom"
						},
						"0.375": {
							"post": [12.0111, -2.44534, -0.5201],
							"lerp_mode": "catmullrom"
						},
						"0.5": {
							"post": [7, 0, 0],
							"lerp_mode": "catmullrom"
						},
						"0.75": {
							"post": [2, 0, 0],
							"lerp_mode": "catmullrom"
						},
						"0.875": {
							"post": [12.0111, 2.44534, 0.5201],
							"lerp_mode": "catmullrom"
						},
						"1.0": [7, 0, 0]
					}
				},
				"head": {
					"rotation": {
						"0.0": {
							"post": [5, 0, 0],
							"lerp_mode": "catmullrom"
						},
						"0.25": {
							"post": [-5, 0, 0],
							"lerp_mode": "catmullrom"
						},
						"0.5": {
							"post": [5, 0, 0],
							"lerp_mode": "catmullrom"
						},
						"0.75": {
							"post": [-5, 0, 0],
							"lerp_mode": "catmullrom"
						},
						"1.0": [5, 0, 0]
					}
				},
				"beak": {
					"rotation": {
						"0.0": {
							"post": [-10, 0, 0],
							"lerp_mode": "catmullrom"
						},
						"0.25": {
							"post": [7.5, 0, 0],
							"lerp_mode": "catmullrom"
						},
						"0.5": {
							"post": [-10, 0, 0],
							"lerp_mode": "catmullrom"
						},
						"0.75": {
							"post": [7.5, 0, 0],
							"lerp_mode": "catmullrom"
						},
						"1.0": [-10, 0, 0]
					}
				},
				"jaw": {
					"rotation": {
						"0.0": {
							"post": [25, 0, 0],
							"lerp_mode": "catmullrom"
						},
						"0.25": {
							"post": [22.5, 0, 0],
							"lerp_mode": "catmullrom"
						},
						"0.5": {
							"post": [25, 0, 0],
							"lerp_mode": "catmullrom"
						},
						"0.75": {
							"post": [22.5, 0, 0],
							"lerp_mode": "catmullrom"
						},
						"1.0": [25, 0, 0]
					}
				},
				"leg2": {
					"rotation": {
						"0.0": {
							"post": [7.3183, 8.73047, 6.99456],
							"lerp_mode": "catmullrom"
						},
						"0.25": {
							"post": [50.71287, 13.75575, 13.23377],
							"lerp_mode": "catmullrom"
						},
						"0.375": {
							"post": [-11.20833, 7.00894, 26.89976],
							"lerp_mode": "catmullrom"
						},
						"0.5": {
							"post": [-42.24307, 11.71446, 6.94043],
							"lerp_mode": "catmullrom"
						},
						"0.75": {
							"post": [-15.43054, -0.53473, -2.58061],
							"lerp_mode": "catmullrom"
						},
						"1.0": [7.3183, 8.73047, 6.99456]
					}
				},
				"wingright": {
					"rotation": {
						"0.0": {
							"post": [-3.20946, -2.99269, 4.00547],
							"lerp_mode": "catmullrom"
						},
						"0.25": {
							"post": [1.79054, -2.99269, 4.00547],
							"lerp_mode": "catmullrom"
						},
						"0.5": {
							"post": [-12.01599, -2.93438, 0.62428],
							"lerp_mode": "catmullrom"
						},
						"0.75": {
							"post": [0.48339, -0.43447, 0.64539],
							"lerp_mode": "catmullrom"
						},
						"1.0": [-3.20946, -2.99269, 4.00547]
					}
				}
			}
		},
		"animation.wacky_animals_duck_idle": {
			"loop": true,
			"animation_length": 4,
			"bones": {
				"body": {
					"rotation": [0, 0, "Math.cos((query.anim_time - 1.75) * 180) * 2"]
				},
				"leg2": {
					"rotation": [0, 0, "-Math.cos((query.anim_time - 1.75) * 180) * 2"]
				},
				"wingright": {
					"rotation": {
						"3.45": [0, 0, 0],
						"3.5": [0, -12.5, 0],
						"3.55": [0, -16, 0],
						"3.65": [0, 0, 0],
						"3.75": [0, -10, 0],
						"3.8": [0, -12, 0],
						"3.9": [0, 0, 0]
					}
				},
				"wingleft": {
					"rotation": {
						"3.45": [0, 0, 0],
						"3.5": [0, 12.5, 0],
						"3.55": [0, 16, 0],
						"3.65": [0, 0, 0],
						"3.75": [0, 10, 0],
						"3.8": [0, 12, 0],
						"3.9": [0, 0, 0]
					}
				},
				"neck": {
					"rotation": ["Math.cos((query.anim_time - 1) * 90) * 3", 0, "Math.cos((query.anim_time - 1) * 180) * 8"]
				},
				"head": {
					"rotation": [0, 0, "Math.cos((query.anim_time - 1.2) * 180) * 7"]
				}
			}
		}
	}
}