{
	"format_version": "1.8.0",
	"animations": {
		"animation.wacky_animals_elephant_walk": {
			"loop": true,
			"animation_length": 1,
			"bones": {
				"root": {
					"position": {
						"0.0": {
							"post": [0, -1.3, 0],
							"lerp_mode": "catmullrom"
						},
						"0.25": {
							"post": [0, -0.8, 0],
							"lerp_mode": "catmullrom"
						},
						"0.5": {
							"post": [0, -1.3, 0],
							"lerp_mode": "catmullrom"
						},
						"0.75": {
							"post": [0, -0.8, 0],
							"lerp_mode": "catmullrom"
						},
						"1.0": [0, -1.3, 0]
					}
				},
				"body": {
					"rotation": {
						"0.0": {
							"post": [0, 0, 0],
							"lerp_mode": "catmullrom"
						},
						"0.25": {
							"post": [0, 0, 0],
							"lerp_mode": "catmullrom"
						},
						"0.5": {
							"post": [0, 0, 0],
							"lerp_mode": "catmullrom"
						},
						"0.75": {
							"post": [0, 0, 0],
							"lerp_mode": "catmullrom"
						},
						"1.0": [0, 0, 0]
					}
				},
				"leg_right": {
					"rotation": {
						"0.0": {
							"post": [20, 0, 0],
							"lerp_mode": "catmullrom"
						},
						"0.25": {
							"post": [11, 0, 0],
							"lerp_mode": "catmullrom"
						},
						"0.5": {
							"post": [-17.5, 0, 0],
							"lerp_mode": "catmullrom"
						},
						"0.75": {
							"post": [9, 0, 0],
							"lerp_mode": "catmullrom"
						},
						"1.0": [20, 0, 0]
					}
				},
				"legfore_right": {
					"rotation": {
						"0.0": {
							"post": [-7.5, 0, 0],
							"lerp_mode": "catmullrom"
						},
						"0.25": {
							"post": [-45, 0, 0],
							"lerp_mode": "catmullrom"
						},
						"0.5": {
							"post": [-2.5, 0, 0],
							"lerp_mode": "catmullrom"
						},
						"0.75": {
							"post": [-14.5, 0, 0],
							"lerp_mode": "catmullrom"
						},
						"1.0": [-7.5, 0, 0]
					}
				},
				"head": {
					"rotation": {
						"0.0": {
							"post": [2.49046, 4.99523, -0.21865],
							"lerp_mode": "catmullrom"
						},
						"0.25": {
							"post": [2.48138, 0.99899, -0.39235],
							"lerp_mode": "catmullrom"
						},
						"0.5": {
							"post": [2.49046, -4.99523, 0.21865],
							"lerp_mode": "catmullrom"
						},
						"0.75": {
							"post": [2.48138, -0.99899, 0.39235],
							"lerp_mode": "catmullrom"
						},
						"1.0": [2.49046, 4.99523, -0.21865]
					}
				},
				"nose": {
					"rotation": {
						"0.0": {
							"post": [-17.5, 0, 0],
							"lerp_mode": "catmullrom"
						},
						"0.25": {
							"post": [-22.5, 0, 0],
							"lerp_mode": "catmullrom"
						},
						"0.5": {
							"post": [-17.5, 0, 0],
							"lerp_mode": "catmullrom"
						},
						"0.75": {
							"post": [-22.5, 0, 0],
							"lerp_mode": "catmullrom"
						},
						"1.0": [-17.5, 0, 0]
					}
				},
				"nose2": {
					"rotation": {
						"0.0": {
							"post": [17.5, 0, 0],
							"lerp_mode": "catmullrom"
						},
						"0.25": {
							"post": [20, 0, 0],
							"lerp_mode": "catmullrom"
						},
						"0.5": {
							"post": [17.5, 0, 0],
							"lerp_mode": "catmullrom"
						},
						"0.75": {
							"post": [20, 0, 0],
							"lerp_mode": "catmullrom"
						},
						"1.0": [17.5, 0, 0]
					}
				},
				"nose3": {
					"rotation": {
						"0.0": {
							"post": [27.5, 0, 0],
							"lerp_mode": "catmullrom"
						},
						"0.25": {
							"post": [34.5, 0, 0],
							"lerp_mode": "catmullrom"
						},
						"0.5": {
							"post": [27.5, 0, 0],
							"lerp_mode": "catmullrom"
						},
						"0.75": {
							"post": [34.5, 0, 0],
							"lerp_mode": "catmullrom"
						},
						"1.0": [27.5, 0, 0]
					}
				},
				"nose4": {
					"rotation": {
						"0.0": {
							"post": [77.5, 0, 0],
							"lerp_mode": "catmullrom"
						},
						"0.25": {
							"post": [83.5, 0, 0],
							"lerp_mode": "catmullrom"
						},
						"0.5": {
							"post": [77.5, 0, 0],
							"lerp_mode": "catmullrom"
						},
						"0.75": {
							"post": [83.5, 0, 0],
							"lerp_mode": "catmullrom"
						},
						"1.0": [77.5, 0, 0]
					}
				},
				"nose5": {
					"rotation": {
						"0.0": {
							"post": [15, 0, 0],
							"lerp_mode": "catmullrom"
						},
						"0.25": {
							"post": [23, 0, 0],
							"lerp_mode": "catmullrom"
						},
						"0.5": {
							"post": [15, 0, 0],
							"lerp_mode": "catmullrom"
						},
						"0.75": {
							"post": [23, 0, 0],
							"lerp_mode": "catmullrom"
						},
						"1.0": [15, 0, 0]
					}
				},
				"leg_right1": {
					"rotation": {
						"0.0": {
							"post": [-21.5, 0, 0],
							"lerp_mode": "catmullrom"
						},
						"0.25": {
							"post": [-9, 0, 0],
							"lerp_mode": "catmullrom"
						},
						"0.5": {
							"post": [17.5, 0, 0],
							"lerp_mode": "catmullrom"
						},
						"0.6667": {
							"post": [-20, 0, 0],
							"lerp_mode": "catmullrom"
						},
						"0.8333": {
							"post": [-22.5, 0, 0],
							"lerp_mode": "catmullrom"
						},
						"1.0": [-21.5, 0, 0]
					}
				},
				"legfore_right2": {
					"rotation": {
						"0.0": {
							"post": [14.5, 0, 0],
							"lerp_mode": "catmullrom"
						},
						"0.25": {
							"post": [19.5, 0, 0],
							"lerp_mode": "catmullrom"
						},
						"0.5": {
							"post": [0, 0, 0],
							"lerp_mode": "catmullrom"
						},
						"0.6667": {
							"post": [37.5, 0, 0],
							"lerp_mode": "catmullrom"
						},
						"0.8333": {
							"post": [20, 0, 0],
							"lerp_mode": "catmullrom"
						},
						"1.0": [14.5, 0, 0]
					}
				},
				"sole_right": {
					"rotation": {
						"0.0": {
							"post": [-12.5, 0, 0],
							"lerp_mode": "catmullrom"
						},
						"0.1667": {
							"post": [9.53, 0, 0],
							"lerp_mode": "catmullrom"
						},
						"0.3333": {
							"post": [25, 0, 0],
							"lerp_mode": "catmullrom"
						},
						"0.5": {
							"post": [12.5, 0, 0],
							"lerp_mode": "catmullrom"
						},
						"0.75": {
							"post": [4.5, 0, 0],
							"lerp_mode": "catmullrom"
						},
						"1.0": [-12.5, 0, 0]
					}
				},
				"sole_right2": {
					"rotation": {
						"0.0": {
							"post": [7.5, 0, 0],
							"lerp_mode": "catmullrom"
						},
						"0.25": {
							"post": [-10, 0, 0],
							"lerp_mode": "catmullrom"
						},
						"0.5": {
							"post": [-15, 0, 0],
							"lerp_mode": "catmullrom"
						},
						"0.6667": {
							"post": [-7.5, 0, 0],
							"lerp_mode": "catmullrom"
						},
						"0.8333": {
							"post": [-7.5, 0, 0],
							"lerp_mode": "catmullrom"
						},
						"1.0": [7.5, 0, 0]
					}
				},
				"leg_left": {
					"rotation": {
						"0.0": {
							"post": [-17.5, 0, 0],
							"lerp_mode": "catmullrom"
						},
						"0.25": {
							"post": [9, 0, 0],
							"lerp_mode": "catmullrom"
						},
						"0.5": {
							"post": [20, 0, 0],
							"lerp_mode": "catmullrom"
						},
						"0.75": {
							"post": [11, 0, 0],
							"lerp_mode": "catmullrom"
						},
						"1.0": [-17.5, 0, 0]
					}
				},
				"legfore_left": {
					"rotation": {
						"0.0": {
							"post": [-2.5, 0, 0],
							"lerp_mode": "catmullrom"
						},
						"0.25": {
							"post": [-14.5, 0, 0],
							"lerp_mode": "catmullrom"
						},
						"0.5": {
							"post": [-7.5, 0, 0],
							"lerp_mode": "catmullrom"
						},
						"0.75": {
							"post": [-45, 0, 0],
							"lerp_mode": "catmullrom"
						},
						"1.0": [-2.5, 0, 0]
					}
				},
				"sole_left": {
					"rotation": {
						"0.0": {
							"post": [12.5, 0, 0],
							"lerp_mode": "catmullrom"
						},
						"0.25": {
							"post": [4.5, 0, 0],
							"lerp_mode": "catmullrom"
						},
						"0.5": {
							"post": [-12.5, 0, 0],
							"lerp_mode": "catmullrom"
						},
						"0.6667": {
							"post": [9.53, 0, 0],
							"lerp_mode": "catmullrom"
						},
						"0.8333": {
							"post": [25, 0, 0],
							"lerp_mode": "catmullrom"
						},
						"1.0": [12.5, 0, 0]
					}
				},
				"leg_left1": {
					"rotation": {
						"0.0": {
							"post": [17.5, 0, 0],
							"lerp_mode": "catmullrom"
						},
						"0.1667": {
							"post": [-20, 0, 0],
							"lerp_mode": "catmullrom"
						},
						"0.3333": {
							"post": [-22.5, 0, 0],
							"lerp_mode": "catmullrom"
						},
						"0.5": {
							"post": [-21.5, 0, 0],
							"lerp_mode": "catmullrom"
						},
						"0.75": {
							"post": [-9, 0, 0],
							"lerp_mode": "catmullrom"
						},
						"1.0": [17.5, 0, 0]
					}
				},
				"legfore_left2": {
					"rotation": {
						"0.0": {
							"post": [0, 0, 0],
							"lerp_mode": "catmullrom"
						},
						"0.1667": {
							"post": [37.5, 0, 0],
							"lerp_mode": "catmullrom"
						},
						"0.3333": {
							"post": [20, 0, 0],
							"lerp_mode": "catmullrom"
						},
						"0.5": {
							"post": [14.5, 0, 0],
							"lerp_mode": "catmullrom"
						},
						"0.75": {
							"post": [19.5, 0, 0],
							"lerp_mode": "catmullrom"
						},
						"1.0": [0, 0, 0]
					}
				},
				"sole_left2": {
					"rotation": {
						"0.0": {
							"post": [-15, 0, 0],
							"lerp_mode": "catmullrom"
						},
						"0.1667": {
							"post": [-7.5, 0, 0],
							"lerp_mode": "catmullrom"
						},
						"0.3333": {
							"post": [-7.5, 0, 0],
							"lerp_mode": "catmullrom"
						},
						"0.5": {
							"post": [7.5, 0, 0],
							"lerp_mode": "catmullrom"
						},
						"0.75": {
							"post": [-10, 0, 0],
							"lerp_mode": "catmullrom"
						},
						"1.0": [-15, 0, 0]
					}
				},
				"tail1": {
					"rotation": {
						"0.0": {
							"post": [-67.92277, -6.06809, 7.96341],
							"lerp_mode": "catmullrom"
						},
						"0.25": {
							"post": [-68.22, -8.51, 11.23],
							"lerp_mode": "catmullrom"
						},
						"0.5": {
							"post": [-67.92277, 6.06809, -7.96341],
							"lerp_mode": "catmullrom"
						},
						"0.75": {
							"post": [-68.22, 8.51, -11.23],
							"lerp_mode": "catmullrom"
						},
						"1.0": [-67.92277, -6.06809, 7.96341]
					}
				},
				"tail2": {
					"rotation": {
						"0.0": {
							"post": [0, 10, 0],
							"lerp_mode": "catmullrom"
						},
						"0.25": {
							"post": [0, 0, 0],
							"lerp_mode": "catmullrom"
						},
						"0.5": {
							"post": [0, -10, 0],
							"lerp_mode": "catmullrom"
						},
						"0.75": {
							"post": [0, 0, 0],
							"lerp_mode": "catmullrom"
						},
						"1.0": [0, 10, 0]
					}
				},
				"tail3": {
					"rotation": {
						"0.0": {
							"post": [0, 17.5, 0],
							"lerp_mode": "catmullrom"
						},
						"0.25": {
							"post": [0, 2.81, 0],
							"lerp_mode": "catmullrom"
						},
						"0.5": {
							"post": [0, -17.5, 0],
							"lerp_mode": "catmullrom"
						},
						"0.75": {
							"post": [0, -2.81, 0],
							"lerp_mode": "catmullrom"
						},
						"1.0": [0, 17.5, 0]
					}
				}
			}
		},
		"animation.wacky_animals_elephant_idle": {
			"loop": true,
			"animation_length": 8,
			"bones": {
				"body": {
					"rotation": ["-2.5-Math.cos((query.anim_time - 0.5) * 90) * 2", 0, 0]
				},
				"head": {
					"rotation": [0, 0, "-Math.cos((query.anim_time - 1.75) * 180) * 2"]
				},
				"nose": {
					"rotation": [-15, 0, "-Math.cos((query.anim_time - 2) * 180) * 2"]
				},
				"nose2": {
					"rotation": [10, 0, "-Math.cos((query.anim_time - 2.2) * 180) * 2"]
				},
				"nose3": {
					"rotation": [27.5, 0, "-Math.cos((query.anim_time - 2.4) * 180) * 2"]
				},
				"nose4": {
					"rotation": [77.5, 0, 0]
				},
				"nose5": {
					"rotation": [15, 0, 0]
				},
				"tail1": {
					"rotation": [-82.5, 0, "-Math.cos((query.anim_time - 0) * 90) * 2"]
				},
				"tail2": {
					"rotation": [-7.5, "-Math.cos((query.anim_time - 0.25) * 90) * 1", 0]
				}
			}
		}
	}
}