{
	"format_version": "1.8.0",
	"animations": {
		"animation.wacky_animals_giraffe_idle": {
			"loop": true,
			"animation_length": 4,
			"bones": {
				"body": {
					"rotation": ["-1.5-Math.cos((query.anim_time - 0.5) * 90) * 2", 0, 0]
				},
				"tail1": {
					"rotation": [-62.5, 0, "Math.cos((query.anim_time - 0.5) * 180) * 2"]
				},
				"tail2": {
					"rotation": [-27.5, 0, "Math.cos((query.anim_time - 0.6) * 180) * 2"]
				},
				"tail3": {
					"rotation": [0, 0, 0]
				},
				"neck": {
					"rotation": [0, 0, "Math.cos((query.anim_time - 0) * 180) * 2"]
				},
				"neck2": {
					"rotation": [0, 0, "Math.cos((query.anim_time - 0.2) * 180) * 2"]
				},
				"neck3": {
					"rotation": [0, 0, "Math.cos((query.anim_time - 0.4) * 180) * 2"]
				},
				"head": {
					"rotation": [0, "Math.cos((query.anim_time - 0.1) * 180) * 3", 0]
				}
			}
		},
		"animation.wacky_animals_giraffe_walk": {
			"loop": true,
			"animation_length": 1,
			"bones": {
				"root": {
					"position": {
						"0.0": {
							"post": [0, -2.4, 0],
							"lerp_mode": "catmullrom"
						},
						"0.125": {
							"post": [0, -0.9, 0],
							"lerp_mode": "catmullrom"
						},
						"0.25": {
							"post": [0, -0.2, 0],
							"lerp_mode": "catmullrom"
						},
						"0.5": {
							"post": [0, -2.4, 0],
							"lerp_mode": "catmullrom"
						},
						"0.625": {
							"post": [0, -0.9, 0],
							"lerp_mode": "catmullrom"
						},
						"0.75": {
							"post": [0, -0.2, 0],
							"lerp_mode": "catmullrom"
						},
						"1.0": [0, -2.4, 0]
					}
				},
				"leg_left": {
					"rotation": {
						"0.0": {
							"post": [-39, 0, 0],
							"lerp_mode": "catmullrom"
						},
						"0.25": {
							"post": [-8.63655, 1.06811, 1.35186],
							"lerp_mode": "catmullrom"
						},
						"0.5": {
							"post": [9.00951, -2.97762, -0.36594],
							"lerp_mode": "catmullrom"
						},
						"0.75": {
							"post": [-7.99049, -2.97762, -0.36594],
							"lerp_mode": "catmullrom"
						},
						"1.0": [-39, 0, 0]
					}
				},
				"legfore_left2": {
					"rotation": {
						"0.0": {
							"post": [32.5, 0, 0],
							"lerp_mode": "catmullrom"
						},
						"0.25": {
							"post": [10, 0, 0],
							"lerp_mode": "catmullrom"
						},
						"0.5": {
							"post": [5, 0, 0],
							"lerp_mode": "catmullrom"
						},
						"0.75": {
							"post": [32.5, 0, 0],
							"lerp_mode": "catmullrom"
						},
						"1.0": [32.5, 0, 0]
					}
				},
				"arm_left": {
					"rotation": {
						"0.0": {
							"post": [10, 0, 0],
							"lerp_mode": "catmullrom"
						},
						"0.25": {
							"post": [-20, 0, 0],
							"lerp_mode": "catmullrom"
						},
						"0.5": {
							"post": [-30, 0, 0],
							"lerp_mode": "catmullrom"
						},
						"0.75": {
							"post": [-5, 0, 0],
							"lerp_mode": "catmullrom"
						},
						"1.0": [10, 0, 0]
					}
				},
				"arm_left_2": {
					"rotation": {
						"0.0": {
							"post": [10.5, 0, 0],
							"lerp_mode": "catmullrom"
						},
						"0.25": {
							"post": [28, 0, 0],
							"lerp_mode": "catmullrom"
						},
						"0.5": {
							"post": [2.5, 0, 0],
							"lerp_mode": "catmullrom"
						},
						"0.75": {
							"post": [-2.5, 0, 0],
							"lerp_mode": "catmullrom"
						},
						"1.0": [10.5, 0, 0]
					}
				},
				"tail1": {
					"rotation": {
						"0.0": {
							"post": [-60.0945, 2.49762, -4.33287],
							"lerp_mode": "catmullrom"
						},
						"0.25": {
							"post": [-60.30639, 4.4861, -7.81023],
							"lerp_mode": "catmullrom"
						},
						"0.5": {
							"post": [-60.0945, -2.49762, 4.33287],
							"lerp_mode": "catmullrom"
						},
						"0.75": {
							"post": [-60.30639, -4.4861, 7.81023],
							"lerp_mode": "catmullrom"
						},
						"1.0": [-60.0945, 2.49762, -4.33287]
					}
				},
				"tail2": {
					"rotation": {
						"0.0": {
							"post": [-10.03742, 4.92385, -0.87038],
							"lerp_mode": "catmullrom"
						},
						"0.25": {
							"post": [-10.12209, 8.86216, -1.57542],
							"lerp_mode": "catmullrom"
						},
						"0.5": {
							"post": [-10.03742, -4.92385, 0.87038],
							"lerp_mode": "catmullrom"
						},
						"0.75": {
							"post": [-10.12209, -8.86216, 1.57542],
							"lerp_mode": "catmullrom"
						},
						"1.0": [-10.03742, 4.92385, -0.87038]
					}
				},
				"tail3": {
					"rotation": {
						"0.0": {
							"post": [-7.61435, -9.91358, 1.31845],
							"lerp_mode": "catmullrom"
						},
						"0.25": {
							"post": [-7.63873, 10.90474, -1.45338],
							"lerp_mode": "catmullrom"
						},
						"0.5": {
							"post": [-7.61435, 9.91358, -1.31845],
							"lerp_mode": "catmullrom"
						},
						"0.75": {
							"post": [-7.63873, -10.90474, 1.45338],
							"lerp_mode": "catmullrom"
						},
						"1.0": [-7.61435, -9.91358, 1.31845]
					}
				},
				"neck": {
					"rotation": {
						"0.0": {
							"post": [1.26923, -7.16781, 5.79816],
							"lerp_mode": "catmullrom"
						},
						"0.25": {
							"post": [3, 0, 0],
							"lerp_mode": "catmullrom"
						},
						"0.5": {
							"post": [1.26923, 7.16781, -5.79816],
							"lerp_mode": "catmullrom"
						},
						"0.75": {
							"post": [3, 0, 0],
							"lerp_mode": "catmullrom"
						},
						"1.0": [1.26923, -7.16781, 5.79816]
					}
				},
				"neck2": {
					"rotation": {
						"0.0": {
							"post": [0, -5, 4],
							"lerp_mode": "catmullrom"
						},
						"0.25": {
							"post": [2.00053, -5.17125, 4.82265],
							"lerp_mode": "catmullrom"
						},
						"0.5": {
							"post": [0, 5, -4],
							"lerp_mode": "catmullrom"
						},
						"0.75": {
							"post": [2.00053, 5.17125, -4.82265],
							"lerp_mode": "catmullrom"
						},
						"1.0": [0, -5, 4]
					}
				},
				"neck3": {
					"rotation": {
						"0.0": {
							"post": [5.28656, -3.36256, 3.70058],
							"lerp_mode": "catmullrom"
						},
						"0.25": {
							"post": [9.52996, -5.42631, 2.1321],
							"lerp_mode": "catmullrom"
						},
						"0.5": {
							"post": [5.28656, 3.36256, -3.70058],
							"lerp_mode": "catmullrom"
						},
						"0.75": {
							"post": [9.52996, 5.42631, -2.1321],
							"lerp_mode": "catmullrom"
						},
						"1.0": [5.28656, -3.36256, 3.70058]
					}
				},
				"head": {
					"rotation": {
						"0.0": {
							"post": [11.89198, -11.3423, -3.40086],
							"lerp_mode": "catmullrom"
						},
						"0.25": {
							"post": [2.33294, -11.07423, 1.54228],
							"lerp_mode": "catmullrom"
						},
						"0.5": {
							"post": [11.89198, 11.3423, 3.40086],
							"lerp_mode": "catmullrom"
						},
						"0.75": {
							"post": [2.33294, 11.07423, -1.54228],
							"lerp_mode": "catmullrom"
						},
						"1.0": [11.89198, -11.3423, -3.40086]
					}
				},
				"legfore_left": {
					"rotation": {
						"0.0": {
							"post": [7, 0, 0],
							"lerp_mode": "catmullrom"
						},
						"0.25": {
							"post": [4.5, 0, 0],
							"lerp_mode": "catmullrom"
						},
						"0.5": {
							"post": [10, 0, 0],
							"lerp_mode": "catmullrom"
						},
						"0.75": {
							"post": [6.5, 0, 0],
							"lerp_mode": "catmullrom"
						},
						"1.0": [7, 0, 0]
					}
				},
				"sole_left": {
					"rotation": {
						"0.0": {
							"post": [-5, 0, 0],
							"lerp_mode": "catmullrom"
						},
						"0.25": {
							"post": [-5, 0, 0],
							"lerp_mode": "catmullrom"
						},
						"0.5": {
							"post": [-10, 0, 0],
							"lerp_mode": "catmullrom"
						},
						"0.75": {
							"post": [-25, 0, 0],
							"lerp_mode": "catmullrom"
						},
						"1.0": [-5, 0, 0]
					}
				},
				"armfore_left": {
					"rotation": {
						"0.0": {
							"post": [4.5, 0, 0],
							"lerp_mode": "catmullrom"
						},
						"0.25": {
							"post": [7, 0, 0],
							"lerp_mode": "catmullrom"
						},
						"0.5": {
							"post": [7.5, 0, 0],
							"lerp_mode": "catmullrom"
						},
						"0.75": {
							"post": [5, 0, 0],
							"lerp_mode": "catmullrom"
						},
						"1.0": [4.5, 0, 0]
					}
				},
				"hand_left": {
					"rotation": {
						"0.0": {
							"post": [-24, 0, 0],
							"lerp_mode": "catmullrom"
						},
						"0.25": {
							"post": [16, 0, 0],
							"lerp_mode": "catmullrom"
						},
						"0.5": {
							"post": [10, 0, 0],
							"lerp_mode": "catmullrom"
						},
						"0.75": {
							"post": [2.5, 0, 0],
							"lerp_mode": "catmullrom"
						},
						"1.0": [-24, 0, 0]
					}
				},
				"arm_right": {
					"rotation": {
						"0.0": {
							"post": [-30, 0, 0],
							"lerp_mode": "catmullrom"
						},
						"0.25": {
							"post": [-5, 0, 0],
							"lerp_mode": "catmullrom"
						},
						"0.5": {
							"post": [10, 0, 0],
							"lerp_mode": "catmullrom"
						},
						"0.75": {
							"post": [-20, 0, 0],
							"lerp_mode": "catmullrom"
						},
						"1.0": [-30, 0, 0]
					}
				},
				"armfore_right": {
					"rotation": {
						"0.0": {
							"post": [7.5, 0, 0],
							"lerp_mode": "catmullrom"
						},
						"0.25": {
							"post": [5, 0, 0],
							"lerp_mode": "catmullrom"
						},
						"0.5": {
							"post": [4.5, 0, 0],
							"lerp_mode": "catmullrom"
						},
						"0.75": {
							"post": [7, 0, 0],
							"lerp_mode": "catmullrom"
						},
						"1.0": [7.5, 0, 0]
					}
				},
				"arm_right_2": {
					"rotation": {
						"0.0": {
							"post": [2.5, 0, 0],
							"lerp_mode": "catmullrom"
						},
						"0.25": {
							"post": [-2.5, 0, 0],
							"lerp_mode": "catmullrom"
						},
						"0.5": {
							"post": [10.5, 0, 0],
							"lerp_mode": "catmullrom"
						},
						"0.75": {
							"post": [28, 0, 0],
							"lerp_mode": "catmullrom"
						},
						"1.0": [2.5, 0, 0]
					}
				},
				"hand_right": {
					"rotation": {
						"0.0": {
							"post": [10, 0, 0],
							"lerp_mode": "catmullrom"
						},
						"0.25": {
							"post": [2.5, 0, 0],
							"lerp_mode": "catmullrom"
						},
						"0.5": {
							"post": [-24, 0, 0],
							"lerp_mode": "catmullrom"
						},
						"0.75": {
							"post": [16, 0, 0],
							"lerp_mode": "catmullrom"
						},
						"1.0": [10, 0, 0]
					}
				},
				"leg_right": {
					"rotation": {
						"0.0": {
							"post": [9.00951, 2.97762, 0.36594],
							"lerp_mode": "catmullrom"
						},
						"0.25": {
							"post": [-7.99049, 2.97762, 0.36594],
							"lerp_mode": "catmullrom"
						},
						"0.5": {
							"post": [-39, 0, 0],
							"lerp_mode": "catmullrom"
						},
						"0.75": {
							"post": [-8.63655, -1.06811, -1.35186],
							"lerp_mode": "catmullrom"
						},
						"1.0": [9.00951, 2.97762, 0.36594]
					}
				},
				"legfore_right": {
					"rotation": {
						"0.0": {
							"post": [10, 0, 0],
							"lerp_mode": "catmullrom"
						},
						"0.25": {
							"post": [6.5, 0, 0],
							"lerp_mode": "catmullrom"
						},
						"0.5": {
							"post": [7, 0, 0],
							"lerp_mode": "catmullrom"
						},
						"0.75": {
							"post": [4.5, 0, 0],
							"lerp_mode": "catmullrom"
						},
						"1.0": [10, 0, 0]
					}
				},
				"legfore_right2": {
					"rotation": {
						"0.0": {
							"post": [5, 0, 0],
							"lerp_mode": "catmullrom"
						},
						"0.25": {
							"post": [32.5, 0, 0],
							"lerp_mode": "catmullrom"
						},
						"0.5": {
							"post": [32.5, 0, 0],
							"lerp_mode": "catmullrom"
						},
						"0.75": {
							"post": [10, 0, 0],
							"lerp_mode": "catmullrom"
						},
						"1.0": [5, 0, 0]
					}
				},
				"sole_right": {
					"rotation": {
						"0.0": {
							"post": [-10, 0, 0],
							"lerp_mode": "catmullrom"
						},
						"0.25": {
							"post": [-25, 0, 0],
							"lerp_mode": "catmullrom"
						},
						"0.5": {
							"post": [-5, 0, 0],
							"lerp_mode": "catmullrom"
						},
						"0.75": {
							"post": [-5, 0, 0],
							"lerp_mode": "catmullrom"
						},
						"1.0": [-10, 0, 0]
					}
				}
			}
		}
	}
}