{
	"format_version": "1.8.0",
	"animations": {
		"animation.wacky_animals_hawk_fly": {
			"loop": true,
			"animation_length": 1,
			"bones": {
				"root": {
					"position": {
						"0.0": {
							"post": [0, 0, -8],
							"lerp_mode": "catmullrom"
						},
						"0.25": {
							"post": [0, 3.1, -8.5],
							"lerp_mode": "catmullrom"
						},
						"0.5": {
							"post": [0, 4.6, -6.3],
							"lerp_mode": "catmullrom"
						},
						"0.75": {
							"post": [0, 2.5, -5.7],
							"lerp_mode": "catmullrom"
						},
						"1.0": [0, 0, -8]
					}
				},
				"body": {
					"rotation": {
						"0.0": {
							"post": [-20, 0, 0],
							"lerp_mode": "catmullrom"
						},
						"0.25": {
							"post": [-14.69, 0, 0],
							"lerp_mode": "catmullrom"
						},
						"0.5": {
							"post": [-15, 0, 0],
							"lerp_mode": "catmullrom"
						},
						"0.75": {
							"post": [-20, 0, 0],
							"lerp_mode": "catmullrom"
						},
						"1.0": [-20, 0, 0]
					}
				},
				"leg_right": {
					"rotation": {
						"0.0": {
							"post": [5, 0, 0],
							"lerp_mode": "catmullrom"
						},
						"0.25": {
							"post": [0, 0, 0],
							"lerp_mode": "catmullrom"
						},
						"0.5": {
							"post": [10, 0, 0],
							"lerp_mode": "catmullrom"
						},
						"0.75": {
							"post": [4, 0, 0],
							"lerp_mode": "catmullrom"
						},
						"1.0": [5, 0, 0]
					}
				},
				"head": {
					"rotation": {
						"0.0": {
							"post": [-4, 0, 0],
							"lerp_mode": "catmullrom"
						},
						"0.25": {
							"post": [-14, 0, 0],
							"lerp_mode": "catmullrom"
						},
						"0.5": {
							"post": [-21.5, 0, 0],
							"lerp_mode": "catmullrom"
						},
						"0.75": {
							"post": [-30.5, 0, 0],
							"lerp_mode": "catmullrom"
						},
						"1.0": [-4, 0, 0]
					}
				},
				"rightwing": {
					"rotation": {
						"0.0": {
							"post": [-7, 0, 55],
							"lerp_mode": "catmullrom"
						},
						"0.25": {
							"post": [-0.91818, -6.93982, -27.44432],
							"lerp_mode": "catmullrom"
						},
						"0.5": {
							"post": [1.82019, -6.76035, -50.10752],
							"lerp_mode": "catmullrom"
						},
						"0.75": {
							"post": [-3.24494, -6.20577, -7.32405],
							"lerp_mode": "catmullrom"
						},
						"1.0": [-7, 0, 55]
					}
				},
				"rightwing2": {
					"rotation": {
						"0.0": {
							"post": [0, 0, 41],
							"lerp_mode": "catmullrom"
						},
						"0.25": {
							"post": [0, 0, 43.5],
							"lerp_mode": "catmullrom"
						},
						"0.5": {
							"post": [0, 0, -51.5],
							"lerp_mode": "catmullrom"
						},
						"0.75": {
							"post": [0, 0, -54],
							"lerp_mode": "catmullrom"
						},
						"1.0": [0, 0, 41]
					}
				},
				"neck": {
					"rotation": {
						"0.0": {
							"post": [4, 0, 0],
							"lerp_mode": "catmullrom"
						},
						"0.25": {
							"post": [11.5, 0, 0],
							"lerp_mode": "catmullrom"
						},
						"0.5": {
							"post": [19, 0, 0],
							"lerp_mode": "catmullrom"
						},
						"0.75": {
							"post": [22, 0, 0],
							"lerp_mode": "catmullrom"
						},
						"1.0": [4, 0, 0]
					}
				},
				"neck2": {
					"rotation": {
						"0.0": {
							"post": [29, 0, 0],
							"lerp_mode": "catmullrom"
						},
						"0.25": {
							"post": [39, 0, 0],
							"lerp_mode": "catmullrom"
						},
						"0.5": {
							"post": [41.5, 0, 0],
							"lerp_mode": "catmullrom"
						},
						"0.75": {
							"post": [39.78994, -0.3227, -0.98092],
							"lerp_mode": "catmullrom"
						},
						"1.0": [29, 0, 0]
					}
				},
				"tail": {
					"rotation": {
						"0.0": {
							"post": [14, 0, 0],
							"lerp_mode": "catmullrom"
						},
						"0.25": {
							"post": [-11, 0, 0],
							"lerp_mode": "catmullrom"
						},
						"0.5": {
							"post": [-16, 0, 0],
							"lerp_mode": "catmullrom"
						},
						"0.75": {
							"post": [11.5, 0, 0],
							"lerp_mode": "catmullrom"
						},
						"1.0": [14, 0, 0]
					}
				},
				"tail2": {
					"rotation": {
						"0.0": {
							"post": [25, 0, 0],
							"lerp_mode": "catmullrom"
						},
						"0.25": {
							"post": [46.5, 0, 0],
							"lerp_mode": "catmullrom"
						},
						"0.5": {
							"post": [2, 0, 0],
							"lerp_mode": "catmullrom"
						},
						"0.75": {
							"post": [-22, 0, 0],
							"lerp_mode": "catmullrom"
						},
						"1.0": [25, 0, 0]
					}
				},
				"legfore_right": {
					"rotation": {
						"0.0": {
							"post": [-20, 0, 0],
							"lerp_mode": "catmullrom"
						},
						"0.25": {
							"post": [5, 0, 0],
							"lerp_mode": "catmullrom"
						},
						"0.5": {
							"post": [10, 0, 0],
							"lerp_mode": "catmullrom"
						},
						"0.75": {
							"post": [4, 0, 0],
							"lerp_mode": "catmullrom"
						},
						"1.0": [-20, 0, 0]
					}
				},
				"leftwing": {
					"rotation": {
						"0.0": {
							"post": [-7, 0, -55],
							"lerp_mode": "catmullrom"
						},
						"0.25": {
							"post": [-0.91818, 6.93982, 27.44432],
							"lerp_mode": "catmullrom"
						},
						"0.5": {
							"post": [1.82019, 6.76035, 50.10752],
							"lerp_mode": "catmullrom"
						},
						"0.75": {
							"post": [-3.24494, 6.20577, 7.32405],
							"lerp_mode": "catmullrom"
						},
						"1.0": [-7, 0, -55]
					}
				},
				"leftwing2": {
					"rotation": {
						"0.0": {
							"post": [0, 0, -41],
							"lerp_mode": "catmullrom"
						},
						"0.25": {
							"post": [0, 0, -43.5],
							"lerp_mode": "catmullrom"
						},
						"0.5": {
							"post": [0, 0, 51.5],
							"lerp_mode": "catmullrom"
						},
						"0.75": {
							"post": [0, 0, 54],
							"lerp_mode": "catmullrom"
						},
						"1.0": [0, 0, -41]
					}
				},
				"leg_left": {
					"rotation": {
						"0.0": {
							"post": [5, 0, 0],
							"lerp_mode": "catmullrom"
						},
						"0.25": {
							"post": [0, 0, 0],
							"lerp_mode": "catmullrom"
						},
						"0.5": {
							"post": [10, 0, 0],
							"lerp_mode": "catmullrom"
						},
						"0.75": {
							"post": [4, 0, 0],
							"lerp_mode": "catmullrom"
						},
						"1.0": [5, 0, 0]
					}
				},
				"legfore_left": {
					"rotation": {
						"0.0": {
							"post": [-20, 0, 0],
							"lerp_mode": "catmullrom"
						},
						"0.25": {
							"post": [5, 0, 0],
							"lerp_mode": "catmullrom"
						},
						"0.5": {
							"post": [10, 0, 0],
							"lerp_mode": "catmullrom"
						},
						"0.75": {
							"post": [4, 0, 0],
							"lerp_mode": "catmullrom"
						},
						"1.0": [-20, 0, 0]
					}
				}
			}
		}
	}
}