{
	"format_version": "1.8.0",
	"animations": {
		"animation.wacky_animals_hedgehog_walk": {
			"loop": true,
			"animation_length": 0.6667,
			"bones": {
				"root": {
					"position": {
						"0.0": {
							"post": [0, 0, 0],
							"lerp_mode": "catmullrom"
						},
						"0.1667": {
							"post": [0, 0.2, 0],
							"lerp_mode": "catmullrom"
						},
						"0.3333": {
							"post": [0, 0, 0],
							"lerp_mode": "catmullrom"
						},
						"0.5": {
							"post": [0, 0.2, 0],
							"lerp_mode": "catmullrom"
						},
						"0.6667": [0, 0, 0]
					}
				},
				"body": {
					"rotation": {
						"0.0": {
							"post": [0, 0, 1],
							"lerp_mode": "catmullrom"
						},
						"0.1667": {
							"post": [0, 0, -1.5],
							"lerp_mode": "catmullrom"
						},
						"0.3333": {
							"post": [0, 0, -1],
							"lerp_mode": "catmullrom"
						},
						"0.5": {
							"post": [0, 0, 1.5],
							"lerp_mode": "catmullrom"
						},
						"0.6667": [0, 0, 1]
					}
				},
				"head": {
					"rotation": {
						"0.0": {
							"post": [6.20074, -2.55801, -4.29584],
							"lerp_mode": "catmullrom"
						},
						"0.1667": {
							"post": [9.27986, 0.9838, 0.11318],
							"lerp_mode": "catmullrom"
						},
						"0.3333": {
							"post": [6.20074, 2.55801, 4.29584],
							"lerp_mode": "catmullrom"
						},
						"0.5": {
							"post": [9.27986, -0.9838, -0.11318],
							"lerp_mode": "catmullrom"
						},
						"0.6667": [6.20074, -2.55801, -4.29584]
					}
				},
				"jaw": {
					"rotation": {
						"0.0": {
							"post": [10, 0, 0],
							"lerp_mode": "catmullrom"
						},
						"0.1667": {
							"post": [5, 0, 0],
							"lerp_mode": "catmullrom"
						},
						"0.3333": {
							"post": [10, 0, 0],
							"lerp_mode": "catmullrom"
						},
						"0.5": {
							"post": [5, 0, 0],
							"lerp_mode": "catmullrom"
						},
						"0.6667": [10, 0, 0]
					}
				},
				"leg_left": {
					"rotation": {
						"0.0": {
							"post": [-11, 0, 0],
							"lerp_mode": "catmullrom"
						},
						"0.1667": {
							"post": [0, 0, 0],
							"lerp_mode": "catmullrom"
						},
						"0.3333": {
							"post": [10, 0, 0],
							"lerp_mode": "catmullrom"
						},
						"0.5": {
							"post": [16, 0, 0],
							"lerp_mode": "catmullrom"
						},
						"0.6667": [-11, 0, 0]
					},
					"position": {
						"0.0": {
							"post": [0, -0.5, -0.6],
							"lerp_mode": "catmullrom"
						},
						"0.1667": {
							"post": [0, -0.5, -0.3],
							"lerp_mode": "catmullrom"
						},
						"0.3333": {
							"post": [0, -0.4, 0.4],
							"lerp_mode": "catmullrom"
						},
						"0.5": {
							"post": [0, 0.1, -0.8],
							"lerp_mode": "catmullrom"
						},
						"0.6667": [0, -0.5, -0.6]
					}
				},
				"arm_left": {
					"rotation": {
						"0.0": {
							"post": [11, 0, 0],
							"lerp_mode": "catmullrom"
						},
						"0.1667": {
							"post": [18, 0, 0],
							"lerp_mode": "catmullrom"
						},
						"0.3333": {
							"post": [-11, 0, 0],
							"lerp_mode": "catmullrom"
						},
						"0.5": {
							"post": [1, 0, 0],
							"lerp_mode": "catmullrom"
						},
						"0.6667": [11, 0, 0]
					},
					"position": {
						"0.0": {
							"post": [0, -0.4, 0.8],
							"lerp_mode": "catmullrom"
						},
						"0.1667": {
							"post": [0, 0, 0.3],
							"lerp_mode": "catmullrom"
						},
						"0.3333": {
							"post": [0, -0.3, -0.5],
							"lerp_mode": "catmullrom"
						},
						"0.5": {
							"post": [0, -0.3, 0],
							"lerp_mode": "catmullrom"
						},
						"0.6667": [0, -0.4, 0.8]
					}
				},
				"leg_right": {
					"rotation": {
						"0.0": {
							"post": [10, 0, 0],
							"lerp_mode": "catmullrom"
						},
						"0.1667": {
							"post": [16, 0, 0],
							"lerp_mode": "catmullrom"
						},
						"0.3333": {
							"post": [-11, 0, 0],
							"lerp_mode": "catmullrom"
						},
						"0.5": {
							"post": [0, 0, 0],
							"lerp_mode": "catmullrom"
						},
						"0.6667": [10, 0, 0]
					},
					"position": {
						"0.0": {
							"post": [0, -0.4, 0.4],
							"lerp_mode": "catmullrom"
						},
						"0.1667": {
							"post": [0, 0.1, -0.8],
							"lerp_mode": "catmullrom"
						},
						"0.3333": {
							"post": [0, -0.5, -0.6],
							"lerp_mode": "catmullrom"
						},
						"0.5": {
							"post": [0, -0.5, -0.3],
							"lerp_mode": "catmullrom"
						},
						"0.6667": [0, -0.4, 0.4]
					}
				},
				"arm_right": {
					"rotation": {
						"0.0": {
							"post": [-11, 0, 0],
							"lerp_mode": "catmullrom"
						},
						"0.1667": {
							"post": [1, 0, 0],
							"lerp_mode": "catmullrom"
						},
						"0.3333": {
							"post": [11, 0, 0],
							"lerp_mode": "catmullrom"
						},
						"0.5": {
							"post": [18, 0, 0],
							"lerp_mode": "catmullrom"
						},
						"0.6667": [-11, 0, 0]
					},
					"position": {
						"0.0": {
							"post": [0, -0.3, -0.5],
							"lerp_mode": "catmullrom"
						},
						"0.1667": {
							"post": [0, -0.3, 0],
							"lerp_mode": "catmullrom"
						},
						"0.3333": {
							"post": [0, -0.4, 0.8],
							"lerp_mode": "catmullrom"
						},
						"0.5": {
							"post": [0, 0, 0.3],
							"lerp_mode": "catmullrom"
						},
						"0.6667": [0, -0.3, -0.5]
					}
				}
			}
		},
		"animation.wacky_animals_hedgehog_idle": {
			"loop": true,
			"bones": {
				"body": {
					"rotation": ["-Math.cos((query.anim_time - 0.4) * 90) * 2", 0, "Math.cos((query.anim_time - 0.1) * 180) * 2"]
				},
				"head": {
					"rotation": [0, 0, "Math.cos((query.anim_time - 0.35) * 180) * 1"]
				}
			}
		}
	}
}