{
	"format_version": "1.8.0",
	"animations": {
		"animation.wacky_animals_kangaroo_walk": {
			"loop": true,
			"animation_length": 1,
			"bones": {
				"root": {
					"position": {
						"0.0": {
							"post": [0, -3, 0.1],
							"lerp_mode": "catmullrom"
						},
						"0.25": {
							"post": [0, -6.1, -1.1],
							"lerp_mode": "catmullrom"
						},
						"0.375": {
							"post": [0, 2.1, 0.6],
							"lerp_mode": "catmullrom"
						},
						"0.5417": {
							"post": [0, -0.21, 4.37],
							"lerp_mode": "catmullrom"
						},
						"0.75": {
							"post": [0, -5.2, -3.27],
							"lerp_mode": "catmullrom"
						},
						"1.0": [0, -3.01, 0.1]
					}
				},
				"body": {
					"rotation": {
						"0.0": {
							"post": [0, 0, 0],
							"lerp_mode": "catmullrom"
						},
						"0.25": {
							"post": [20, 0, 0],
							"lerp_mode": "catmullrom"
						},
						"0.375": {
							"post": [0, 0, 0],
							"lerp_mode": "catmullrom"
						},
						"0.5417": {
							"post": [-37.5, 0, 0],
							"lerp_mode": "catmullrom"
						},
						"0.75": {
							"post": [23.82, 0, 0],
							"lerp_mode": "catmullrom"
						},
						"1.0": [0.04, 0, 0]
					}
				},
				"leg_left": {
					"rotation": {
						"0.0": {
							"post": [-17.5, 0, 0],
							"lerp_mode": "catmullrom"
						},
						"0.25": {
							"post": [-35.5, 0, 0],
							"lerp_mode": "catmullrom"
						},
						"0.375": {
							"post": [19.5, 0, 0],
							"lerp_mode": "catmullrom"
						},
						"0.5417": {
							"post": [-30.5, 0, 0],
							"lerp_mode": "catmullrom"
						},
						"0.625": {
							"post": [-17.92789, 0.90169, -1.42305],
							"lerp_mode": "catmullrom"
						},
						"0.75": {
							"post": [-8.57522, 2.12662, -3.35626],
							"lerp_mode": "catmullrom"
						},
						"1.0": [-17.54, 0, 0]
					}
				},
				"legfore_left": {
					"rotation": {
						"0.0": {
							"post": [50, 0, 0],
							"lerp_mode": "catmullrom"
						},
						"0.125": {
							"post": [72.59, 0, 0],
							"lerp_mode": "catmullrom"
						},
						"0.25": {
							"post": [83, 0, 0],
							"lerp_mode": "catmullrom"
						},
						"0.375": {
							"post": [25.5, 0, 0],
							"lerp_mode": "catmullrom"
						},
						"0.5417": {
							"post": [8, 0, 0],
							"lerp_mode": "catmullrom"
						},
						"0.625": {
							"post": [41.57, 0, 0],
							"lerp_mode": "catmullrom"
						},
						"0.75": {
							"post": [65.43, 0, 0],
							"lerp_mode": "catmullrom"
						},
						"1.0": [50.09, 0, 0]
					}
				},
				"sole_left": {
					"rotation": {
						"0.0": {
							"post": [-32.5, 0, 0],
							"lerp_mode": "catmullrom"
						},
						"0.125": {
							"post": [-42.44, 0, 0],
							"lerp_mode": "catmullrom"
						},
						"0.25": {
							"post": [-48, 0, 0],
							"lerp_mode": "catmullrom"
						},
						"0.375": {
							"post": [27, 0, 0],
							"lerp_mode": "catmullrom"
						},
						"0.5417": {
							"post": [-8, 0, 0],
							"lerp_mode": "catmullrom"
						},
						"0.625": {
							"post": [-27.29, 0, 0],
							"lerp_mode": "catmullrom"
						},
						"0.75": {
							"post": [-56.23, 0, 0],
							"lerp_mode": "catmullrom"
						},
						"1.0": [-32.54, 0, 0]
					}
				},
				"tail1": {
					"rotation": {
						"0.0": {
							"post": [-22.5, 0, 0],
							"lerp_mode": "catmullrom"
						},
						"0.25": {
							"post": [-32, 0, 0],
							"lerp_mode": "catmullrom"
						},
						"0.375": {
							"post": [-34.5, 0, 0],
							"lerp_mode": "catmullrom"
						},
						"0.5417": {
							"post": [-14.5, 0, 0],
							"lerp_mode": "catmullrom"
						},
						"0.75": {
							"post": [-35.03, 0, 0],
							"lerp_mode": "catmullrom"
						},
						"1.0": [-22.52, 0, 0]
					}
				},
				"tail2": {
					"rotation": {
						"0.0": {
							"post": [12.5, 0, 0],
							"lerp_mode": "catmullrom"
						},
						"0.25": {
							"post": [14, 0, 0],
							"lerp_mode": "catmullrom"
						},
						"0.375": {
							"post": [16.5, 0, 0],
							"lerp_mode": "catmullrom"
						},
						"0.5417": {
							"post": [41.5, 0, 0],
							"lerp_mode": "catmullrom"
						},
						"0.75": {
							"post": [29.98, 0, 0],
							"lerp_mode": "catmullrom"
						},
						"1.0": [12.5, 0, 0]
					}
				},
				"tail3": {
					"rotation": {
						"0.0": {
							"post": [20, 0, 0],
							"lerp_mode": "catmullrom"
						},
						"0.25": {
							"post": [20, 0, 0],
							"lerp_mode": "catmullrom"
						},
						"0.375": {
							"post": [5, 0, 0],
							"lerp_mode": "catmullrom"
						},
						"0.5417": {
							"post": [17.5, 0, 0],
							"lerp_mode": "catmullrom"
						},
						"0.75": {
							"post": [9.04, 0, 0],
							"lerp_mode": "catmullrom"
						},
						"1.0": [20, 0, 0]
					}
				},
				"tail4": {
					"rotation": {
						"0.0": {
							"post": [15, 0, 0],
							"lerp_mode": "catmullrom"
						},
						"0.25": {
							"post": [15, 0, 0],
							"lerp_mode": "catmullrom"
						},
						"0.375": {
							"post": [7.5, 0, 0],
							"lerp_mode": "catmullrom"
						},
						"0.5417": {
							"post": [32.5, 0, 0],
							"lerp_mode": "catmullrom"
						},
						"0.75": {
							"post": [-6.82, 0, 0],
							"lerp_mode": "catmullrom"
						},
						"1.0": [15, 0, 0]
					}
				},
				"head": {
					"rotation": {
						"0.0": {
							"post": [0, 0, 0],
							"lerp_mode": "catmullrom"
						},
						"0.25": {
							"post": [11, 0, 0],
							"lerp_mode": "catmullrom"
						},
						"0.375": {
							"post": [-1.5, 0, 0],
							"lerp_mode": "catmullrom"
						},
						"0.5417": {
							"post": [28.5, 0, 0],
							"lerp_mode": "catmullrom"
						},
						"0.75": {
							"post": [36.94, 0, 0],
							"lerp_mode": "catmullrom"
						},
						"1.0": [0.02, 0, 0]
					}
				},
				"neck": {
					"rotation": {
						"0.0": {
							"post": [0, 0, 0],
							"lerp_mode": "catmullrom"
						},
						"0.25": {
							"post": [15.5, 0, 0],
							"lerp_mode": "catmullrom"
						},
						"0.375": {
							"post": [0.5, 0, 0],
							"lerp_mode": "catmullrom"
						},
						"0.5417": {
							"post": [10.5, 0, 0],
							"lerp_mode": "catmullrom"
						},
						"0.75": {
							"post": [11.27, 0, 0],
							"lerp_mode": "catmullrom"
						},
						"1.0": [0.03, 0, 0]
					}
				},
				"neck2": {
					"rotation": {
						"0.0": {
							"post": [0, 0, 0],
							"lerp_mode": "catmullrom"
						},
						"0.25": {
							"post": [-3, 0, 0],
							"lerp_mode": "catmullrom"
						},
						"0.375": {
							"post": [7, 0, 0],
							"lerp_mode": "catmullrom"
						},
						"0.5417": {
							"post": [-10.5, 0, 0],
							"lerp_mode": "catmullrom"
						},
						"0.75": {
							"post": [-15.81, 0, 0],
							"lerp_mode": "catmullrom"
						},
						"1.0": [-0.01, 0, 0]
					}
				},
				"arm_right": {
					"rotation": {
						"0.0": {
							"post": [0, 0, 0],
							"lerp_mode": "catmullrom"
						},
						"0.25": {
							"post": [2, 0, 0],
							"lerp_mode": "catmullrom"
						},
						"0.375": {
							"post": [19.5, 0, 0],
							"lerp_mode": "catmullrom"
						},
						"0.5417": {
							"post": [-5.5, 0, 0],
							"lerp_mode": "catmullrom"
						},
						"0.75": {
							"post": [-18.73, 0, 0],
							"lerp_mode": "catmullrom"
						},
						"0.875": {
							"post": [-2.69, 0, 0],
							"lerp_mode": "catmullrom"
						},
						"1.0": [0, 0, 0]
					}
				},
				"armfore_right": {
					"rotation": {
						"0.0": {
							"post": [0, 0, 0],
							"lerp_mode": "catmullrom"
						},
						"0.25": {
							"post": [-63, 0, 0],
							"lerp_mode": "catmullrom"
						},
						"0.375": {
							"post": [-13, 0, 0],
							"lerp_mode": "catmullrom"
						},
						"0.5417": {
							"post": [-25.5, 0, 0],
							"lerp_mode": "catmullrom"
						},
						"0.75": {
							"post": [-34.81, 0, 0],
							"lerp_mode": "catmullrom"
						},
						"0.875": {
							"post": [-5.49, 0, 0],
							"lerp_mode": "catmullrom"
						},
						"1.0": [-0.06, 0, 0]
					}
				},
				"hand_right": {
					"rotation": {
						"0.0": {
							"post": [0, 0, 0],
							"lerp_mode": "catmullrom"
						},
						"0.25": {
							"post": [-19, 0, 0],
							"lerp_mode": "catmullrom"
						},
						"0.375": {
							"post": [-6.5, 0, 0],
							"lerp_mode": "catmullrom"
						},
						"0.5417": {
							"post": [-14, 0, 0],
							"lerp_mode": "catmullrom"
						},
						"0.75": {
							"post": [-39.78, 0, 0],
							"lerp_mode": "catmullrom"
						},
						"0.875": {
							"post": [-14, 0, 0],
							"lerp_mode": "catmullrom"
						},
						"1.0": [-0.04, 0, 0]
					}
				},
				"leg_right": {
					"rotation": {
						"0.0": {
							"post": [-17.5, 0, 0],
							"lerp_mode": "catmullrom"
						},
						"0.25": {
							"post": [-35.5, 0, 0],
							"lerp_mode": "catmullrom"
						},
						"0.375": {
							"post": [19.5, 0, 0],
							"lerp_mode": "catmullrom"
						},
						"0.5417": {
							"post": [-30.5, 0, 0],
							"lerp_mode": "catmullrom"
						},
						"0.625": {
							"post": [-17.92789, -0.90169, 1.42305],
							"lerp_mode": "catmullrom"
						},
						"0.75": {
							"post": [-8.57522, -2.12662, 3.35626],
							"lerp_mode": "catmullrom"
						},
						"1.0": [-17.54, 0, 0]
					}
				},
				"legfore_right": {
					"rotation": {
						"0.0": {
							"post": [50, 0, 0],
							"lerp_mode": "catmullrom"
						},
						"0.125": {
							"post": [72.59, 0, 0],
							"lerp_mode": "catmullrom"
						},
						"0.25": {
							"post": [83, 0, 0],
							"lerp_mode": "catmullrom"
						},
						"0.375": {
							"post": [25.5, 0, 0],
							"lerp_mode": "catmullrom"
						},
						"0.5417": {
							"post": [8, 0, 0],
							"lerp_mode": "catmullrom"
						},
						"0.625": {
							"post": [41.57, 0, 0],
							"lerp_mode": "catmullrom"
						},
						"0.75": {
							"post": [65.43, 0, 0],
							"lerp_mode": "catmullrom"
						},
						"1.0": [50.09, 0, 0]
					}
				},
				"sole_right": {
					"rotation": {
						"0.0": {
							"post": [-32.5, 0, 0],
							"lerp_mode": "catmullrom"
						},
						"0.125": {
							"post": [-42.44, 0, 0],
							"lerp_mode": "catmullrom"
						},
						"0.25": {
							"post": [-48, 0, 0],
							"lerp_mode": "catmullrom"
						},
						"0.375": {
							"post": [27, 0, 0],
							"lerp_mode": "catmullrom"
						},
						"0.5417": {
							"post": [-8, 0, 0],
							"lerp_mode": "catmullrom"
						},
						"0.625": {
							"post": [-27.29, 0, 0],
							"lerp_mode": "catmullrom"
						},
						"0.75": {
							"post": [-56.23, 0, 0],
							"lerp_mode": "catmullrom"
						},
						"1.0": [-32.54, 0, 0]
					}
				},
				"arm_left": {
					"rotation": {
						"0.0": {
							"post": [0, 0, 0],
							"lerp_mode": "catmullrom"
						},
						"0.25": {
							"post": [2, 0, 0],
							"lerp_mode": "catmullrom"
						},
						"0.375": {
							"post": [19.5, 0, 0],
							"lerp_mode": "catmullrom"
						},
						"0.5417": {
							"post": [-5.5, 0, 0],
							"lerp_mode": "catmullrom"
						},
						"0.75": {
							"post": [-18.73, 0, 0],
							"lerp_mode": "catmullrom"
						},
						"0.875": {
							"post": [-2.69, 0, 0],
							"lerp_mode": "catmullrom"
						},
						"1.0": [0, 0, 0]
					}
				},
				"armfore_left": {
					"rotation": {
						"0.0": {
							"post": [0, 0, 0],
							"lerp_mode": "catmullrom"
						},
						"0.25": {
							"post": [-63, 0, 0],
							"lerp_mode": "catmullrom"
						},
						"0.375": {
							"post": [-13, 0, 0],
							"lerp_mode": "catmullrom"
						},
						"0.5417": {
							"post": [-25.5, 0, 0],
							"lerp_mode": "catmullrom"
						},
						"0.75": {
							"post": [-34.81, 0, 0],
							"lerp_mode": "catmullrom"
						},
						"0.875": {
							"post": [-5.49, 0, 0],
							"lerp_mode": "catmullrom"
						},
						"1.0": [-0.06, 0, 0]
					}
				},
				"hand_left": {
					"rotation": {
						"0.0": {
							"post": [0, 0, 0],
							"lerp_mode": "catmullrom"
						},
						"0.25": {
							"post": [-19, 0, 0],
							"lerp_mode": "catmullrom"
						},
						"0.375": {
							"post": [-6.5, 0, 0],
							"lerp_mode": "catmullrom"
						},
						"0.5417": {
							"post": [-14, 0, 0],
							"lerp_mode": "catmullrom"
						},
						"0.75": {
							"post": [-39.78, 0, 0],
							"lerp_mode": "catmullrom"
						},
						"0.875": {
							"post": [-14, 0, 0],
							"lerp_mode": "catmullrom"
						},
						"1.0": [-0.04, 0, 0]
					}
				}
			}
		},
		"animation.wacky_animals_kangaroo_idle": {
			"loop": true,
			"animation_length": 4,
			"bones": {
				"root": {
					"position": [0, -2.75, 0.1]
				},
				"body": {
					"rotation": ["-1.5-Math.cos((query.anim_time - 0.0) * 90) * 1", 0, 0],
					"position": [0, "0.25-Math.cos((query.anim_time - 0.25) * 180) * 0.5", 0]
				},
				"arm_left": {
					"rotation": ["Math.cos((query.anim_time - 0.55) * 180) * 4", 0, 0],
					"position": [0, "-0.15-Math.cos((query.anim_time - 0.35) * 180) * 0.5", 0]
				},
				"arm_right": {
					"rotation": ["Math.cos((query.anim_time - 0.7) * 180) * 4", 0, 0],
					"position": [0, "-0.15-Math.cos((query.anim_time - 0.35) * 180) * 0.5", 0]
				},
				"tail1": {
					"rotation": [-22.5, "+Math.cos((query.anim_time - 0.55) * 90) * 4", 0]
				},
				"tail2": {
					"rotation": [12.5, 0, 0]
				},
				"tail3": {
					"rotation": [20, 0, 0]
				},
				"tail4": {
					"rotation": [15, 0, 0]
				},
				"neck2": {
					"rotation": ["Math.cos((query.anim_time - 0.35) * 180) * 3", 0, "Math.cos((query.anim_time - 0) * 180) * 5"]
				},
				"head": {
					"rotation": ["2.5+Math.cos((query.anim_time - 0.5) * 180) * 3", 0, 0]
				},
				"leg_left": {
					"rotation": [-17.5, 0, 0]
				},
				"legfore_left": {
					"rotation": [50, 0, 0]
				},
				"sole_left": {
					"rotation": [-32.5, 0, 0]
				},
				"leg_right": {
					"rotation": [-17.5, 0, 0]
				},
				"legfore_right": {
					"rotation": [50, 0, 0]
				},
				"sole_right": {
					"rotation": [-32.5, 0, 0]
				}
			}
		}
	}
}