{
	"format_version": "1.8.0",
	"animations": {
		"animation.wacky_animals_kiwi_idle": {
			"loop": true,
			"animation_length": 8,
			"bones": {
				"body": {
					"rotation": ["-2.5+Math.cos((query.anim_time - 0.5) * 90) * 3", 0, 0]
				},
				"neck2": {
					"rotation": [0, 0, "Math.cos((query.anim_time - 0) * 180) * 3"]
				},
				"head": {
					"rotation": [0, 0, "Math.cos((query.anim_time - 0.25) * 180) * 3"]
				},
				"jaw": {
					"rotation": {
						"2.0": [0, 0, 0],
						"2.05": [7.5, 0, 0],
						"2.1": [8.5, 0, 0],
						"2.15": [0, 0, 0],
						"2.2": [5, 0, 0],
						"2.25": [6, 0, 0],
						"2.3": [0, 0, 0]
					}
				}
			}
		},
		"animation.wacky_animals_kiwi_walk": {
			"loop": true,
			"animation_length": 1,
			"bones": {
				"root": {
					"position": {
						"0.0": {
							"post": [0, -1.2, 0],
							"lerp_mode": "catmullrom"
						},
						"0.25": {
							"post": [0, -1.6, 0],
							"lerp_mode": "catmullrom"
						},
						"0.5": {
							"post": [0, -1.2, 0],
							"lerp_mode": "catmullrom"
						},
						"0.75": {
							"post": [0, -1.6, 0],
							"lerp_mode": "catmullrom"
						},
						"1.0": [0, -1.2, 0]
					}
				},
				"body": {
					"rotation": {
						"0.0": {
							"post": [0, -5, -10],
							"lerp_mode": "catmullrom"
						},
						"0.25": {
							"post": [-0.86717, 0.07558, -0.03843],
							"lerp_mode": "catmullrom"
						},
						"0.5": {
							"post": [0, 5, 10],
							"lerp_mode": "catmullrom"
						},
						"0.75": {
							"post": [-0.86717, -0.07558, 0.03843],
							"lerp_mode": "catmullrom"
						},
						"1.0": [0, -5, -10]
					}
				},
				"head": {
					"rotation": {
						"0.0": {
							"post": [-1.00542, 4.28966, 15.05844],
							"lerp_mode": "catmullrom"
						},
						"0.25": {
							"post": [-2.41274, 13.71981, -4.4001],
							"lerp_mode": "catmullrom"
						},
						"0.5": {
							"post": [-1.00542, -4.28966, -15.05844],
							"lerp_mode": "catmullrom"
						},
						"0.75": {
							"post": [-2.41274, -13.71981, 4.4001],
							"lerp_mode": "catmullrom"
						},
						"1.0": [-1.00542, 4.28966, 15.05844]
					}
				},
				"leg_left": {
					"rotation": {
						"0.0": {
							"post": [-27.91261, -6.02431, -18.4212],
							"lerp_mode": "catmullrom"
						},
						"0.25": {
							"post": [-30.9454, 0.37237, -7.66315],
							"lerp_mode": "catmullrom"
						},
						"0.5": {
							"post": [25, 0, 0],
							"lerp_mode": "catmullrom"
						},
						"0.625": {
							"post": [39.9805, -2.69699, 0.0735],
							"lerp_mode": "catmullrom"
						},
						"0.75": {
							"post": [37.81168, -16.09382, -8.92471],
							"lerp_mode": "catmullrom"
						},
						"0.875": {
							"post": [7.88336, -18.62415, -22.7298],
							"lerp_mode": "catmullrom"
						},
						"1.0": [-27.91261, -6.02431, -18.4212]
					}
				},
				"legfore_left": {
					"rotation": {
						"0.0": {
							"post": [-31, 0, 0],
							"lerp_mode": "catmullrom"
						},
						"0.25": {
							"post": [-3.5, 0, 0],
							"lerp_mode": "catmullrom"
						},
						"0.5": {
							"post": [-35, 0, 0],
							"lerp_mode": "catmullrom"
						},
						"0.625": {
							"post": [-11, 0, 0],
							"lerp_mode": "catmullrom"
						},
						"0.75": {
							"post": [15, 0, 0],
							"lerp_mode": "catmullrom"
						},
						"0.875": {
							"post": [-49.09, 0, 0],
							"lerp_mode": "catmullrom"
						},
						"1.0": [-31, 0, 0]
					}
				},
				"neck": {
					"rotation": {
						"0.0": {
							"post": [1.63182, 6.99036, -4.02249],
							"lerp_mode": "catmullrom"
						},
						"0.25": {
							"post": [2.46077, 2.74293, 2.85079],
							"lerp_mode": "catmullrom"
						},
						"0.5": {
							"post": [1.63182, -6.99036, 4.02249],
							"lerp_mode": "catmullrom"
						},
						"0.75": {
							"post": [2.46077, -2.74293, -2.85079],
							"lerp_mode": "catmullrom"
						},
						"1.0": [1.63182, 6.99036, -4.02249]
					}
				},
				"neck2": {
					"rotation": {
						"0.0": {
							"post": [8, 0, -10],
							"lerp_mode": "catmullrom"
						},
						"0.25": {
							"post": [7.73076, -2.06428, 4.86051],
							"lerp_mode": "catmullrom"
						},
						"0.5": {
							"post": [8, 0, 10],
							"lerp_mode": "catmullrom"
						},
						"0.75": {
							"post": [7.73076, 2.06428, -4.86051],
							"lerp_mode": "catmullrom"
						},
						"1.0": [8, 0, -10]
					}
				},
				"jaw": {
					"rotation": {
						"0.0": {
							"post": [17, 0, 0],
							"lerp_mode": "catmullrom"
						},
						"0.25": {
							"post": [5, 0, 0],
							"lerp_mode": "catmullrom"
						},
						"0.5": {
							"post": [17, 0, 0],
							"lerp_mode": "catmullrom"
						},
						"0.75": {
							"post": [5, 0, 0],
							"lerp_mode": "catmullrom"
						},
						"1.0": [17, 0, 0]
					}
				},
				"sole_left": {
					"rotation": {
						"0.0": {
							"post": [10.69234, -10.66936, 4.74855],
							"lerp_mode": "catmullrom"
						},
						"0.25": {
							"post": [33.19234, -10.66936, 4.74855],
							"lerp_mode": "catmullrom"
						},
						"0.5": {
							"post": [9, 0, 0],
							"lerp_mode": "catmullrom"
						},
						"0.625": {
							"post": [-30.5, 0, 0],
							"lerp_mode": "catmullrom"
						},
						"0.75": {
							"post": [-26.0215, 2.24685, -1.09649],
							"lerp_mode": "catmullrom"
						},
						"0.875": {
							"post": [37.20908, -4.07083, 1.7575],
							"lerp_mode": "catmullrom"
						},
						"1.0": [10.69234, -10.66936, 4.74855]
					}
				},
				"leg_right": {
					"rotation": {
						"0.0": {
							"post": [25, 0, 0],
							"lerp_mode": "catmullrom"
						},
						"0.125": {
							"post": [39.9805, 2.69699, -0.0735],
							"lerp_mode": "catmullrom"
						},
						"0.25": {
							"post": [37.81168, 16.09382, 8.92471],
							"lerp_mode": "catmullrom"
						},
						"0.375": {
							"post": [7.88336, 18.62415, 22.7298],
							"lerp_mode": "catmullrom"
						},
						"0.5": {
							"post": [-27.91261, 6.02431, 18.4212],
							"lerp_mode": "catmullrom"
						},
						"0.75": {
							"post": [-30.9454, -0.37237, 7.66315],
							"lerp_mode": "catmullrom"
						},
						"1.0": [25, 0, 0]
					}
				},
				"legfore_right": {
					"rotation": {
						"0.0": {
							"post": [-35, 0, 0],
							"lerp_mode": "catmullrom"
						},
						"0.125": {
							"post": [-11, 0, 0],
							"lerp_mode": "catmullrom"
						},
						"0.25": {
							"post": [15, 0, 0],
							"lerp_mode": "catmullrom"
						},
						"0.375": {
							"post": [-49.09, 0, 0],
							"lerp_mode": "catmullrom"
						},
						"0.5": {
							"post": [-31, 0, 0],
							"lerp_mode": "catmullrom"
						},
						"0.75": {
							"post": [-3.5, 0, 0],
							"lerp_mode": "catmullrom"
						},
						"1.0": [-35, 0, 0]
					}
				},
				"sole_right": {
					"rotation": {
						"0.0": {
							"post": [9, 0, 0],
							"lerp_mode": "catmullrom"
						},
						"0.125": {
							"post": [-30.5, 0, 0],
							"lerp_mode": "catmullrom"
						},
						"0.25": {
							"post": [-26.0215, -2.24685, 1.09649],
							"lerp_mode": "catmullrom"
						},
						"0.375": {
							"post": [37.20908, 4.07083, -1.7575],
							"lerp_mode": "catmullrom"
						},
						"0.5": {
							"post": [10.69234, 10.66936, -4.74855],
							"lerp_mode": "catmullrom"
						},
						"0.75": {
							"post": [33.19234, 10.66936, -4.74855],
							"lerp_mode": "catmullrom"
						},
						"1.0": [9, 0, 0]
					}
				}
			}
		}
	}
}