{
	"format_version": "1.8.0",
	"animations": {
		"animation.wacky_animals_lion_walk": {
			"loop": true,
			"animation_length": 1,
			"bones": {
				"root": {
					"position": {
						"0.0": {
							"post": [0, -1.7, 0],
							"lerp_mode": "catmullrom"
						},
						"0.25": {
							"post": [0, -0.4, 0],
							"lerp_mode": "catmullrom"
						},
						"0.5": {
							"post": [0, -1.7, 0],
							"lerp_mode": "catmullrom"
						},
						"0.75": {
							"post": [0, -0.4, 0],
							"lerp_mode": "catmullrom"
						},
						"1.0": [0, -1.7, 0]
					}
				},
				"leg_right": {
					"rotation": {
						"0.0": {
							"post": [39, 0, 0],
							"lerp_mode": "catmullrom"
						},
						"0.25": {
							"post": [24, 0, 0],
							"lerp_mode": "catmullrom"
						},
						"0.5": {
							"post": [-12.5, 0, 0],
							"lerp_mode": "catmullrom"
						},
						"0.75": {
							"post": [12.5, 0, 0],
							"lerp_mode": "catmullrom"
						},
						"1.0": [39, 0, 0]
					}
				},
				"legfore_right": {
					"rotation": {
						"0.0": {
							"post": [-18.5, 0, 0],
							"lerp_mode": "catmullrom"
						},
						"0.25": {
							"post": [-56.5, 0, 0],
							"lerp_mode": "catmullrom"
						},
						"0.5": {
							"post": [-10, 0, 0],
							"lerp_mode": "catmullrom"
						},
						"0.75": {
							"post": [-12.5, 0, 0],
							"lerp_mode": "catmullrom"
						},
						"1.0": [-18.5, 0, 0]
					}
				},
				"sole_right": {
					"rotation": {
						"0.0": {
							"post": [-15, 0, 0],
							"lerp_mode": "catmullrom"
						},
						"0.25": {
							"post": [49.5, 0, 0],
							"lerp_mode": "catmullrom"
						},
						"0.5": {
							"post": [15, 0, 0],
							"lerp_mode": "catmullrom"
						},
						"0.75": {
							"post": [0, 0, 0],
							"lerp_mode": "catmullrom"
						},
						"1.0": [-15, 0, 0]
					}
				},
				"tail1": {
					"rotation": {
						"0.0": {
							"post": [-27.79174, -7.97605, 4.18281],
							"lerp_mode": "catmullrom"
						},
						"0.25": {
							"post": [-33.53051, -13.8383, 8.08055],
							"lerp_mode": "catmullrom"
						},
						"0.5": {
							"post": [-27.79174, 7.97605, -4.18281],
							"lerp_mode": "catmullrom"
						},
						"0.75": {
							"post": [-33.53051, 13.8383, -8.08055],
							"lerp_mode": "catmullrom"
						},
						"1.0": [-27.79174, -7.97605, 4.18281]
					}
				},
				"tail2": {
					"rotation": {
						"0.0": {
							"post": [-4.79316, 15.50261, -2.34388],
							"lerp_mode": "catmullrom"
						},
						"0.25": {
							"post": [-0.62258, -2.43767, -0.86294],
							"lerp_mode": "catmullrom"
						},
						"0.5": {
							"post": [-4.79316, -15.50261, 2.34388],
							"lerp_mode": "catmullrom"
						},
						"0.75": {
							"post": [-0.62258, 2.43767, 0.86294],
							"lerp_mode": "catmullrom"
						},
						"1.0": [-4.79316, 15.50261, -2.34388]
					}
				},
				"tail3": {
					"rotation": {
						"0.0": {
							"post": [-5.019, 4.98093, -0.43688],
							"lerp_mode": "catmullrom"
						},
						"0.25": {
							"post": [-2.00303, -1.99239, 0.17438],
							"lerp_mode": "catmullrom"
						},
						"0.5": {
							"post": [-5.019, -4.98093, 0.43688],
							"lerp_mode": "catmullrom"
						},
						"0.75": {
							"post": [-2.00303, 1.99239, -0.17438],
							"lerp_mode": "catmullrom"
						},
						"1.0": [-5.019, 4.98093, -0.43688]
					}
				},
				"tail4": {
					"rotation": {
						"0.0": {
							"post": [13.19358, 9.74117, 2.27144],
							"lerp_mode": "catmullrom"
						},
						"0.25": {
							"post": [16.23483, -10.71469, -2.50372],
							"lerp_mode": "catmullrom"
						},
						"0.5": {
							"post": [13.19358, -9.74117, -2.27144],
							"lerp_mode": "catmullrom"
						},
						"0.75": {
							"post": [16.23483, 10.71469, 2.50372],
							"lerp_mode": "catmullrom"
						},
						"1.0": [13.19358, 9.74117, 2.27144]
					}
				},
				"head": {
					"rotation": {
						"0.0": {
							"post": [7.1413, -0.00238, 4.10222],
							"lerp_mode": "catmullrom"
						},
						"0.25": {
							"post": [7.29312, -1.4219, 0.77082],
							"lerp_mode": "catmullrom"
						},
						"0.5": {
							"post": [7.1413, 0.00238, -4.10222],
							"lerp_mode": "catmullrom"
						},
						"0.75": {
							"post": [7.29312, 1.4219, -0.77082],
							"lerp_mode": "catmullrom"
						},
						"1.0": [7.1413, -0.00238, 4.10222]
					}
				},
				"jaw": {
					"rotation": {
						"0.0": {
							"post": [30, 0, 0],
							"lerp_mode": "catmullrom"
						},
						"0.25": {
							"post": [23, 0, 0],
							"lerp_mode": "catmullrom"
						},
						"0.5": {
							"post": [30, 0, 0],
							"lerp_mode": "catmullrom"
						},
						"0.75": {
							"post": [23, 0, 0],
							"lerp_mode": "catmullrom"
						},
						"1.0": [30, 0, 0]
					}
				},
				"leg_right2": {
					"rotation": {
						"0.0": {
							"post": [-30.5, 0, 0],
							"lerp_mode": "catmullrom"
						},
						"0.25": {
							"post": [-10.5, 0, 0],
							"lerp_mode": "catmullrom"
						},
						"0.5": {
							"post": [30, 0, 0],
							"lerp_mode": "catmullrom"
						},
						"0.6667": {
							"post": [5, 0, 0],
							"lerp_mode": "catmullrom"
						},
						"0.8333": {
							"post": [-22.12, 0, 0],
							"lerp_mode": "catmullrom"
						},
						"1.0": [-30.5, 0, 0]
					}
				},
				"legfore_right2": {
					"rotation": {
						"0.0": {
							"post": [5, 0, 0],
							"lerp_mode": "catmullrom"
						},
						"0.25": {
							"post": [7.5, 0, 0],
							"lerp_mode": "catmullrom"
						},
						"0.5": {
							"post": [-15, 0, 0],
							"lerp_mode": "catmullrom"
						},
						"0.6667": {
							"post": [12.5, 0, 0],
							"lerp_mode": "catmullrom"
						},
						"0.8333": {
							"post": [5.47, 0, 0],
							"lerp_mode": "catmullrom"
						},
						"1.0": [5, 0, 0]
					}
				},
				"legfore_right3": {
					"rotation": {
						"0.0": {
							"post": [-2, 0, 0],
							"lerp_mode": "catmullrom"
						},
						"0.25": {
							"post": [8, 0, 0],
							"lerp_mode": "catmullrom"
						},
						"0.5": {
							"post": [17, 0, 0],
							"lerp_mode": "catmullrom"
						},
						"0.6667": {
							"post": [-35.5, 0, 0],
							"lerp_mode": "catmullrom"
						},
						"0.8333": {
							"post": [-18.91, 0, 0],
							"lerp_mode": "catmullrom"
						},
						"1.0": [-2, 0, 0]
					}
				},
				"sole_right2": {
					"rotation": {
						"0.0": {
							"post": [24, 0, 0],
							"lerp_mode": "catmullrom"
						},
						"0.25": {
							"post": [-3.5, 0, 0],
							"lerp_mode": "catmullrom"
						},
						"0.5": {
							"post": [-12.5, 0, 0],
							"lerp_mode": "catmullrom"
						},
						"0.6667": {
							"post": [27.5, 0, 0],
							"lerp_mode": "catmullrom"
						},
						"0.8333": {
							"post": [10.91, 0, 0],
							"lerp_mode": "catmullrom"
						},
						"1.0": [24, 0, 0]
					}
				},
				"leg_left": {
					"rotation": {
						"0.0": {
							"post": [-12.5, 0, 0],
							"lerp_mode": "catmullrom"
						},
						"0.25": {
							"post": [12.5, 0, 0],
							"lerp_mode": "catmullrom"
						},
						"0.5": {
							"post": [39, 0, 0],
							"lerp_mode": "catmullrom"
						},
						"0.75": {
							"post": [24, 0, 0],
							"lerp_mode": "catmullrom"
						},
						"1.0": [-12.5, 0, 0]
					}
				},
				"legfore_left": {
					"rotation": {
						"0.0": {
							"post": [-10, 0, 0],
							"lerp_mode": "catmullrom"
						},
						"0.25": {
							"post": [-12.5, 0, 0],
							"lerp_mode": "catmullrom"
						},
						"0.5": {
							"post": [-18.5, 0, 0],
							"lerp_mode": "catmullrom"
						},
						"0.75": {
							"post": [-56.5, 0, 0],
							"lerp_mode": "catmullrom"
						},
						"1.0": [-10, 0, 0]
					}
				},
				"sole_left": {
					"rotation": {
						"0.0": {
							"post": [15, 0, 0],
							"lerp_mode": "catmullrom"
						},
						"0.25": {
							"post": [0, 0, 0],
							"lerp_mode": "catmullrom"
						},
						"0.5": {
							"post": [-15, 0, 0],
							"lerp_mode": "catmullrom"
						},
						"0.75": {
							"post": [49.5, 0, 0],
							"lerp_mode": "catmullrom"
						},
						"1.0": [15, 0, 0]
					}
				},
				"leg_left2": {
					"rotation": {
						"0.0": {
							"post": [30, 0, 0],
							"lerp_mode": "catmullrom"
						},
						"0.1667": {
							"post": [5, 0, 0],
							"lerp_mode": "catmullrom"
						},
						"0.3333": {
							"post": [-22.12, 0, 0],
							"lerp_mode": "catmullrom"
						},
						"0.5": {
							"post": [-30.5, 0, 0],
							"lerp_mode": "catmullrom"
						},
						"0.75": {
							"post": [-10.5, 0, 0],
							"lerp_mode": "catmullrom"
						},
						"1.0": [30, 0, 0]
					}
				},
				"legfore_left2": {
					"rotation": {
						"0.0": {
							"post": [-15, 0, 0],
							"lerp_mode": "catmullrom"
						},
						"0.1667": {
							"post": [12.5, 0, 0],
							"lerp_mode": "catmullrom"
						},
						"0.3333": {
							"post": [5.47, 0, 0],
							"lerp_mode": "catmullrom"
						},
						"0.5": {
							"post": [5, 0, 0],
							"lerp_mode": "catmullrom"
						},
						"0.75": {
							"post": [7.5, 0, 0],
							"lerp_mode": "catmullrom"
						},
						"1.0": [-15, 0, 0]
					}
				},
				"legfore_left3": {
					"rotation": {
						"0.0": {
							"post": [17, 0, 0],
							"lerp_mode": "catmullrom"
						},
						"0.1667": {
							"post": [-35.5, 0, 0],
							"lerp_mode": "catmullrom"
						},
						"0.3333": {
							"post": [-18.91, 0, 0],
							"lerp_mode": "catmullrom"
						},
						"0.5": {
							"post": [-2, 0, 0],
							"lerp_mode": "catmullrom"
						},
						"0.75": {
							"post": [8, 0, 0],
							"lerp_mode": "catmullrom"
						},
						"1.0": [17, 0, 0]
					}
				},
				"sole_left2": {
					"rotation": {
						"0.0": {
							"post": [-12.5, 0, 0],
							"lerp_mode": "catmullrom"
						},
						"0.1667": {
							"post": [27.5, 0, 0],
							"lerp_mode": "catmullrom"
						},
						"0.3333": {
							"post": [10.91, 0, 0],
							"lerp_mode": "catmullrom"
						},
						"0.5": {
							"post": [24, 0, 0],
							"lerp_mode": "catmullrom"
						},
						"0.75": {
							"post": [-3.5, 0, 0],
							"lerp_mode": "catmullrom"
						},
						"1.0": [-12.5, 0, 0]
					}
				}
			}
		},
		"animation.wacky_animals_lion_attack": {
			"animation_length": 1,
			"bones": {
				"root": {
					"position": {
						"0.0": {
							"post": [0, -0.5, 0],
							"lerp_mode": "catmullrom"
						},
						"0.25": {
							"post": [0, -0.5, 0],
							"lerp_mode": "catmullrom"
						},
						"0.375": {
							"post": [0, -1.4, 0],
							"lerp_mode": "catmullrom"
						},
						"0.625": {
							"post": [0, -1, 0],
							"lerp_mode": "catmullrom"
						},
						"1.0": [0, -0.5, 0]
					}
				},
				"body": {
					"rotation": {
						"0.0": {
							"post": [0, 0, 0],
							"lerp_mode": "catmullrom"
						},
						"0.25": {
							"post": [-2.40473, -4.12697, -10.63265],
							"lerp_mode": "catmullrom"
						},
						"0.375": {
							"post": [6.6, 3.87, -4.63],
							"lerp_mode": "catmullrom"
						},
						"0.625": {
							"post": [4.1, 2.87, -2.63],
							"lerp_mode": "catmullrom"
						},
						"1.0": [0, 0, 0]
					}
				},
				"leg_right": {
					"rotation": {
						"0.0": {
							"post": [17.5, 0, 0],
							"lerp_mode": "catmullrom"
						},
						"0.25": {
							"post": [12, 6, 15],
							"lerp_mode": "catmullrom"
						},
						"0.375": {
							"post": [44, 6, 0.5],
							"lerp_mode": "catmullrom"
						},
						"0.625": {
							"post": [37, 6, 0.5],
							"lerp_mode": "catmullrom"
						},
						"1.0": [17.5, 0, 0]
					}
				},
				"legfore_right": {
					"rotation": {
						"0.0": {
							"post": [-26, 0, 0],
							"lerp_mode": "catmullrom"
						},
						"0.25": {
							"post": [-10, 0, 0],
							"lerp_mode": "catmullrom"
						},
						"0.375": {
							"post": [-82, 0, 0],
							"lerp_mode": "catmullrom"
						},
						"0.625": {
							"post": [-68, 0, 0],
							"lerp_mode": "catmullrom"
						},
						"1.0": [-26, 0, 0]
					}
				},
				"sole_right": {
					"rotation": {
						"0.0": {
							"post": [5, 0, 0],
							"lerp_mode": "catmullrom"
						},
						"0.25": {
							"post": [-1.5, 0, -4],
							"lerp_mode": "catmullrom"
						},
						"0.375": {
							"post": [23.5, -5, -2],
							"lerp_mode": "catmullrom"
						},
						"0.625": {
							"post": [26.5, -5, -2],
							"lerp_mode": "catmullrom"
						},
						"1.0": [5, 0, 0]
					}
				},
				"tail1": {
					"rotation": {
						"0.0": {
							"post": [-36.50804, -1.33048, 0.69275],
							"lerp_mode": "catmullrom"
						},
						"0.25": {
							"post": [-36.51, -19.33, 0.69],
							"lerp_mode": "catmullrom"
						},
						"0.375": {
							"post": [-36.51, 0.67, 0.69],
							"lerp_mode": "catmullrom"
						},
						"0.625": {
							"post": [-36.51, 0.67, 0.69],
							"lerp_mode": "catmullrom"
						},
						"1.0": [-36.50804, -1.33048, 0.69275]
					}
				},
				"tail2": {
					"rotation": {
						"0.0": {
							"post": [2.12946, 0, -2.82208],
							"lerp_mode": "catmullrom"
						},
						"0.25": {
							"post": [2.13, 9, -2.82],
							"lerp_mode": "catmullrom"
						},
						"0.375": {
							"post": [2.13, -28.5, -2.82],
							"lerp_mode": "catmullrom"
						},
						"0.625": {
							"post": [2.13, -28.5, -2.82],
							"lerp_mode": "catmullrom"
						},
						"1.0": [2.12946, 0, -2.82208]
					}
				},
				"tail3": {
					"rotation": {
						"0.0": {
							"post": [4.981, 0, -0.43688],
							"lerp_mode": "catmullrom"
						},
						"0.25": {
							"post": [4.98, 13, -0.44],
							"lerp_mode": "catmullrom"
						},
						"0.375": {
							"post": [-12.52, -19.5, -0.44],
							"lerp_mode": "catmullrom"
						},
						"0.625": {
							"post": [-12.52, -19.5, -0.44],
							"lerp_mode": "catmullrom"
						},
						"1.0": [4.981, 0, -0.43688]
					}
				},
				"tail4": {
					"rotation": {
						"0.0": {
							"post": [13.19358, 0, 2.27144],
							"lerp_mode": "catmullrom"
						},
						"0.25": {
							"post": [28.19, 15, 2.27],
							"lerp_mode": "catmullrom"
						},
						"0.375": {
							"post": [8.19, -2.5, 2.27],
							"lerp_mode": "catmullrom"
						},
						"0.625": {
							"post": [8.19, -2.5, 2.27],
							"lerp_mode": "catmullrom"
						},
						"1.0": [13.19358, 0, 2.27144]
					}
				},
				"head": {
					"rotation": {
						"0.0": {
							"post": [7.1413, 0, 0],
							"lerp_mode": "catmullrom"
						},
						"0.25": {
							"post": [5.14, 6, 9],
							"lerp_mode": "catmullrom"
						},
						"0.375": {
							"post": [12.64, 21, -3.5],
							"lerp_mode": "catmullrom"
						},
						"0.625": {
							"post": [17.64, 27, -1.5],
							"lerp_mode": "catmullrom"
						},
						"1.0": [7.1413, 0, 0]
					}
				},
				"jaw": {
					"rotation": {
						"0.0": {
							"post": [25, 0, 0],
							"lerp_mode": "catmullrom"
						},
						"0.25": {
							"post": [37, 0, 0],
							"lerp_mode": "catmullrom"
						},
						"0.375": {
							"post": [4.5, 0, 0],
							"lerp_mode": "catmullrom"
						},
						"0.625": {
							"post": [4.5, 0, 0],
							"lerp_mode": "catmullrom"
						},
						"1.0": [25, 0, 0]
					}
				},
				"leg_right2": {
					"rotation": {
						"0.0": {
							"post": [-12.9694, 0.89911, 3.8978],
							"lerp_mode": "catmullrom"
						},
						"0.25": {
							"post": [-15.24438, 1.12846, 3.16913],
							"lerp_mode": "catmullrom"
						},
						"0.375": {
							"post": [-14.74, 5.13, 2.17],
							"lerp_mode": "catmullrom"
						},
						"0.625": {
							"post": [-14.74, 3.13, 2.17],
							"lerp_mode": "catmullrom"
						},
						"1.0": [-12.9694, 0.89911, 3.8978]
					}
				},
				"legfore_right2": {
					"rotation": {
						"0.0": {
							"post": [8, 0, 0],
							"lerp_mode": "catmullrom"
						},
						"0.25": {
							"post": [3, 0, 0],
							"lerp_mode": "catmullrom"
						},
						"0.375": {
							"post": [13, 0, 0],
							"lerp_mode": "catmullrom"
						},
						"0.625": {
							"post": [11, 0, 0],
							"lerp_mode": "catmullrom"
						},
						"1.0": [8, 0, 0]
					}
				},
				"legfore_right3": {
					"rotation": {
						"0.0": {
							"post": [-1, 0, 0],
							"lerp_mode": "catmullrom"
						},
						"0.25": {
							"post": [9, 0, 0],
							"lerp_mode": "catmullrom"
						},
						"0.375": {
							"post": [-8.5, 0, 0],
							"lerp_mode": "catmullrom"
						},
						"0.625": {
							"post": [-4.5, 0, 0],
							"lerp_mode": "catmullrom"
						},
						"1.0": [-1, 0, 0]
					}
				},
				"sole_right2": {
					"rotation": {
						"0.0": {
							"post": [7, 0, 0],
							"lerp_mode": "catmullrom"
						},
						"0.25": {
							"post": [-0.28131, 1.31537, 1.14663],
							"lerp_mode": "catmullrom"
						},
						"0.375": {
							"post": [4.72, 1.32, 1.15],
							"lerp_mode": "catmullrom"
						},
						"0.625": {
							"post": [4.72, 1.32, 1.15],
							"lerp_mode": "catmullrom"
						},
						"1.0": [7, 0, 0]
					}
				},
				"leg_left": {
					"rotation": {
						"0.0": {
							"post": [17.5, 0, 0],
							"lerp_mode": "catmullrom"
						},
						"0.25": {
							"post": [-70, -82.5, 20],
							"lerp_mode": "catmullrom"
						},
						"0.3333": {
							"post": [-65.04, -24.63, 66.02],
							"lerp_mode": "catmullrom"
						},
						"0.375": {
							"post": [-57.5, -35, 62.5],
							"lerp_mode": "catmullrom"
						},
						"0.625": {
							"post": [-49.5, -35, 57.5],
							"lerp_mode": "catmullrom"
						},
						"0.8333": {
							"post": [4.08, -18.08, -1.51],
							"lerp_mode": "catmullrom"
						},
						"1.0": [17.5, 0, 0]
					}
				},
				"legfore_left": {
					"rotation": {
						"0.0": {
							"post": [-26, 0, 0],
							"lerp_mode": "catmullrom"
						},
						"0.25": {
							"post": [-43.5, -25, 0],
							"lerp_mode": "catmullrom"
						},
						"0.375": {
							"post": [14, 5, 20],
							"lerp_mode": "catmullrom"
						},
						"0.625": {
							"post": [25, 5, 22],
							"lerp_mode": "catmullrom"
						},
						"0.8333": {
							"post": [-49.43, 2.15, 9.59],
							"lerp_mode": "catmullrom"
						},
						"1.0": [-26, 0, 0]
					}
				},
				"sole_left": {
					"rotation": {
						"0.0": {
							"post": [5, 0, 0],
							"lerp_mode": "catmullrom"
						},
						"0.25": {
							"post": [32.5, 0, 0],
							"lerp_mode": "catmullrom"
						},
						"0.375": {
							"post": [77.5, 0, 0],
							"lerp_mode": "catmullrom"
						},
						"0.625": {
							"post": [82.5, 0, -7.5],
							"lerp_mode": "catmullrom"
						},
						"0.8333": {
							"post": [38.66, 0, 1.36],
							"lerp_mode": "catmullrom"
						},
						"1.0": [5, 0, 0]
					}
				},
				"leg_left2": {
					"rotation": {
						"0.0": {
							"post": [-12.9694, -0.89911, -3.8978],
							"lerp_mode": "catmullrom"
						},
						"0.25": {
							"post": [-15.535, -5.77107, -2.77129],
							"lerp_mode": "catmullrom"
						},
						"0.375": {
							"post": [-17.54, -1.77, -2.77],
							"lerp_mode": "catmullrom"
						},
						"0.625": {
							"post": [-17.54, -0.77, -2.77],
							"lerp_mode": "catmullrom"
						},
						"1.0": [-12.9694, -0.89911, -3.8978]
					}
				},
				"legfore_left2": {
					"rotation": {
						"0.0": {
							"post": [8, 0, 0],
							"lerp_mode": "catmullrom"
						},
						"0.25": {
							"post": [10.5, 0, 0],
							"lerp_mode": "catmullrom"
						},
						"0.375": {
							"post": [14.5, 0, 0],
							"lerp_mode": "catmullrom"
						},
						"0.625": {
							"post": [12, 0, 0],
							"lerp_mode": "catmullrom"
						},
						"1.0": [8, 0, 0]
					}
				},
				"legfore_left3": {
					"rotation": {
						"0.0": {
							"post": [-1, 0, 0],
							"lerp_mode": "catmullrom"
						},
						"0.25": {
							"post": [-1, 0, 0],
							"lerp_mode": "catmullrom"
						},
						"0.375": {
							"post": [-2, 0, 0],
							"lerp_mode": "catmullrom"
						},
						"0.625": {
							"post": [0.5, 0, 0],
							"lerp_mode": "catmullrom"
						},
						"1.0": [-1, 0, 0]
					}
				},
				"sole_left2": {
					"rotation": {
						"0.0": {
							"post": [7, 0, 0],
							"lerp_mode": "catmullrom"
						},
						"0.25": {
							"post": [7, 0, 0],
							"lerp_mode": "catmullrom"
						},
						"0.375": {
							"post": [5, 0, 0],
							"lerp_mode": "catmullrom"
						},
						"0.625": {
							"post": [7, 0, 0],
							"lerp_mode": "catmullrom"
						},
						"1.0": [7, 0, 0]
					}
				}
			}
		}
	}
}