{
	"format_version": "1.8.0",
	"animations": {
		"animation.wacky_animals_monkey_idle": {
			"loop": true,
			"animation_length": 2,
			"bones": {
				"root": {
					"position": [0, -0.5, 0]
				},
				"waist": {
					"rotation": ["-30+Math.cos((query.anim_time - 0.3) * 180) * 4", 0, 0],
					"position": [0, -1.4, 0]
				},
				"body": {
					"rotation": ["15-Math.cos((query.anim_time - 0.3) * 180) * 6", 0, 0]
				},
				"head": {
					"rotation": ["17.5+Math.cos((query.anim_time - 0.75) * 180) * 5", 0, "math.cos((query.anim_time - 0.25) * 180) * 7"]
				},
				"arm_right": {
					"rotation": ["14.9692+Math.cos((query.anim_time - 0.3) * 180) * 2", 0.69744, 0.42794],
					"position": [0, "-2.0925+Math.cos((query.anim_time - 0.3) * 180) * 0.25", "0.4902+Math.cos((query.anim_time - 0.3) * 180) * 0.2"]
				},
				"arm_left": {
					"rotation": ["14.9692+Math.cos((query.anim_time - 0.3) * 180) * 2", -0.69744, -0.42794],
					"position": [0, "-2.0925+Math.cos((query.anim_time - 0.3) * 180) * 0.25", "0.4902+Math.cos((query.anim_time - 0.3) * 180) * 0.2"]
				},
				"tail1": {
					"rotation": ["15+Math.cos((query.anim_time - 0.5) * 180) * 6", "Math.cos((query.anim_time - 0.0) * 180) * 6", 0]
				},
				"tail2": {
					"rotation": ["15+Math.cos((query.anim_time - 0.4) * 180) * 6", "Math.cos((query.anim_time - 0.0) * 180) * 6", 0]
				},
				"tail3": {
					"rotation": ["15+Math.cos((query.anim_time - 0.3) * 180) * 6", "Math.cos((query.anim_time - 0.0) * 180) * 6", 0]
				},
				"leg_left": {
					"rotation": [-52.5, 0, 0],
					"position": [0, -1.20625, 0]
				},
				"legfore_left": {
					"rotation": [60, 0, 0]
				},
				"sole_left": {
					"rotation": [-7.5, 0, 0]
				},
				"leg_right": {
					"rotation": [-52.5, 0, 0],
					"position": [0, -1.20625, 0]
				},
				"legfore_right": {
					"rotation": [60, 0, 0]
				},
				"sole_right": {
					"rotation": [-7.5, 0, 0]
				}
			}
		},
		"animation.wacky_animals_monkey_walk": {
			"loop": true,
			"animation_length": 1,
			"bones": {
				"root": {
					"position": {
						"0.0": {
							"post": [0, -2.2, 0],
							"lerp_mode": "catmullrom"
						},
						"0.25": {
							"post": [0, -2.2, 0],
							"lerp_mode": "catmullrom"
						},
						"0.5": {
							"post": [0, -2.2, 0],
							"lerp_mode": "catmullrom"
						},
						"0.75": {
							"post": [0, -2.2, 0],
							"lerp_mode": "catmullrom"
						},
						"1.0": [0, -2.2, 0]
					}
				},
				"waist": {
					"rotation": {
						"0.0": {
							"post": [-22.5, 0, 0],
							"lerp_mode": "catmullrom"
						},
						"0.25": {
							"post": [-17.5, 0, 0],
							"lerp_mode": "catmullrom"
						},
						"0.5": {
							"post": [-22.5, 0, 0],
							"lerp_mode": "catmullrom"
						},
						"0.75": {
							"post": [-17.5, 0, 0],
							"lerp_mode": "catmullrom"
						},
						"1.0": [-22.5, 0, 0]
					}
				},
				"tail1": {
					"rotation": {
						"0.0": {
							"post": [16.66085, -16.8425, 1.40776],
							"lerp_mode": "catmullrom"
						},
						"0.25": {
							"post": [20.07931, -9.05094, -0.45549],
							"lerp_mode": "catmullrom"
						},
						"0.5": {
							"post": [16.66085, 16.8425, -1.40776],
							"lerp_mode": "catmullrom"
						},
						"0.75": {
							"post": [20.07931, 9.05094, 0.45549],
							"lerp_mode": "catmullrom"
						},
						"1.0": [16.66085, -16.8425, 1.40776]
					}
				},
				"tail2": {
					"rotation": {
						"0.0": {
							"post": [23.34055, 26.04358, 2.50647],
							"lerp_mode": "catmullrom"
						},
						"0.25": {
							"post": [4.74237, -19.88849, -14.46785],
							"lerp_mode": "catmullrom"
						},
						"0.5": {
							"post": [23.34055, -26.04358, -2.50647],
							"lerp_mode": "catmullrom"
						},
						"0.75": {
							"post": [4.74237, 19.88849, 14.46785],
							"lerp_mode": "catmullrom"
						},
						"1.0": [23.34055, 26.04358, 2.50647]
					}
				},
				"tail3": {
					"rotation": {
						"0.0": {
							"post": [14.01761, 28.62056, 2.33415],
							"lerp_mode": "catmullrom"
						},
						"0.25": {
							"post": [8.9799, -20.21911, -8.70103],
							"lerp_mode": "catmullrom"
						},
						"0.5": {
							"post": [14.01761, -28.62056, -2.33415],
							"lerp_mode": "catmullrom"
						},
						"0.75": {
							"post": [8.9799, 20.21911, 8.70103],
							"lerp_mode": "catmullrom"
						},
						"1.0": [14.01761, 28.62056, 2.33415]
					}
				},
				"leg_right": {
					"rotation": {
						"0.0": {
							"post": [-60, 0, 0],
							"lerp_mode": "catmullrom"
						},
						"0.25": {
							"post": [-37.13813, -1.41958, 10.49692],
							"lerp_mode": "catmullrom"
						},
						"0.5": {
							"post": [28.43086, 4.7545, 5.95242],
							"lerp_mode": "catmullrom"
						},
						"0.75": {
							"post": [-40.64709, 3.9863, 21.49581],
							"lerp_mode": "catmullrom"
						},
						"0.875": {
							"post": [-69.06978, 2.03386, 11.06331],
							"lerp_mode": "catmullrom"
						},
						"1.0": [-60, 0, 0]
					}
				},
				"head": {
					"rotation": {
						"0.0": {
							"post": [27.4416, 4.85237, -9.61839],
							"lerp_mode": "catmullrom"
						},
						"0.25": {
							"post": [12.55689, 3.8636, -9.70513],
							"lerp_mode": "catmullrom"
						},
						"0.5": {
							"post": [27.4416, -4.85237, 9.61839],
							"lerp_mode": "catmullrom"
						},
						"0.75": {
							"post": [12.55689, -3.8636, 9.70513],
							"lerp_mode": "catmullrom"
						},
						"1.0": [27.4416, 4.85237, -9.61839]
					}
				},
				"jaw": {
					"rotation": {
						"0.0": {
							"post": [35, 0, 0],
							"lerp_mode": "catmullrom"
						},
						"0.25": {
							"post": [20, 0, 0],
							"lerp_mode": "catmullrom"
						},
						"0.5": {
							"post": [35, 0, 0],
							"lerp_mode": "catmullrom"
						},
						"0.75": {
							"post": [20, 0, 0],
							"lerp_mode": "catmullrom"
						},
						"1.0": [35, 0, 0]
					}
				},
				"arm_right": {
					"rotation": {
						"0.0": [21.97, 0, 0],
						"0.125": [-7.15, 0, 0],
						"0.4167": [-7.15, 0, 0],
						"0.5": [22, 0, 0],
						"0.6667": [18.5, 0, 0],
						"0.7083": [17.79, 0, 0],
						"0.75": [16.82, 0, 0],
						"0.7917": [17.85, 0, 0],
						"0.8333": [18.12, 0, 0],
						"0.9167": [20.42, 0, 0],
						"1.0": [21.97, 0, 0]
					},
					"position": {
						"0.0": [0, -0.78608, 2.79008],
						"0.0833": [0, -0.4, 2.67],
						"0.125": [0, -0.31837, 2.61331],
						"0.4167": [0, -0.3184, 0.66],
						"0.5": [0, -1.81796, 0.16652],
						"1.0": [0, -0.78608, 2.79008]
					}
				},
				"legfore_right": {
					"rotation": {
						"0.0": {
							"post": [50, 0, 0],
							"lerp_mode": "catmullrom"
						},
						"0.25": {
							"post": [60, 0, 0],
							"lerp_mode": "catmullrom"
						},
						"0.5": {
							"post": [17, 0, 0],
							"lerp_mode": "catmullrom"
						},
						"0.75": {
							"post": [89.5, 0, 0],
							"lerp_mode": "catmullrom"
						},
						"0.875": {
							"post": [51.66, 0, 0],
							"lerp_mode": "catmullrom"
						},
						"1.0": [50, 0, 0]
					}
				},
				"sole_right": {
					"rotation": {
						"0.0": {
							"post": [0, 0, 0],
							"lerp_mode": "catmullrom"
						},
						"0.25": {
							"post": [-15.87514, 1.50355, 0.77719],
							"lerp_mode": "catmullrom"
						},
						"0.5": {
							"post": [-15, 0, 0],
							"lerp_mode": "catmullrom"
						},
						"0.75": {
							"post": [-22.5, 0, 0],
							"lerp_mode": "catmullrom"
						},
						"0.875": {
							"post": [-3.72655, -0.09397, -0.04857],
							"lerp_mode": "catmullrom"
						},
						"1.0": [0, 0, 0]
					}
				},
				"armfore_right": {
					"rotation": {
						"0.0": [0, 0, 0],
						"0.0833": [23.45, 0, 0],
						"0.125": [27.68, 0, 0],
						"0.4167": [27.68, 0, 0],
						"0.5": [0, 0, 0],
						"1.0": [0, 0, 0]
					},
					"position": {
						"0.0": [0, 0, 0],
						"0.0833": [0, 0.47223, -0.16431],
						"0.4167": [0, 0.47223, -0.16431],
						"0.5": [0, 0, 0],
						"1.0": [0, 0, 0]
					}
				},
				"hand_right": {
					"rotation": {
						"0.0": [0, 0, 0],
						"0.5": [0, 0, 0],
						"1.0": [0, 0, 0]
					}
				},
				"leg_left": {
					"rotation": {
						"0.0": {
							"post": [28.43086, -4.7545, -5.95242],
							"lerp_mode": "catmullrom"
						},
						"0.25": {
							"post": [-40.64709, -3.9863, -21.49581],
							"lerp_mode": "catmullrom"
						},
						"0.375": {
							"post": [-69.06978, -2.03386, -11.06331],
							"lerp_mode": "catmullrom"
						},
						"0.5": {
							"post": [-60, 0, 0],
							"lerp_mode": "catmullrom"
						},
						"0.75": {
							"post": [-37.13813, 1.41958, -10.49692],
							"lerp_mode": "catmullrom"
						},
						"1.0": [28.43086, -4.7545, -5.95242]
					}
				},
				"legfore_left": {
					"rotation": {
						"0.0": {
							"post": [17, 0, 0],
							"lerp_mode": "catmullrom"
						},
						"0.25": {
							"post": [89.5, 0, 0],
							"lerp_mode": "catmullrom"
						},
						"0.375": {
							"post": [51.66, 0, 0],
							"lerp_mode": "catmullrom"
						},
						"0.5": {
							"post": [50, 0, 0],
							"lerp_mode": "catmullrom"
						},
						"0.75": {
							"post": [60, 0, 0],
							"lerp_mode": "catmullrom"
						},
						"1.0": [17, 0, 0]
					}
				},
				"sole_left": {
					"rotation": {
						"0.0": {
							"post": [-15, 0, 0],
							"lerp_mode": "catmullrom"
						},
						"0.25": {
							"post": [-22.5, 0, 0],
							"lerp_mode": "catmullrom"
						},
						"0.375": {
							"post": [-3.72655, 0.09397, 0.04857],
							"lerp_mode": "catmullrom"
						},
						"0.5": {
							"post": [0, 0, 0],
							"lerp_mode": "catmullrom"
						},
						"0.75": {
							"post": [-15.87514, -1.50355, -0.77719],
							"lerp_mode": "catmullrom"
						},
						"1.0": [-15, 0, 0]
					}
				},
				"arm_left": {
					"rotation": {
						"0.0": [22, 0, 0],
						"0.1667": [18.5, 0, 0],
						"0.2083": [17.79, 0, 0],
						"0.25": [16.82, 0, 0],
						"0.2917": [17.85, 0, 0],
						"0.3333": [18.12, 0, 0],
						"0.4167": [20.42, 0, 0],
						"0.5": [21.97, 0, 0],
						"0.625": [-7.15, 0, 0],
						"0.9167": [-7.15, 0, 0],
						"1.0": [22, 0, 0]
					},
					"position": {
						"0.0": [0, -1.81796, 0.16652],
						"0.5": [0, -0.78608, 2.79008],
						"0.5833": [0, -0.4, 2.67],
						"0.625": [0, -0.31837, 2.61331],
						"0.9167": [0, -0.3184, 0.66],
						"1.0": [0, -1.81796, 0.16652]
					}
				},
				"armfore_left": {
					"rotation": {
						"0.0": [0, 0, 0],
						"0.5": [0, 0, 0],
						"0.5833": [23.45, 0, 0],
						"0.625": [27.68, 0, 0],
						"0.9167": [27.68, 0, 0],
						"1.0": [-2, 0, 0]
					},
					"position": {
						"0.0": [0, 0, 0],
						"0.5": [0, 0, 0],
						"0.5833": [0, 0.47223, -0.16431],
						"0.9167": [0, 0.47223, -0.16431]
					}
				},
				"hand_left": {
					"rotation": {
						"0.0": [0, 0, 0],
						"1.0": [0, 0, 0]
					}
				},
				"body": {
					"rotation": [0.5, 0, 0],
					"position": {
						"0.0": [0, 0.04619, -0.01913],
						"0.0417": [0, 0.13105, -0.03823],
						"0.0833": [0, 0.2659, -0.08513],
						"0.1667": [0, 0.62958, -0.20007],
						"0.2083": [0, 0.76578, -0.24247],
						"0.25": [0, 0.78769, -0.25504],
						"0.2917": [0, 0.71381, -0.23015],
						"0.4167": [0, 0.25094, -0.05157],
						"0.4583": [0, 0.13368, -0.01116],
						"0.5": [0, 0.04619, -0.01913],
						"0.5417": [0, 0.13105, -0.03823],
						"0.5833": [0, 0.2659, -0.08513],
						"0.6667": [0, 0.62958, -0.20007],
						"0.7083": [0, 0.76578, -0.24247],
						"0.75": [0, 0.78769, -0.25504],
						"0.7917": [0, 0.71381, -0.23015],
						"0.9167": [0, 0.25094, -0.05157],
						"0.9583": [0, 0.13368, -0.01116],
						"1.0": [0, 0.11003, -0.00018]
					}
				}
			}
		}
	}
}