{
	"format_version": "1.8.0",
	"animations": {
		"animation.wacky_animals_penguin_walk": {
			"loop": true,
			"animation_length": 1,
			"bones": {
				"root": {
					"position": {
						"0.0": {
							"post": [0, 0.5, 0],
							"lerp_mode": "catmullrom"
						},
						"0.25": {
							"post": [0, 0.5, 0],
							"lerp_mode": "catmullrom"
						},
						"0.5": {
							"post": [0, 0.5, 0],
							"lerp_mode": "catmullrom"
						},
						"0.75": {
							"post": [0, 0.5, 0],
							"lerp_mode": "catmullrom"
						},
						"1.0": [0, 0.5, 0]
					}
				},
				"body": {
					"rotation": {
						"0.0": {
							"post": [-0.42707, 3.47388, -7.01295],
							"lerp_mode": "catmullrom"
						},
						"0.25": {
							"post": [1.95139, 13.3412, 3.19081],
							"lerp_mode": "catmullrom"
						},
						"0.5": {
							"post": [-0.42707, -3.47388, 7.01295],
							"lerp_mode": "catmullrom"
						},
						"0.75": {
							"post": [1.95139, -13.3412, -3.19081],
							"lerp_mode": "catmullrom"
						},
						"1.0": [-0.42707, 3.47388, -7.01295]
					}
				},
				"body2": {
					"rotation": {
						"0.0": {
							"post": [-5.02667, 5.9809, -2.43761],
							"lerp_mode": "catmullrom"
						},
						"0.25": {
							"post": [4.98255, 0.99985, -3.00015],
							"lerp_mode": "catmullrom"
						},
						"0.5": {
							"post": [-5.02667, -5.9809, 2.43761],
							"lerp_mode": "catmullrom"
						},
						"0.75": {
							"post": [4.98255, -0.99985, 3.00015],
							"lerp_mode": "catmullrom"
						},
						"1.0": [-5.02667, 5.9809, -2.43761]
					}
				},
				"head": {
					"rotation": {
						"0.0": {
							"post": [-2.5, -6, -3],
							"lerp_mode": "catmullrom"
						},
						"0.25": {
							"post": [0.73036, 2.04423, -9.93598],
							"lerp_mode": "catmullrom"
						},
						"0.5": {
							"post": [-2.5, 6, 3],
							"lerp_mode": "catmullrom"
						},
						"0.75": {
							"post": [0.73036, -2.04423, 9.93598],
							"lerp_mode": "catmullrom"
						},
						"1.0": [-2.5, -6, -3]
					}
				},
				"jaw": {
					"rotation": {
						"0.0": {
							"post": [13, 0, 0],
							"lerp_mode": "catmullrom"
						},
						"0.25": {
							"post": [3, 0, 0],
							"lerp_mode": "catmullrom"
						},
						"0.5": {
							"post": [13, 0, 0],
							"lerp_mode": "catmullrom"
						},
						"0.75": {
							"post": [3, 0, 0],
							"lerp_mode": "catmullrom"
						},
						"1.0": [13, 0, 0]
					}
				},
				"arm_left": {
					"rotation": {
						"0.0": {
							"post": [0, 0, -10],
							"lerp_mode": "catmullrom"
						},
						"0.25": {
							"post": [0, 0, -7.5],
							"lerp_mode": "catmullrom"
						},
						"0.5": {
							"post": [0, 0, -14],
							"lerp_mode": "catmullrom"
						},
						"0.75": {
							"post": [0, 0, -21.5],
							"lerp_mode": "catmullrom"
						},
						"1.0": [0, 0, -10]
					}
				},
				"arm_right": {
					"rotation": {
						"0.0": {
							"post": [0, 0, 14],
							"lerp_mode": "catmullrom"
						},
						"0.25": {
							"post": [0, 0, 21.5],
							"lerp_mode": "catmullrom"
						},
						"0.5": {
							"post": [0, 0, 10],
							"lerp_mode": "catmullrom"
						},
						"0.75": {
							"post": [0, 0, 7.5],
							"lerp_mode": "catmullrom"
						},
						"1.0": [0, 0, 14]
					}
				},
				"sole_right": {
					"rotation": {
						"0.0": {
							"post": [1.95633, -0.41574, 11.9929],
							"lerp_mode": "catmullrom"
						},
						"0.25": {
							"post": [20.19399, 4.41366, 7.84865],
							"lerp_mode": "catmullrom"
						},
						"0.5": {
							"post": [-19.45085, 20.77712, 20.60814],
							"lerp_mode": "catmullrom"
						},
						"0.75": {
							"post": [-4.01348, 16.84432, 5.99614],
							"lerp_mode": "catmullrom"
						},
						"1.0": [1.95633, -0.41574, 11.9929]
					}
				},
				"sole_right2": {
					"rotation": {
						"0.0": {
							"post": [-2, 0, -5],
							"lerp_mode": "catmullrom"
						},
						"0.25": {
							"post": [-14.35669, -4.18241, -13.2216],
							"lerp_mode": "catmullrom"
						},
						"0.5": {
							"post": [-5, 0, 0],
							"lerp_mode": "catmullrom"
						},
						"0.75": {
							"post": [5, 0, 0],
							"lerp_mode": "catmullrom"
						},
						"1.0": [-2, 0, -5]
					}
				},
				"sole_left": {
					"rotation": {
						"0.0": {
							"post": [-19.45085, -20.77712, -20.60814],
							"lerp_mode": "catmullrom"
						},
						"0.25": {
							"post": [-4.01348, -16.84432, -5.99614],
							"lerp_mode": "catmullrom"
						},
						"0.5": {
							"post": [1.95633, 0.41574, -11.9929],
							"lerp_mode": "catmullrom"
						},
						"0.75": {
							"post": [20.19399, -4.41366, -7.84865],
							"lerp_mode": "catmullrom"
						},
						"1.0": [-19.45085, -20.77712, -20.60814]
					}
				},
				"sole_left2": {
					"rotation": {
						"0.0": {
							"post": [-5, 0, 0],
							"lerp_mode": "catmullrom"
						},
						"0.25": {
							"post": [5, 0, 0],
							"lerp_mode": "catmullrom"
						},
						"0.5": {
							"post": [-2, 0, 5],
							"lerp_mode": "catmullrom"
						},
						"0.75": {
							"post": [-14.35669, 4.18241, 13.2216],
							"lerp_mode": "catmullrom"
						},
						"1.0": [-5, 0, 0]
					}
				}
			}
		},
		"animation.wacky_animals_penguin_idle": {
			"loop": true,
			"animation_length": 4,
			"bones": {
				"body2": {
					"rotation": [0, 0, "Math.cos((query.anim_time - 0.25) * 180) * 3"],
					"position": [0, "-0.2+Math.cos((query.anim_time - 0.0) * 180) * 0.2", 0]
				},
				"head": {
					"rotation": [0, 0, "Math.cos((query.anim_time - 0.4) * 180) * 3"]
				},
				"arm_left": {
					"rotation": [0, 0, -10]
				},
				"arm_right": {
					"rotation": [0, 0, 10]
				}
			}
		}
	}
}