{
	"format_version": "1.8.0",
	"animations": {
		"animation.wacky_animals_raccoon_walk": {
			"loop": true,
			"animation_length": 1,
			"bones": {
				"root": {
					"position": {
						"0.0": {
							"post": [0, -1.4, 0],
							"lerp_mode": "catmullrom"
						},
						"0.25": {
							"post": [0, -1.1, 0],
							"lerp_mode": "catmullrom"
						},
						"0.5": {
							"post": [0, -1.4, 0],
							"lerp_mode": "catmullrom"
						},
						"0.75": {
							"post": [0, -1.1, 0],
							"lerp_mode": "catmullrom"
						},
						"1.0": [0, -1.4, 0]
					}
				},
				"waist": {
					"rotation": {
						"0.0": {
							"post": [-9, -5, 0],
							"lerp_mode": "catmullrom"
						},
						"0.25": {
							"post": [-8.97429, -2.53068, -0.39135],
							"lerp_mode": "catmullrom"
						},
						"0.5": {
							"post": [-9, 5, 0],
							"lerp_mode": "catmullrom"
						},
						"0.75": {
							"post": [-8.97429, 2.53068, 0.39135],
							"lerp_mode": "catmullrom"
						},
						"1.0": [-9, -5, 0]
					}
				},
				"body": {
					"rotation": {
						"0.0": {
							"post": [5, 12.5, 0],
							"lerp_mode": "catmullrom"
						},
						"0.25": {
							"post": [6.92362, 7.51871, -0.439],
							"lerp_mode": "catmullrom"
						},
						"0.5": {
							"post": [5, -12.5, 0],
							"lerp_mode": "catmullrom"
						},
						"0.75": {
							"post": [6.92362, -7.51871, 0.439],
							"lerp_mode": "catmullrom"
						},
						"1.0": [5, 12.5, 0]
					}
				},
				"head": {
					"rotation": {
						"0.0": {
							"post": [13.05497, 3.78059, -3.30703],
							"lerp_mode": "catmullrom"
						},
						"0.25": {
							"post": [13.44486, -4.63274, 1.89121],
							"lerp_mode": "catmullrom"
						},
						"0.5": {
							"post": [13.05497, -3.78059, 3.30703],
							"lerp_mode": "catmullrom"
						},
						"0.75": {
							"post": [13.44486, 4.63274, -1.89121],
							"lerp_mode": "catmullrom"
						},
						"1.0": [13.05497, 3.78059, -3.30703]
					}
				},
				"jaw": {
					"rotation": {
						"0.0": {
							"post": [6, 0, 0],
							"lerp_mode": "catmullrom"
						},
						"0.25": {
							"post": [13, 0, 0],
							"lerp_mode": "catmullrom"
						},
						"0.5": {
							"post": [6, 0, 0],
							"lerp_mode": "catmullrom"
						},
						"0.75": {
							"post": [13, 0, 0],
							"lerp_mode": "catmullrom"
						},
						"1.0": [6, 0, 0]
					}
				},
				"arm_left": {
					"rotation": {
						"0.0": {
							"post": [-7.26485, -6.56751, -1.35753],
							"lerp_mode": "catmullrom"
						},
						"0.25": {
							"post": [17.73515, -6.56751, -1.35753],
							"lerp_mode": "catmullrom"
						},
						"0.5": {
							"post": [47.28199, 8.90343, -1.39532],
							"lerp_mode": "catmullrom"
						},
						"0.75": {
							"post": [7.28199, 8.90343, -1.39532],
							"lerp_mode": "catmullrom"
						},
						"1.0": [-7.26485, -6.56751, -1.35753]
					}
				},
				"armfore_left": {
					"rotation": {
						"0.0": {
							"post": [2.46402, 0.4071, -0.10522],
							"lerp_mode": "catmullrom"
						},
						"0.25": {
							"post": [-5.03598, 0.4071, -0.10522],
							"lerp_mode": "catmullrom"
						},
						"0.5": {
							"post": [-17.5, 0, 0],
							"lerp_mode": "catmullrom"
						},
						"0.75": {
							"post": [-40, 0, 0],
							"lerp_mode": "catmullrom"
						},
						"1.0": [2.46402, 0.4071, -0.10522]
					}
				},
				"hand_left": {
					"rotation": {
						"0.0": {
							"post": [0, 0, 0],
							"lerp_mode": "catmullrom"
						},
						"0.25": {
							"post": [-7.5, 0, 0],
							"lerp_mode": "catmullrom"
						},
						"0.5": {
							"post": [-25, 0, 0],
							"lerp_mode": "catmullrom"
						},
						"0.75": {
							"post": [-2.5, 0, 0],
							"lerp_mode": "catmullrom"
						},
						"1.0": [0, 0, 0]
					}
				},
				"arm_right": {
					"rotation": {
						"0.0": {
							"post": [47.28199, -8.90343, 1.39532],
							"lerp_mode": "catmullrom"
						},
						"0.25": {
							"post": [7.28199, -8.90343, 1.39532],
							"lerp_mode": "catmullrom"
						},
						"0.5": {
							"post": [-7.26485, 6.56751, 1.35753],
							"lerp_mode": "catmullrom"
						},
						"0.75": {
							"post": [17.73515, 6.56751, 1.35753],
							"lerp_mode": "catmullrom"
						},
						"1.0": [47.28199, -8.90343, 1.39532]
					}
				},
				"armfore_right": {
					"rotation": {
						"0.0": {
							"post": [-17.5, 0, 0],
							"lerp_mode": "catmullrom"
						},
						"0.25": {
							"post": [-40, 0, 0],
							"lerp_mode": "catmullrom"
						},
						"0.5": {
							"post": [2.46402, -0.4071, 0.10522],
							"lerp_mode": "catmullrom"
						},
						"0.75": {
							"post": [-5.03598, -0.4071, 0.10522],
							"lerp_mode": "catmullrom"
						},
						"1.0": [-17.5, 0, 0]
					}
				},
				"hand_right": {
					"rotation": {
						"0.0": {
							"post": [-25, 0, 0],
							"lerp_mode": "catmullrom"
						},
						"0.25": {
							"post": [-2.5, 0, 0],
							"lerp_mode": "catmullrom"
						},
						"0.5": {
							"post": [0, 0, 0],
							"lerp_mode": "catmullrom"
						},
						"0.75": {
							"post": [-7.5, 0, 0],
							"lerp_mode": "catmullrom"
						},
						"1.0": [-25, 0, 0]
					}
				},
				"tail1": {
					"rotation": {
						"0.0": {
							"post": [-17.5, 0, 0],
							"lerp_mode": "catmullrom"
						},
						"0.25": {
							"post": [-17.80703, -10.48498, 3.34521],
							"lerp_mode": "catmullrom"
						},
						"0.5": {
							"post": [-17.5, 0, 0],
							"lerp_mode": "catmullrom"
						},
						"0.75": {
							"post": [-17.80703, 10.48498, -3.34521],
							"lerp_mode": "catmullrom"
						},
						"1.0": [-17.5, 0, 0]
					}
				},
				"leg_left": {
					"rotation": {
						"0.0": {
							"post": [37.5, 0, 0],
							"lerp_mode": "catmullrom"
						},
						"0.1667": {
							"post": [40.3599, 0.3235, 0.07197],
							"lerp_mode": "catmullrom"
						},
						"0.3333": {
							"post": [6.5, 0, 0],
							"lerp_mode": "catmullrom"
						},
						"0.5": {
							"post": [-22.92232, -3.45071, -0.76768],
							"lerp_mode": "catmullrom"
						},
						"0.6667": {
							"post": [10.07768, -3.45071, -0.76768],
							"lerp_mode": "catmullrom"
						},
						"0.8333": {
							"post": [37.16384, -1.72536, -0.38384],
							"lerp_mode": "catmullrom"
						},
						"1.0": [37.5, 0, 0]
					}
				},
				"legfore_left": {
					"rotation": {
						"0.0": {
							"post": [-7.5, 0, 0],
							"lerp_mode": "catmullrom"
						},
						"0.1667": {
							"post": [-63.08, 0, 0],
							"lerp_mode": "catmullrom"
						},
						"0.3333": {
							"post": [-60, 0, 0],
							"lerp_mode": "catmullrom"
						},
						"0.5": {
							"post": [-20, 0, 0],
							"lerp_mode": "catmullrom"
						},
						"0.6667": {
							"post": [-46.5, 0, 0],
							"lerp_mode": "catmullrom"
						},
						"0.8333": {
							"post": [-31.72, 0, 0],
							"lerp_mode": "catmullrom"
						},
						"1.0": [-7.5, 0, 0]
					},
					"position": {
						"0.0": {
							"post": [0, 0, 0],
							"lerp_mode": "catmullrom"
						},
						"0.1667": {
							"post": [0, 0.5, 0],
							"lerp_mode": "catmullrom"
						},
						"0.3333": {
							"post": [0, 0, 0],
							"lerp_mode": "catmullrom"
						},
						"0.5": {
							"post": [0, 0, 0],
							"lerp_mode": "catmullrom"
						},
						"0.6667": {
							"post": [0, 0, 0],
							"lerp_mode": "catmullrom"
						},
						"0.8333": {
							"post": [0, 0, 0],
							"lerp_mode": "catmullrom"
						},
						"1.0": [0, 0, 0]
					}
				},
				"sole_left": {
					"rotation": {
						"0.0": {
							"post": [-7.5, 0, 0],
							"lerp_mode": "catmullrom"
						},
						"0.1667": {
							"post": [23.37, 0, 0],
							"lerp_mode": "catmullrom"
						},
						"0.3333": {
							"post": [35, 0, 0],
							"lerp_mode": "catmullrom"
						},
						"0.5": {
							"post": [40, 0, 0],
							"lerp_mode": "catmullrom"
						},
						"0.6667": {
							"post": [37, 0, 0],
							"lerp_mode": "catmullrom"
						},
						"1.0": [-7.5, 0, 0]
					}
				},
				"leg_right": {
					"rotation": {
						"0.0": {
							"post": [-22.92232, 3.45071, 0.76768],
							"lerp_mode": "catmullrom"
						},
						"0.1667": {
							"post": [10.07768, 3.45071, 0.76768],
							"lerp_mode": "catmullrom"
						},
						"0.3333": {
							"post": [37.16384, 1.72536, 0.38384],
							"lerp_mode": "catmullrom"
						},
						"0.5": {
							"post": [37.5, 0, 0],
							"lerp_mode": "catmullrom"
						},
						"0.6667": {
							"post": [40.3599, -0.3235, -0.07197],
							"lerp_mode": "catmullrom"
						},
						"0.8333": {
							"post": [6.5, 0, 0],
							"lerp_mode": "catmullrom"
						},
						"1.0": [-24.92232, 3.45071, 0.76768]
					}
				},
				"legfore_right": {
					"rotation": {
						"0.0": {
							"post": [-20, 0, 0],
							"lerp_mode": "catmullrom"
						},
						"0.1667": {
							"post": [-46.5, 0, 0],
							"lerp_mode": "catmullrom"
						},
						"0.3333": {
							"post": [-31.72, 0, 0],
							"lerp_mode": "catmullrom"
						},
						"0.5": {
							"post": [-7.5, 0, 0],
							"lerp_mode": "catmullrom"
						},
						"0.6667": {
							"post": [-63.08, 0, 0],
							"lerp_mode": "catmullrom"
						},
						"0.8333": {
							"post": [-60, 0, 0],
							"lerp_mode": "catmullrom"
						},
						"1.0": [-20, 0, 0]
					},
					"position": {
						"0.0": {
							"post": [0, 0, 0],
							"lerp_mode": "catmullrom"
						},
						"0.1667": {
							"post": [0, 0, 0],
							"lerp_mode": "catmullrom"
						},
						"0.3333": {
							"post": [0, 0, 0],
							"lerp_mode": "catmullrom"
						},
						"0.5": {
							"post": [0, 0, 0],
							"lerp_mode": "catmullrom"
						},
						"0.6667": {
							"post": [0, 0.5, 0],
							"lerp_mode": "catmullrom"
						},
						"0.8333": {
							"post": [0, 0, 0],
							"lerp_mode": "catmullrom"
						},
						"1.0": [0, 0, 0]
					}
				},
				"sole_right": {
					"rotation": {
						"0.0": {
							"post": [40, 0, 0],
							"lerp_mode": "catmullrom"
						},
						"0.1667": {
							"post": [37, 0, 0],
							"lerp_mode": "catmullrom"
						},
						"0.5": {
							"post": [-7.5, 0, 0],
							"lerp_mode": "catmullrom"
						},
						"0.6667": {
							"post": [23.37, 0, 0],
							"lerp_mode": "catmullrom"
						},
						"0.8333": {
							"post": [35, 0, 0],
							"lerp_mode": "catmullrom"
						},
						"1.0": [40, 0, 0]
					}
				}
			}
		},
		"animation.wacky_animals_raccoon_idle": {
			"loop": true,
			"animation_length": 4,
			"bones": {
				"waist": {
					"rotation": [-7.5, 0, 0],
					"position": [0, "-0.75+Math.cos((query.anim_time - 0.0) * 180) * 0.35", 0]
				},
				"body": {
					"rotation": [7.5, 0, 0],
					"position": [0, "Math.cos((query.anim_time - 0.2) * 180) * 0.15", 0]
				},
				"head": {
					"rotation": [0, 0, "Math.cos((query.anim_time - 0.4) * 90) * 4"],
					"position": [0, "Math.cos((query.anim_time - 0.4) * 180) * 0.25", 0]
				},
				"jaw": {
					"rotation": ["3+Math.cos((query.anim_time - 0.3) * 90) * 3", 0, 0]
				},
				"arm_left": {
					"position": {
						"0.0": [0, -0.44375, 0],
						"0.15": [0, -0.4275, 0],
						"0.25": [0, -0.3625, 0],
						"0.35": [0, -0.25875, 0],
						"0.45": [0, -0.1325, 0],
						"0.75": [0, 0.305, 0],
						"0.9": [0, 0.44875, 0],
						"1.0": [0, 0.5, 0],
						"1.15": [0, 0.485, 0],
						"1.25": [0, 0.4225, 0],
						"1.5": [0, 0.125, 0],
						"1.75": [0, -0.2475, 0],
						"1.9": [0, -0.3925, 0],
						"2.0": [0, -0.44375, 0],
						"2.15": [0, -0.4275, 0],
						"2.25": [0, -0.3625, 0],
						"2.35": [0, -0.25875, 0],
						"2.45": [0, -0.1325, 0],
						"2.75": [0, 0.305, 0],
						"2.9": [0, 0.44875, 0],
						"3.0": [0, 0.5, 0],
						"3.15": [0, 0.485, 0],
						"3.25": [0, 0.4225, 0],
						"3.5": [0, 0.125, 0],
						"3.75": [0, -0.2475, 0],
						"3.9": [0, -0.3925, 0],
						"4.0": [0, -0.4425, 0]
					}
				},
				"arm_right": {
					"position": {
						"0.0": [0, -0.44375, 0],
						"0.15": [0, -0.4275, 0],
						"0.25": [0, -0.3625, 0],
						"0.35": [0, -0.25875, 0],
						"0.45": [0, -0.1325, 0],
						"0.75": [0, 0.305, 0],
						"0.9": [0, 0.44875, 0],
						"1.0": [0, 0.5, 0],
						"1.15": [0, 0.485, 0],
						"1.25": [0, 0.4225, 0],
						"1.5": [0, 0.125, 0],
						"1.75": [0, -0.2475, 0],
						"1.9": [0, -0.3925, 0],
						"2.0": [0, -0.44375, 0],
						"2.15": [0, -0.4275, 0],
						"2.25": [0, -0.3625, 0],
						"2.35": [0, -0.25875, 0],
						"2.45": [0, -0.1325, 0],
						"2.75": [0, 0.305, 0],
						"2.9": [0, 0.44875, 0],
						"3.0": [0, 0.5, 0],
						"3.15": [0, 0.485, 0],
						"3.25": [0, 0.4225, 0],
						"3.5": [0, 0.125, 0],
						"3.75": [0, -0.2475, 0],
						"3.9": [0, -0.3925, 0],
						"4.0": [0, -0.4425, 0]
					}
				},
				"tail1": {
					"rotation": [-20, "Math.cos((query.anim_time - 0.75) * 90) * 10", 0]
				}
			}
		}
	}
}