{
	"format_version": "1.8.0",
	"animations": {
		"animation.wacky_animals_seal_walk": {
			"loop": true,
			"animation_length": 1,
			"bones": {
				"root": {
					"position": {
						"0.0": {
							"post": [0, 0, 0],
							"lerp_mode": "catmullrom"
						},
						"0.25": {
							"post": [0, 0, 0],
							"lerp_mode": "catmullrom"
						},
						"0.375": {
							"post": [0, 2.6, 0],
							"lerp_mode": "catmullrom"
						},
						"0.5": {
							"post": [0, 3.9, 0],
							"lerp_mode": "catmullrom"
						},
						"1.0": [0, 0, 0]
					}
				},
				"body": {
					"rotation": {
						"0.0": {
							"post": [-7, 0, 0],
							"lerp_mode": "catmullrom"
						},
						"0.25": {
							"post": [3, 0, 0],
							"lerp_mode": "catmullrom"
						},
						"0.375": {
							"post": [-9.5, 0, 0],
							"lerp_mode": "catmullrom"
						},
						"0.5": {
							"post": [-4.5, 0, 0],
							"lerp_mode": "catmullrom"
						},
						"0.75": {
							"post": [2.06, 0, 0],
							"lerp_mode": "catmullrom"
						},
						"1.0": [-7, 0, 0]
					}
				},
				"tail1": {
					"rotation": {
						"0.0": {
							"post": [6, 0, 0],
							"lerp_mode": "catmullrom"
						},
						"0.25": {
							"post": [-6.5, 0, 0],
							"lerp_mode": "catmullrom"
						},
						"0.375": {
							"post": [-3.5, 0, 0],
							"lerp_mode": "catmullrom"
						},
						"0.5": {
							"post": [7.5, 0, 0],
							"lerp_mode": "catmullrom"
						},
						"0.75": {
							"post": [8.44, 0, 0],
							"lerp_mode": "catmullrom"
						},
						"1.0": [6, 0, 0]
					}
				},
				"tail2": {
					"rotation": {
						"0.0": {
							"post": [4, 0, 0],
							"lerp_mode": "catmullrom"
						},
						"0.25": {
							"post": [-1, 0, 0],
							"lerp_mode": "catmullrom"
						},
						"0.375": {
							"post": [6, 0, 0],
							"lerp_mode": "catmullrom"
						},
						"0.5": {
							"post": [-7, 0, 0],
							"lerp_mode": "catmullrom"
						},
						"0.75": {
							"post": [9.69, 0, 0],
							"lerp_mode": "catmullrom"
						},
						"1.0": [4, 0, 0]
					}
				},
				"tail3": {
					"rotation": {
						"0.0": {
							"post": [2.97715, -0.02476, -0.36945],
							"lerp_mode": "catmullrom"
						},
						"0.25": {
							"post": [7.97715, -0.02476, -0.36945],
							"lerp_mode": "catmullrom"
						},
						"0.375": {
							"post": [12.97715, -0.02476, -0.36945],
							"lerp_mode": "catmullrom"
						},
						"0.5": {
							"post": [-11.02285, -0.02476, -0.36945],
							"lerp_mode": "catmullrom"
						},
						"0.75": {
							"post": [8.47715, -0.02476, -0.36945],
							"lerp_mode": "catmullrom"
						},
						"1.0": [2.97715, -0.02476, -0.36945]
					}
				},
				"arm_left": {
					"rotation": {
						"0.0": {
							"post": [9.91231, -3.72052, 3.40352],
							"lerp_mode": "catmullrom"
						},
						"0.25": {
							"post": [5.06954, -3.503, 0.90804],
							"lerp_mode": "catmullrom"
						},
						"0.375": {
							"post": [3.63875, -30.24551, 14.34634],
							"lerp_mode": "catmullrom"
						},
						"0.5": {
							"post": [0.70853, -7.1844, 12.32404],
							"lerp_mode": "catmullrom"
						},
						"0.75": {
							"post": [5.83276, 21.03993, 8.16661],
							"lerp_mode": "catmullrom"
						},
						"1.0": [9.91231, -3.72052, 3.40352]
					}
				},
				"head": {
					"rotation": {
						"0.0": {
							"post": [-2, 0, 0],
							"lerp_mode": "catmullrom"
						},
						"0.25": {
							"post": [-22, 0, 0],
							"lerp_mode": "catmullrom"
						},
						"0.375": {
							"post": [11, 0, 0],
							"lerp_mode": "catmullrom"
						},
						"0.5": {
							"post": [17, 0, 0],
							"lerp_mode": "catmullrom"
						},
						"0.75": {
							"post": [13.94, 0, 0],
							"lerp_mode": "catmullrom"
						},
						"1.0": [-2, 0, 0]
					}
				},
				"jaw": {
					"rotation": {
						"0.0": {
							"post": [0, 0, 0],
							"lerp_mode": "catmullrom"
						},
						"0.5": {
							"post": [0, 0, 0],
							"lerp_mode": "catmullrom"
						},
						"0.75": {
							"post": [16, 0, 0],
							"lerp_mode": "catmullrom"
						},
						"1.0": [0, 0, 0]
					}
				},
				"arm_right": {
					"rotation": {
						"0.0": {
							"post": [9.91231, 3.72052, -3.40352],
							"lerp_mode": "catmullrom"
						},
						"0.25": {
							"post": [5.06954, 3.503, -0.90804],
							"lerp_mode": "catmullrom"
						},
						"0.375": {
							"post": [3.63875, 30.24551, -14.34634],
							"lerp_mode": "catmullrom"
						},
						"0.5": {
							"post": [0.70853, 7.1844, -12.32404],
							"lerp_mode": "catmullrom"
						},
						"0.75": {
							"post": [5.83276, -21.03993, -8.16661],
							"lerp_mode": "catmullrom"
						},
						"1.0": [9.91231, 3.72052, -3.40352]
					}
				},
				"neck": {
					"rotation": {
						"0.0": {
							"post": [-1, 0, 0],
							"lerp_mode": "catmullrom"
						},
						"0.25": {
							"post": [14, 0, 0],
							"lerp_mode": "catmullrom"
						},
						"0.375": {
							"post": [7, 0, 0],
							"lerp_mode": "catmullrom"
						},
						"0.5": {
							"post": [13, 0, 0],
							"lerp_mode": "catmullrom"
						},
						"0.75": {
							"post": [14.38, 0, 0],
							"lerp_mode": "catmullrom"
						},
						"1.0": [-1, 0, 0]
					}
				},
				"neck2": {
					"rotation": {
						"0.0": {
							"post": [6, 0, 0],
							"lerp_mode": "catmullrom"
						},
						"0.25": {
							"post": [23.5, 0, 0],
							"lerp_mode": "catmullrom"
						},
						"0.375": {
							"post": [29.5, 0, 0],
							"lerp_mode": "catmullrom"
						},
						"0.5": {
							"post": [-3, 0, 0],
							"lerp_mode": "catmullrom"
						},
						"0.75": {
							"post": [-18.94, 0, 0],
							"lerp_mode": "catmullrom"
						},
						"1.0": [6, 0, 0]
					}
				}
			}
		}
	}
}