{
	"format_version": "1.8.0",
	"animations": {
		"animation.wacky_animals_shark_walk": {
			"loop": true,
			"animation_length": 1.5,
			"bones": {
				"body": {
					"rotation": {
						"0.0": {
							"post": [-1, -13, 0],
							"lerp_mode": "catmullrom"
						},
						"0.375": {
							"post": [-0.97738, 4.49744, -0.30162],
							"lerp_mode": "catmullrom"
						},
						"0.75": {
							"post": [-1, 13, 0],
							"lerp_mode": "catmullrom"
						},
						"1.125": {
							"post": [-0.97738, -4.49744, 0.30162],
							"lerp_mode": "catmullrom"
						},
						"1.5": [-1, -12.98, 0]
					}
				},
				"tail1": {
					"rotation": {
						"0.0": {
							"post": [0, 13, 0],
							"lerp_mode": "catmullrom"
						},
						"0.375": {
							"post": [0, -20, 0],
							"lerp_mode": "catmullrom"
						},
						"0.75": {
							"post": [0, -13, 0],
							"lerp_mode": "catmullrom"
						},
						"1.125": {
							"post": [0, 20, 0],
							"lerp_mode": "catmullrom"
						},
						"1.5": [0, 13.01, 0]
					}
				},
				"tail2": {
					"rotation": {
						"0.0": {
							"post": [0, 14, 0],
							"lerp_mode": "catmullrom"
						},
						"0.375": {
							"post": [0, -15, 0],
							"lerp_mode": "catmullrom"
						},
						"0.75": {
							"post": [0, -14, 0],
							"lerp_mode": "catmullrom"
						},
						"1.125": {
							"post": [0, 15, 0],
							"lerp_mode": "catmullrom"
						},
						"1.5": [0, 14, 0]
					}
				},
				"tail3": {
					"rotation": {
						"0.0": {
							"post": [0, 27, 0],
							"lerp_mode": "catmullrom"
						},
						"0.375": {
							"post": [0, 24, 0],
							"lerp_mode": "catmullrom"
						},
						"0.75": {
							"post": [0, -27, 0],
							"lerp_mode": "catmullrom"
						},
						"1.125": {
							"post": [0, -24, 0],
							"lerp_mode": "catmullrom"
						},
						"1.5": [0, 26.9, 0]
					}
				},
				"arm_left_1": {
					"rotation": {
						"0.0": {
							"post": [0, 0, 45],
							"lerp_mode": "catmullrom"
						},
						"0.375": {
							"post": [0, 0, 42],
							"lerp_mode": "catmullrom"
						},
						"0.75": {
							"post": [0, 0, 45],
							"lerp_mode": "catmullrom"
						},
						"1.125": {
							"post": [-0.6574, 7.4713, 35.95708],
							"lerp_mode": "catmullrom"
						},
						"1.5": [0, 0.02, 44.98]
					}
				},
				"arm_right_1": {
					"rotation": {
						"0.0": {
							"post": [0, 0, -45],
							"lerp_mode": "catmullrom"
						},
						"0.375": {
							"post": [-0.6574, -7.4713, -35.95708],
							"lerp_mode": "catmullrom"
						},
						"0.75": {
							"post": [0, 0, -45],
							"lerp_mode": "catmullrom"
						},
						"1.125": {
							"post": [0, 0, -41],
							"lerp_mode": "catmullrom"
						},
						"1.5": [0, 0, -44.99]
					}
				},
				"neck": {
					"rotation": {
						"0.0": {
							"post": [0, -15, 0],
							"lerp_mode": "catmullrom"
						},
						"0.375": {
							"post": [0, 25, 0],
							"lerp_mode": "catmullrom"
						},
						"0.75": {
							"post": [0, 15, 0],
							"lerp_mode": "catmullrom"
						},
						"1.125": {
							"post": [0, -25, 0],
							"lerp_mode": "catmullrom"
						},
						"1.5": [0, -15.02, 0]
					}
				},
				"head": {
					"rotation": {
						"0.0": {
							"post": [24.9574, 19.32307, 16.21566],
							"lerp_mode": "catmullrom"
						},
						"0.375": {
							"post": [17.43135, 3.61753, -6.05705],
							"lerp_mode": "catmullrom"
						},
						"0.75": {
							"post": [24.9574, -19.32307, -16.21566],
							"lerp_mode": "catmullrom"
						},
						"1.125": {
							"post": [17.43135, -3.61753, 6.05705],
							"lerp_mode": "catmullrom"
						},
						"1.5": {
							"post": [24.9574, 19.32307, 16.21566],
							"lerp_mode": "catmullrom"
						}
					}
				},
				"jaw": {
					"rotation": {
						"0.0": {
							"post": [30, 0, 0],
							"lerp_mode": "catmullrom"
						},
						"0.375": {
							"post": [35, 0, 0],
							"lerp_mode": "catmullrom"
						},
						"0.75": {
							"post": [30, 0, 0],
							"lerp_mode": "catmullrom"
						},
						"1.125": {
							"post": [35, 0, 0],
							"lerp_mode": "catmullrom"
						},
						"1.5": [30.01, 0, 0]
					}
				}
			}
		},
		"animation.wacky_animals_shark_attack": {
			"animation_length": 0.875,
			"bones": {
				"root": {
					"position": {
						"0.0": {
							"post": [0, 0, 0],
							"lerp_mode": "catmullrom"
						},
						"0.25": {
							"post": [0, 1.6, 3.8],
							"lerp_mode": "catmullrom"
						},
						"0.375": {
							"post": [0, -1.2, -1.9],
							"lerp_mode": "catmullrom"
						},
						"0.5833": {
							"post": [0, -1.4, -2.3],
							"lerp_mode": "catmullrom"
						},
						"0.875": [0, 0, 0]
					}
				},
				"body": {
					"rotation": {
						"0.0": {
							"post": [-1, 0, 0],
							"lerp_mode": "catmullrom"
						},
						"0.25": {
							"post": [-18.5, 0, 0],
							"lerp_mode": "catmullrom"
						},
						"0.375": {
							"post": [4, 0, 0],
							"lerp_mode": "catmullrom"
						},
						"0.5833": {
							"post": [6.5, 0, 0],
							"lerp_mode": "catmullrom"
						},
						"0.875": [-1, 0, 0]
					}
				},
				"tail1": {
					"rotation": {
						"0.0": {
							"post": [0, 0, 0],
							"lerp_mode": "catmullrom"
						},
						"0.25": {
							"post": [8, 0, 0],
							"lerp_mode": "catmullrom"
						},
						"0.375": {
							"post": [-4.5, 0, 0],
							"lerp_mode": "catmullrom"
						},
						"0.5833": {
							"post": [0.5, 0, 0],
							"lerp_mode": "catmullrom"
						},
						"0.875": [0, 0, 0]
					}
				},
				"tail2": {
					"rotation": {
						"0.0": {
							"post": [0, 0, 0],
							"lerp_mode": "catmullrom"
						},
						"0.25": {
							"post": [11, 0, 0],
							"lerp_mode": "catmullrom"
						},
						"0.375": {
							"post": [-4, 0, 0],
							"lerp_mode": "catmullrom"
						},
						"0.5833": {
							"post": [1, 0, 0],
							"lerp_mode": "catmullrom"
						},
						"0.875": [0, 0, 0]
					}
				},
				"tail3": {
					"rotation": {
						"0.0": {
							"post": [0, 0, 0],
							"lerp_mode": "catmullrom"
						},
						"0.25": {
							"post": [7, 0, 0],
							"lerp_mode": "catmullrom"
						},
						"0.375": {
							"post": [-3, 0, 0],
							"lerp_mode": "catmullrom"
						},
						"0.5833": {
							"post": [-5.5, 0, 0],
							"lerp_mode": "catmullrom"
						},
						"0.875": [0, 0, 0]
					}
				},
				"arm_left_1": {
					"rotation": {
						"0.0": {
							"post": [0, -1, 45],
							"lerp_mode": "catmullrom"
						},
						"0.25": {
							"post": [-0.06976, -0.99756, 49.00061],
							"lerp_mode": "catmullrom"
						},
						"0.375": {
							"post": [0.22617, -5.97433, 31.97837],
							"lerp_mode": "catmullrom"
						},
						"0.5833": {
							"post": [-0.46392, -15.69144, 21.85579],
							"lerp_mode": "catmullrom"
						},
						"0.875": [0, -1, 45]
					}
				},
				"arm_right_1": {
					"rotation": {
						"0.0": {
							"post": [0, 1, -45],
							"lerp_mode": "catmullrom"
						},
						"0.25": {
							"post": [-0.13919, 0.99027, -53.0012],
							"lerp_mode": "catmullrom"
						},
						"0.375": {
							"post": [0.22617, 5.97433, -31.97837],
							"lerp_mode": "catmullrom"
						},
						"0.5833": {
							"post": [-0.46392, 15.69144, -21.85579],
							"lerp_mode": "catmullrom"
						},
						"0.875": [0, 1, -45]
					}
				},
				"neck": {
					"rotation": {
						"0.0": {
							"post": [0, 0, 0],
							"lerp_mode": "catmullrom"
						},
						"0.25": {
							"post": [14, 0, 0],
							"lerp_mode": "catmullrom"
						},
						"0.375": {
							"post": [11.5, 0, 0],
							"lerp_mode": "catmullrom"
						},
						"0.5833": {
							"post": [14.5, 0, 0],
							"lerp_mode": "catmullrom"
						},
						"0.875": [0, 0, 0]
					}
				},
				"head": {
					"rotation": {
						"0.0": {
							"post": [19.26162, 0, 1.2099],
							"lerp_mode": "catmullrom"
						},
						"0.25": {
							"post": [31.26162, 0, 1.2099],
							"lerp_mode": "catmullrom"
						},
						"0.375": {
							"post": [8.76162, 0, 1.2099],
							"lerp_mode": "catmullrom"
						},
						"0.5833": {
							"post": [12.76162, 0, 1.2099],
							"lerp_mode": "catmullrom"
						},
						"0.875": [19.26162, 0, 1.2099]
					}
				},
				"jaw": {
					"rotation": {
						"0.0": {
							"post": [30, 0, 0],
							"lerp_mode": "catmullrom"
						},
						"0.25": {
							"post": [41, 0, 0],
							"lerp_mode": "catmullrom"
						},
						"0.375": {
							"post": [1, 0, 0],
							"lerp_mode": "catmullrom"
						},
						"0.5833": {
							"post": [1, 0, 0],
							"lerp_mode": "catmullrom"
						},
						"0.875": [30, 0, 0]
					}
				}
			}
		}
	}
}