{
	"format_version": "1.8.0",
	"animations": {
		"animation.wacky_animals_sloth_walk": {
			"loop": true,
			"animation_length": 2,
			"bones": {
				"root": {
					"position": {
						"0.0": {
							"post": [0, -11.6, 0],
							"lerp_mode": "catmullrom"
						},
						"0.5": {
							"post": [0, -10.7, 0],
							"lerp_mode": "catmullrom"
						},
						"1.0": {
							"post": [0, -11.6, 0],
							"lerp_mode": "catmullrom"
						},
						"1.5": {
							"post": [0, -10.7, 0],
							"lerp_mode": "catmullrom"
						},
						"2.0": {
							"post": [0, -11.6, 0],
							"lerp_mode": "catmullrom"
						}
					}
				},
				"head": {
					"rotation": {
						"0.0": {
							"post": [0, -7, 9],
							"lerp_mode": "catmullrom"
						},
						"0.5": {
							"post": [6.11886, -3.88698, -1.51405],
							"lerp_mode": "catmullrom"
						},
						"1.0": {
							"post": [0, 7, -9],
							"lerp_mode": "catmullrom"
						},
						"1.5": {
							"post": [6.11886, 3.88698, 1.51405],
							"lerp_mode": "catmullrom"
						},
						"2.0": {
							"post": [0, -7, 9],
							"lerp_mode": "catmullrom"
						}
					}
				},
				"jaw": {
					"rotation": {
						"0.0": {
							"post": [26, 0, 0],
							"lerp_mode": "catmullrom"
						},
						"0.5": {
							"post": [26, 0, 0],
							"lerp_mode": "catmullrom"
						},
						"1.0": {
							"post": [26, 0, 0],
							"lerp_mode": "catmullrom"
						},
						"1.5": {
							"post": [26, 0, 0],
							"lerp_mode": "catmullrom"
						},
						"2.0": {
							"post": [26, 0, 0],
							"lerp_mode": "catmullrom"
						}
					}
				},
				"arm_right": {
					"rotation": {
						"0.0": {
							"post": [-2.82512, 3.13603, 12.08257],
							"lerp_mode": "catmullrom"
						},
						"0.5": {
							"post": [52.17488, 3.13603, 12.08257],
							"lerp_mode": "catmullrom"
						},
						"1.0": {
							"post": [93.02741, 1.76679, 17.02441],
							"lerp_mode": "catmullrom"
						},
						"1.5": {
							"post": [45.52741, 1.76679, 17.02441],
							"lerp_mode": "catmullrom"
						},
						"2.0": [-2.82512, 3.13603, 12.08257]
					}
				},
				"armfore_right": {
					"rotation": {
						"0.0": {
							"post": [-70, 0, 0],
							"lerp_mode": "catmullrom"
						},
						"0.5": {
							"post": [-92.5, 0, 0],
							"lerp_mode": "catmullrom"
						},
						"1.0": {
							"post": [-114, 0, 0],
							"lerp_mode": "catmullrom"
						},
						"1.5": {
							"post": [-119, 0, 0],
							"lerp_mode": "catmullrom"
						},
						"2.0": [-70, 0, 0]
					}
				},
				"armfore_right2": {
					"rotation": {
						"0.0": {
							"post": [-17.5, 0, 0],
							"lerp_mode": "catmullrom"
						},
						"0.5": {
							"post": [-57.5, 0, 0],
							"lerp_mode": "catmullrom"
						},
						"1.0": {
							"post": [-76, 0, 0],
							"lerp_mode": "catmullrom"
						},
						"1.5": {
							"post": [-11, 0, 0],
							"lerp_mode": "catmullrom"
						},
						"2.0": [-17.5, 0, 0]
					}
				},
				"hand_right": {
					"rotation": {
						"0.0": {
							"post": [65, 0, 0],
							"lerp_mode": "catmullrom"
						},
						"0.5": {
							"post": [77.5, 0, 0],
							"lerp_mode": "catmullrom"
						},
						"1.0": {
							"post": [77.5, 0, 0],
							"lerp_mode": "catmullrom"
						},
						"1.5": {
							"post": [92.5, 0, 0],
							"lerp_mode": "catmullrom"
						},
						"2.0": [65, 0, 0]
					}
				},
				"arm_left": {
					"rotation": {
						"0.0": {
							"post": [93.02741, -1.76679, -17.02441],
							"lerp_mode": "catmullrom"
						},
						"0.5": {
							"post": [45.52741, -1.76679, -17.02441],
							"lerp_mode": "catmullrom"
						},
						"1.0": {
							"post": [-2.82512, -3.13603, -12.08257],
							"lerp_mode": "catmullrom"
						},
						"1.5": {
							"post": [52.17488, -3.13603, -12.08257],
							"lerp_mode": "catmullrom"
						},
						"2.0": [93.02741, -1.76679, -17.02441]
					}
				},
				"armfore_left": {
					"rotation": {
						"0.0": {
							"post": [-114, 0, 0],
							"lerp_mode": "catmullrom"
						},
						"0.5": {
							"post": [-119, 0, 0],
							"lerp_mode": "catmullrom"
						},
						"1.0": {
							"post": [-70, 0, 0],
							"lerp_mode": "catmullrom"
						},
						"1.5": {
							"post": [-92.5, 0, 0],
							"lerp_mode": "catmullrom"
						},
						"2.0": [-114, 0, 0]
					}
				},
				"armfore_left2": {
					"rotation": {
						"0.0": {
							"post": [-76, 0, 0],
							"lerp_mode": "catmullrom"
						},
						"0.5": {
							"post": [-11, 0, 0],
							"lerp_mode": "catmullrom"
						},
						"1.0": {
							"post": [-17.5, 0, 0],
							"lerp_mode": "catmullrom"
						},
						"1.5": {
							"post": [-57.5, 0, 0],
							"lerp_mode": "catmullrom"
						},
						"2.0": [-76, 0, 0]
					}
				},
				"hand_left": {
					"rotation": {
						"0.0": {
							"post": [77.5, 0, 0],
							"lerp_mode": "catmullrom"
						},
						"0.5": {
							"post": [92.5, 0, 0],
							"lerp_mode": "catmullrom"
						},
						"1.0": {
							"post": [65, 0, 0],
							"lerp_mode": "catmullrom"
						},
						"1.5": {
							"post": [77.5, 0, 0],
							"lerp_mode": "catmullrom"
						},
						"2.0": [77.5, 0, 0]
					}
				},
				"leg_left": {
					"rotation": {
						"0.0": {
							"post": [-76.17702, -10.6261, -30.83452],
							"lerp_mode": "catmullrom"
						},
						"0.5": {
							"post": [-28.67702, -10.6261, -30.83452],
							"lerp_mode": "catmullrom"
						},
						"1.0": {
							"post": [7.47178, 0.65182, -27.45744],
							"lerp_mode": "catmullrom"
						},
						"1.5": {
							"post": [-50.02822, 0.65182, -27.45744],
							"lerp_mode": "catmullrom"
						},
						"2.0": {
							"post": [-76.17702, -10.6261, -30.83452],
							"lerp_mode": "catmullrom"
						}
					}
				},
				"legfore_left": {
					"rotation": {
						"0.0": {
							"post": [105.5, 0, 0],
							"lerp_mode": "catmullrom"
						},
						"0.5": {
							"post": [83, 0, 0],
							"lerp_mode": "catmullrom"
						},
						"1.0": {
							"post": [67.5, 0, 0],
							"lerp_mode": "catmullrom"
						},
						"1.5": {
							"post": [112.5, 0, 0],
							"lerp_mode": "catmullrom"
						},
						"2.0": {
							"post": [105.5, 0, 0],
							"lerp_mode": "catmullrom"
						}
					}
				},
				"legfore_left2": {
					"rotation": {
						"0.0": {
							"post": [67.5, 0, 0],
							"lerp_mode": "catmullrom"
						},
						"0.5": {
							"post": [42.5, 0, 0],
							"lerp_mode": "catmullrom"
						},
						"1.0": {
							"post": [10, 0, 0],
							"lerp_mode": "catmullrom"
						},
						"1.5": {
							"post": [45, 0, 0],
							"lerp_mode": "catmullrom"
						},
						"2.0": {
							"post": [67.5, 0, 0],
							"lerp_mode": "catmullrom"
						}
					}
				},
				"sole_left": {
					"rotation": {
						"0.0": {
							"post": [-68.21865, 20.29348, 9.92926],
							"lerp_mode": "catmullrom"
						},
						"0.5": {
							"post": [-68.22, 20.29, 9.93],
							"lerp_mode": "catmullrom"
						},
						"1.0": {
							"post": [-65.61189, 16.84048, 14.67922],
							"lerp_mode": "catmullrom"
						},
						"1.5": {
							"post": [-63.11189, 16.84048, 14.67922],
							"lerp_mode": "catmullrom"
						},
						"2.0": {
							"post": [-68.21865, 20.29348, 9.92926],
							"lerp_mode": "catmullrom"
						}
					}
				},
				"leg_right": {
					"rotation": {
						"0.0": {
							"post": [7.47178, -0.65182, 27.45744],
							"lerp_mode": "catmullrom"
						},
						"0.5": {
							"post": [-50.02822, -0.65182, 27.45744],
							"lerp_mode": "catmullrom"
						},
						"1.0": {
							"post": [-76.17702, 10.6261, 30.83452],
							"lerp_mode": "catmullrom"
						},
						"1.5": {
							"post": [-28.67702, 10.6261, 30.83452],
							"lerp_mode": "catmullrom"
						},
						"2.0": {
							"post": [7.47178, -0.65182, 27.45744],
							"lerp_mode": "catmullrom"
						}
					}
				},
				"legfore_right": {
					"rotation": {
						"0.0": {
							"post": [67.5, 0, 0],
							"lerp_mode": "catmullrom"
						},
						"0.5": {
							"post": [112.5, 0, 0],
							"lerp_mode": "catmullrom"
						},
						"1.0": {
							"post": [105.5, 0, 0],
							"lerp_mode": "catmullrom"
						},
						"1.5": {
							"post": [83, 0, 0],
							"lerp_mode": "catmullrom"
						},
						"2.0": {
							"post": [67.5, 0, 0],
							"lerp_mode": "catmullrom"
						}
					}
				},
				"legfore_right2": {
					"rotation": {
						"0.0": {
							"post": [10, 0, 0],
							"lerp_mode": "catmullrom"
						},
						"0.5": {
							"post": [45, 0, 0],
							"lerp_mode": "catmullrom"
						},
						"1.0": {
							"post": [67.5, 0, 0],
							"lerp_mode": "catmullrom"
						},
						"1.5": {
							"post": [42.5, 0, 0],
							"lerp_mode": "catmullrom"
						},
						"2.0": {
							"post": [10, 0, 0],
							"lerp_mode": "catmullrom"
						}
					}
				},
				"sole_right": {
					"rotation": {
						"0.0": {
							"post": [-65.61189, -16.84048, -14.67922],
							"lerp_mode": "catmullrom"
						},
						"0.5": {
							"post": [-63.11189, -16.84048, -14.67922],
							"lerp_mode": "catmullrom"
						},
						"1.0": {
							"post": [-68.21865, -20.29348, -9.92926],
							"lerp_mode": "catmullrom"
						},
						"1.5": {
							"post": [-68.22, -20.29, -9.93],
							"lerp_mode": "catmullrom"
						},
						"2.0": {
							"post": [-65.61189, -16.84048, -14.67922],
							"lerp_mode": "catmullrom"
						}
					}
				}
			}
		},
		"animation.wacky_animals_sloth_idle": {
			"loop": true,
			"animation_length": 4,
			"bones": {
				"root": {
					"position": [0, -12.35, 0]
				},
				"body": {
					"rotation": ["-Math.cos((query.anim_time - 0.0) * 180) * 0.5", 0, 0],
					"position": [0, "-Math.cos((query.anim_time - 0.0) * 180) * 0.1", 0]
				},
				"head": {
					"rotation": ["-Math.cos((query.anim_time - 0.35) * 180) * 0.5", 0, 0]
				},
				"leg_right": {
					"rotation": [7.16943, -1.35446, 50.76453],
					"position": [0, -1, 0]
				},
				"legfore_right": {
					"rotation": [61.66949, 11.53004, 29.05347]
				},
				"legfore_right2": {
					"rotation": [32.43502, 3.64972, 8.23884]
				},
				"sole_right": {
					"rotation": [0, 4, 0]
				},
				"leg_left": {
					"rotation": [7.16943, 1.35446, -50.76453],
					"position": [0, -1, 0]
				},
				"legfore_left": {
					"rotation": [61.66949, -11.53004, -29.05347]
				},
				"legfore_left2": {
					"rotation": [32.43502, -3.64972, -8.23884]
				},
				"sole_left": {
					"rotation": [0, -4, 0]
				},
				"arm_left": {
					"rotation": [-19.57042, -34.17748, -14.0298]
				},
				"armfore_left": {
					"rotation": [-47.38206, 1.08089, 12.45392]
				},
				"armfore_left2": {
					"rotation": [-15, 0, 10]
				},
				"hand_left": {
					"rotation": [75, 0, 0],
					"position": [0, 1, -0.4]
				},
				"arm_right": {
					"rotation": [-19.57042, 34.17748, 14.0298]
				},
				"armfore_right": {
					"rotation": [-47.38206, -1.08089, -12.45392]
				},
				"armfore_right2": {
					"rotation": [-15, 0, -10]
				},
				"hand_right": {
					"rotation": [75, 0, 0],
					"position": [0, 1, -0.4]
				}
			}
		}
	}
}