{
	"format_version": "1.8.0",
	"animations": {
		"animation.wacky_animals_squirrel_walk": {
			"loop": true,
			"animation_length": 1,
			"bones": {
				"root": {
					"position": {
						"0.0": {
							"post": [0, -1.6, 0],
							"lerp_mode": "catmullrom"
						},
						"0.25": {
							"post": [0, -0.7, 0],
							"lerp_mode": "catmullrom"
						},
						"0.5": {
							"post": [0, -1.6, 0],
							"lerp_mode": "catmullrom"
						},
						"0.75": {
							"post": [0, -0.7, 0],
							"lerp_mode": "catmullrom"
						},
						"1.0": [0, -1.6, 0]
					}
				},
				"body": {
					"rotation": {
						"0.0": {
							"post": [-5.00135, -0.98769, 0.15645],
							"lerp_mode": "catmullrom"
						},
						"0.25": {
							"post": [-4.0006, 0.00851, 0.06928],
							"lerp_mode": "catmullrom"
						},
						"0.5": {
							"post": [-5.00135, 0.98769, -0.15645],
							"lerp_mode": "catmullrom"
						},
						"0.75": {
							"post": [-4.0006, -0.00851, -0.06928],
							"lerp_mode": "catmullrom"
						},
						"1.0": [-5.00135, -0.98769, 0.15645]
					}
				},
				"tail": {
					"rotation": {
						"0.0": {
							"post": [0, 11, 0],
							"lerp_mode": "catmullrom"
						},
						"0.25": {
							"post": [0, 18, 0],
							"lerp_mode": "catmullrom"
						},
						"0.5": {
							"post": [0, -11, 0],
							"lerp_mode": "catmullrom"
						},
						"0.75": {
							"post": [0, -18, 0],
							"lerp_mode": "catmullrom"
						},
						"1.0": [0, 11, 0]
					}
				},
				"tail2": {
					"rotation": {
						"0.0": {
							"post": [0, 8, 0],
							"lerp_mode": "catmullrom"
						},
						"0.25": {
							"post": [0, 12, 0],
							"lerp_mode": "catmullrom"
						},
						"0.5": {
							"post": [0, -8, 0],
							"lerp_mode": "catmullrom"
						},
						"0.75": {
							"post": [0, -12, 0],
							"lerp_mode": "catmullrom"
						},
						"1.0": [0, 8, 0]
					}
				},
				"tail3": {
					"rotation": {
						"0.0": {
							"post": [0, -9, 0],
							"lerp_mode": "catmullrom"
						},
						"0.25": {
							"post": [0, 11, 0],
							"lerp_mode": "catmullrom"
						},
						"0.5": {
							"post": [0, 9, 0],
							"lerp_mode": "catmullrom"
						},
						"0.75": {
							"post": [0, -11, 0],
							"lerp_mode": "catmullrom"
						},
						"1.0": [0, -9, 0]
					}
				},
				"tail4": {
					"rotation": {
						"0.0": {
							"post": [0, -13, 0],
							"lerp_mode": "catmullrom"
						},
						"0.25": {
							"post": [0, 7, 0],
							"lerp_mode": "catmullrom"
						},
						"0.5": {
							"post": [0, 13, 0],
							"lerp_mode": "catmullrom"
						},
						"0.75": {
							"post": [0, -7, 0],
							"lerp_mode": "catmullrom"
						},
						"1.0": [0, -13, 0]
					}
				},
				"tail5": {
					"rotation": {
						"0.0": {
							"post": [0, -25, 0],
							"lerp_mode": "catmullrom"
						},
						"0.25": {
							"post": [0, 24, 0],
							"lerp_mode": "catmullrom"
						},
						"0.5": {
							"post": [0, 25, 0],
							"lerp_mode": "catmullrom"
						},
						"0.75": {
							"post": [0, -24, 0],
							"lerp_mode": "catmullrom"
						},
						"1.0": [0, -25, 0]
					}
				},
				"head": {
					"rotation": {
						"0.0": {
							"post": [-1.61826, -2.03206, -1.93682],
							"lerp_mode": "catmullrom"
						},
						"0.25": {
							"post": [-3.03481, -12.78159, 4.53052],
							"lerp_mode": "catmullrom"
						},
						"0.5": {
							"post": [-1.61826, 2.03206, 1.93682],
							"lerp_mode": "catmullrom"
						},
						"0.75": {
							"post": [-3.03481, 12.78159, -4.53052],
							"lerp_mode": "catmullrom"
						},
						"1.0": [-1.61826, -2.03206, -1.93682]
					}
				},
				"jaw": {
					"rotation": {
						"0.0": {
							"post": [14, 0, 0],
							"lerp_mode": "catmullrom"
						},
						"0.25": {
							"post": [26.5, 0, 0],
							"lerp_mode": "catmullrom"
						},
						"0.5": {
							"post": [14, 0, 0],
							"lerp_mode": "catmullrom"
						},
						"0.75": {
							"post": [26.5, 0, 0],
							"lerp_mode": "catmullrom"
						},
						"1.0": [14, 0, 0]
					}
				},
				"leg_left": {
					"rotation": {
						"0.0": {
							"post": [-3, 0, 0],
							"lerp_mode": "catmullrom"
						},
						"0.25": {
							"post": [9, 0, 0],
							"lerp_mode": "catmullrom"
						},
						"0.5": {
							"post": [45, 0, 0],
							"lerp_mode": "catmullrom"
						},
						"0.75": {
							"post": [19.5, 0, 0],
							"lerp_mode": "catmullrom"
						},
						"1.0": [-3, 0, 0]
					}
				},
				"arm_left": {
					"rotation": {
						"0.0": {
							"post": [40.56274, 4.76804, -6.49299],
							"lerp_mode": "catmullrom"
						},
						"0.25": {
							"post": [16.76606, 0.29296, -4.26334],
							"lerp_mode": "catmullrom"
						},
						"0.5": {
							"post": [-23, 0, 0],
							"lerp_mode": "catmullrom"
						},
						"0.75": {
							"post": [4, 0, 0],
							"lerp_mode": "catmullrom"
						},
						"1.0": [40.56274, 4.76804, -6.49299]
					}
				},
				"neck": {
					"rotation": {
						"0.0": {
							"post": [14.5073, -9.86017, 5.99144],
							"lerp_mode": "catmullrom"
						},
						"0.25": {
							"post": [13.64843, 4.16997, 1.26946],
							"lerp_mode": "catmullrom"
						},
						"0.5": {
							"post": [14.5073, 9.86017, -5.99144],
							"lerp_mode": "catmullrom"
						},
						"0.75": {
							"post": [13.64843, -4.16997, -1.26946],
							"lerp_mode": "catmullrom"
						},
						"1.0": [14.5073, -9.86017, 5.99144]
					}
				},
				"legfore_left": {
					"rotation": {
						"0.0": {
							"post": [-56, 0, 0],
							"lerp_mode": "catmullrom"
						},
						"0.25": {
							"post": [-29, 0, 0],
							"lerp_mode": "catmullrom"
						},
						"0.5": {
							"post": [10, 0, 0],
							"lerp_mode": "catmullrom"
						},
						"0.75": {
							"post": [-62.5, 0, 0],
							"lerp_mode": "catmullrom"
						},
						"1.0": [-56, 0, 0]
					}
				},
				"armfore_left": {
					"rotation": {
						"0.0": {
							"post": [-18, 0, 0],
							"lerp_mode": "catmullrom"
						},
						"0.25": {
							"post": [-68, 0, 0],
							"lerp_mode": "catmullrom"
						},
						"0.5": {
							"post": [-3, 0, 0],
							"lerp_mode": "catmullrom"
						},
						"0.75": {
							"post": [2, 0, 0],
							"lerp_mode": "catmullrom"
						},
						"1.0": [-18, 0, 0]
					}
				},
				"hand_left": {
					"rotation": {
						"0.0": {
							"post": [-12, 0, 0],
							"lerp_mode": "catmullrom"
						},
						"0.25": {
							"post": [23, 0, 0],
							"lerp_mode": "catmullrom"
						},
						"0.5": {
							"post": [-5, 0, 0],
							"lerp_mode": "catmullrom"
						},
						"0.75": {
							"post": [-8, 0, 0],
							"lerp_mode": "catmullrom"
						},
						"1.0": [-12, 0, 0]
					}
				},
				"arm_right": {
					"rotation": {
						"0.0": {
							"post": [-23, 0, 0],
							"lerp_mode": "catmullrom"
						},
						"0.25": {
							"post": [4, 0, 0],
							"lerp_mode": "catmullrom"
						},
						"0.5": {
							"post": [40.56274, -4.76804, 6.49299],
							"lerp_mode": "catmullrom"
						},
						"0.75": {
							"post": [16.76606, -0.29296, 4.26334],
							"lerp_mode": "catmullrom"
						},
						"1.0": [-23, 0, 0]
					}
				},
				"armfore_right": {
					"rotation": {
						"0.0": {
							"post": [-3, 0, 0],
							"lerp_mode": "catmullrom"
						},
						"0.25": {
							"post": [2, 0, 0],
							"lerp_mode": "catmullrom"
						},
						"0.5": {
							"post": [-18, 0, 0],
							"lerp_mode": "catmullrom"
						},
						"0.75": {
							"post": [-68, 0, 0],
							"lerp_mode": "catmullrom"
						},
						"1.0": [-3, 0, 0]
					}
				},
				"hand_right": {
					"rotation": {
						"0.0": {
							"post": [-5, 0, 0],
							"lerp_mode": "catmullrom"
						},
						"0.25": {
							"post": [-8, 0, 0],
							"lerp_mode": "catmullrom"
						},
						"0.5": {
							"post": [-12, 0, 0],
							"lerp_mode": "catmullrom"
						},
						"0.75": {
							"post": [23, 0, 0],
							"lerp_mode": "catmullrom"
						},
						"1.0": [-5, 0, 0]
					}
				},
				"leg_right": {
					"rotation": {
						"0.0": {
							"post": [45, 0, 0],
							"lerp_mode": "catmullrom"
						},
						"0.25": {
							"post": [19.5, 0, 0],
							"lerp_mode": "catmullrom"
						},
						"0.5": {
							"post": [-3, 0, 0],
							"lerp_mode": "catmullrom"
						},
						"0.75": {
							"post": [9, 0, 0],
							"lerp_mode": "catmullrom"
						},
						"1.0": [45, 0, 0]
					}
				},
				"legfore_right": {
					"rotation": {
						"0.0": {
							"post": [10, 0, 0],
							"lerp_mode": "catmullrom"
						},
						"0.25": {
							"post": [-62.5, 0, 0],
							"lerp_mode": "catmullrom"
						},
						"0.5": {
							"post": [-56, 0, 0],
							"lerp_mode": "catmullrom"
						},
						"0.75": {
							"post": [-29, 0, 0],
							"lerp_mode": "catmullrom"
						},
						"1.0": [10, 0, 0]
					}
				}
			}
		},
		"animation.wacky_animals_squirrel_idle": {
			"loop": true,
			"animation_length": 4,
			"bones": {
				"body": {
					"position": [0, "-Math.cos((query.anim_time - 0.0) * 360) * 0.35", 0]
				},
				"neck": {
					"rotation": ["Math.cos((query.anim_time - 0.25) * 360) * 5", 0, "Math.cos((query.anim_time - 0.5) * 180) * 5"]
				},
				"tail": {
					"rotation": [12.5, "Math.cos((query.anim_time - 0.45) * 360) * 5", 0]
				},
				"tail2": {
					"rotation": [0, "Math.cos((query.anim_time - 0.55) * 360) * 5", 0]
				},
				"tail3": {
					"rotation": [0, "Math.cos((query.anim_time - 0.65) * 360) * 5", 0]
				},
				"arm_right": {
					"position": [0, "Math.cos((query.anim_time - 0.0) * 360) * 0.35", 0]
				},
				"arm_left": {
					"position": [0, "Math.cos((query.anim_time - 0.0) * 360) * 0.35", 0]
				}
			}
		}
	}
}