{
	"format_version": "1.8.0",
	"animations": {
		"animation.wacky_animals.t-rex_walk": {
			"loop": true,
			"animation_length": 1,
			"bones": {
				"root": {
					"position": {
						"0.0": {
							"post": [0, -1.9, 0],
							"lerp_mode": "catmullrom"
						},
						"0.25": {
							"post": [0, -5.6, 0],
							"lerp_mode": "catmullrom"
						},
						"0.5": {
							"post": [0, -1.9, 0],
							"lerp_mode": "catmullrom"
						},
						"0.75": {
							"post": [0, -5.6, 0],
							"lerp_mode": "catmullrom"
						},
						"1.0": [0, -1.9, 0]
					}
				},
				"body": {
					"rotation": {
						"0.0": {
							"post": [10, 5, 0],
							"lerp_mode": "catmullrom"
						},
						"0.25": {
							"post": [7.4713, 0.04256, -0.65182],
							"lerp_mode": "catmullrom"
						},
						"0.5": {
							"post": [10, -5, 0],
							"lerp_mode": "catmullrom"
						},
						"0.75": {
							"post": [7.4713, -0.04256, 0.65182],
							"lerp_mode": "catmullrom"
						},
						"1.0": [10, 5, 0]
					}
				},
				"body2": {
					"rotation": {
						"0.0": {
							"post": [0.23375, 9.93133, 1.54212],
							"lerp_mode": "catmullrom"
						},
						"0.25": {
							"post": [-4.87077, 2.22129, -0.98163],
							"lerp_mode": "catmullrom"
						},
						"0.5": {
							"post": [0.23375, -9.93133, -1.54212],
							"lerp_mode": "catmullrom"
						},
						"0.75": {
							"post": [-4.87077, -2.22129, 0.98163],
							"lerp_mode": "catmullrom"
						},
						"1.0": [0.23375, 9.93133, 1.54212]
					}
				},
				"body3": {
					"rotation": {
						"0.0": {
							"post": [2.5, -10, 0],
							"lerp_mode": "catmullrom"
						},
						"0.25": {
							"post": [7.19393, 5.19244, -0.54631],
							"lerp_mode": "catmullrom"
						},
						"0.5": {
							"post": [2.5, 10, 0],
							"lerp_mode": "catmullrom"
						},
						"0.75": {
							"post": [7.19393, -5.19244, 0.54631],
							"lerp_mode": "catmullrom"
						},
						"1.0": [2.5, -10, 0]
					}
				},
				"neck": {
					"rotation": {
						"0.0": {
							"post": [-3.38045, -9.96156, 5.07673],
							"lerp_mode": "catmullrom"
						},
						"0.25": {
							"post": [8.9762, 0.3048, 4.18448],
							"lerp_mode": "catmullrom"
						},
						"0.5": {
							"post": [-3.38045, 9.96156, -5.07673],
							"lerp_mode": "catmullrom"
						},
						"0.75": {
							"post": [8.9762, -0.3048, -4.18448],
							"lerp_mode": "catmullrom"
						},
						"1.0": [-3.38045, -9.96156, 5.07673]
					}
				},
				"head": {
					"rotation": {
						"0.0": {
							"post": [-2.4905, 0.21782, 4.99527],
							"lerp_mode": "catmullrom"
						},
						"0.25": {
							"post": [10.0205, 2.67974, 5.43014],
							"lerp_mode": "catmullrom"
						},
						"0.5": {
							"post": [-2.4905, -0.21782, -4.99527],
							"lerp_mode": "catmullrom"
						},
						"0.75": {
							"post": [10.0205, -2.67974, -5.43014],
							"lerp_mode": "catmullrom"
						},
						"1.0": [-2.4905, 0.21782, 4.99527]
					}
				},
				"jaw": {
					"rotation": {
						"0.0": {
							"post": [15, 0, 0],
							"lerp_mode": "catmullrom"
						},
						"0.25": {
							"post": [15, 0, 0],
							"lerp_mode": "catmullrom"
						},
						"0.5": {
							"post": [15, 0, 0],
							"lerp_mode": "catmullrom"
						},
						"0.75": {
							"post": [15, 0, 0],
							"lerp_mode": "catmullrom"
						},
						"1.0": [15, 0, 0]
					}
				},
				"arm_right": {
					"rotation": {
						"0.0": {
							"post": [-25, 0, 0],
							"lerp_mode": "catmullrom"
						},
						"0.25": {
							"post": [-19.91643, 2.11089, 4.53359],
							"lerp_mode": "catmullrom"
						},
						"0.5": {
							"post": [-30.98378, 9.52362, -1.00705],
							"lerp_mode": "catmullrom"
						},
						"0.75": {
							"post": [-22.24034, 5.83209, -10.38671],
							"lerp_mode": "catmullrom"
						},
						"1.0": [-25, 0, 0]
					}
				},
				"armfore_right": {
					"rotation": {
						"0.0": {
							"post": [-27.5, 0, 0],
							"lerp_mode": "catmullrom"
						},
						"0.25": {
							"post": [-12.5, 0, 0],
							"lerp_mode": "catmullrom"
						},
						"0.5": {
							"post": [-17.5, 0, 0],
							"lerp_mode": "catmullrom"
						},
						"0.75": {
							"post": [-5, 0, 0],
							"lerp_mode": "catmullrom"
						},
						"1.0": [-27.5, 0, 0]
					}
				},
				"tail1": {
					"rotation": {
						"0.0": {
							"post": [-26.1953, 7.41407, -3.0137],
							"lerp_mode": "catmullrom"
						},
						"0.25": {
							"post": [-26.1953, 7.41407, -3.0137],
							"lerp_mode": "catmullrom"
						},
						"0.5": {
							"post": [-26.1953, -7.41407, 3.0137],
							"lerp_mode": "catmullrom"
						},
						"0.75": {
							"post": [-26.1953, -7.41407, 3.0137],
							"lerp_mode": "catmullrom"
						},
						"1.0": [-26.1953, 7.41407, -3.0137]
					}
				},
				"tail2": {
					"rotation": {
						"0.0": {
							"post": [-9.00061, 0.99756, -0.06976],
							"lerp_mode": "catmullrom"
						},
						"0.25": {
							"post": [-9.16514, 10.87281, -1.65494],
							"lerp_mode": "catmullrom"
						},
						"0.5": {
							"post": [-9.00061, -0.99756, 0.06976],
							"lerp_mode": "catmullrom"
						},
						"0.75": {
							"post": [-9.16514, -10.87281, 1.65494],
							"lerp_mode": "catmullrom"
						},
						"1.0": [-9.00061, 0.99756, -0.06976]
					}
				},
				"tail3": {
					"rotation": {
						"0.0": {
							"post": [5.0274, -5.97708, -0.52484],
							"lerp_mode": "catmullrom"
						},
						"0.25": {
							"post": [5.03218, 6.47516, 0.56894],
							"lerp_mode": "catmullrom"
						},
						"0.5": {
							"post": [5.0274, 5.97708, 0.52484],
							"lerp_mode": "catmullrom"
						},
						"0.75": {
							"post": [5.03218, -6.47516, -0.56894],
							"lerp_mode": "catmullrom"
						},
						"1.0": [5.0274, -5.97708, -0.52484]
					}
				},
				"tail4": {
					"rotation": {
						"0.0": {
							"post": [-5, -7, 0],
							"lerp_mode": "catmullrom"
						},
						"0.25": {
							"post": [-5.14829, 15.41408, -1.98269],
							"lerp_mode": "catmullrom"
						},
						"0.5": {
							"post": [-5, 7, 0],
							"lerp_mode": "catmullrom"
						},
						"0.75": {
							"post": [-5.14829, -15.41408, 1.98269],
							"lerp_mode": "catmullrom"
						},
						"1.0": [-5, -7, 0]
					}
				},
				"tail5": {
					"rotation": {
						"0.0": {
							"post": [-6, -16, 0],
							"lerp_mode": "catmullrom"
						},
						"0.25": {
							"post": [-5.93992, 13.84458, -3.08561],
							"lerp_mode": "catmullrom"
						},
						"0.5": {
							"post": [-6, 16, 0],
							"lerp_mode": "catmullrom"
						},
						"0.75": {
							"post": [-5.93992, -13.84458, 3.08561],
							"lerp_mode": "catmullrom"
						},
						"1.0": [-6, -16, 0]
					}
				},
				"leg_right": {
					"rotation": {
						"0.0": {
							"post": [4, 7, 0],
							"lerp_mode": "catmullrom"
						},
						"0.25": {
							"post": [34.5, 7, 0],
							"lerp_mode": "catmullrom"
						},
						"0.5": {
							"post": [-16, 0, 0],
							"lerp_mode": "catmullrom"
						},
						"0.6667": {
							"post": [-40.25, 0, 0],
							"lerp_mode": "catmullrom"
						},
						"0.8333": {
							"post": [-47, 0, 0],
							"lerp_mode": "catmullrom"
						},
						"1.0": [4, 7, 0]
					}
				},
				"legfore_right": {
					"rotation": {
						"0.0": {
							"post": [11, 0, 0],
							"lerp_mode": "catmullrom"
						},
						"0.25": {
							"post": [-9, 0, 0],
							"lerp_mode": "catmullrom"
						},
						"0.5": {
							"post": [42, 0, 0],
							"lerp_mode": "catmullrom"
						},
						"0.6667": {
							"post": [64.25, 0, 0],
							"lerp_mode": "catmullrom"
						},
						"0.8333": {
							"post": [34, 0, 0],
							"lerp_mode": "catmullrom"
						},
						"1.0": [11, 0, 0]
					}
				},
				"legfore_right2": {
					"rotation": {
						"0.0": {
							"post": [-20, 0, 0],
							"lerp_mode": "catmullrom"
						},
						"0.25": {
							"post": [27.5, 0, 0],
							"lerp_mode": "catmullrom"
						},
						"0.5": {
							"post": [45, 0, 0],
							"lerp_mode": "catmullrom"
						},
						"0.6667": {
							"post": [-70.25, 0, 0],
							"lerp_mode": "catmullrom"
						},
						"0.8333": {
							"post": [-30.5, 0, 0],
							"lerp_mode": "catmullrom"
						},
						"1.0": [-20, 0, 0]
					}
				},
				"sole_right": {
					"rotation": {
						"0.0": {
							"post": [3, 0, 0],
							"lerp_mode": "catmullrom"
						},
						"0.25": {
							"post": [-52, 0, 0],
							"lerp_mode": "catmullrom"
						},
						"0.5": {
							"post": [19, 0, 0],
							"lerp_mode": "catmullrom"
						},
						"0.6667": {
							"post": [55, 0, 0],
							"lerp_mode": "catmullrom"
						},
						"0.8333": {
							"post": [41, 0, 0],
							"lerp_mode": "catmullrom"
						},
						"1.0": [3, 0, 0]
					}
				},
				"arm_left": {
					"rotation": {
						"0.0": {
							"post": [-30.98378, -9.52362, 1.00705],
							"lerp_mode": "catmullrom"
						},
						"0.25": {
							"post": [-22.24034, -5.83209, 10.38671],
							"lerp_mode": "catmullrom"
						},
						"0.5": {
							"post": [-25, 0, 0],
							"lerp_mode": "catmullrom"
						},
						"0.75": {
							"post": [-19.91643, -2.11089, -4.53359],
							"lerp_mode": "catmullrom"
						},
						"1.0": [-30.98378, -9.52362, 1.00705]
					}
				},
				"armfore_left": {
					"rotation": {
						"0.0": {
							"post": [-17.5, 0, 0],
							"lerp_mode": "catmullrom"
						},
						"0.25": {
							"post": [-5, 0, 0],
							"lerp_mode": "catmullrom"
						},
						"0.5": {
							"post": [-27.5, 0, 0],
							"lerp_mode": "catmullrom"
						},
						"0.75": {
							"post": [-12.5, 0, 0],
							"lerp_mode": "catmullrom"
						},
						"1.0": [-17.5, 0, 0]
					}
				},
				"leg_left": {
					"rotation": {
						"0.0": {
							"post": [-16, 0, 0],
							"lerp_mode": "catmullrom"
						},
						"0.1667": {
							"post": [-40.25, 0, 0],
							"lerp_mode": "catmullrom"
						},
						"0.3333": {
							"post": [-47, 0, 0],
							"lerp_mode": "catmullrom"
						},
						"0.5": {
							"post": [4, -7, 0],
							"lerp_mode": "catmullrom"
						},
						"0.75": {
							"post": [34.5, -7, 0],
							"lerp_mode": "catmullrom"
						},
						"1.0": [-16, 0, 0]
					}
				},
				"legfore_left": {
					"rotation": {
						"0.0": {
							"post": [42, 0, 0],
							"lerp_mode": "catmullrom"
						},
						"0.1667": {
							"post": [64.25, 0, 0],
							"lerp_mode": "catmullrom"
						},
						"0.3333": {
							"post": [34, 0, 0],
							"lerp_mode": "catmullrom"
						},
						"0.5": {
							"post": [11, 0, 0],
							"lerp_mode": "catmullrom"
						},
						"0.75": {
							"post": [-9, 0, 0],
							"lerp_mode": "catmullrom"
						},
						"1.0": [42, 0, 0]
					}
				},
				"legfore_left2": {
					"rotation": {
						"0.0": {
							"post": [45, 0, 0],
							"lerp_mode": "catmullrom"
						},
						"0.1667": {
							"post": [-70.25, 0, 0],
							"lerp_mode": "catmullrom"
						},
						"0.3333": {
							"post": [-30.5, 0, 0],
							"lerp_mode": "catmullrom"
						},
						"0.5": {
							"post": [-20, 0, 0],
							"lerp_mode": "catmullrom"
						},
						"0.75": {
							"post": [27.5, 0, 0],
							"lerp_mode": "catmullrom"
						},
						"1.0": [45, 0, 0]
					}
				},
				"sole_left": {
					"rotation": {
						"0.0": {
							"post": [19, 0, 0],
							"lerp_mode": "catmullrom"
						},
						"0.1667": {
							"post": [55, 0, 0],
							"lerp_mode": "catmullrom"
						},
						"0.3333": {
							"post": [41, 0, 0],
							"lerp_mode": "catmullrom"
						},
						"0.5": {
							"post": [3, 0, 0],
							"lerp_mode": "catmullrom"
						},
						"0.75": {
							"post": [-52, 0, 0],
							"lerp_mode": "catmullrom"
						},
						"1.0": [19, 0, 0]
					}
				}
			}
		},
		"animation.wacky_animals.t-rex_attack": {
			"animation_length": 1,
			"bones": {
				"root": {
					"position": {
						"0.0": {
							"post": [0, -1.9, 0],
							"lerp_mode": "catmullrom"
						},
						"0.2917": {
							"post": [0, -0.8, 6.6],
							"lerp_mode": "catmullrom"
						},
						"0.375": {
							"post": [0, -2.63, 1.96],
							"lerp_mode": "catmullrom"
						},
						"0.4583": {
							"post": [0, -5.8, -1.9],
							"lerp_mode": "catmullrom"
						},
						"0.6667": {
							"post": [0, -4.2, -0.1],
							"lerp_mode": "catmullrom"
						},
						"1.0": [0, -1.9, 0]
					}
				},
				"body": {
					"rotation": {
						"0.0": {
							"post": [10, 0, 0],
							"lerp_mode": "catmullrom"
						},
						"0.2917": {
							"post": [-5, 0, 0],
							"lerp_mode": "catmullrom"
						},
						"0.4583": {
							"post": [20, 0, 0],
							"lerp_mode": "catmullrom"
						},
						"0.6667": {
							"post": [20, 0, 0],
							"lerp_mode": "catmullrom"
						},
						"1.0": [10, 0, 0]
					}
				},
				"body2": {
					"rotation": {
						"0.0": {
							"post": [0.23375, 0, 1.54212],
							"lerp_mode": "catmullrom"
						},
						"0.2917": {
							"post": [-9.76625, 0, 1.54212],
							"lerp_mode": "catmullrom"
						},
						"0.4583": {
							"post": [10.23375, 0, 1.54212],
							"lerp_mode": "catmullrom"
						},
						"0.6667": {
							"post": [12.73375, 0, 1.54212],
							"lerp_mode": "catmullrom"
						},
						"1.0": [0.23375, 0, 1.54212]
					}
				},
				"body3": {
					"rotation": {
						"0.0": {
							"post": [2.5, 0, 0],
							"lerp_mode": "catmullrom"
						},
						"0.2917": {
							"post": [-5, 0, 0],
							"lerp_mode": "catmullrom"
						},
						"0.4583": {
							"post": [5, 0, 0],
							"lerp_mode": "catmullrom"
						},
						"0.6667": {
							"post": [10, 0, 0],
							"lerp_mode": "catmullrom"
						},
						"1.0": [2.5, 0, 0]
					}
				},
				"neck": {
					"rotation": {
						"0.0": {
							"post": [-3.38045, 0, 0],
							"lerp_mode": "catmullrom"
						},
						"0.2917": {
							"post": [-15.88, 0, 0],
							"lerp_mode": "catmullrom"
						},
						"0.4583": {
							"post": [1.62, 0, 0],
							"lerp_mode": "catmullrom"
						},
						"0.6667": {
							"post": [6.62, 0, 0],
							"lerp_mode": "catmullrom"
						},
						"1.0": [-3.38045, 0, 0]
					}
				},
				"head": {
					"rotation": {
						"0.0": {
							"post": [-2.4905, 0, 0],
							"lerp_mode": "catmullrom"
						},
						"0.2917": {
							"post": [-14.99, 0, 0],
							"lerp_mode": "catmullrom"
						},
						"0.4583": {
							"post": [-17.49, 0, 0],
							"lerp_mode": "catmullrom"
						},
						"0.6667": {
							"post": [2.51, 0, 0],
							"lerp_mode": "catmullrom"
						},
						"1.0": [-2.4905, 0, 0]
					}
				},
				"jaw": {
					"rotation": {
						"0.0": {
							"post": [15, 0, 0],
							"lerp_mode": "catmullrom"
						},
						"0.2917": {
							"post": [60, 0, 0],
							"lerp_mode": "catmullrom"
						},
						"0.4583": {
							"post": [5, 0, 0],
							"lerp_mode": "catmullrom"
						},
						"0.6667": {
							"post": [5, 0, 0],
							"lerp_mode": "catmullrom"
						},
						"1.0": [15, 0, 0]
					}
				},
				"arm_right": {
					"rotation": {
						"0.0": {
							"post": [-25, 0, 0],
							"lerp_mode": "catmullrom"
						},
						"0.2917": {
							"post": [30, 0, 0],
							"lerp_mode": "catmullrom"
						},
						"0.4583": {
							"post": [-97.5, 0, 0],
							"lerp_mode": "catmullrom"
						},
						"0.6667": {
							"post": [-62.5, 0, 0],
							"lerp_mode": "catmullrom"
						},
						"1.0": [-25, 0, 0]
					}
				},
				"armfore_right": {
					"rotation": {
						"0.0": {
							"post": [-27.5, 0, 0],
							"lerp_mode": "catmullrom"
						},
						"0.2917": {
							"post": [-50, 0, 0],
							"lerp_mode": "catmullrom"
						},
						"0.4583": {
							"post": [-40, 0, 0],
							"lerp_mode": "catmullrom"
						},
						"0.6667": {
							"post": [20, 0, 0],
							"lerp_mode": "catmullrom"
						},
						"1.0": [-27.5, 0, 0]
					}
				},
				"tail1": {
					"rotation": {
						"0.0": {
							"post": [-26.1953, 0, 0],
							"lerp_mode": "catmullrom"
						},
						"0.2917": {
							"post": [-32.2, 0, 0],
							"lerp_mode": "catmullrom"
						},
						"0.4583": {
							"post": [-9.7, 0, 0],
							"lerp_mode": "catmullrom"
						},
						"0.6667": {
							"post": [-4.7, 0, 0],
							"lerp_mode": "catmullrom"
						},
						"1.0": [-26.1953, 0, 0]
					}
				},
				"tail2": {
					"rotation": {
						"0.0": {
							"post": [-9.00061, 0, 0],
							"lerp_mode": "catmullrom"
						},
						"0.2917": {
							"post": [1, 0, 0],
							"lerp_mode": "catmullrom"
						},
						"0.4583": {
							"post": [-21.5, 0, 0],
							"lerp_mode": "catmullrom"
						},
						"0.6667": {
							"post": [-6.5, 0, 0],
							"lerp_mode": "catmullrom"
						},
						"1.0": [-9.00061, 0, 0]
					}
				},
				"tail3": {
					"rotation": {
						"0.0": {
							"post": [5.0274, 0, 0],
							"lerp_mode": "catmullrom"
						},
						"0.2917": {
							"post": [15.03, 0, 0],
							"lerp_mode": "catmullrom"
						},
						"0.4583": {
							"post": [-14.97, 0, 0],
							"lerp_mode": "catmullrom"
						},
						"0.6667": {
							"post": [0.03, 0, 0],
							"lerp_mode": "catmullrom"
						},
						"1.0": [5.0274, 0, 0]
					}
				},
				"tail4": {
					"rotation": {
						"0.0": {
							"post": [-5, 0, 0],
							"lerp_mode": "catmullrom"
						},
						"0.2917": {
							"post": [7.5, 0, 0],
							"lerp_mode": "catmullrom"
						},
						"0.4583": {
							"post": [-10, 0, 0],
							"lerp_mode": "catmullrom"
						},
						"0.6667": {
							"post": [-2.5, 0, 0],
							"lerp_mode": "catmullrom"
						},
						"1.0": [-5, 0, 0]
					}
				},
				"tail5": {
					"rotation": {
						"0.0": {
							"post": [-6, 0, 0],
							"lerp_mode": "catmullrom"
						},
						"0.2917": {
							"post": [24, 0, 0],
							"lerp_mode": "catmullrom"
						},
						"0.4583": {
							"post": [-23.5, 0, 0],
							"lerp_mode": "catmullrom"
						},
						"0.6667": {
							"post": [19, 0, 0],
							"lerp_mode": "catmullrom"
						},
						"1.0": [-6, 0, 0]
					}
				},
				"leg_right": {
					"rotation": {
						"0.0": {
							"post": [4, 7, 0],
							"lerp_mode": "catmullrom"
						},
						"0.2917": {
							"post": [-8.5, 7, 0],
							"lerp_mode": "catmullrom"
						},
						"0.4583": {
							"post": [6.5, 7, 0],
							"lerp_mode": "catmullrom"
						},
						"0.6667": {
							"post": [-1, 7, 0],
							"lerp_mode": "catmullrom"
						},
						"1.0": [4, 7, 0]
					}
				},
				"legfore_right": {
					"rotation": {
						"0.0": {
							"post": [11, 0, 0],
							"lerp_mode": "catmullrom"
						},
						"0.2917": {
							"post": [-1.5, 0, 0],
							"lerp_mode": "catmullrom"
						},
						"0.4583": {
							"post": [33.5, 0, 0],
							"lerp_mode": "catmullrom"
						},
						"0.6667": {
							"post": [28.5, 0, 0],
							"lerp_mode": "catmullrom"
						},
						"1.0": [11, 0, 0]
					}
				},
				"legfore_right2": {
					"rotation": {
						"0.0": {
							"post": [-20, 0, 0],
							"lerp_mode": "catmullrom"
						},
						"0.2917": {
							"post": [-15, 0, 0],
							"lerp_mode": "catmullrom"
						},
						"0.4583": {
							"post": [-42.5, 0, 0],
							"lerp_mode": "catmullrom"
						},
						"0.6667": {
							"post": [-35, 0, 0],
							"lerp_mode": "catmullrom"
						},
						"1.0": [-20, 0, 0]
					}
				},
				"sole_right": {
					"rotation": {
						"0.0": {
							"post": [3, 0, 0],
							"lerp_mode": "catmullrom"
						},
						"0.2917": {
							"post": [15.5, 0, 0],
							"lerp_mode": "catmullrom"
						},
						"0.4583": {
							"post": [-4.5, 0, 0],
							"lerp_mode": "catmullrom"
						},
						"0.6667": {
							"post": [0.5, 0, 0],
							"lerp_mode": "catmullrom"
						},
						"1.0": [3, 0, 0]
					}
				},
				"arm_left": {
					"rotation": {
						"0.0": {
							"post": [-25, 0, 0],
							"lerp_mode": "catmullrom"
						},
						"0.2917": {
							"post": [30, 0, 0],
							"lerp_mode": "catmullrom"
						},
						"0.4583": {
							"post": [-97.5, 0, 0],
							"lerp_mode": "catmullrom"
						},
						"0.6667": {
							"post": [-62.5, 0, 0],
							"lerp_mode": "catmullrom"
						},
						"1.0": [-25, 0, 0]
					}
				},
				"armfore_left": {
					"rotation": {
						"0.0": {
							"post": [-27.5, 0, 0],
							"lerp_mode": "catmullrom"
						},
						"0.2917": {
							"post": [-50, 0, 0],
							"lerp_mode": "catmullrom"
						},
						"0.4583": {
							"post": [-40, 0, 0],
							"lerp_mode": "catmullrom"
						},
						"0.6667": {
							"post": [20, 0, 0],
							"lerp_mode": "catmullrom"
						},
						"1.0": [-27.5, 0, 0]
					}
				},
				"leg_left": {
					"rotation": {
						"0.0": {
							"post": [4, -7, 0],
							"lerp_mode": "catmullrom"
						},
						"0.2917": {
							"post": [-8.5, -7, 0],
							"lerp_mode": "catmullrom"
						},
						"0.4583": {
							"post": [6.5, -7, 0],
							"lerp_mode": "catmullrom"
						},
						"0.6667": {
							"post": [-1, -7, 0],
							"lerp_mode": "catmullrom"
						},
						"1.0": [4, -7, 0]
					}
				},
				"legfore_left": {
					"rotation": {
						"0.0": {
							"post": [11, 0, 0],
							"lerp_mode": "catmullrom"
						},
						"0.2917": {
							"post": [-1.5, 0, 0],
							"lerp_mode": "catmullrom"
						},
						"0.4583": {
							"post": [33.5, 0, 0],
							"lerp_mode": "catmullrom"
						},
						"0.6667": {
							"post": [28.5, 0, 0],
							"lerp_mode": "catmullrom"
						},
						"1.0": [11, 0, 0]
					}
				},
				"legfore_left2": {
					"rotation": {
						"0.0": {
							"post": [-20, 0, 0],
							"lerp_mode": "catmullrom"
						},
						"0.2917": {
							"post": [-15, 0, 0],
							"lerp_mode": "catmullrom"
						},
						"0.4583": {
							"post": [-42.5, 0, 0],
							"lerp_mode": "catmullrom"
						},
						"0.6667": {
							"post": [-35, 0, 0],
							"lerp_mode": "catmullrom"
						},
						"1.0": [-20, 0, 0]
					}
				},
				"sole_left": {
					"rotation": {
						"0.0": {
							"post": [3, 0, 0],
							"lerp_mode": "catmullrom"
						},
						"0.2917": {
							"post": [15.5, 0, 0],
							"lerp_mode": "catmullrom"
						},
						"0.4583": {
							"post": [-4.5, 0, 0],
							"lerp_mode": "catmullrom"
						},
						"0.6667": {
							"post": [0.5, 0, 0],
							"lerp_mode": "catmullrom"
						},
						"1.0": [3, 0, 0]
					}
				}
			}
		}
	}
}