{
	"format_version": "1.8.0",
	"animations": {
		"animation.wacky_animals.wacky_snake_idle": {
			"loop": true,
			"animation_length": 4,
			"bones": {
				"body2": {
					"rotation": [0, "Math.cos((query.anim_time - 0.0) * 90) * 2", 0]
				},
				"body3": {
					"rotation": [0, "Math.cos((query.anim_time - 0.1) * 90) * 2", 0]
				},
				"body4": {
					"rotation": [0, "Math.cos((query.anim_time - 0.2) * 90) * 2", 0]
				},
				"body5": {
					"rotation": [0, "Math.cos((query.anim_time - 0.3) * 90) * 2", 0]
				},
				"head": {
					"rotation": ["-2.5+Math.cos((query.anim_time - 0.5) * 180) * 2", 0, "Math.cos((query.anim_time - 0.5) * 90) * 2"]
				},
				"left_iris": {
					"rotation": [0, 0, 0],
					"position": {
						"0.0": [0, 0, 0],
						"0.1": [0, 0.13, 0.42],
						"0.15": [0, 0.15, 0.5],
						"1.0": [0, 0.15, 0.5],
						"1.1": [0, -0.08, 1.15],
						"1.15": [0, -0.1, 1.25],
						"2.1": [0, -0.1, 1.25],
						"2.2": [0, 0.12, 0.89],
						"2.25": [0, 0.15, 0.85],
						"3.0": [0, 0.15, 0.85],
						"3.05": [0, 0.06125, 0.1425],
						"3.1": [0, 0, 0]
					}
				},
				"right_iris": {
					"rotation": [0, 0, 0],
					"position": {
						"0.1": [0, 0, 0],
						"0.2": [0, 0.13, 0.42],
						"0.25": [0, 0.15, 0.5],
						"1.1": [0, 0.15, 0.5],
						"1.2": [0, -0.08, 1.15],
						"1.25": [0, -0.1, 1.25],
						"2.2": [0, -0.1, 1.25],
						"2.3": [0, 0.12, 0.89],
						"2.35": [0, 0.15, 0.85],
						"3.1": [0, 0.15, 0.85],
						"3.15": [0, 0.06125, 0.1425],
						"3.2": [0, 0, 0]
					}
				}
			}
		},
		"animation.wacky_animals.wacky_snake_walk": {
			"loop": true,
			"animation_length": 4,
			"bones": {
				"body2": {
					"rotation": [0, "Math.cos((query.anim_time - 0.0) * 720) * 10", 0]
				},
				"body3": {
					"rotation": [0, "Math.cos((query.anim_time - 0.1) * 720) * 10", 0]
				},
				"body4": {
					"rotation": [0, "Math.cos((query.anim_time - 0.2) * 720) * 10", 0]
				},
				"body5": {
					"rotation": [0, "Math.cos((query.anim_time - 0.3) * 720) * 10", 0]
				},
				"head": {
					"rotation": ["-2.5+Math.cos((query.anim_time - 0.5) * 180) * 2", 0, "Math.cos((query.anim_time - 0.75) * 360) * 5"],
					"position": {
						"0.05": [0, 0, 0],
						"0.1": [0, 0, 0.1],
						"0.2": [0, 0, 0.92],
						"0.25": [0, 0, 1],
						"0.35": [-0.00004, -0.00125, 1.09999],
						"0.45": [-0.00004, -0.00125, 1.09999],
						"0.55": [0, 0, 0.09],
						"0.6": [0, 0, 0],
						"0.75": [0, 0, 0],
						"0.8": [0, 0, 0.1],
						"0.9": [0, 0, 0.92],
						"0.95": [0, 0, 1],
						"1.05": [-0.00004, -0.00125, 1.09999],
						"1.15": [-0.00004, -0.00125, 1.09999],
						"1.25": [0, 0, 0.09],
						"1.3": [0, 0, 0],
						"1.45": [0, 0, 0],
						"1.5": [0, 0, 0.1],
						"1.6": [0, 0, 0.92],
						"1.65": [0, 0, 1],
						"1.75": [-0.00004, -0.00125, 1.09999],
						"1.85": [-0.00004, -0.00125, 1.09999],
						"1.95": [0, 0, 0.09],
						"2.0": [0, 0, 0],
						"2.1": [0, 0, 0],
						"2.15": [0, 0, 0.1],
						"2.25": [0, 0, 0.92],
						"2.3": [0, 0, 1],
						"2.4": [-0.00004, -0.00125, 1.09999],
						"2.5": [-0.00004, -0.00125, 1.09999],
						"2.6": [0, 0, 0.09],
						"2.65": [0, 0, 0],
						"2.75": [0, 0, 0],
						"2.8": [0, 0, 0.1],
						"2.9": [0, 0, 0.92],
						"2.95": [0, 0, 1],
						"3.05": [-0.00004, -0.00125, 1.09999],
						"3.15": [-0.00004, -0.00125, 1.09999],
						"3.25": [0, 0, 0.09],
						"3.3": [0, 0, 0],
						"3.4": [0, 0, 0],
						"3.45": [0, 0, 0.1],
						"3.55": [0, 0, 0.92],
						"3.6": [0, 0, 1],
						"3.7": [-0.00004, -0.00125, 1.09999],
						"3.8": [-0.00004, -0.00125, 1.09999],
						"3.9": [0, 0, 0.09],
						"3.95": [0, 0, 0]
					}
				},
				"left_iris": {
					"rotation": [0, 0, 0],
					"position": {
						"0.0": [0, 0, 0],
						"0.1": [0, 0.13, 0.42],
						"0.15": [0, 0.15, 0.5],
						"1.0": [0, 0.15, 0.5],
						"1.1": [0, -0.08, 1.15],
						"1.15": [0, -0.1, 1.25],
						"2.1": [0, -0.1, 1.25],
						"2.2": [0, 0.12, 0.89],
						"2.25": [0, 0.15, 0.85],
						"3.0": [0, 0.15, 0.85],
						"3.05": [0, 0.06125, 0.1425],
						"3.1": [0, 0, 0]
					}
				},
				"right_iris": {
					"rotation": [0, 0, 0],
					"position": {
						"0.1": [0, 0, 0],
						"0.2": [0, 0.13, 0.42],
						"0.25": [0, 0.15, 0.5],
						"1.1": [0, 0.15, 0.5],
						"1.2": [0, -0.08, 1.15],
						"1.25": [0, -0.1, 1.25],
						"2.2": [0, -0.1, 1.25],
						"2.3": [0, 0.12, 0.89],
						"2.35": [0, 0.15, 0.85],
						"3.1": [0, 0.15, 0.85],
						"3.15": [0, 0.06125, 0.1425],
						"3.2": [0, 0, 0]
					}
				},
				"model": {
					"position": {
						"0.0": [0, 0, 0],
						"0.15": [0, 0, 0.92],
						"0.2": [0, 0, 1],
						"0.3": [0, 0, 1.1],
						"0.4": [0, 0, 1.1],
						"0.5": [0, 0, 0.09],
						"0.55": [0, 0, 0],
						"0.7": [0, 0, 0],
						"0.85": [0, 0, 0.92],
						"0.9": [0, 0, 1],
						"1.0": [0, 0, 1.1],
						"1.1": [0, 0, 1.1],
						"1.2": [0, 0, 0.09],
						"1.25": [0, 0, 0],
						"1.4": [0, 0, 0],
						"1.55": [0, 0, 0.92],
						"1.6": [0, 0, 1],
						"1.7": [0, 0, 1.1],
						"1.8": [0, 0, 1.1],
						"1.9": [0, 0, 0.09],
						"1.95": [0, 0, 0],
						"2.05": [0, 0, 0],
						"2.2": [0, 0, 0.92],
						"2.25": [0, 0, 1],
						"2.35": [0, 0, 1.1],
						"2.45": [0, 0, 1.1],
						"2.55": [0, 0, 0.09],
						"2.6": [0, 0, 0],
						"2.7": [0, 0, 0],
						"2.85": [0, 0, 0.92],
						"2.9": [0, 0, 1],
						"3.0": [0, 0, 1.1],
						"3.1": [0, 0, 1.1],
						"3.2": [0, 0, 0.09],
						"3.25": [0, 0, 0],
						"3.35": [0, 0, 0],
						"3.5": [0, 0, 0.92],
						"3.55": [0, 0, 1],
						"3.65": [0, 0, 1.1],
						"3.75": [0, 0, 1.1],
						"3.85": [0, 0, 0.09],
						"3.9": [0, 0, 0]
					}
				},
				"claw_down": {
					"rotation": ["7.5+Math.cos((query.anim_time - 0.1) * 180) * 5", 0, 0]
				},
				"neck": {
					"rotation": [0, 0, "Math.cos((query.anim_time - 0.5) * 360) * 10"],
					"position": {
						"0.0": [0, 0, 0],
						"0.05": [0, 0, 0.1],
						"0.15": [0, 0, 0.92],
						"0.2": [0, 0, 1],
						"0.3": [0, 0, 1.1],
						"0.4": [0, 0, 1.1],
						"0.5": [0, 0, 0.09],
						"0.55": [0, 0, 0],
						"0.7": [0, 0, 0],
						"0.75": [0, 0, 0.1],
						"0.85": [0, 0, 0.92],
						"0.9": [0, 0, 1],
						"1.0": [0, 0, 1.1],
						"1.1": [0, 0, 1.1],
						"1.2": [0, 0, 0.09],
						"1.25": [0, 0, 0],
						"1.4": [0, 0, 0],
						"1.45": [0, 0, 0.1],
						"1.55": [0, 0, 0.92],
						"1.6": [0, 0, 1],
						"1.7": [0, 0, 1.1],
						"1.8": [0, 0, 1.1],
						"1.9": [0, 0, 0.09],
						"1.95": [0, 0, 0],
						"2.05": [0, 0, 0],
						"2.1": [0, 0, 0.1],
						"2.2": [0, 0, 0.92],
						"2.25": [0, 0, 1],
						"2.35": [0, 0, 1.1],
						"2.45": [0, 0, 1.1],
						"2.55": [0, 0, 0.09],
						"2.6": [0, 0, 0],
						"2.7": [0, 0, 0],
						"2.75": [0, 0, 0.1],
						"2.85": [0, 0, 0.92],
						"2.9": [0, 0, 1],
						"3.0": [0, 0, 1.1],
						"3.1": [0, 0, 1.1],
						"3.2": [0, 0, 0.09],
						"3.25": [0, 0, 0],
						"3.35": [0, 0, 0],
						"3.4": [0, 0, 0.1],
						"3.5": [0, 0, 0.92],
						"3.55": [0, 0, 1],
						"3.65": [0, 0, 1.1],
						"3.75": [0, 0, 1.1],
						"3.85": [0, 0, 0.09],
						"3.9": [0, 0, 0]
					}
				}
			}
		}
	}
}