{
	"format_version": "1.8.0",
	"animations": {
		"animation.wacky_animals.wacky_sloth_idle": {
			"loop": true,
			"animation_length": 1,
			"bones": {
				"total": {
					"rotation": {
						"0.0": [-32.5, 0, 0],
						"0.5": [-35, 0, 0],
						"1.0": [-32.5, 0, 0]
					},
					"position": {
						"0.0": [0, 1, 0],
						"0.5": [0, 1.25, 0],
						"1.0": [0, 1, 0]
					}
				},
				"body2": {
					"rotation": [25, 0, 0]
				},
				"back_right_arm1": {
					"rotation": [2.00307, -14.8687, -7.7614]
				},
				"back_right_arm2": {
					"rotation": [-1.93333, -21.53853, 7.62856]
				},
				"back_left_arm3": {
					"rotation": [1.10693, 12.45167, 5.12076]
				},
				"back_left_arm4": {
					"rotation": [-5.49266, 15.9659, -6.27772]
				},
				"front_left_arm": {
					"rotation": {
						"0.0": [-4.85244, -26.38643, 41.02607],
						"0.5": [-5.93458, -27.44708, 43.56397],
						"1.0": [-4.85244, -26.38643, 41.02607]
					}
				},
				"front_left_arm2": {
					"rotation": [-56.82061, 58.02576, -22.97423]
				},
				"front_right_arm": {
					"rotation": {
						"0.0": [20.57007, -2.35649, -47.40835],
						"0.5": [18.39149, -0.49145, -51.45081],
						"1.0": [20.57007, -2.35649, -47.40835]
					}
				},
				"front_right_arm2": {
					"rotation": [-21.21915, -19.47512, 28.78598]
				},
				"neck": {
					"rotation": {
						"0.0": [11.67, 0, 0],
						"0.0833": [12.5, 0, 0],
						"0.5833": [7.5, 0, 0],
						"1.0": [11.67, 0, 0]
					}
				},
				"head": {
					"rotation": {
						"0.0": [18.75, 0, 0],
						"0.125": [20, 0, 0],
						"0.625": [15, 0, 0],
						"1.0": [18.75, 0, 0]
					}
				},
				"clawn_down": {
					"rotation": {
						"0.0": [24.17, 0, 0],
						"0.1667": [27.5, 0, 0],
						"0.6667": [17.5, 0, 0],
						"1.0": [24.17, 0, 0]
					}
				},
				"tong2": {
					"rotation": {
						"0.0": [20.83, 0, 0],
						"0.2083": [25, 0, 0],
						"0.7083": [15, 0, 0],
						"1.0": [20.83, 0, 0]
					}
				},
				"tong3": {
					"rotation": {
						"0.0": [8.75, 0, 0],
						"0.25": [40, 0, 0],
						"0.75": [-22.5, 0, 0],
						"1.0": [8.75, 0, 0]
					}
				}
			}
		},
		"animation.wacky_animals.wacky_sloth_idle_2": {
			"loop": true,
			"animation_length": 1,
			"bones": {
				"total": {
					"position": {
						"0.0": [0, 6.25, 0],
						"0.5": [0, 7, 0],
						"1.0": [0, 6.25, 0]
					}
				},
				"back_right_arm1": {
					"rotation": [0, 0, -52.5],
					"position": {
						"0.0": [0, 0.75, 0],
						"0.5": [0, 0, 0],
						"1.0": [0, 0.75, 0]
					}
				},
				"back_right_arm2": {
					"rotation": [90, -5, -37.5]
				},
				"back_left_arm3": {
					"rotation": [0, 0, 52.5],
					"position": {
						"0.0": [0, 0.75, 0],
						"0.5": [0, 0, 0],
						"1.0": [0, 0.75, 0]
					}
				},
				"back_left_arm4": {
					"rotation": [90, 7.5, 37.5]
				},
				"front_left_arm": {
					"rotation": [0, 0, 52.5],
					"position": {
						"0.0": [0, 0.75, 0],
						"0.5": [0, 0, 0],
						"1.0": [0, 0.75, 0]
					}
				},
				"front_left_arm2": {
					"rotation": [90, 37.5, 37.5]
				},
				"front_right_arm": {
					"rotation": [0, 0, -52.5],
					"position": {
						"0.0": [0, 0.75, 0],
						"0.5": [0, 0, 0],
						"1.0": [0, 0.75, 0]
					}
				},
				"front_right_arm2": {
					"rotation": [90, -37.5, -37.5]
				},
				"neck": {
					"rotation": {
						"0.0": [11.67, 0, 0],
						"0.0833": [12.5, 0, 0],
						"0.5833": [7.5, 0, 0],
						"1.0": [11.67, 0, 0]
					}
				},
				"head": {
					"rotation": {
						"0.0": [18.75, 0, 0],
						"0.125": [20, 0, 0],
						"0.625": [15, 0, 0],
						"1.0": [18.75, 0, 0]
					}
				},
				"clawn_down": {
					"rotation": {
						"0.0": [24.17, 0, 0],
						"0.1667": [27.5, 0, 0],
						"0.6667": [17.5, 0, 0],
						"1.0": [24.17, 0, 0]
					}
				},
				"tong2": {
					"rotation": {
						"0.0": [20.83, 0, 0],
						"0.2083": [25, 0, 0],
						"0.7083": [15, 0, 0],
						"1.0": [20.83, 0, 0]
					}
				},
				"tong3": {
					"rotation": {
						"0.0": [8.75, 0, 0],
						"0.25": [40, 0, 0],
						"0.75": [-22.5, 0, 0],
						"1.0": [8.75, 0, 0]
					}
				}
			}
		},
		"animation.wacky_animals.wacky_sloth_walk": {
			"loop": true,
			"animation_length": 2,
			"bones": {
				"total": {
					"position": {
						"0.0": [0, 6, 0],
						"0.5": [0, 7, 0],
						"1.0": [0, 6, 0],
						"1.5": [0, 7, 0],
						"2.0": [0, 6, 0]
					}
				},
				"back_right_arm1": {
					"rotation": {
						"0.0": [-27.05847, -30.66101, -44.95208],
						"1.0": [9.10473, 22.44802, -47.42912],
						"2.0": [-27.05847, -30.66101, -44.95208]
					},
					"position": {
						"0.0": [0, 0, 0],
						"1.0": [0, 0, 0],
						"1.5": [0, 1.25, 0],
						"2.0": [0, 0, 0]
					}
				},
				"back_right_arm2": {
					"rotation": [90, 7.5, -37.5]
				},
				"back_left_arm3": {
					"rotation": {
						"0.0": [10.86531, -13.80192, 51.18107],
						"1.0": [5.247, 39.60356, 46.33435],
						"2.0": [10.86531, -13.80192, 51.18107]
					},
					"position": {
						"0.0": [0, 0, 0],
						"0.5": [0, 1.25, 0],
						"1.0": [0, 0, 0],
						"2.0": [0, 0, 0]
					}
				},
				"back_left_arm4": {
					"rotation": [90, -20, 37.5]
				},
				"front_left_arm": {
					"rotation": {
						"0.0": [-14.15251, 17.67415, 50.28872],
						"1.0": [46.51698, -43.39816, 33.08878],
						"2.0": [-14.15251, 17.67415, 50.28872]
					},
					"position": {
						"0.0": [0, 0, 0],
						"0.5": [0, -0.25, 0],
						"1.0": [0, 0, 0],
						"1.5": [0, 2, 0],
						"2.0": [0, 0, 0]
					}
				},
				"front_left_arm2": {
					"rotation": {
						"0.0": [90, 37.5, 37.5],
						"1.0": [90, 85, 37.5],
						"2.0": [90, 37.5, 37.5]
					}
				},
				"front_right_arm": {
					"rotation": {
						"0.0": [46.51698, 43.39816, -33.08878],
						"1.0": [-21.19748, -25.23098, -47.70372],
						"2.0": [46.51698, 43.39816, -33.08878]
					},
					"position": {
						"0.0": [0, 0, 0],
						"0.5": [0, 2, 0],
						"1.0": [0, 0, 0],
						"2.0": [0, 0, 0]
					}
				},
				"front_right_arm2": {
					"rotation": {
						"0.0": [90, -82.5, -37.5],
						"1.0": [90, -22.5, -37.5],
						"2.0": [90, -82.5, -37.5]
					}
				},
				"neck": {
					"rotation": {
						"0.0": [11.67, 0, 0],
						"0.0833": [12.5, 0, 0],
						"0.5833": [7.5, 0, 0],
						"1.0": [11.67, 0, 0],
						"1.0833": [12.5, 0, 0],
						"1.5833": [7.5, 0, 0],
						"2.0": [11.67, 0, 0]
					}
				},
				"head": {
					"rotation": {
						"0.0": [18.75, 0, 0],
						"0.125": [20, 0, 0],
						"0.625": [15, 0, 0],
						"1.0": [18.75, 0, 0],
						"1.125": [20, 0, 0],
						"1.625": [15, 0, 0],
						"2.0": [18.75, 0, 0]
					}
				},
				"clawn_down": {
					"rotation": {
						"0.0": [24.17, 0, 0],
						"0.1667": [27.5, 0, 0],
						"0.6667": [17.5, 0, 0],
						"1.0": [24.17, 0, 0],
						"1.1667": [27.5, 0, 0],
						"1.6667": [17.5, 0, 0],
						"2.0": [24.17, 0, 0]
					}
				},
				"tong2": {
					"rotation": {
						"0.0": [20.83, 0, 0],
						"0.2083": [25, 0, 0],
						"0.7083": [15, 0, 0],
						"1.0": [20.83, 0, 0],
						"1.2083": [25, 0, 0],
						"1.7083": [15, 0, 0],
						"2.0": [20.83, 0, 0]
					}
				},
				"tong3": {
					"rotation": {
						"0.0": [8.75, 0, 0],
						"0.25": [40, 0, 0],
						"0.75": [-22.5, 0, 0],
						"1.0": [8.75, 0, 0],
						"1.25": [40, 0, 0],
						"1.75": [-22.5, 0, 0],
						"2.0": [8.75, 0, 0]
					}
				}
			}
		}
	}
}