{
	"format_version": "1.8.0",
	"animations": {
		"animation.wacky_animals.wacky_pigeon_idle": {
			"loop": true,
			"animation_length": 0.4167,
			"bones": {
				"body1": {
					"rotation": {
						"0.0": [-5, 0, 0],
						"0.2083": [5, 0, 0],
						"0.4167": [-5, 0, 0]
					},
					"position": {
						"0.0": [0, 0, 0],
						"0.2083": [0, -0.5, 0],
						"0.4167": [0, 0, 0]
					}
				},
				"neck": {
					"rotation": {
						"0.0": [2, 0, 0],
						"0.0833": [0, 0, 0],
						"0.2917": [5, 0, 0],
						"0.4167": [2, 0, 0]
					}
				},
				"head": {
					"rotation": {
						"0.0": [4, 0, 0],
						"0.125": [-5, 0, 0],
						"0.3333": [10, 0, 0],
						"0.4167": [4, 0, 0]
					}
				},
				"claw_down": {
					"rotation": {
						"0.0": [20.5, 0, 0],
						"0.125": [10, 0, 0],
						"0.3333": [27.5, 0, 0],
						"0.4167": [20.5, 0, 0]
					}
				},
				"tong2": {
					"rotation": {
						"0.0": [14.5, 0, 0],
						"0.1667": [-27.5, 0, 0],
						"0.375": [25, 0, 0],
						"0.4167": [14.5, 0, 0]
					}
				},
				"tong3": {
					"rotation": {
						"0.0": [25, 0, 0],
						"0.2083": [-42.5, 0, 0],
						"0.4167": [25, 0, 0]
					}
				},
				"right_wing": {
					"rotation": [0, 45, -72.5]
				},
				"right_wing2": {
					"rotation": [0, 35, 0]
				},
				"left_wing3": {
					"rotation": [0, -45, 77.5]
				},
				"left_wing4": {
					"rotation": [0, -37.5, 0]
				}
			}
		},
		"animation.wacky_animals.wacky_pigeon_walk": {
			"loop": true,
			"animation_length": 0.8333,
			"bones": {
				"body1": {
					"rotation": {
						"0.0": [5, 0, 0],
						"0.2083": [-5, 0, 0],
						"0.4167": [5, 0, 0],
						"0.625": [-5, 0, 0],
						"0.8333": [5, 0, 0]
					},
					"position": {
						"0.0": [0, -0.5, 0],
						"0.2083": [0, 0, 0],
						"0.4167": [0, -0.5, 0],
						"0.625": [0, 0, 0],
						"0.8333": [0, -0.5, 0]
					}
				},
				"neck": {
					"rotation": {
						"0.0": [3, 0, 0],
						"0.0833": [5, 0, 0],
						"0.2917": [0, 0, 0],
						"0.5": [5, 0, 0],
						"0.7083": [0, 0, 0],
						"0.8333": [3, 0, 0]
					}
				},
				"head": {
					"rotation": {
						"0.0": [1, 0, 0],
						"0.125": [10, 0, 0],
						"0.3333": [-5, 0, 0],
						"0.5417": [10, 0, 0],
						"0.75": [-5, 0, 0],
						"0.8333": [1, 0, 0]
					}
				},
				"claw_down": {
					"rotation": {
						"0.0": [17, 0, 0],
						"0.125": [27.5, 0, 0],
						"0.3333": [10, 0, 0],
						"0.5417": [27.5, 0, 0],
						"0.75": [10, 0, 0],
						"0.8333": [17, 0, 0]
					}
				},
				"tong2": {
					"rotation": {
						"0.0": [-17, 0, 0],
						"0.1667": [25, 0, 0],
						"0.375": [-27.5, 0, 0],
						"0.5833": [25, 0, 0],
						"0.7917": [-27.5, 0, 0],
						"0.8333": [-17, 0, 0]
					}
				},
				"tong3": {
					"rotation": {
						"0.0": [-42.5, 0, 0],
						"0.2083": [25, 0, 0],
						"0.4167": [-42.5, 0, 0],
						"0.625": [25, 0, 0],
						"0.8333": [-42.5, 0, 0]
					}
				},
				"right_wing": {
					"rotation": {
						"0.0": [0, 45, -72.5],
						"0.2083": [0, 55, -72.5],
						"0.4167": [0, 45, -72.5],
						"0.625": [0, 55, -72.5],
						"0.8333": [0, 45, -72.5]
					}
				},
				"right_wing2": {
					"rotation": [0, 35, 0]
				},
				"left_wing3": {
					"rotation": {
						"0.0": [0, -45, 77.5],
						"0.2083": [0, -57.5, 77.5],
						"0.4167": [0, -45, 77.5],
						"0.625": [0, -57.5, 77.5],
						"0.8333": [0, -45, 77.5]
					}
				},
				"left_wing4": {
					"rotation": [0, -37.5, 0]
				},
				"right_leg": {
					"rotation": {
						"0.0": [-37.5, 0, 0],
						"0.2083": [0, 0, 0],
						"0.4167": [65, 0, 0],
						"0.8333": [-37.5, 0, 0]
					},
					"position": {
						"0.0": [0, 0, 0],
						"0.2083": [0, 0, 0],
						"0.4167": [0, 0, 0],
						"0.625": [0, 1.5, 0],
						"0.8333": [0, 0, 0]
					}
				},
				"right_feet": {
					"rotation": {
						"0.2083": [0, 0, 0],
						"0.3333": [-20, 0, 0],
						"0.4167": [0, 0, 0]
					}
				},
				"left_leg": {
					"rotation": {
						"0.0": [65, 0, 0],
						"0.4167": [-37.5, 0, 0],
						"0.625": [0, 0, 0],
						"0.8333": [65, 0, 0]
					},
					"position": {
						"0.0": [0, 0, 0],
						"0.2083": [0, 1.5, 0],
						"0.4167": [0, 0, 0],
						"0.625": [0, 0, 0],
						"0.8333": [0, 0, 0]
					}
				},
				"left_feet": {
					"rotation": {
						"0.625": [0, 0, 0],
						"0.75": [-20, 0, 0],
						"0.8333": [0, 0, 0]
					}
				}
			}
		},
		"animation.wacky_animals.wacky_pigeon_sit": {
			"loop": "hold_on_last_frame",
			"animation_length": 0.9583,
			"bones": {
				"body1": {
					"rotation": {
						"0.0": [0, 0, 0],
						"0.2083": [-5, 0, 0],
						"0.4583": [10, 0, 0],
						"0.7083": [0, 0, 0]
					},
					"position": {
						"0.0": [0, 0, 0],
						"0.2083": [0, 0, 0],
						"0.4583": [0, -1.5, 0]
					}
				},
				"neck": {
					"rotation": {
						"0.0833": [0, 0, 0],
						"0.2917": [-5, 0, 0],
						"0.5417": [5, 0, 0],
						"0.7917": [0, 0, 0]
					}
				},
				"head": {
					"rotation": {
						"0.125": [0, 0, 0],
						"0.3333": [-7.5, 0, 0],
						"0.5833": [12.5, 0, 0],
						"0.8333": [0, 0, 0]
					}
				},
				"claw_down": {
					"rotation": {
						"0.1667": [27.5, 0, 0],
						"0.375": [10, 0, 0],
						"0.625": [32.5, 0, 0],
						"0.875": [27.5, 0, 0]
					}
				},
				"tong2": {
					"rotation": {
						"0.2083": [25, 0, 0],
						"0.4167": [-27.5, 0, 0],
						"0.6667": [30, 0, 0],
						"0.9167": [25, 0, 0]
					}
				},
				"tong3": {
					"rotation": {
						"0.25": [25, 0, 0],
						"0.4583": [-42.5, 0, 0],
						"0.7083": [35, 0, 0],
						"0.9583": [25, 0, 0]
					}
				},
				"right_wing": {
					"rotation": {
						"0.0": [0, 45, -72.5],
						"0.2083": [0, 52.5, -72.5],
						"0.4583": [0, 45, -72.5],
						"0.7083": [0, 52.5, -72.5]
					}
				},
				"right_wing2": {
					"rotation": [0, 35, 0]
				},
				"left_wing3": {
					"rotation": {
						"0.0": [0, -45, 77.5],
						"0.2083": [0, -55, 77.5],
						"0.4583": [0, -45, 77.5],
						"0.7083": [0, -55, 77.5]
					}
				},
				"left_wing4": {
					"rotation": [0, -37.5, 0]
				}
			}
		},
		"animation.wacky_animals.wacky_pigeon_fly": {
			"loop": true,
			"animation_length": 0.6667,
			"bones": {
				"total": {
					"position": {
						"0.0": {
							"post": [0, 1, 0],
							"lerp_mode": "catmullrom"
						},
						"0.3333": {
							"post": [0, 0, 0],
							"lerp_mode": "catmullrom"
						},
						"0.6667": {
							"post": [0, 1, 0],
							"lerp_mode": "catmullrom"
						}
					}
				},
				"body3": {
					"rotation": {
						"0.0": [-1.25, 0, 0],
						"0.0833": [0, 0, 0],
						"0.4167": [-5, 0, 0],
						"0.6667": [-1.25, 0, 0]
					}
				},
				"neck": {
					"rotation": {
						"0.0": [1.87, 0, 0],
						"0.0833": [0, 0, 0],
						"0.4167": [7.5, 0, 0],
						"0.6667": [1.87, 0, 0]
					}
				},
				"head": {
					"rotation": {
						"0.0": [3.75, 0, 0],
						"0.125": [0, 0, 0],
						"0.4583": [10, 0, 0],
						"0.6667": [3.75, 0, 0]
					}
				},
				"claw_down": {
					"rotation": {
						"0.0": [18.75, 0, 0],
						"0.1667": [12.5, 0, 0],
						"0.5": [25, 0, 0],
						"0.6667": [18.75, 0, 0]
					}
				},
				"tong1": {
					"rotation": {
						"0.0": [1.25, 0, 0],
						"0.1667": [-2.5, 0, 0],
						"0.5": [5, 0, 0],
						"0.6667": [1.25, 0, 0]
					}
				},
				"tong2": {
					"rotation": {
						"0.0": [10.63, 0, 0],
						"0.2083": [-17.5, 0, 0],
						"0.5417": [27.5, 0, 0],
						"0.6667": [10.63, 0, 0]
					}
				},
				"tong3": {
					"rotation": {
						"0.0": [13.75, 0, 0],
						"0.25": [-20, 0, 0],
						"0.5833": [25, 0, 0],
						"0.6667": [13.75, 0, 0]
					}
				},
				"right_wing": {
					"rotation": {
						"0.0": [0, 0, 42.5],
						"0.1667": [0, 0, -40],
						"0.3333": [0, 0, 42.5],
						"0.5": [0, 0, -40],
						"0.6667": [0, 0, 42.5]
					}
				},
				"right_wing2": {
					"rotation": {
						"0.0": [3.47, 17.43, 10.97],
						"0.0833": [-7.92945, 18.42031, -23.78773],
						"0.25": [11.06517, 16.76559, 34.13554],
						"0.3333": [3.47, 17.43, 10.97],
						"0.4167": [-7.92945, 18.42031, -23.78773],
						"0.5833": [11.06517, 16.76559, 34.13554],
						"0.6667": [3.47, 17.43, 10.97]
					}
				},
				"left_wing3": {
					"rotation": {
						"0.0": [0, 0, -35],
						"0.1667": [0, 0, 42.5],
						"0.3333": [0, 0, -35],
						"0.5": [0, 0, 42.5],
						"0.6667": [0, 0, -35]
					}
				},
				"left_wing4": {
					"rotation": {
						"0.0": [4.66, -16.95, -15.07],
						"0.0833": [-7.09597, -18.74724, 21.17283],
						"0.25": [12.49325, -15.74419, -39.23412],
						"0.3333": [4.66, -16.95, -15.07],
						"0.4167": [-7.09597, -18.74724, 21.17283],
						"0.5833": [12.49325, -15.74419, -39.23412],
						"0.6667": [4.66, -16.95, -15.07]
					}
				},
				"right_leg": {
					"rotation": [25, 0, 0],
					"position": [0, 1, 0]
				},
				"left_leg": {
					"rotation": [25, 0, 0],
					"position": [0, 1, 0]
				}
			}
		}
	}
}