{
	"format_version": "1.8.0",
	"animations": {
		"animation.wacky_animals.wacky_mouse_idle": {
			"loop": true,
			"animation_length": 0.5,
			"bones": {
				"total": {
					"position": [0, -0.175, 0]
				},
				"body": {
					"position": {
						"0.0": [0, 0, 0],
						"0.25": [0, -0.25, 0],
						"0.5": [0, 0, 0]
					}
				},
				"head": {
					"rotation": {
						"0.0": [-0.83, 0, 0],
						"0.0833": [-5, 0, 0],
						"0.3333": [7.5, 0, 0],
						"0.5": [-0.83, 0, 0]
					}
				},
				"claw_down": {
					"rotation": {
						"0.0": [17.5, 0, 0],
						"0.1667": [22.5, 0, 0],
						"0.4167": [15, 0, 0],
						"0.5": [17.5, 0, 0]
					}
				},
				"tong2": {
					"rotation": {
						"0.0": [16.67, 0, 0],
						"0.1667": [0, 0, 0],
						"0.4167": [25, 0, 0],
						"0.5": [16.67, 0, 0]
					}
				},
				"tong3": {
					"rotation": {
						"0.0": [16.66, 0, 0],
						"0.2083": [-37.5, 0, 0],
						"0.4583": [27.5, 0, 0],
						"0.5": [16.66, 0, 0]
					}
				},
				"claw_up": {
					"rotation": {
						"0.0": [-4.17, 0, 0],
						"0.1667": [-7.5, 0, 0],
						"0.4167": [-2.5, 0, 0],
						"0.5": [-4.17, 0, 0]
					}
				},
				"left_back_leg2": {
					"position": {
						"0.0": [0, 0, 0],
						"0.25": [0, 0.25, 0],
						"0.5": [0, 0, 0]
					}
				},
				"right_back_leg4": {
					"position": {
						"0.0": [0, 0, 0],
						"0.25": [0, 0.25, 0],
						"0.5": [0, 0, 0]
					}
				},
				"left_front_leg": {
					"position": {
						"0.0": [0, 0, 0],
						"0.25": [0, 0.25, 0],
						"0.5": [0, 0, 0]
					}
				},
				"right_front_leg": {
					"position": {
						"0.0": [0, 0, 0],
						"0.25": [0, 0.25, 0],
						"0.5": [0, 0, 0]
					}
				},
				"tail": {
					"rotation": {
						"0.0": [-1.25, 0, 0],
						"0.125": [2.5, 0, 0],
						"0.375": [-5, 0, 0],
						"0.5": [-1.25, 0, 0]
					}
				},
				"tail2": {
					"rotation": {
						"0.0": [-2.5, 0, 0],
						"0.1667": [7.5, 0, 0],
						"0.4167": [-7.5, 0, 0],
						"0.5": [-2.5, 0, 0]
					}
				},
				"tail3": {
					"rotation": {
						"0.0": [-7.5, 0, 0],
						"0.2083": [17.5, 0, 0],
						"0.4583": [-12.5, 0, 0],
						"0.5": [-7.5, 0, 0]
					}
				}
			}
		},
		"animation.wacky_animals.wacky_mouse_walk": {
			"loop": true,
			"animation_length": 0.5,
			"bones": {
				"total": {
					"position": [0, -0.175, 0]
				},
				"body": {
					"rotation": {
						"0.0": [5, 0, 5],
						"0.125": [0, 0, 0],
						"0.25": [5, 0, -5],
						"0.375": [0, 0, 0],
						"0.5": [5, 0, 5]
					}
				},
				"head": {
					"rotation": {
						"0.0": [-2.5, 0, 1.67],
						"0.0833": [7.5, 0, 5],
						"0.2083": [-7.5, 0, 0],
						"0.3333": [7.5, 0, -5],
						"0.4583": [-7.5, 0, 0],
						"0.5": [-2.5, 0, 1.67]
					}
				},
				"claw_down": {
					"rotation": {
						"0.0": [22.5, 0, 0],
						"0.125": [15, 0, 0],
						"0.25": [22.5, 0, 0],
						"0.375": [15, 0, 0],
						"0.5": [22.5, 0, 0]
					}
				},
				"tong2": {
					"rotation": {
						"0.0": [10, 0, 0],
						"0.0417": [15, 0, 0],
						"0.1667": [0, 0, 0],
						"0.2917": [15, 0, 0],
						"0.4167": [0, 0, 0],
						"0.5": [10, 0, 0]
					}
				},
				"tong3": {
					"rotation": {
						"0.0": [-14.17, 0, 0],
						"0.0833": [17.5, 0, 0],
						"0.2083": [-30, 0, 0],
						"0.3333": [17.5, 0, 0],
						"0.4583": [-30, 0, 0],
						"0.5": [-14.17, 0, 0]
					}
				},
				"claw_up": {
					"rotation": {
						"0.0": [-7.5, 0, 0],
						"0.125": [-2.5, 0, 0],
						"0.25": [-7.5, 0, 0],
						"0.375": [-2.5, 0, 0],
						"0.5": [-7.5, 0, 0]
					}
				},
				"left_back_leg2": {
					"rotation": {
						"0.0": [0, 0, 0],
						"0.125": [-35, 0, 0],
						"0.25": [0, 0, 0],
						"0.375": [35, 0, 0],
						"0.5": [0, 0, 0]
					},
					"position": {
						"0.0": [0, 0.5, 0],
						"0.125": [0, 0.25, 0],
						"0.25": [0, 0, 0],
						"0.375": [0, 0.25, 0],
						"0.5": [0, 0.5, 0]
					}
				},
				"right_back_leg4": {
					"rotation": {
						"0.0": [0, 0, 0],
						"0.125": [35, 0, 0],
						"0.25": [0, 0, 0],
						"0.375": [-35, 0, 0],
						"0.5": [0, 0, 0]
					},
					"position": {
						"0.0": [0, 0, 0],
						"0.125": [0, 0.25, 0],
						"0.25": [0, 0.5, 0],
						"0.375": [0, 0.25, 0],
						"0.5": [0, 0, 0]
					}
				},
				"left_front_leg": {
					"rotation": {
						"0.0": [-35, 0, 0],
						"0.125": [0, 0, 0],
						"0.25": [35, 0, 0],
						"0.375": [0, 0, 0],
						"0.5": [-35, 0, 0]
					},
					"position": {
						"0.0": [0, 0.25, 0],
						"0.125": [0, 0, 0],
						"0.25": [0, 0.25, 0],
						"0.375": [0, 0.5, 0],
						"0.5": [0, 0.25, 0]
					}
				},
				"tail": {
					"rotation": {
						"0.0": {
							"post": [-7.5, 0, 0],
							"lerp_mode": "catmullrom"
						},
						"0.25": {
							"post": [15.01365, 2.41476, 0.64743],
							"lerp_mode": "catmullrom"
						},
						"0.5": {
							"post": [-7.5, 0, 0],
							"lerp_mode": "catmullrom"
						}
					}
				},
				"tail2": {
					"rotation": {
						"0.0": {
							"post": [-5, 0, 0],
							"lerp_mode": "catmullrom"
						},
						"0.0833": {
							"post": [-15, 0, 0],
							"lerp_mode": "catmullrom"
						},
						"0.3333": {
							"post": [15, 0, 0],
							"lerp_mode": "catmullrom"
						},
						"0.5": {
							"post": [-5, 0, 0],
							"lerp_mode": "catmullrom"
						}
					}
				},
				"tail3": {
					"rotation": {
						"0.0": {
							"post": [5, 0, 0],
							"lerp_mode": "catmullrom"
						},
						"0.1667": {
							"post": [-15, 0, 0],
							"lerp_mode": "catmullrom"
						},
						"0.4167": {
							"post": [15, 0, 0],
							"lerp_mode": "catmullrom"
						},
						"0.5": {
							"post": [5, 0, 0],
							"lerp_mode": "catmullrom"
						}
					}
				},
				"right_front_leg": {
					"rotation": {
						"0.0": [35, 0, 0],
						"0.125": [0, 0, 0],
						"0.25": [-35, 0, 0],
						"0.375": [0, 0, 0],
						"0.5": [35, 0, 0]
					},
					"position": {
						"0.0": [0, 0.25, 0],
						"0.125": [0, 0.5, 0],
						"0.25": [0, 0.25, 0],
						"0.375": [0, 0, 0],
						"0.5": [0, 0.25, 0]
					}
				}
			}
		},
		"animation.wacky_animals.wacky_mouse_sit": {
			"loop": "hold_on_last_frame",
			"animation_length": 0.625,
			"bones": {
				"total": {
					"position": [0, -0.175, 0]
				},
				"body": {
					"position": {
						"0.0417": [0, 0, 0],
						"0.2083": [0, -0.75, 0],
						"0.3333": [0, -0.55, 0]
					}
				},
				"head": {
					"rotation": {
						"0.0": [0, 0, 0],
						"0.0833": [-5.83333, 0, 0],
						"0.25": [5, 0, 0],
						"0.375": [-2.5, 0, 0],
						"0.5": [0, 0, 0]
					}
				},
				"claw_down": {
					"rotation": {
						"0.125": [0, 0, 0],
						"0.25": [7.5, 0, 0],
						"0.375": [0, 0, 0],
						"0.5": [7.5, 0, 0]
					}
				},
				"tong2": {
					"rotation": {
						"0.125": [0, 0, 0],
						"0.25": [30, 0, 0],
						"0.375": [25, 0, 0],
						"0.5": [30, 0, 0]
					}
				},
				"tong3": {
					"rotation": {
						"0.0": [0, 0, 0],
						"0.125": [-30, 0, 0],
						"0.2917": [25, 0, 0],
						"0.4167": [7.5, 0, 0],
						"0.5417": [25, 0, 0]
					}
				},
				"left_back_leg2": {
					"position": {
						"0.0417": [0, 0, 0],
						"0.2083": [0, 0.75, 0],
						"0.3333": [0, 0.55, 0]
					}
				},
				"right_back_leg4": {
					"position": {
						"0.0417": [0, 0, 0],
						"0.2083": [0, 0.75, 0],
						"0.3333": [0, 0.55, 0]
					}
				},
				"left_front_leg": {
					"position": {
						"0.0417": [0, 0, 0],
						"0.2083": [0, 0.75, 0],
						"0.3333": [0, 0.55, 0]
					}
				},
				"tail": {
					"rotation": {
						"0.0417": [0, 0, 0],
						"0.125": [5, 0, 0],
						"0.2917": [-15, 0, 0]
					}
				},
				"tail2": {
					"rotation": {
						"0.0833": [0, 0, 0],
						"0.1667": [12.5, 0, 0],
						"0.3333": [7.5, 0, 0],
						"0.4583": [10, 0, 0],
						"0.5833": [7.5, 0, 0]
					}
				},
				"tail3": {
					"rotation": {
						"0.125": [0, 0, 0],
						"0.2083": [30, 0, 0],
						"0.375": [5, 0, 0],
						"0.5": [10, 0, 0],
						"0.625": [5, 0, 0]
					}
				},
				"right_front_leg": {
					"position": {
						"0.0417": [0, 0, 0],
						"0.2083": [0, 0.75, 0],
						"0.3333": [0, 0.55, 0]
					}
				}
			}
		}
	}
}