{
	"format_version": "1.8.0",
	"animations": {
		"animation.wacky_animals.wacky_lizard_idle": {
			"loop": true,
			"animation_length": 0.6667,
			"bones": {
				"total": {
					"position": {
						"0.0": [0, 1.6, 0],
						"0.3333": [0, 1.35, 0],
						"0.6667": [0, 1.6, 0]
					}
				},
				"body2": {
					"rotation": {
						"0.0": [-13.12, 0, 0],
						"0.0833": [-10, 0, 0],
						"0.4167": [-17.5, 0, 0],
						"0.6667": [-13.12, 0, 0]
					}
				},
				"body3": {
					"rotation": {
						"0.0": [15, 0, 0],
						"0.1667": [25, 0, 0],
						"0.5": [5, 0, 0],
						"0.6667": [15, 0, 0]
					}
				},
				"head": {
					"rotation": {
						"0.0": [1.25, 0, 0],
						"0.0833": [0, 0, 0],
						"0.4167": [5, 0, 0],
						"0.6667": [1.25, 0, 0]
					}
				},
				"claw_down": {
					"rotation": {
						"0.0": [14.38, 0, 0],
						"0.125": [12.5, 0, 0],
						"0.4583": [17.5, 0, 0],
						"0.6667": [14.38, 0, 0]
					}
				},
				"tong2": {
					"rotation": {
						"0.0": [-3.75, 0, 0],
						"0.1667": [-7.5, 0, 0],
						"0.5": [0, 0, 0],
						"0.6667": [-3.75, 0, 0]
					}
				},
				"tong3": {
					"rotation": {
						"0.0": [7.81, 0, 0],
						"0.2083": [-25, 0, 0],
						"0.5417": [27.5, 0, 0],
						"0.6667": [7.81, 0, 0]
					}
				},
				"front_right_arm1": {
					"rotation": [0, -15, -50],
					"position": {
						"0.0": [0, -0.05, 0],
						"0.3333": [0, 0.2, 0],
						"0.6667": [0, -0.05, 0]
					}
				},
				"front_right_arm2": {
					"rotation": [43.39482, -27.79687, 26.25382]
				},
				"front_right_arm3": {
					"rotation": [-20, 0, 15]
				},
				"back_right_arm1": {
					"rotation": [0, 17.5, -50],
					"position": {
						"0.0": [0, -0.05, 0],
						"0.3333": [0, 0.2, 0],
						"0.6667": [0, -0.05, 0]
					}
				},
				"back_right_arm2": {
					"rotation": [43.39482, -27.79687, 26.25382]
				},
				"back_right_arm3": {
					"rotation": [-39.47175, 8.77096, 12.28688]
				},
				"back_left_arm4": {
					"rotation": [0, -10, 50],
					"position": {
						"0.0": [0, -0.05, 0],
						"0.3333": [0, 0.2, 0],
						"0.6667": [0, -0.05, 0]
					}
				},
				"back_left_arm5": {
					"rotation": [40.89339, 20.70481, -22.20765]
				},
				"back_left_arm6": {
					"rotation": [-38.72722, -12.06149, -12.80841]
				},
				"front_left_arm4": {
					"rotation": [0, 22.5, 50],
					"position": {
						"0.0": [0, -0.05, 0],
						"0.3333": [0, 0.2, 0],
						"0.6667": [0, -0.05, 0]
					}
				},
				"front_left_arm5": {
					"rotation": [40.89339, 20.70481, -22.20765]
				},
				"front_left_arm6": {
					"rotation": [-14.78251, 2.13205, -16.66443]
				}
			}
		},
		"animation.wacky_animals.wacky_lizard_walk": {
			"loop": true,
			"animation_length": 1,
			"bones": {
				"total": {
					"rotation": {
						"0.0": [0, -2.5, 0],
						"0.25": [0, 0, 0],
						"0.5": [0, 2.5, 0],
						"0.75": [0, 0, 0],
						"1.0": [0, -2.5, 0]
					},
					"position": {
						"0.0": [0, 1.1, 0],
						"0.25": [0, 1.6, 0],
						"0.5": [0, 1.1, 0],
						"0.75": [0, 1.6, 0],
						"1.0": [0, 1.1, 0]
					}
				},
				"body2": {
					"rotation": {
						"0.0": [-13.12, -10, 0],
						"0.0833": [-13.12, -15, 0],
						"0.5833": [-13.12, 15, 0],
						"1.0": [-13.12, -10, 0]
					}
				},
				"body3": {
					"rotation": {
						"0.0": [15.52, 1.01, 0.29],
						"0.2083": [15.30714, -12.16864, -2.88085],
						"0.7083": [15.81015, 19.45657, 4.72294],
						"1.0": [15.52, 1.01, 0.29]
					}
				},
				"head": {
					"rotation": {
						"0.0": [4.88, -5.43, 6.03],
						"0.0833": [6.68821, -8.14486, 9.03754],
						"0.3333": [1.25, 0, 0],
						"0.5833": [8.36158, 10.76426, -8.83292],
						"0.8333": [1.25, 0, 0],
						"1.0": [4.88, -5.43, 6.03]
					}
				},
				"claw_down": {
					"rotation": {
						"0.0": [11.87, 0.14, 0.03],
						"0.125": [14.33645, -0.14903, -0.28477],
						"0.375": [9.41211, 0.43515, 0.34339],
						"0.625": [14.33645, -0.14903, -0.28477],
						"0.875": [9.41211, 0.43515, 0.34339],
						"1.0": [11.87, 0.14, 0.03]
					}
				},
				"tong2": {
					"rotation": {
						"0.0": [3.69, -0.81, -0.56],
						"0.1667": [8.6223, -1.44792, -1.13574],
						"0.4167": [1.22033, -0.48544, -0.26762],
						"0.6667": [8.6223, -1.44792, -1.13574],
						"0.9167": [1.22033, -0.48544, -0.26762],
						"1.0": [3.69, -0.81, -0.56]
					}
				},
				"tong3": {
					"rotation": {
						"0.0": [9.04, -0.16, -0.14],
						"0.2083": [15.20458, -0.98081, -0.84727],
						"0.4583": [7.81, 0, 0],
						"0.7083": [15.20458, -0.98081, -0.84727],
						"0.9583": [7.81, 0, 0],
						"1.0": [9.04, -0.16, -0.14]
					}
				},
				"front_right_arm1": {
					"rotation": {
						"0.0": [-42.27148, 21.10921, -52.48247],
						"0.25": [-14.85602, -1.5697, -5.86472],
						"0.5": [12.55944, -24.24862, -54.24696],
						"0.75": [-14.85602, -1.5697, -47.86472],
						"1.0": [-42.27148, 21.10921, -52.48247]
					},
					"position": {
						"0.0": [0, 0.45, 0],
						"0.25": [0, -0.05, 0],
						"0.5": [0, 0.45, 0],
						"0.75": [0, -0.05, 0],
						"1.0": [0, 0.45, 0]
					}
				},
				"front_right_arm2": {
					"rotation": {
						"0.0": [43.39482, -27.79687, 26.25382],
						"0.25": [42.14658, -14.75756, -24.24697],
						"0.5": [43.39, -27.8, 26.25]
					}
				},
				"front_right_arm3": {
					"rotation": [-20, 0, 15]
				},
				"back_right_arm1": {
					"rotation": {
						"0.0": [18.89129, 0.77072, -46.94139],
						"0.5": [-19.96073, 30.82484, -58.29567],
						"0.75": [-0.53472, 15.79778, 2.38147],
						"1.0": [18.89129, 0.77072, -46.94139]
					},
					"position": {
						"0.0": [0, 0.45, 0],
						"0.25": [0, -0.05, 0],
						"0.5": [0, 0.45, 0],
						"0.75": [0, -0.05, 0],
						"1.0": [0, 0.45, 0]
					}
				},
				"back_right_arm2": {
					"rotation": {
						"0.0": [43.39482, -27.79687, 26.25382],
						"0.5": [43.39, -27.8, 26.25],
						"0.75": [61.79393, -24.49037, -44.93461],
						"1.0": [43.39, -27.8, 26.25]
					},
					"position": [0, 0, 0]
				},
				"back_right_arm3": {
					"rotation": [-39.47175, 8.77096, 12.28688]
				},
				"back_left_arm4": {
					"rotation": {
						"0.0": [-23.28312, -26.50814, 57.46189],
						"0.25": [0.76117, -7.67057, -6.13852],
						"0.5": [24.80546, 11.16699, 50.26107],
						"1.0": [-23.28312, -26.50814, 57.46189]
					},
					"position": {
						"0.0": [0, 0.45, 0],
						"0.25": [0, -0.05, 0],
						"0.5": [0, 0.45, 0],
						"0.75": [0, -0.05, 0],
						"1.0": [0, 0.45, 0]
					}
				},
				"back_left_arm5": {
					"rotation": {
						"0.0": [40.89339, 20.70481, -22.20765],
						"0.25": [48.16478, 20.7629, 32.45748],
						"0.5": [40.89, 20.7, -22.21]
					}
				},
				"back_left_arm6": {
					"rotation": [-38.72722, -12.06149, -12.80841]
				},
				"front_left_arm4": {
					"rotation": {
						"0.0": [11.0536, 30.14213, 54.92435],
						"0.5": [-38.7374, -13.77894, 46.77781],
						"0.75": [-9.69265, 11.84168, 1.52996],
						"1.0": [11.0536, 30.14213, 54.92435]
					},
					"position": {
						"0.0": [0, 0.45, 0],
						"0.25": [0, -0.05, 0],
						"0.5": [0, 0.45, 0],
						"0.75": [0, -0.05, 0],
						"1.0": [0, 0.45, 0]
					}
				},
				"front_left_arm5": {
					"rotation": {
						"0.0": [40.89339, 20.70481, -22.20765],
						"0.25": [39.96579, 23.25975, -31.21869],
						"0.5": [40.89, 20.7, -22.21],
						"0.75": [31.71269, 13.17251, 18.67046],
						"1.0": [40.89339, 20.70481, -22.20765]
					}
				},
				"front_left_arm6": {
					"rotation": [-14.78251, 2.13205, -16.66443]
				}
			}
		},
		"animation.wacky_animals.wacky_lizard_sit": {
			"loop": "hold_on_last_frame",
			"animation_length": 0.875,
			"bones": {
				"total": {
					"rotation": {
						"0.0": [0, 0, 0],
						"0.2917": [-30, 0, 0],
						"0.5": [-22.5, 0, 0]
					},
					"position": {
						"0.0": [0, 1.6, 0],
						"0.2917": [0, -0.15, 0],
						"0.5": [0, 0.1, 0]
					}
				},
				"body2": {
					"rotation": {
						"0.0417": [-13.12, 0, 0],
						"0.2083": [34.38, 0, 0],
						"0.4167": [14.38, 0, 0],
						"0.5833": [16.88, 0, 0],
						"0.75": [14.38, 0, 0]
					}
				},
				"body3": {
					"rotation": {
						"0.0833": [15, 0, 0],
						"0.25": [27.5, 0, 0],
						"0.4583": [8.40244, -3.18114, -1.44476],
						"0.625": [13.40244, -3.18114, -1.44476],
						"0.7917": [8.40244, -3.18114, -1.44476]
					}
				},
				"head": {
					"rotation": {
						"0.0": [1.25, 0, 0],
						"0.125": [24.10714, 0, 0],
						"0.3333": [-1.25, 0, 0],
						"0.5417": [23.75, 0, 0],
						"0.7083": [16.25, 0, 0],
						"0.875": [23.75, 0, 0]
					}
				},
				"claw_down": {
					"rotation": [14.38, 0, 0]
				},
				"tong2": {
					"rotation": [-3.75, 0, 0]
				},
				"tong3": {
					"rotation": [7.81, 0, 0]
				},
				"front_right_arm1": {
					"rotation": {
						"0.0": [0, -15, -50],
						"0.2917": [0, 30, -50],
						"0.5": [0, 20, -50]
					},
					"position": [0, -0.05, 0]
				},
				"front_right_arm2": {
					"rotation": [43.39482, -27.79687, 26.25382]
				},
				"front_right_arm3": {
					"rotation": [-20, 0, 15]
				},
				"back_right_arm1": {
					"rotation": {
						"0.0": [0, 17.5, -50],
						"0.2917": [9.61518, 14.6914, -16.2576]
					},
					"position": [0, -0.05, 0]
				},
				"back_right_arm2": {
					"rotation": {
						"0.0": [43.39482, -27.79687, 26.25382],
						"0.2917": [63.75022, -10.7139, 10.87865],
						"0.5": [61.83625, -27.02813, 0.64651]
					}
				},
				"back_right_arm3": {
					"rotation": [-39.47175, 8.77096, 12.28688]
				},
				"back_left_arm4": {
					"rotation": {
						"0.0": [0, -10, 50],
						"0.2917": [5.41207, -8.42145, 17.10125]
					},
					"position": [0, -0.05, 0]
				},
				"back_left_arm5": {
					"rotation": {
						"0.0": [40.89339, 20.70481, -22.20765],
						"0.2917": [62.15653, 7.9598, -5.87744],
						"0.5": [63.25755, 20.66112, 5.95113]
					}
				},
				"back_left_arm6": {
					"rotation": [-38.72722, -12.06149, -12.80841]
				},
				"front_left_arm4": {
					"rotation": {
						"0.0": [0, 22.5, 50],
						"0.2917": [0, -25, 50],
						"0.5": [0, -10, 50]
					},
					"position": [0, -0.05, 0]
				},
				"front_left_arm5": {
					"rotation": [40.89339, 20.70481, -22.20765]
				},
				"front_left_arm6": {
					"rotation": [-14.78251, 2.13205, -16.66443]
				}
			}
		}
	}
}