{
	"format_version": "1.8.0",
	"animations": {
		"animation.wacky_animals.wacky_dog_idle": {
			"loop": true,
			"animation_length": 0.5,
			"bones": {
				"body1": {
					"rotation": {
						"0.0": [0, 0, 2.5],
						"0.25": [-5, 0, -2.5],
						"0.5": [0, 0, 2.5]
					}
				},
				"front_left_leg": {
					"rotation": {
						"0.0": [0, 0, -2.5],
						"0.25": [5, 0, 2.5],
						"0.5": [0, 0, -2.5]
					},
					"position": {
						"0.0": [0, 0.1, 0],
						"0.25": [0, -0.45, 0],
						"0.5": [0, 0.1, 0]
					}
				},
				"front_right_leg": {
					"rotation": {
						"0.0": [0, 0, -2.5],
						"0.25": [5, 0, 2.5],
						"0.5": [0, 0, -2.5]
					},
					"position": {
						"0.0": [0, -0.1, 0],
						"0.25": [0, -0.25, 0],
						"0.5": [0, -0.1, 0]
					}
				},
				"neck": {
					"rotation": {
						"0.0": [10.42, 0, 0],
						"0.0417": [12.5, 0, 0],
						"0.2917": [0, 0, 0],
						"0.5": [10.42, 0, 0]
					}
				},
				"head": {
					"rotation": {
						"0.0": [1.67, 0, 1.67],
						"0.0833": [5, 0, 7.5],
						"0.3333": [-5, 0, -10],
						"0.5": [1.67, 0, 1.67]
					}
				},
				"left_hear": {
					"rotation": {
						"0.0": [0, 0, -6.25],
						"0.125": [0, 0, 7.5],
						"0.375": [0, 0, -20],
						"0.5": [0, 0, -6.25]
					}
				},
				"right_hear": {
					"rotation": {
						"0.0": [0, 0, 0.83],
						"0.0833": [0, 0, -7.5],
						"0.3333": [0, 0, 17.5],
						"0.5": [0, 0, 0.83]
					}
				},
				"tongue1": {
					"rotation": {
						"0.0": [23.75, 0, 0],
						"0.125": [40, 0, 0],
						"0.375": [7.5, 0, 0],
						"0.5": [23.75, 0, 0]
					}
				},
				"tongue2": {
					"rotation": {
						"0.0": [-4.17, 0, 0],
						"0.1667": [45, 0, 0],
						"0.4167": [-22.5, 0, 0],
						"0.5": [-4.17, 0, 0]
					}
				},
				"tongue3": {
					"rotation": {
						"0.0": [-19.58, 0, 0],
						"0.2083": [20, 0, 0],
						"0.4583": [-27.5, 0, 0],
						"0.5": [-19.58, 0, 0]
					}
				},
				"body2": {
					"rotation": {
						"0.0": [0, 0, 0],
						"0.25": [2.5, 0, 0],
						"0.5": [0, 0, 0]
					}
				},
				"tail1": {
					"rotation": {
						"0.0": [0.83, 0, 0],
						"0.0417": [0, 0, 0],
						"0.2917": [5, 0, 0],
						"0.5": [0.83, 0, 0]
					}
				},
				"left_back_leg1": {
					"rotation": {
						"0.0": [0, 0, 0],
						"0.25": [-2.5, 0, 0],
						"0.5": [0, 0, 0]
					},
					"position": {
						"0.0": [0, 0, 0],
						"0.25": [0, -0.1, 0],
						"0.5": [0, 0, 0]
					}
				},
				"right_back_leg4": {
					"rotation": {
						"0.0": [0, 0, 0],
						"0.25": [-2.5, 0, 0],
						"0.5": [0, 0, 0]
					},
					"position": {
						"0.0": [0, 0, 0],
						"0.25": [0, -0.1, 0],
						"0.5": [0, 0, 0]
					}
				}
			}
		},
		"animation.wacky_animals.wacky_dog_walk": {
			"loop": true,
			"animation_length": 0.8333,
			"bones": {
				"body1": {
					"rotation": {
						"0.0": [0, 0, 7.5],
						"0.2083": [-10, 0, 0],
						"0.4167": [0, 0, -10],
						"0.625": [-10, 0, 0],
						"0.8333": [0, 0, 7.5]
					},
					"position": [0, -0.25, 0]
				},
				"front_left_leg": {
					"rotation": {
						"0.0": [-35, 0, -10],
						"0.4167": [15, 0, 2.5],
						"0.8333": [-35, 0, -10]
					},
					"position": {
						"0.0": [0, -0.25, 0],
						"0.4167": [0, -0.5, 0],
						"0.625": [0, 1.25, 0],
						"0.8333": [0, -0.25, 0]
					}
				},
				"front_right_leg": {
					"rotation": {
						"0.0": [15, 0, 0],
						"0.4167": [-35, 0, 10],
						"0.8333": [15, 0, 0]
					},
					"position": {
						"0.0": [0, -0.5, 0],
						"0.2083": [0, 1.25, 0],
						"0.4167": [0, -0.25, 0],
						"0.8333": [0, -0.5, 0]
					}
				},
				"neck": {
					"rotation": {
						"0.0": [9.17, 0, -2.08],
						"0.0417": [12.5, 0, -2.5],
						"0.25": [-7.5, 0, 0],
						"0.4583": [12.5, 0, -2.5],
						"0.6667": [-7.5, 0, 0],
						"0.8333": [9.17, 0, -2.08]
					}
				},
				"head": {
					"rotation": {
						"0.0": [1.67, 0, 5],
						"0.0833": [5, 0, 7.5],
						"0.2917": [-5, 0, 0],
						"0.5": [5, 0, -12.5],
						"0.7083": [-5, 0, 0],
						"0.8333": [1.67, 0, 5]
					}
				},
				"left_hear": {
					"rotation": {
						"0.0": [0, 0, -6.25],
						"0.0833": [0, 0, 7.5],
						"0.2917": [0, 0, -20],
						"0.5": [0, 0, 7.5],
						"0.7083": [0, 0, -20],
						"0.8333": [0, 0, -6.25]
					}
				},
				"right_hear": {
					"rotation": {
						"0.0": [0, 0, 0.83],
						"0.0833": [0, 0, -7.5],
						"0.2917": [0, 0, 17.5],
						"0.5": [0, 0, -7.5],
						"0.7083": [0, 0, 17.5],
						"0.8333": [0, 0, 0.83]
					}
				},
				"tongue1": {
					"rotation": {
						"0.0": [23.75, 0, 0],
						"0.0833": [40, 0, 0],
						"0.2917": [7.5, 0, 0],
						"0.5": [40, 0, 0],
						"0.7083": [7.5, 0, 0],
						"0.8333": [23.75, 0, 0]
					}
				},
				"tongue2": {
					"rotation": {
						"0.0": [-4.17, 0, 0],
						"0.125": [45, 0, 0],
						"0.3333": [-35, 0, 0],
						"0.5417": [45, 0, 0],
						"0.75": [-35, 0, 0],
						"0.8333": [-4.17, 0, 0]
					}
				},
				"tongue3": {
					"rotation": {
						"0.0": [-19.58, 0, 0],
						"0.1667": [20, 0, 0],
						"0.375": [-40, 0, 0],
						"0.5833": [20, 0, 0],
						"0.7917": [-40, 0, 0],
						"0.8333": [-19.58, 0, 0]
					}
				},
				"body2": {
					"rotation": {
						"0.0": [0, 0, 0],
						"0.2083": [5, 0, 0],
						"0.4167": [0, 0, 0],
						"0.625": [5, 0, 0],
						"0.8333": [0, 0, 0]
					},
					"position": {
						"0.0": [0, -0.25, 0],
						"0.2083": [0, 0, 0],
						"0.4167": [0, -0.25, 0],
						"0.625": [0, 0, 0],
						"0.8333": [0, -0.25, 0]
					}
				},
				"tail1": {
					"rotation": {
						"0.0": [0.83, 0, 0],
						"0.0417": [0, 0, 0],
						"0.25": [5, 0, 0],
						"0.4167": [0.83, 0, 0],
						"0.6667": [5, 0, 0],
						"0.8333": [0.83, 0, 0]
					}
				},
				"left_back_leg1": {
					"rotation": {
						"0.0": [37.5, 0, -10],
						"0.4167": [-30, 0, -10],
						"0.8333": [37.5, 0, -10]
					},
					"position": {
						"0.0": [0, 0, 0],
						"0.2083": [0, 0.5, 0],
						"0.4167": [0, 0, 0],
						"0.625": [0, -0.5, 0],
						"0.8333": [0, 0, 0]
					}
				},
				"right_back_leg4": {
					"rotation": {
						"0.0": [-30, 0, 7.5],
						"0.4167": [37.5, 0, 10],
						"0.8333": [-30, 0, 7.5]
					},
					"position": {
						"0.0": [0, 0, 0],
						"0.2083": [0, -0.5, 0],
						"0.4167": [0, 0, 0],
						"0.625": [0, 0.5, 0],
						"0.8333": [0, 0, 0]
					}
				},
				"left_front_leg": {
					"rotation": {
						"0.0": [0, 0, 0],
						"0.4167": [15, 0, 0],
						"0.8333": [0, 0, 0]
					}
				},
				"left_foot": {
					"rotation": {
						"0.0": [15, 0, 10],
						"0.2083": [13.75, 0, 2.5],
						"0.4167": [-15, 0, 10],
						"0.625": [44.37, 0, 0],
						"0.8333": [15, 0, 10]
					}
				},
				"right_front_leg": {
					"rotation": {
						"0.0": [15, 0, 0],
						"0.4167": [0, 0, 0],
						"0.8333": [15, 0, 0]
					}
				},
				"right_foot": {
					"rotation": {
						"0.0": [-22.5, 0, -10],
						"0.25": [44.37, 0, 0],
						"0.4167": [15, 0, -7.5],
						"0.625": [18.75, 0, -8.75],
						"0.8333": [-22.5, 0, -10]
					}
				},
				"left_back_leg2": {
					"rotation": {
						"0.0": [-7.5, 0, 0],
						"0.2083": [17.5, 0, 0],
						"0.4167": [12.5, 0, 0],
						"0.8333": [-7.5, 0, 0]
					}
				},
				"left_back_leg3": {
					"rotation": {
						"0.4167": [0, 0, 0],
						"0.625": [0, 0, 7.5],
						"0.8333": [0, 0, 0]
					}
				},
				"left_back_foot": {
					"rotation": {
						"0.0": [0, 0, 0],
						"0.2083": [22.5, 0, 0],
						"0.4167": [0, 0, 0]
					}
				},
				"left_back_feet": {
					"rotation": {
						"0.0": [-17.5, 0, 0],
						"0.2083": [-2.5, 0, 0],
						"0.4167": [-17.5, 0, 0],
						"0.625": [-2.5, 0, 0],
						"0.8333": [-17.5, 0, 0]
					}
				},
				"right_back_leg5": {
					"rotation": {
						"0.0": [12.5, 0, 0],
						"0.4167": [-7.5, 0, 0],
						"0.625": [17.5, 0, 0],
						"0.8333": [12.5, 0, 0]
					}
				},
				"right_back_leg6": {
					"rotation": {
						"0.0": [0, 0, 0],
						"0.2083": [0, 0, -2.5],
						"0.4167": [0, 0, 0]
					}
				},
				"right_back_foot": {
					"rotation": {
						"0.0": [0, 0, 0],
						"0.2083": [-7.5, 0, -7.5],
						"0.4167": [0, 0, 0],
						"0.625": [22.5, 0, 0],
						"0.8333": [0, 0, 0]
					}
				},
				"right_back_feet": {
					"rotation": {
						"0.0": [-17.5, 0, 0],
						"0.2083": [-2.5, 0, 0],
						"0.4167": [-17.5, 0, 0],
						"0.625": [-2.5, 0, 0],
						"0.8333": [-17.5, 0, 0]
					}
				}
			}
		},
		"animation.wacky_animals.wacky_dog_sit": {
			"loop": "hold_on_last_frame",
			"animation_length": 1.5417,
			"bones": {
				"total": {
					"rotation": {
						"0.25": [0, 0, 0],
						"0.5833": [-60, 0, 0],
						"0.8333": [-55, 0, 0]
					},
					"position": {
						"0.25": [0, 0, 0],
						"0.5833": [0, 2, -1],
						"0.8333": [0, 1.5, -1]
					}
				},
				"body1": {
					"rotation": {
						"0.0": [0, 0, 0],
						"0.25": [12.5, 0, 0],
						"0.375": [20.88, 0, 0],
						"0.625": [-5, 0, 0],
						"0.9167": [25, 0, 0]
					},
					"position": {
						"0.0": [0, 0, 0],
						"0.25": [0, 0, 0.75],
						"0.375": [0, 0, 1.64],
						"0.625": [0, 0, 0.5],
						"0.9167": [0, 0, 1.5]
					}
				},
				"front_left_leg": {
					"rotation": {
						"0.0": [0, 0, 0],
						"0.25": [-27.5, 0, 0],
						"0.5833": [55, 0, 0],
						"0.9167": [12.5, 0, 0]
					},
					"position": {
						"0.0": [0, 0, 0],
						"0.25": [0, 0.75, 0.5],
						"0.5833": [0, 0.75, 0.5],
						"0.9167": [0, 0.25, 0.5]
					}
				},
				"left_foot": {
					"rotation": {
						"0.0": [0, 0, 0],
						"0.25": [15, 0, 0]
					}
				},
				"front_right_leg": {
					"rotation": {
						"0.0": [0, 0, 0],
						"0.25": [-27.5, 0, 0],
						"0.5833": [55, 0, 0],
						"0.9167": [12.5, 0, 0]
					},
					"position": {
						"0.0": [0, 0, 0],
						"0.25": [0, 0.75, 0.5],
						"0.5833": [0, 0.75, 0.5],
						"0.9167": [0, 0.25, 0.5]
					}
				},
				"right_foot": {
					"rotation": {
						"0.0": [0, 0, 0],
						"0.25": [15, 0, 0]
					}
				},
				"neck": {
					"rotation": {
						"0.0833": [0, 0, 0],
						"0.3333": [15, 0, 0],
						"0.5": [40, 0, 0],
						"0.6667": [0, 0, 0],
						"1.0": [55, 0, 0],
						"1.2083": [40, 0, 0]
					}
				},
				"left_hear": {
					"rotation": {
						"0.0": [0, 0, 0],
						"0.2083": [0, 0, -7.5],
						"0.5833": [0, 0, 12.5],
						"0.875": [0, 0, -7.5],
						"1.0833": [0, 0, 5],
						"1.25": [0, 0, 0]
					}
				},
				"right_hear": {
					"rotation": {
						"0.0": [0, 0, 0],
						"0.2083": [0, 0, 7.5],
						"0.5833": [0, 0, -12.5],
						"0.875": [0, 0, 7.5],
						"1.0833": [0, 0, -5],
						"1.25": [0, 0, 0]
					}
				},
				"tongue1": {
					"rotation": {
						"0.125": [32.5, 0, 0],
						"0.375": [22.5, 0, 0],
						"0.5417": [40, 0, 0],
						"0.7083": [7.5, 0, 0],
						"1.0417": [40, 0, 0],
						"1.25": [30, 0, 0],
						"1.4583": [32.5, 0, 0]
					}
				},
				"tongue2": {
					"rotation": {
						"0.1667": [40, 0, 0],
						"0.4167": [25, 0, 0],
						"0.5833": [55, 0, 0],
						"0.75": [-45, 0, 0],
						"1.0833": [55, 0, 0],
						"1.2917": [35, 0, 0],
						"1.5": [40, 0, 0]
					}
				},
				"tongue3": {
					"rotation": {
						"0.2083": [17.5, 0, 0],
						"0.4583": [0, 0, 0],
						"0.625": [37.5, 0, 0],
						"0.7917": [-30, 0, 0],
						"1.125": [37.5, 0, 0],
						"1.3333": [12.5, 0, 0],
						"1.5417": [17.5, 0, 0]
					}
				},
				"body2": {
					"rotation": [0, 0, 0],
					"position": [0, 0, 0]
				},
				"left_back_leg1": {
					"rotation": {
						"0.25": [0, 0, 0],
						"0.5833": [-47.5, 0, -27.5]
					},
					"position": [0, 0, 0]
				},
				"left_back_leg3": {
					"rotation": {
						"0.25": [0, 0, 0],
						"0.5833": [47.5, 0, 0]
					}
				},
				"right_back_leg4": {
					"rotation": {
						"0.25": [0, 0, 0],
						"0.5833": [-47.5, 0, 25]
					},
					"position": [0, 0, 0]
				},
				"right_back_leg6": {
					"rotation": {
						"0.25": [0, 0, 0],
						"0.5833": [47.5, 0, 0]
					}
				}
			}
		}
	}
}