{
	"format_version": "1.8.0",
	"animations": {
		"animation.wacky_animals.wacky_frog_idle": {
			"loop": true,
			"animation_length": 0.5,
			"bones": {
				"total": {
					"rotation": {
						"0.0": [0, 0, 0],
						"0.25": [-7.5, 0, 0],
						"0.5": [0, 0, 0]
					},
					"position": {
						"0.0": [0, 0, 0],
						"0.25": [0, 0.25, -0.25],
						"0.5": [0, 0, 0]
					}
				},
				"right_leg": {
					"rotation": {
						"0.0": [0, 0, 0],
						"0.25": [0.86329, 7.4453, -1.25055],
						"0.5": [0, 0, 0]
					}
				},
				"left_leg": {
					"rotation": {
						"0.0": [0, 0, 0],
						"0.25": [0.86329, -7.4453, 1.25055],
						"0.5": [0, 0, 0]
					}
				},
				"right_arm": {
					"rotation": {
						"0.0": [0, 0, 0],
						"0.25": [7.5, 0, 0],
						"0.5": [0, 0, 0]
					},
					"position": {
						"0.0": [0, 0, 0],
						"0.25": [0, -0.5, 0],
						"0.5": [0, 0, 0]
					}
				},
				"left_arm": {
					"rotation": {
						"0.0": [0, 0, 0],
						"0.25": [7.5, 0, 0],
						"0.5": [0, 0, 0]
					},
					"position": {
						"0.0": [0, 0, 0],
						"0.25": [0, -0.5, 0],
						"0.5": [0, 0, 0]
					}
				},
				"head": {
					"rotation": {
						"0.0": [-2.5, 0, 0],
						"0.0833": [0, 0, 0],
						"0.3333": [-7.5, 0, 0],
						"0.5": [-2.5, 0, 0]
					}
				},
				"claw_down": {
					"rotation": {
						"0.0": [-1.25, 0, 0],
						"0.125": [2.5, 0, 0],
						"0.375": [-5, 0, 0],
						"0.5": [-1.25, 0, 0]
					}
				},
				"tongue": {
					"rotation": {
						"0.0": [13.33, 0, 0],
						"0.1667": [25, 0, 0],
						"0.4167": [7.5, 0, 0],
						"0.5": [13.33, 0, 0]
					}
				}
			}
		},
		"animation.wacky_animals.wacky_frog_walk": {
			"loop": true,
			"animation_length": 0.5,
			"bones": {
				"total": {
					"rotation": {
						"0.0": [0, 0, 0],
						"0.25": [-15, 0, 0],
						"0.5": [0, 0, 0]
					},
					"position": {
						"0.0": [0, 0, 0],
						"0.25": [0, 4, 0],
						"0.5": [0, 0, 0]
					}
				},
				"right_leg": {
					"rotation": {
						"0.0": [0, 0, 0],
						"0.25": [0.61139, 4.96207, -0.86712],
						"0.5": [0, 0, 0]
					}
				},
				"bone9": {
					"rotation": {
						"0.0": [0, 0, 0],
						"0.25": [0.3386, -2.48371, 0.44256],
						"0.5": [0, 0, 0]
					}
				},
				"bone10": {
					"rotation": {
						"0.0": [0, 0, 0],
						"0.25": [54.42048, 27.15777, -67.96901],
						"0.5": [0, 0, 0]
					}
				},
				"left_leg": {
					"rotation": {
						"0.0": [0, 0, 0],
						"0.25": [1.08573, -9.92971, 1.6072],
						"0.5": [0, 0, 0]
					}
				},
				"bone2": {
					"rotation": {
						"0.0": [0, 0, 0],
						"0.25": [-0.39052, -2.48185, 0.49291],
						"0.5": [0, 0, 0]
					}
				},
				"bone3": {
					"rotation": {
						"0.0": [0, 0, 0],
						"0.25": [53.38349, -25.13194, 66.17416],
						"0.5": [0, 0, 0]
					}
				},
				"right_arm": {
					"rotation": {
						"0.0": [-8.96, 0, 0],
						"0.0417": [0, 0, 0],
						"0.2083": [10, 0, 0],
						"0.375": [-35.83333, 0, 0],
						"0.5": [-8.96, 0, 0]
					},
					"position": {
						"0.0": [0, -0.17, 0],
						"0.0417": [0, 0, 0],
						"0.2917": [0, -1, 0],
						"0.5": [0, -0.17, 0]
					}
				},
				"bone4": {
					"rotation": {
						"0.0": [-1.88, 0, 0],
						"0.0417": [0, 0, 0],
						"0.2083": [30, 0, 0],
						"0.375": [-7.5, 0, 0],
						"0.5": [-1.88, 0, 0]
					}
				},
				"bone5": {
					"rotation": {
						"0.0": [0, 0, 0],
						"0.5": [0, 0, 0]
					}
				},
				"left_arm": {
					"rotation": {
						"0.0": [0, 0, 0],
						"0.1667": [10, 0, 0],
						"0.3333": [-35.83333, 0, 0],
						"0.5": [0, 0, 0]
					},
					"position": {
						"0.0": [0, 0, 0],
						"0.25": [0, -1, 0],
						"0.5": [0, 0, 0]
					}
				},
				"bone6": {
					"rotation": {
						"0.0": [0, 0, 0],
						"0.1667": [30, 0, 0],
						"0.3333": [-7.5, 0, 0],
						"0.5": [0, 0, 0]
					}
				},
				"bone7": {
					"rotation": {
						"0.0": [0, 0, 0],
						"0.5": [0, 0, 0]
					}
				},
				"head": {
					"rotation": {
						"0.0": [0, 0, 0],
						"0.0833": [12.5, 0, 0],
						"0.3333": [-25, 0, 0],
						"0.5": [0, 0, 0]
					}
				},
				"claw_down": {
					"rotation": {
						"0.0": [-1.25, 0, 0],
						"0.125": [12.5, 0, 0],
						"0.375": [-15, 0, 0],
						"0.5": [-1.25, 0, 0]
					}
				},
				"tongue": {
					"rotation": {
						"0.0": [20, 0, 0],
						"0.1667": [35, 0, 0],
						"0.4167": [12.5, 0, 0],
						"0.5": [20, 0, 0]
					}
				}
			}
		}
	}
}