{
	"format_version": "1.8.0",
	"animations": {
		"animation.wacky_animals.wacky_koala_idle": {
			"loop": true,
			"animation_length": 0.5833,
			"bones": {
				"body1": {
					"position": {
						"0.0": [0, -0.25, 0],
						"0.2917": [0, 0.25, 0],
						"0.5833": [0, -0.25, 0]
					}
				},
				"head": {
					"rotation": {
						"0.0": [1.43, 0, 0],
						"0.0833": [5, 0, 0],
						"0.375": [-7.5, 0, 0],
						"0.5833": [1.43, 0, 0]
					}
				},
				"claw_down": {
					"rotation": {
						"0.0": [-5.36, 0, 0],
						"0.125": [0, 0, 0],
						"0.4167": [-12.5, 0, 0],
						"0.5833": [-5.36, 0, 0]
					}
				},
				"tong1": {
					"rotation": {
						"0.0": [-5.71, 0, 0],
						"0.1667": [0, 0, 0],
						"0.4583": [-10, 0, 0],
						"0.5833": [-5.71, 0, 0]
					}
				},
				"tong2": {
					"rotation": {
						"0.0": [-1.79, 0, 0],
						"0.2083": [25, 0, 0],
						"0.5": [-12.5, 0, 0],
						"0.5833": [-1.79, 0, 0]
					}
				},
				"back_right_leg4": {
					"position": {
						"0.0": [0, 0.25, 0],
						"0.2917": [0, -0.25, 0],
						"0.5833": [0, 0.25, 0]
					}
				},
				"back_left_leg": {
					"position": {
						"0.0": [0, 0.25, 0],
						"0.2917": [0, -0.25, 0],
						"0.5833": [0, 0.25, 0]
					}
				},
				"front_right_leg4": {
					"position": {
						"0.0": [0, 0.25, 0],
						"0.2917": [0, -0.25, 0],
						"0.5833": [0, 0.25, 0]
					}
				},
				"front_left_leg": {
					"position": {
						"0.0": [0, 0.25, 0],
						"0.2917": [0, -0.25, 0],
						"0.5833": [0, 0.25, 0]
					}
				}
			}
		},
		"animation.wacky_animals.wacky_koala_walk": {
			"loop": true,
			"animation_length": 0.5,
			"bones": {
				"body1": {
					"position": {
						"0.0": [0, -0.5, 0],
						"0.125": [0, 0, 0],
						"0.25": [0, -0.5, 0],
						"0.375": [0, 0, 0],
						"0.5": [0, -0.5, 0]
					}
				},
				"head": {
					"rotation": {
						"0.0": [-5, 0, 0],
						"0.0833": [5, 0, 0],
						"0.2083": [-10, 0, 0],
						"0.3333": [5, 0, 0],
						"0.4583": [-10, 0, 0],
						"0.5": [-5, 0, 0]
					}
				},
				"claw_down": {
					"rotation": {
						"0.0": [-10, 0, 0],
						"0.125": [0, 0, 0],
						"0.25": [-10, 0, 0],
						"0.375": [0, 0, 0],
						"0.5": [-10, 0, 0]
					}
				},
				"tong1": {
					"rotation": {
						"0.0": [-22.5, 0, 0],
						"0.125": [5, 0, 0],
						"0.25": [-22.5, 0, 0],
						"0.375": [5, 0, 0],
						"0.4583": [-13.33, 0, 0],
						"0.5": [-22.5, 0, 0]
					}
				},
				"tong2": {
					"rotation": {
						"0.0": [10.83, 0, 0],
						"0.0833": [-22.5, 0, 0],
						"0.2083": [27.5, 0, 0],
						"0.3333": [-22.5, 0, 0],
						"0.4583": [27.5, 0, 0],
						"0.5": [10.83, 0, 0]
					}
				},
				"back_right_leg4": {
					"rotation": {
						"0.0": [37.5, 0, 0],
						"0.25": [0, 0, 0],
						"0.375": [30, 0, 0],
						"0.5": [37.5, 0, 0]
					},
					"position": {
						"0.0": [0, 0.25, 0],
						"0.125": [0, 1, 0],
						"0.25": [0, 0.25, 0],
						"0.375": [0, 0.25, 0],
						"0.5": [0, 0.25, 0]
					}
				},
				"back_right_leg5": {
					"rotation": {
						"0.0": [-43.75, 0, 0],
						"0.125": [-45, 0, 0],
						"0.25": [-20, 0, 0],
						"0.375": [-42.5, 0, 0],
						"0.5": [-43.75, 0, 0]
					},
					"position": {
						"0.0": [0, 0.75, 0],
						"0.25": [0, 0.25, 0],
						"0.5": [0, 0.75, 0]
					}
				},
				"back_right_leg": {
					"rotation": {
						"0.0": [-2.5, 0, 0],
						"0.25": [15, 0, 0],
						"0.375": [11.25, 0, 0],
						"0.5": [-2.5, 0, 0]
					}
				},
				"back_left_leg": {
					"rotation": {
						"0.0": [0, 0, 0],
						"0.125": [30, 0, 0],
						"0.25": [37.5, 0, 0],
						"0.5": [0, 0, 0]
					},
					"position": {
						"0.0": [0, 0.25, 0],
						"0.125": [0, 0.25, 0],
						"0.25": [0, 0.25, 0],
						"0.375": [0, 1, 0],
						"0.5": [0, 0.25, 0]
					}
				},
				"back_left_leg3": {
					"rotation": {
						"0.0": [-20, 0, 0],
						"0.125": [-42.5, 0, 0],
						"0.25": [-43.75, 0, 0],
						"0.375": [-45, 0, 0],
						"0.5": [-20, 0, 0]
					},
					"position": {
						"0.0": [0, 0.25, 0],
						"0.25": [0, 0.75, 0],
						"0.5": [0, 0.25, 0]
					}
				},
				"back_left_leg6": {
					"rotation": {
						"0.0": [15, 0, 0],
						"0.125": [11.25, 0, 0],
						"0.25": [-2.5, 0, 0],
						"0.5": [15, 0, 0]
					}
				},
				"front_right_leg4": {
					"rotation": {
						"0.0": [-25, 0, 0],
						"0.25": [35, 0, 0],
						"0.375": [15, 0, 0],
						"0.5": [-25, 0, 0]
					},
					"position": {
						"0.0": [0, 0, 0],
						"0.125": [0, 0, 0],
						"0.25": [0, 0.25, 0],
						"0.375": [0, 0.38, 0],
						"0.5": [0, 0, 0]
					}
				},
				"front_right_leg5": {
					"rotation": {
						"0.0": [-12.5, 0, 0],
						"0.125": [-5, 0, 0],
						"0.25": [-12.5, 0, 0],
						"0.375": [-65, 0, 0],
						"0.5": [-12.5, 0, 0]
					},
					"position": {
						"0.25": [0, 0, 0],
						"0.375": [0, 0.5, 0],
						"0.5": [0, 0, 0]
					}
				},
				"front_right_leg6": {
					"rotation": {
						"0.0": [0, 0, 0],
						"0.125": [0, 0, 0],
						"0.25": [-22.5, 0, 0],
						"0.375": [91.25, 0, 0],
						"0.5": [0, 0, 0]
					}
				},
				"front_left_leg": {
					"rotation": {
						"0.0": [35, 0, 0],
						"0.125": [15, 0, 0],
						"0.25": [-25, 0, 0],
						"0.5": [35, 0, 0]
					},
					"position": {
						"0.0": [0, 0.25, 0],
						"0.125": [0, 0.38, 0],
						"0.25": [0, 0, 0],
						"0.375": [0, 0, 0],
						"0.5": [0, 0.25, 0]
					}
				},
				"front_left_leg3": {
					"rotation": {
						"0.0": [-12.5, 0, 0],
						"0.125": [-65, 0, 0],
						"0.25": [-12.5, 0, 0],
						"0.375": [-5, 0, 0],
						"0.5": [-12.5, 0, 0]
					},
					"position": {
						"0.0": [0, 0, 0],
						"0.125": [0, 0.5, 0],
						"0.25": [0, 0, 0],
						"0.5": [0, 0, 0]
					}
				},
				"front_left_leg7": {
					"rotation": {
						"0.0": [-22.5, 0, 0],
						"0.125": [91.25, 0, 0],
						"0.25": [0, 0, 0],
						"0.375": [0, 0, 0],
						"0.5": [-22.5, 0, 0]
					}
				}
			}
		},
		"animation.wacky_animals.wacky_koala_sit": {
			"loop": "hold_on_last_frame",
			"animation_length": 1.0833,
			"bones": {
				"body1": {
					"rotation": {
						"0.0": [0, 0, 0],
						"0.1667": [5, 0, 0],
						"0.4167": [-25, 0, 0],
						"0.6667": [-20, 0, 0]
					},
					"position": {
						"0.0": [0, 0, 0],
						"0.1667": [0, 0, 0],
						"0.4167": [0, 2, 0],
						"0.6667": [0, 1.5, 0]
					}
				},
				"head": {
					"rotation": {
						"0.0833": [0, 0, 0],
						"0.25": [12.5, 0, 0],
						"0.5": [-12.5, 0, 0],
						"0.75": [7.5, 0, 0],
						"0.9583": [0, 0, 0]
					}
				},
				"claw_down": {
					"rotation": {
						"0.125": [0, 0, 0],
						"0.2917": [12.5, 0, 0],
						"0.5417": [-17.5, 0, 0],
						"0.7917": [7.5, 0, 0],
						"1.0": [0, 0, 0]
					}
				},
				"tong1": {
					"rotation": {
						"0.1667": [0, 0, 0],
						"0.3333": [12.5, 0, 0],
						"0.5833": [-20, 0, 0],
						"0.8333": [7.5, 0, 0],
						"1.0417": [0, 0, 0]
					}
				},
				"tong2": {
					"rotation": {
						"0.2083": [0, 0, 0],
						"0.375": [35, 0, 0],
						"0.625": [-27.5, 0, 0],
						"0.875": [7.5, 0, 0],
						"1.0833": [0, 0, 0]
					}
				},
				"body2": {
					"rotation": {
						"0.1667": [0, 0, 0],
						"0.4167": [-32.5, 0, 0]
					}
				},
				"back_right_leg4": {
					"rotation": {
						"0.0": [0, 0, 0],
						"0.1667": [2.5, 0, 0],
						"0.4167": [3.85707, 12.27659, 12.56853]
					}
				},
				"back_right_leg5": {
					"rotation": {
						"0.0417": [0, 0, 0],
						"0.2083": [-2.5, 0, 0],
						"0.4583": [-27.5, 0, 0],
						"0.7083": [-10, 0, 0]
					}
				},
				"back_right_leg": {
					"rotation": {
						"0.0833": [0, 0, 0],
						"0.25": [-2.5, 0, 0],
						"0.5": [-5, 0, 0],
						"0.75": [30, 0, 0]
					}
				},
				"back_left_leg": {
					"rotation": {
						"0.0": [0, 0, 0],
						"0.1667": [2.5, 0, 0],
						"0.4167": [3.85707, -12.27659, -12.56853]
					}
				},
				"back_left_leg3": {
					"rotation": {
						"0.0417": [0, 0, 0],
						"0.2083": [-2.5, 0, 0],
						"0.4583": [-27.5, 0, 0],
						"0.7083": [-10, 0, 0]
					}
				},
				"back_left_leg6": {
					"rotation": {
						"0.0833": [0, 0, 0],
						"0.25": [-2.5, 0, 0],
						"0.5": [-5, 0, 0],
						"0.75": [30, 0, 0]
					}
				},
				"front_right_leg4": {
					"rotation": {
						"0.0": [0, 0, 0],
						"0.1667": [-7.5, 0, 0],
						"0.4167": [10, 0, 0],
						"0.6667": [0, 0, 0]
					}
				},
				"front_right_leg5": {
					"rotation": {
						"0.2083": [0, 0, 0],
						"0.4583": [12.5, 0, 0],
						"0.7083": [5, 0, 0]
					}
				},
				"front_right_leg6": {
					"rotation": {
						"0.25": [0, 0, 0],
						"0.5": [47.5, 0, 0],
						"0.75": [40, 0, 0]
					}
				},
				"front_left_leg": {
					"rotation": {
						"0.0": [0, 0, 0],
						"0.1667": [-7.5, 0, 0],
						"0.4167": [10, 0, 0],
						"0.6667": [0, 0, 0]
					}
				},
				"front_left_leg3": {
					"rotation": {
						"0.2083": [0, 0, 0],
						"0.4583": [12.5, 0, 0],
						"0.7083": [5, 0, 0]
					}
				},
				"front_left_leg7": {
					"rotation": {
						"0.25": [0, 0, 0],
						"0.5": [47.5, 0, 0],
						"0.75": [40, 0, 0]
					}
				}
			}
		}
	}
}