{
	"format_version": "1.8.0",
	"animations": {
		"animation.wacky_animals.wacky_ferret_idle": {
			"loop": true,
			"animation_length": 0.5,
			"bones": {
				"body1": {
					"position": {
						"0.0": [0, 0, 0],
						"0.25": [0, -0.2, 0],
						"0.5": [0, 0, 0]
					}
				},
				"tail": {
					"rotation": {
						"0.0": [-36.17, 0, 0],
						"0.0833": [-37, 0, 0],
						"0.3333": [-32.5, 0, 0],
						"0.5": [-36.17, 0, 0]
					}
				},
				"tail2": {
					"rotation": {
						"0.0": [30.25, 0, 0],
						"0.125": [31.5, 0, 0],
						"0.375": [29, 0, 0],
						"0.5": [30.25, 0, 0]
					}
				},
				"back_right_leg3": {
					"position": {
						"0.0": [0, 0, 0],
						"0.25": [0, 0.2, 0],
						"0.5": [0, 0, 0]
					}
				},
				"back_left_leg5": {
					"position": {
						"0.0": [0, 0, 0],
						"0.25": [0, 0.2, 0],
						"0.5": [0, 0, 0]
					}
				},
				"front_left_leg1": {
					"position": {
						"0.0": [0, 0, 0],
						"0.25": [0, 0.2, 0],
						"0.5": [0, 0, 0]
					}
				},
				"front_right_leg1": {
					"position": {
						"0.0": [0, 0, 0],
						"0.25": [0, 0.2, 0],
						"0.5": [0, 0, 0]
					}
				},
				"neck": {
					"rotation": {
						"0.0": [-13.33, 0, 0],
						"0.0833": [-15, 0, 0],
						"0.3333": [-10, 0, 0],
						"0.5": [-13.33, 0, 0]
					}
				},
				"head": {
					"rotation": {
						"0.0": [-1.66, 0.15, 1.66],
						"0.0833": [-2.4905, 0.21782, 4.99527],
						"0.3333": [0, 0, -5],
						"0.5": [-1.66, 0.15, 1.66]
					}
				},
				"tong": {
					"rotation": {
						"0.0": [-3.75, 0, 0],
						"0.125": [-7.5, 0, 0],
						"0.375": [0, 0, 0],
						"0.5": [-3.75, 0, 0]
					}
				},
				"tong2": {
					"rotation": {
						"0.0": [9.17, 0, 0],
						"0.1667": [-2.5, 0, 0],
						"0.4167": [15, 0, 0],
						"0.5": [9.17, 0, 0]
					}
				},
				"tong3": {
					"rotation": {
						"0.0": [13.33, 0, 0],
						"0.2083": [-7.5, 0, 0],
						"0.4583": [17.5, 0, 0],
						"0.5": [13.33, 0, 0]
					}
				}
			}
		},
		"animation.wacky_animals.wacky_ferret_walk": {
			"loop": true,
			"animation_length": 0.5,
			"bones": {
				"body1": {
					"rotation": {
						"0.0": [0, 0, -5],
						"0.125": [0, 0, 0],
						"0.25": [0, 0, 5],
						"0.375": [0, 0, 0],
						"0.5": [0, 0, -5]
					},
					"position": {
						"0.0": [0, 0, 0],
						"0.125": [0, -0.2, 0],
						"0.25": [0, 0, 0],
						"0.375": [0, -0.2, 0],
						"0.5": [0, 0, 0]
					}
				},
				"tail": {
					"rotation": {
						"0.0": [20.07031, -4.69776, -1.71394],
						"0.25": [-17.56274, 4.76804, -1.50701],
						"0.5": [20.07031, -4.69776, -1.71394]
					}
				},
				"tail2": {
					"rotation": {
						"0.0": [3.76, 0.09, -1.4],
						"0.125": [20.07031, -4.69776, -1.71394],
						"0.375": [-12.54624, 4.88119, -1.08482],
						"0.5": [3.76, 0.09, -1.4]
					}
				},
				"back_right_leg3": {
					"rotation": {
						"0.0": [50, 0, 5],
						"0.25": [-35, 0, 0],
						"0.5": [50, 0, 5]
					},
					"position": {
						"0.0": [0, 0.1, 0],
						"0.125": [0, 0.55, 0],
						"0.25": [0, 0, 0],
						"0.375": [0, 0.2, 0],
						"0.5": [0, 0.1, 0]
					}
				},
				"back_right_leg4": {
					"rotation": {
						"0.0": [35, 0, 0],
						"0.125": [57.5, 0, 0],
						"0.25": [0, 0, 0],
						"0.375": [-7.5, 0, 0],
						"0.5": [35, 0, 0]
					},
					"position": {
						"0.0": [0, 0, 0],
						"0.125": [0, 0.25, 0],
						"0.25": [0, 0, 0],
						"0.5": [0, 0, 0]
					}
				},
				"back_left_leg5": {
					"rotation": {
						"0.0": [-35, 0, 0],
						"0.25": [50, 0, 5],
						"0.5": [-35, 0, 0]
					},
					"position": {
						"0.0": [0, 0, 0],
						"0.125": [0, 0.2, 0],
						"0.25": [0, 0.1, 0],
						"0.375": [0, 0.55, 0],
						"0.5": [0, 0, 0]
					}
				},
				"back_left_leg6": {
					"rotation": {
						"0.0": [0, 0, 0],
						"0.125": [-7.5, 0, 0],
						"0.25": [35, 0, 0],
						"0.375": [57.5, 0, 0],
						"0.5": [0, 0, 0]
					},
					"position": {
						"0.0": [0, 0, 0],
						"0.25": [0, 0, 0],
						"0.375": [0, 0.25, 0],
						"0.5": [0, 0, 0]
					}
				},
				"front_left_leg1": {
					"rotation": {
						"0.0": [47.5, 0, 5],
						"0.25": [-25, 0, 5],
						"0.5": [47.5, 0, 5]
					},
					"position": {
						"0.0": [0, 0.2, 0],
						"0.125": [0, 0.55, 0],
						"0.25": [0, 0.1, 0],
						"0.5": [0, 0.2, 0]
					}
				},
				"front_left_leg2": {
					"rotation": {
						"0.0": [15, 0, 0],
						"0.125": [35, 0, 0],
						"0.25": [-7.5, 0, 0],
						"0.5": [15, 0, 0]
					},
					"position": {
						"0.0": [0, 0, 0],
						"0.125": [0, 0.2, 0],
						"0.25": [0, 0, 0],
						"0.5": [0, 0, 0]
					}
				},
				"front_right_leg1": {
					"rotation": {
						"0.0": [-25, 0, 5],
						"0.25": [47.5, 0, 5],
						"0.5": [-25, 0, 5]
					},
					"position": {
						"0.0": [0, 0.1, 0],
						"0.25": [0, 0.2, 0],
						"0.375": [0, 0.55, 0],
						"0.5": [0, 0.1, 0]
					}
				},
				"front_right_leg2": {
					"rotation": {
						"0.0": [-7.5, 0, 0],
						"0.25": [15, 0, 0],
						"0.375": [35, 0, 0],
						"0.5": [-7.5, 0, 0]
					},
					"position": {
						"0.0": [0, 0, 0],
						"0.25": [0, 0, 0],
						"0.375": [0, 0.2, 0],
						"0.5": [0, 0, 0]
					}
				},
				"neck": {
					"rotation": {
						"0.0": [0, 0, -1.66],
						"0.0833": [0, 0, -5],
						"0.2083": [0, 0, 0],
						"0.3333": [0, 0, 5],
						"0.4583": [0, 0, 0],
						"0.5": [0, 0, -1.66]
					}
				},
				"head": {
					"rotation": [-10, 0, 0],
					"position": [0, 0.2, 0]
				},
				"tong": {
					"rotation": {
						"0.0": [-3.75, 0, 0],
						"0.125": [-7.5, 0, 0],
						"0.375": [0, 0, 0],
						"0.5": [-3.75, 0, 0]
					}
				},
				"tong2": {
					"rotation": {
						"0.0": [9.17, 0, 0],
						"0.1667": [-2.5, 0, 0],
						"0.4167": [15, 0, 0],
						"0.5": [9.17, 0, 0]
					}
				},
				"tong3": {
					"rotation": {
						"0.0": [13.33, 0, 0],
						"0.2083": [-7.5, 0, 0],
						"0.4583": [17.5, 0, 0],
						"0.5": [13.33, 0, 0]
					}
				}
			}
		},
		"animation.wacky_animals.wacky_ferret_sit": {
			"loop": "hold_on_last_frame",
			"animation_length": 0.9583,
			"bones": {
				"body1": {
					"rotation": {
						"0.2083": [0, 0, 0],
						"0.4167": [-12.5, 0, 0],
						"0.625": [-10, 0, 0]
					},
					"position": [0, 0, 0]
				},
				"tail": {
					"rotation": {
						"0.0": [-36.17, 0, 0],
						"0.2083": [-36.17, 0, 0],
						"0.4167": [-8.67, 0, 0],
						"0.625": [-13.17, 0, 0]
					}
				},
				"tail2": {
					"rotation": {
						"0.0": [32.75, 0, 0],
						"0.2083": [32.75, 0, 0],
						"0.4167": [22.75, 0, 0]
					}
				},
				"back_right_leg3": {
					"rotation": {
						"0.2083": [0, 0, 0],
						"0.4167": [-57.5, 0, 0]
					},
					"position": {
						"0.2083": [0, 0, 0],
						"0.4167": [0, 0, 0],
						"0.625": [0, -0.1, 0]
					}
				},
				"back_right_leg4": {
					"rotation": {
						"0.2083": [0, 0, 0],
						"0.4167": [70, 0, 0],
						"0.625": [67.5, 0, 0]
					},
					"position": {
						"0.2083": [0, 0, 0],
						"0.4167": [0, 0.3, 0]
					}
				},
				"back_left_leg5": {
					"rotation": {
						"0.2083": [0, 0, 0],
						"0.4167": [-57.5, 0, 0]
					},
					"position": {
						"0.2083": [0, 0, 0],
						"0.4167": [0, 0, 0],
						"0.625": [0, -0.1, 0]
					}
				},
				"back_left_leg6": {
					"rotation": {
						"0.2083": [0, 0, 0],
						"0.4167": [70, 0, 0],
						"0.625": [67.5, 0, 0]
					},
					"position": {
						"0.2083": [0, 0, 0],
						"0.4167": [0, 0.3, 0]
					}
				},
				"front_left_leg1": {
					"rotation": {
						"0.2083": [0, 0, 0],
						"0.4167": [12.5, 0, 0],
						"0.625": [10, 0, 0]
					},
					"position": {
						"0.2083": [0, 0, 0],
						"0.4167": [0, -0.6, 0],
						"0.625": [0, -0.5, 0]
					}
				},
				"front_right_leg1": {
					"rotation": {
						"0.2083": [0, 0, 0],
						"0.4167": [12.5, 0, 0],
						"0.625": [10, 0, 0]
					},
					"position": {
						"0.2083": [0, 0, 0],
						"0.4167": [0, -0.6, 0],
						"0.625": [0, -0.5, 0]
					}
				},
				"neck": {
					"rotation": {
						"0.0": [-13.33, 0, 0],
						"0.2083": [0, 0, 0]
					}
				},
				"head": {
					"rotation": {
						"0.0": [0, 0, 0],
						"0.2083": [12.5, 0, 0],
						"0.4167": [-7.5, 0, 0],
						"0.625": [2.5, 0, 0]
					}
				},
				"tong": {
					"rotation": {
						"0.0": [-3.75, 0, 0],
						"0.2083": [-3.75, 0, 0],
						"0.3333": [1.25, 0, 0],
						"0.5": [-31.25, 0, 0],
						"0.7083": [-3.75, 0, 0],
						"0.9167": [-3.75, 0, 0]
					}
				},
				"tong2": {
					"rotation": {
						"0.0": [9.17, 0, 0],
						"0.2083": [-20.83, 0, 0],
						"0.3333": [14.17, 0, 0],
						"0.5": [-38.33, 0, 0],
						"0.7083": [14.17, 0, 0],
						"0.9167": [9.17, 0, 0]
					}
				},
				"tong3": {
					"rotation": {
						"0.0": [13.33, 0, 0],
						"0.2083": [-31.67, 0, 0],
						"0.3333": [38.33, 0, 0],
						"0.5": [-34.17, 0, 0],
						"0.7083": [18.33, 0, 0],
						"0.9167": [13.33, 0, 0]
					}
				}
			}
		}
	}
}