{
	"format_version": "1.8.0",
	"animations": {
		"animation.wacky_animals.wacky_turtle_idle": {
			"loop": true,
			"animation_length": 1,
			"bones": {
				"body": {
					"rotation": {
						"0.0": [0, 0, 0],
						"0.5": [-2.5, 0, 0],
						"1.0": [0, 0, 0]
					},
					"position": {
						"0.0": [0, 0, 0],
						"0.5": [0, 0.5, 0],
						"1.0": [0, 0, 0]
					}
				},
				"head": {
					"rotation": {
						"0.0": [2.92, 0, 0],
						"0.0833": [5, 0, 0],
						"0.5833": [-7.5, 0, 0],
						"1.0": [2.92, 0, 0]
					}
				},
				"claw_down": {
					"rotation": {
						"0.0": [1.88, 0, 0],
						"0.125": [5, 0, 0],
						"0.625": [-17.5, 0, 0],
						"1.0": [1.88, 0, 0]
					}
				},
				"tong2": {
					"rotation": {
						"0.0": [-2.43, 0, 0],
						"0.2083": [5, 0, 0],
						"0.7083": [-17.5, 0, 0],
						"1.0": [-2.43, 0, 0]
					}
				},
				"tong3": {
					"rotation": {
						"0.0": [-4.58, 0, 0],
						"0.25": [5, 0, 0],
						"0.75": [-17.5, 0, 0],
						"1.0": [-4.58, 0, 0]
					}
				},
				"front_right_leg": {
					"rotation": {
						"0.0": [0, 0, 0],
						"0.5": [-0.09891, 2.68407, -4.22005],
						"1.0": [0, 0, 0]
					},
					"position": {
						"0.0": [0, 0, 0],
						"0.5": [0, -0.4, 0],
						"1.0": [0, 0, 0]
					}
				},
				"front_left_leg3": {
					"rotation": {
						"0.0": [0, 0, 0],
						"0.5": [-0.09891, -2.68407, 4.22005],
						"1.0": [0, 0, 0]
					},
					"position": {
						"0.0": [0, 0, 0],
						"0.5": [0, -0.4, 0],
						"1.0": [0, 0, 0]
					}
				}
			}
		},
		"animation.wacky_animals.wacky_turtle_walk": {
			"loop": true,
			"animation_length": 1,
			"bones": {
				"body": {
					"position": {
						"0.0": [0, 2, 0],
						"0.1667": [0, 1.67, 0],
						"0.375": [0, 0.17, 0],
						"0.5": [0, 0, 0],
						"0.625": [0, 0.17, 0],
						"0.8333": [0, 1.67, 0],
						"1.0": [0, 2, 0]
					}
				},
				"head": {
					"rotation": {
						"0.0": {
							"post": [-9.53, 0, 0],
							"lerp_mode": "catmullrom"
						},
						"0.0833": {
							"post": [-12.5, 0, 0],
							"lerp_mode": "catmullrom"
						},
						"0.5833": {
							"post": [10, 0, 0],
							"lerp_mode": "catmullrom"
						},
						"1.0": {
							"post": [-9.53, 0, 0],
							"lerp_mode": "catmullrom"
						}
					}
				},
				"claw_down": {
					"rotation": {
						"0.0": {
							"post": [-11.25, 0, 0],
							"lerp_mode": "catmullrom"
						},
						"0.125": {
							"post": [-15, 0, 0],
							"lerp_mode": "catmullrom"
						},
						"0.625": {
							"post": [0, 0, 0],
							"lerp_mode": "catmullrom"
						},
						"1.0": {
							"post": [-11.25, 0, 0],
							"lerp_mode": "catmullrom"
						}
					}
				},
				"tong2": {
					"rotation": {
						"0.0": {
							"post": [0.83, 0, 0],
							"lerp_mode": "catmullrom"
						},
						"0.1667": {
							"post": [-7.5, 0, 0],
							"lerp_mode": "catmullrom"
						},
						"0.6667": {
							"post": [17.5, 0, 0],
							"lerp_mode": "catmullrom"
						},
						"1.0": {
							"post": [0.83, 0, 0],
							"lerp_mode": "catmullrom"
						}
					}
				},
				"tong3": {
					"rotation": {
						"0.0": {
							"post": [1.88, 0, 0],
							"lerp_mode": "catmullrom"
						},
						"0.2083": {
							"post": [-20, 0, 0],
							"lerp_mode": "catmullrom"
						},
						"0.7083": {
							"post": [32.5, 0, 0],
							"lerp_mode": "catmullrom"
						},
						"1.0": {
							"post": [1.88, 0, 0],
							"lerp_mode": "catmullrom"
						}
					}
				},
				"front_right_leg": {
					"rotation": {
						"0.0": [-12.37083, -42.62432, 9.0763],
						"0.125": [-4.47, -28.8, 5.3],
						"0.2917": [27.12, 26.5, -9.8],
						"0.5": [35.01861, 40.32508, -13.57938],
						"0.6667": [27.12, 26.5, -9.8],
						"0.875": [-4.47, -28.8, 5.3],
						"1.0": [-12.37083, -42.62432, 9.0763]
					}
				},
				"front_right_leg2": {
					"rotation": {
						"0.0": [0, -10, 0],
						"0.125": [-1.15, -10.23, -3.91],
						"0.2917": [-5.73, -11.14, -19.56],
						"0.5": [-6.88003, -11.3701, -23.47603],
						"0.6667": [-5.73, -11.14, -19.56],
						"0.875": [-1.15, -10.23, -3.91],
						"1.0": [0, -10, 0]
					}
				},
				"back_left_leg": {
					"rotation": {
						"0.0": [43.54272, 1.74305, -54.35714],
						"0.1667": [7.54, 9.38, -10.33],
						"0.3333": [-33.85, 0.46, 38.11],
						"0.5": [-44.88337, -1.9144, 51.02652],
						"0.6667": [-33.85, 0.46, 38.11],
						"0.875": [7.54, 9.38, -10.33],
						"1.0": [43.54272, 1.74305, -54.35714]
					}
				},
				"front_left_leg3": {
					"rotation": {
						"0.0": [2.89275, 46.41893, 0.55278],
						"0.125": [7.47, 32.13, 4.58],
						"0.2917": [25.8, -25.02, 20.71],
						"0.5": [30.38169, -39.30652, 24.74435],
						"0.6667": [25.8, -25.02, 20.71],
						"0.875": [7.47, 32.13, 4.58],
						"1.0": [2.89275, 46.41893, 0.55278]
					}
				},
				"front_left_leg4": {
					"rotation": {
						"0.0": [0, 7.5, 0],
						"0.125": [-1.32, 7.76, 3.96],
						"0.2917": [-6.61, 8.82, 19.82],
						"0.5": [-7.92945, 9.07969, 23.78773],
						"0.6667": [-6.61, 8.82, 19.82],
						"0.875": [-1.32, 7.76, 3.96],
						"1.0": [0, 7.5, 0]
					}
				},
				"back_right_leg": {
					"rotation": {
						"0.0": [37.85498, -8.08463, 50.5339],
						"0.1667": [8.53, -12.61, 12.43],
						"0.3333": [-33.01, 0.34, -37.05],
						"0.5": [-44.08896, 3.79811, -50.24045],
						"0.6667": [-33.01, 0.34, -37.05],
						"0.875": [8.53, -12.61, 12.43],
						"1.0": [37.85498, -8.08463, 50.5339]
					}
				}
			}
		}
	}
}