{
	"format_version": "1.8.0",
	"animations": {
		"animation.wacky_animals.wacky_flamingo_idle": {
			"loop": true,
			"animation_length": 1.5,
			"bones": {
				"neck1": {
					"rotation": {
						"0.0": [0, 0, 0],
						"0.75": [10, 0, 0],
						"1.5": [0, 0, 0]
					}
				},
				"neck2": {
					"rotation": {
						"0.0": [1.11, 0, 0],
						"0.0833": [0, 0, 0],
						"0.8333": [10, 0, 0],
						"1.5": [1.11, 0, 0]
					}
				},
				"neck3": {
					"rotation": {
						"0.0": [2.22, 0, 0],
						"0.1667": [0, 0, 0],
						"0.9167": [10, 0, 0],
						"1.5": [2.22, 0, 0]
					}
				},
				"neck4": {
					"rotation": {
						"0.0": [3.33, 0, 0],
						"0.25": [0, 0, 0],
						"1.0": [10, 0, 0],
						"1.5": [3.33, 0, 0]
					}
				},
				"head": {
					"rotation": {
						"0.0": [-14.17, 0, 0],
						"0.3333": [-17.5, 0, 0],
						"1.0833": [-10, 0, 0],
						"1.5": [-14.17, 0, 0]
					}
				},
				"left_leg": {
					"rotation": {
						"0.0": [-0.83, 0, 0],
						"0.125": [0, 0, 0],
						"0.875": [-5, 0, 0],
						"1.5": [-0.83, 0, 0]
					}
				},
				"left_wing": {
					"rotation": {
						"0.375": [0, 0, 0],
						"0.5417": [-7.5, 5, 0],
						"0.7083": [0, 0, 0],
						"0.875": [-7.5, 5, 0],
						"1.0417": [0, 0, 0]
					}
				},
				"right_leg": {
					"position": {
						"0.0": {
							"post": [0, 0, 0],
							"lerp_mode": "catmullrom"
						},
						"0.75": {
							"post": [0, 0.5, 0],
							"lerp_mode": "catmullrom"
						},
						"1.5": {
							"post": [0, 0, 0],
							"lerp_mode": "catmullrom"
						}
					}
				},
				"right_foot": {
					"rotation": {
						"0.0": {
							"post": [0, 0, 0],
							"lerp_mode": "catmullrom"
						},
						"0.75": {
							"post": [-2.5, 0, 0],
							"lerp_mode": "catmullrom"
						},
						"1.5": {
							"post": [0, 0, 0],
							"lerp_mode": "catmullrom"
						}
					}
				},
				"tail": {
					"rotation": {
						"0.6667": [0, 0, 0],
						"0.8333": [2.5, 0, 0],
						"1.0": [0, 0, 0]
					}
				},
				"right_wing": {
					"rotation": {
						"0.4583": [0, 0, 0],
						"0.625": [-7.5, -7.5, 0],
						"0.7917": [0, 0, 0],
						"0.9583": [-7.5, -7.5, 0],
						"1.125": [0, 0, 0]
					}
				},
				"body": {
					"rotation": {
						"0.0": {
							"post": [0, 0, 0],
							"lerp_mode": "catmullrom"
						},
						"0.75": {
							"post": [2.5, 0, 0],
							"lerp_mode": "catmullrom"
						},
						"1.5": {
							"post": [0, 0, 0],
							"lerp_mode": "catmullrom"
						}
					},
					"position": {
						"0.0": {
							"post": [0, 0, 0],
							"lerp_mode": "catmullrom"
						},
						"0.75": {
							"post": [0, -0.5, 0],
							"lerp_mode": "catmullrom"
						},
						"1.5": {
							"post": [0, 0, 0],
							"lerp_mode": "catmullrom"
						}
					}
				}
			}
		},
		"animation.wacky_animals.wacky_flamingo_walk": {
			"loop": true,
			"animation_length": 1,
			"bones": {
				"neck1": {
					"rotation": {
						"0.0": [1.67, 0, 0],
						"0.0417": [2.5, 0, 0],
						"0.2917": [-2.5, 0, 0],
						"0.5417": [2.5, 0, 0],
						"0.7917": [-2.5, 0, 0],
						"1.0": [1.67, 0, 0]
					}
				},
				"neck2": {
					"rotation": {
						"0.0": [0.83, 0, 0],
						"0.0833": [2.5, 0, 0],
						"0.3333": [-2.5, 0, 0],
						"0.5833": [2.5, 0, 0],
						"0.8333": [-2.5, 0, 0],
						"1.0": [0.83, 0, 0]
					}
				},
				"neck3": {
					"rotation": {
						"0.0": [0, 0, 0],
						"0.125": [2.5, 0, 0],
						"0.375": [-2.5, 0, 0],
						"0.625": [2.5, 0, 0],
						"0.875": [-2.5, 0, 0],
						"1.0": [0, 0, 0]
					}
				},
				"neck4": {
					"rotation": {
						"0.0": [-0.83, 0, 0],
						"0.1667": [2.5, 0, 0],
						"0.4167": [-2.5, 0, 0],
						"0.6667": [2.5, 0, 0],
						"0.9167": [-2.5, 0, 0],
						"1.0": [-0.83, 0, 0]
					}
				},
				"head": {
					"rotation": {
						"0.0": [-1.67, 0, 0],
						"0.2083": [2.5, 0, 0],
						"0.4583": [-2.5, 0, 0],
						"0.7083": [2.5, 0, 0],
						"0.9583": [-2.5, 0, 0],
						"1.0": [-1.67, 0, 0]
					}
				},
				"left_leg": {
					"rotation": {
						"0.0": [-40, 0, 0],
						"0.5": [-130, 0, 0],
						"1.0": [-40, 0, 0]
					}
				},
				"left_tibiat": {
					"rotation": {
						"0.0": [90, 0, 0],
						"0.25": [12.61905, 0, 0],
						"0.5": [117.5, 0, 0],
						"0.75": [130, 0, 0],
						"1.0": [90, 0, 0]
					}
				},
				"left_foot": {
					"rotation": {
						"0.0": [-57.5, 0, 0],
						"0.25": [15, 0, 0],
						"0.5": [-72.5, 0, 0],
						"0.75": [-60, 0, 0],
						"1.0": [-57.5, 0, 0]
					}
				},
				"left_wing": {
					"rotation": {
						"0.0": [-4.17, 0, 0],
						"0.0833": [-7.5, 0, 0],
						"0.3333": [2.5, 0, 0],
						"0.5833": [-7.5, 0, 0],
						"0.8333": [2.5, 0, 0],
						"1.0": [-4.17, 0, 0]
					}
				},
				"right_leg": {
					"rotation": {
						"0.0": [-25, 0, 0],
						"0.5": [67.5, 0, 0],
						"0.8333": [-41.66667, 0, 0],
						"1.0": [-25, 0, 0]
					}
				},
				"right_tibiat": {
					"rotation": {
						"0.0": [0, 0, 0],
						"0.25": [10, 0, 0],
						"0.5": [-50, 0, 0],
						"0.75": [-67.5, 0, 0],
						"1.0": [0, 0, 0]
					}
				},
				"right_foot": {
					"rotation": {
						"0.0": [0, 0, 0],
						"0.25": [-5, 0, 0],
						"0.5": [0, 0, 0],
						"0.75": [47.5, 0, 0],
						"1.0": [0, 0, 0]
					}
				},
				"tail": {
					"rotation": {
						"0.0": [2.5, 0, 0],
						"0.0833": [0, 0, 0],
						"0.3333": [7.5, 0, 0],
						"0.5833": [0, 0, 0],
						"0.8333": [7.5, 0, 0],
						"1.0": [2.5, 0, 0]
					}
				},
				"right_wing": {
					"rotation": {
						"0.0": [-2.5, 0, 0],
						"0.125": [-7.5, 0, 0],
						"0.375": [2.5, 0, 0],
						"0.625": [-7.5, 0, 0],
						"0.875": [2.5, 0, 0],
						"1.0": [-2.5, 0, 0]
					}
				},
				"body": {
					"position": {
						"0.0": [0, -1, 0],
						"0.25": [0, 0, 0],
						"0.5": [0, -1, 0],
						"0.75": [0, 0, 0],
						"1.0": [0, -1, 0]
					}
				}
			}
		},
		"animation.wacky_animals.wacky_flamingo_sit": {
			"loop": "hold_on_last_frame",
			"animation_length": 1.2083,
			"bones": {
				"body": {
					"rotation": {
						"0.0": [0, 0, 0],
						"0.25": [-5, 0, 0],
						"0.5": [10, 0, 0],
						"0.75": [-2.5, 0, 0],
						"1.0": [0, 0, 0]
					},
					"position": {
						"0.25": [0, 0, 0],
						"0.2917": [0, -0.21, 0.38],
						"0.3333": [0, -0.92, 0.5],
						"0.375": [0, -2.05, 0.63],
						"0.4583": [0, -5.43, 1.38],
						"0.5": [0, -7.5, 1.75],
						"0.75": [0, -7.4, 0.15],
						"1.0": [0, -7.4, 0.4]
					}
				},
				"neck1": {
					"rotation": {
						"0.0417": [0, 0, 0],
						"0.2917": [-2.5, 0, 0],
						"0.5417": [2.5, 0, 0],
						"0.7917": [-2.5, 0, 0],
						"1.0417": [0, 0, 0]
					}
				},
				"neck2": {
					"rotation": {
						"0.0833": [0, 0, 0],
						"0.3333": [-2.5, 0, 0],
						"0.5833": [2.5, 0, 0],
						"0.8333": [-2.5, 0, 0],
						"1.0833": [0, 0, 0]
					}
				},
				"neck3": {
					"rotation": {
						"0.125": [0, 0, 0],
						"0.375": [-2.5, 0, 0],
						"0.625": [2.5, 0, 0],
						"0.875": [-2.5, 0, 0],
						"1.125": [0, 0, 0]
					}
				},
				"neck4": {
					"rotation": {
						"0.1667": [0, 0, 0],
						"0.4167": [-2.5, 0, 0],
						"0.6667": [2.5, 0, 0],
						"0.9167": [-2.5, 0, 0],
						"1.1667": [0, 0, 0]
					}
				},
				"head": {
					"rotation": {
						"0.2083": [0, 0, 0],
						"0.4583": [-25, 0, 0],
						"0.7083": [5, 0, 0],
						"0.9583": [-2.5, 0, 0],
						"1.2083": [0, 0, 0]
					}
				},
				"left_leg": {
					"rotation": {
						"0.25": [0, 0, 0],
						"0.5": [-35, 0, 0],
						"0.75": [-35, 0, 0]
					}
				},
				"left_tibiat": {
					"rotation": {
						"0.25": [0, 0, 0],
						"0.5": [-30, 0, 0],
						"0.75": [-29, 0, 0]
					}
				},
				"left_foot": {
					"rotation": {
						"0.25": [0, 0, 0],
						"0.5": [14.5, 0, 0],
						"0.75": [29.5, 0, 0],
						"1.0": [27, 0, 0]
					}
				},
				"right_wing": {
					"rotation": {
						"0.1667": [0, 0, 0],
						"0.3333": [-2.5, 0, 0],
						"0.5": [20, 0, 0],
						"0.75": [-7.5, 0, 0],
						"1.0": [0, 0, 0]
					}
				},
				"tail": {
					"rotation": {
						"0.125": [0, 0, 0],
						"0.2917": [-2.5, 0, 0],
						"0.4583": [20, 0, 0],
						"0.7083": [-7.5, 0, 0],
						"0.9583": [0, 0, 0]
					}
				},
				"right_leg": {
					"rotation": {
						"0.25": [2.5, 0, 0],
						"0.5": [65, 0, 0],
						"0.75": [65, 0, 0]
					}
				},
				"right_tibiat": {
					"rotation": {
						"0.25": [0, 0, 0],
						"0.5": [-150, 0, 0],
						"0.75": [-150, 0, 0],
						"1.0": [-148.5, 0, 0]
					}
				},
				"right_foot": {
					"rotation": {
						"0.25": [0, 0, 0],
						"0.5": [72.5, 0, 0],
						"0.75": [90, 0, 0],
						"1.0": [82.5, 0, 0]
					}
				},
				"left_wing": {
					"rotation": {
						"0.0833": [0, 0, 0],
						"0.25": [-2.5, 0, 0],
						"0.4167": [20, 0, 0],
						"0.6667": [-7.5, 0, 0],
						"0.9167": [0, 0, 0]
					}
				}
			}
		}
	}
}