{
	"format_version": "1.8.0",
	"animations": {
		"animation.wacky_animals.wacky_cat_idle": {
			"loop": true,
			"animation_length": 1.5,
			"bones": {
				"body1": {
					"rotation": {
						"0.0": [5, 0, 0],
						"0.75": [-2.5, 0, 0],
						"1.5": [5, 0, 0]
					},
					"position": {
						"0.0": [0, -0.5, 0],
						"0.75": [0, 0, 0],
						"1.5": [0, -0.5, 0]
					}
				},
				"front_right_leg": {
					"rotation": {
						"0.0": [-5, 0, 0],
						"0.75": [2.5, 0, 0],
						"1.5": [-5, 0, 0]
					},
					"position": {
						"0.0": [0, 0.65, 0.25],
						"0.75": [0, -0.15, 0.35],
						"1.5": [0, 0.65, 0.25]
					}
				},
				"front_left_leg": {
					"rotation": {
						"0.0": [-5, 0, 0],
						"0.75": [2.5, 0, 0],
						"1.5": [-5, 0, 0]
					},
					"position": {
						"0.0": [0, 0.65, 0.25],
						"0.75": [0, -0.15, 0.35],
						"1.5": [0, 0.65, 0.25]
					}
				},
				"neck": {
					"rotation": {
						"0.0": [2.5, 0, 0],
						"0.125": [7.5, 0, 0],
						"0.5833": [-9.17, 0, 0],
						"0.875": [-12.5, 0, 0],
						"1.2083": [-9.17, 0, 0],
						"1.5": [2.5, 0, 0]
					}
				},
				"body2": {
					"position": {
						"0.0": [0, -0.5, 0],
						"0.75": [0, 0, 0],
						"1.5": [0, -0.5, 0]
					}
				},
				"tail1": {
					"rotation": {
						"0.0": [-3.5, 2.87, -1.02],
						"0.2083": [-12.54624, 4.88119, -1.08482],
						"0.9583": [20.01754, -2.34914, -0.85553],
						"1.5": [-3.5, 2.87, -1.02]
					}
				},
				"tail2": {
					"rotation": {
						"0.0": [-3.61, 0, 0],
						"0.3333": [-22.5, 0, 0],
						"1.0833": [20, 0, 0],
						"1.5": [-3.61, 0, 0]
					}
				},
				"tail3": {
					"rotation": {
						"0.0": [5.69, 0, 0],
						"0.4583": [-32.5, 0, 0],
						"1.2083": [30, 0, 0],
						"1.5": [5.69, 0, 0]
					}
				},
				"head": {
					"rotation": {
						"0.0": [0, 0, -7.5],
						"0.75": [0, 0, 5],
						"1.5": [0, 0, -7.5]
					}
				},
				"left_back_leg1": {
					"position": {
						"0.0": [0, 0.5, 0],
						"0.75": [0, 0, 0],
						"1.5": [0, 0.5, 0]
					}
				},
				"right_back_leg4": {
					"position": {
						"0.0": [0, 0.5, 0],
						"0.75": [0, 0, 0],
						"1.5": [0, 0.5, 0]
					}
				}
			}
		},
		"animation.wacky_animals.wacky_cat_walk": {
			"loop": true,
			"animation_length": 0.75,
			"bones": {
				"total": {
					"rotation": {
						"0.0": [17.5, 0, 0],
						"0.125": [22.5, 0, 0],
						"0.25": [-20, 0, 0],
						"0.4583": [-2.5, 0, 0],
						"0.625": [32.5, 0, 0],
						"0.75": [17.5, 0, 0]
					},
					"position": {
						"0.0": [0, -0.5, 0],
						"0.125": [0, -0.5, 0],
						"0.25": [0, 2.25, 0],
						"0.4583": [0, 2.5, 0],
						"0.625": [0, 2.5, 0],
						"0.75": [0, -0.5, 0]
					}
				},
				"front_right_leg": {
					"rotation": {
						"0.0": [-73.06, 16.12, 1.66],
						"0.0417": [-69.08363, 16.11987, 1.65534],
						"0.1667": [-79.08363, 16.11987, 1.65534],
						"0.2917": [-52.26991, 5.51227, 5.07249],
						"0.5": [-52.26991, 5.51227, 5.07249],
						"0.6667": [-79.08363, 16.11987, 1.65534],
						"0.75": [-73.06, 16.12, 1.66]
					}
				},
				"front_left_leg": {
					"rotation": {
						"0.0": [-67.16701, -7.6762, -6.08714],
						"0.125": [-77.16701, -7.6762, -6.08714],
						"0.25": [-52.25386, -5.29571, -5.31847],
						"0.4583": [-52.25386, -5.29571, -5.31847],
						"0.625": [-77.16701, -7.6762, -6.08714],
						"0.75": [-67.16701, -7.6762, -6.08714]
					}
				},
				"neck": {
					"rotation": {
						"0.0": [-17.5, 0, 0],
						"0.125": [-17.5, 0, 0],
						"0.25": [20, 0, 0],
						"0.4583": [-30, 0, 0],
						"0.625": [-17.5, 0, 0],
						"0.75": [-17.5, 0, 0]
					}
				},
				"left_back_leg1": {
					"rotation": {
						"0.0": [-5.83, 0, 0],
						"0.0417": [-30, 0, 0],
						"0.1667": [-30, 0, 0],
						"0.2917": [37.5, 0, 0],
						"0.5": [37.5, 0, 0],
						"0.6667": [42.5, 0, 0],
						"0.75": [-5.83, 0, 0]
					},
					"position": {
						"0.0": [0, -0.2, -0.2],
						"0.0417": [0, -0.2, -0.2],
						"0.1667": [0, -0.2, -0.2],
						"0.2917": [0, 0, 0],
						"0.5": [0, 0, 0],
						"0.6667": [0, -0.2, -0.2],
						"0.75": [0, -0.2, -0.2]
					}
				},
				"left_back_leg2": {
					"rotation": [-12.5, 0, 0]
				},
				"left_back_leg3": {
					"rotation": [20, 0, 0]
				},
				"right_back_leg4": {
					"rotation": {
						"0.0": [-30, 0, 0],
						"0.125": [-30, 0, 0],
						"0.25": [37.5, 0, 0],
						"0.4583": [37.5, 0, 0],
						"0.625": [45, 0, 0],
						"0.75": [-30, 0, 0]
					},
					"position": {
						"0.0": [0, -0.2, -0.2],
						"0.125": [0, -0.2, -0.2],
						"0.25": [0, 0, 0],
						"0.4583": [0, 0, 0],
						"0.625": [0, -0.2, -0.2],
						"0.75": [0, -0.2, -0.2]
					}
				},
				"right_back_leg5": {
					"rotation": [-12.5, 0, 0]
				},
				"right_back_leg6": {
					"rotation": [20, 0, 0]
				},
				"body1": {
					"rotation": {
						"0.25": [0, 0, 0],
						"0.4583": [7.5, 0, 0],
						"0.625": [0, 0, 0]
					}
				},
				"right_front_leg4": {
					"rotation": {
						"0.0": [0, 0, 0],
						"0.0417": [0, 0, 0],
						"0.1667": [0, 0, 0],
						"0.2917": [52.5, 0, 0],
						"0.5": [0, 0, 0],
						"0.6667": [0, 0, 0],
						"0.75": [0, 0, 0]
					}
				},
				"right_front_foot3": {
					"rotation": {
						"0.0": [50, 0, 0],
						"0.0417": [50, 0, 0],
						"0.1667": [50, 0, 0],
						"0.2917": [52.5, 0, 0],
						"0.5": [0, 0, 0],
						"0.6667": [50, 0, 0],
						"0.75": [50, 0, 0]
					}
				},
				"left_front_leg": {
					"rotation": {
						"0.0": [0, 0, 0],
						"0.125": [0, 0, 0],
						"0.25": [52.5, 0, 0],
						"0.4583": [0, 0, 0],
						"0.625": [0, 0, 0],
						"0.75": [0, 0, 0]
					}
				},
				"left_front_foot": {
					"rotation": {
						"0.0": [50, 0, 0],
						"0.125": [50, 0, 0],
						"0.25": [52.5, 0, 0],
						"0.4583": [0, 0, 0],
						"0.625": [50, 0, 0],
						"0.75": [50, 0, 0]
					}
				},
				"body2": {
					"rotation": {
						"0.0": [10, 0, 0],
						"0.125": [10, 0, 0],
						"0.25": [0, 0, 0],
						"0.4583": [0, 0, 0],
						"0.625": [10, 0, 0],
						"0.75": [10, 0, 0]
					}
				},
				"tail1": {
					"rotation": {
						"0.0": [-15.36, 0, 0],
						"0.125": [-72.5, 0, 0],
						"0.2917": [-20, 0, 0],
						"0.625": [12.5, 0, 0],
						"0.75": [-15.36, 0, 0]
					}
				},
				"tail2": {
					"rotation": {
						"0.0": [20, 0, 0],
						"0.1667": [20, 0, 0],
						"0.3333": [-20, 0, 0],
						"0.6667": [20, 0, 0],
						"0.75": [20, 0, 0]
					}
				},
				"tail3": {
					"rotation": {
						"0.0": [30, 0, 0],
						"0.2083": [30, 0, 0],
						"0.375": [-17.5, 0, 0],
						"0.7083": [30, 0, 0],
						"0.75": [30, 0, 0]
					}
				}
			}
		},
		"animation.wacky_animals.wacky_cat_sit": {
			"loop": "hold_on_last_frame",
			"animation_length": 1.0417,
			"bones": {
				"total": {
					"position": {
						"0.25": [0, 0, 0],
						"0.5833": [0, -1.75, 0],
						"0.875": [0, -1.65, 0]
					}
				},
				"body1": {
					"rotation": {
						"0.0": [5, 0, 0],
						"0.25": [-10, 0, 0],
						"0.5833": [5, 0, 0],
						"0.875": [2.5, 0, 0]
					},
					"position": [0, -0.5, 0]
				},
				"front_right_leg": {
					"rotation": {
						"0.0": [-5, 0, 0],
						"0.25": [10, 0, 0],
						"0.5833": [-54.06134, 12.2403, 8.73739],
						"0.875": [-51.77918, 10.2804, 8.00016]
					},
					"position": {
						"0.0": [0, 0.65, 0.25],
						"0.25": [0, 0.05, 0.45],
						"0.4167": [0, 0.4, 0.45],
						"0.5833": [0, 0.05, 0.45]
					}
				},
				"right_front_leg4": {
					"rotation": {
						"0.25": [0, 0, 0],
						"0.5833": [-22.5, 0, 0],
						"0.875": [-20, 0, 0]
					}
				},
				"right_front_foot3": {
					"rotation": {
						"0.25": [0, 0, 0],
						"0.5833": [50, 0, 0]
					},
					"position": {
						"0.25": [0, 0, 0],
						"0.5833": [0, 0, 0.25]
					}
				},
				"front_left_leg": {
					"rotation": {
						"0.0": [-5, 0, 0],
						"0.25": [10, 0, 0],
						"0.5833": [-53.71433, -14.26008, -10.25103],
						"0.875": [-51.25688, -13.41214, -10.54309]
					},
					"position": {
						"0.0": [0, 0.65, 0.25],
						"0.25": [0, 0.05, 0.45],
						"0.4167": [0, 0.4, 0.45],
						"0.5833": [0, 0.05, 0.45]
					}
				},
				"left_front_leg": {
					"rotation": {
						"0.25": [0, 0, 0],
						"0.5833": [-22.5, 0, 0],
						"0.875": [-20, 0, 0]
					}
				},
				"left_front_foot": {
					"rotation": {
						"0.25": [0, 0, 0],
						"0.5833": [50, 0, 0]
					},
					"position": {
						"0.25": [0, 0, 0],
						"0.5833": [0, 0, 0.25]
					}
				},
				"neck": {
					"rotation": {
						"0.0417": [2.5, 0, 0],
						"0.2917": [-10, 0, 0],
						"0.4583": [-13.75, 0, 0],
						"0.625": [7.5, 0, 0],
						"0.9167": [0, 0, 0]
					}
				},
				"body2": {
					"position": [0, -0.5, 0]
				},
				"tail1": {
					"rotation": {
						"0.0": [-3.5, 2.87, -1.02],
						"0.2083": [-8.5, 2.87, -1.02],
						"0.4583": [9, 2.87, -1.02],
						"0.6667": [-48.5, 2.87, -1.02]
					}
				},
				"tail2": {
					"rotation": {
						"0.0417": [-3.61, 0, 0],
						"0.25": [-16.11, 0, 0],
						"0.4583": [16.39, 0, 0],
						"0.7083": [23.89, 0, 0],
						"0.875": [26.39, 0, 0],
						"1.0417": [23.89, 0, 0]
					}
				},
				"tail3": {
					"rotation": {
						"0.0833": [5.69, 0, 0],
						"0.25": [-9.31, 0, 0],
						"0.5": [20.69, 0, 0],
						"0.75": [23.19, 0, 0],
						"0.875": [28.19, 0, 0],
						"1.0417": [23.19, 0, 0]
					}
				},
				"left_back_leg1": {
					"rotation": {
						"0.25": [0, 0, 0],
						"0.5833": [-20, 0, 0]
					},
					"position": [0, 0.5, 0]
				},
				"left_back_leg2": {
					"rotation": {
						"0.25": [0, 0, 0],
						"0.5833": [27.5, 0, 0]
					}
				},
				"left_back_leg3": {
					"rotation": {
						"0.25": [0, 0, 0],
						"0.5833": [-45, 0, 0]
					}
				},
				"right_back_leg4": {
					"rotation": {
						"0.25": [0, 0, 0],
						"0.5833": [-20, 0, 0]
					},
					"position": [0, 0.5, 0]
				},
				"right_back_leg5": {
					"rotation": {
						"0.25": [0, 0, 0],
						"0.5833": [27.5, 0, 0]
					}
				},
				"right_back_leg6": {
					"rotation": {
						"0.25": [0, 0, 0],
						"0.5833": [-45, 0, 0]
					}
				}
			}
		}
	}
}