{
	"format_version": "1.8.0",
	"animations": {
		"animation.wacky_animals.wacky_fish_idle": {
			"loop": true,
			"animation_length": 2,
			"bones": {
				"total": {
					"rotation": {
						"0.0": {
							"post": [-2.5, 0, 2.5],
							"lerp_mode": "catmullrom"
						},
						"1.0": {
							"post": [2.49762, 0.10901, -2.49762],
							"lerp_mode": "catmullrom"
						},
						"2.0": {
							"post": [-2.5, 0, 2.5],
							"lerp_mode": "catmullrom"
						}
					},
					"position": {
						"0.0": {
							"post": [0, 0, 0],
							"lerp_mode": "catmullrom"
						},
						"1.0": {
							"post": [0, -0.5, 0],
							"lerp_mode": "catmullrom"
						},
						"2.0": {
							"post": [0, 0, 0],
							"lerp_mode": "catmullrom"
						}
					}
				},
				"claw_lower": {
					"rotation": {
						"0.75": [0, 0, 0],
						"1.0": [7.5, 0, 0],
						"1.25": [0, 0, 0]
					}
				},
				"fin_left": {
					"rotation": {
						"0.0": [0, -0.62, 0],
						"0.125": [0, -5, 0],
						"0.625": [0, 12.5, 0],
						"1.125": [0, -5, 0],
						"1.625": [0, 12.5, 0],
						"2.0": [0, -0.62, 0]
					}
				},
				"fin_left2": {
					"rotation": {
						"0.0": [0, 3.75, 0],
						"0.25": [0, -5, 0],
						"0.75": [0, 12.5, 0],
						"1.25": [0, -5, 0],
						"1.75": [0, 12.5, 0],
						"2.0": [0, 3.75, 0]
					}
				},
				"fin_right3": {
					"rotation": {
						"0.0": [0, 5.83, 0],
						"0.0417": [0, 7.5, 0],
						"0.5417": [0, -12.5, 0],
						"1.0417": [0, 7.5, 0],
						"1.5417": [0, -12.5, 0],
						"2.0": [0, 5.83, 0]
					}
				},
				"fin_right4": {
					"rotation": {
						"0.0": [0, 0.83, 0],
						"0.1667": [0, 7.5, 0],
						"0.6667": [0, -12.5, 0],
						"1.1667": [0, 7.5, 0],
						"1.6667": [0, -12.5, 0],
						"2.0": [0, 0.83, 0]
					}
				},
				"fin_back": {
					"rotation": {
						"0.0": [0, 12.5, 0],
						"0.5": [0, -17.5, 0],
						"1.0": [0, 12.5, 0],
						"1.5": [0, -17.5, 0],
						"2.0": [0, 12.5, 0]
					}
				},
				"fin_back2": {
					"rotation": {
						"0.0": [0, 2.5, 0],
						"0.1667": [0, 12.5, 0],
						"0.6667": [0, -17.5, 0],
						"1.1667": [0, 12.5, 0],
						"1.6667": [0, -17.5, 0],
						"2.0": [0, 2.5, 0]
					}
				},
				"fin_upper": {
					"rotation": {
						"0.0": [0, 0, 5],
						"0.0833": [0, 0, 7.5],
						"0.5833": [0, 0, -7.5],
						"1.0833": [0, 0, 7.5],
						"1.5833": [0, 0, -7.5],
						"2.0": [0, 0, 5]
					}
				},
				"fin_lower": {
					"rotation": {
						"0.0": [0, 0, 2.5],
						"0.1667": [0, 0, 7.5],
						"0.6667": [0, 0, -7.5],
						"1.1667": [0, 0, 7.5],
						"1.6667": [0, 0, -7.5],
						"2.0": [0, 0, 2.5]
					}
				}
			}
		},
		"animation.wacky_animals.wacky_fish_swim": {
			"loop": true,
			"animation_length": 0.75,
			"bones": {
				"total": {
					"rotation": {
						"0.0": [2.5, 0, 0],
						"0.375": [0, 0, 0],
						"0.75": [2.5, 0, 0]
					},
					"position": {
						"0.0": {
							"post": [0, 0, 0],
							"lerp_mode": "catmullrom"
						},
						"0.375": {
							"post": [0, -0.5, 0],
							"lerp_mode": "catmullrom"
						},
						"0.75": {
							"post": [0, 0, 0],
							"lerp_mode": "catmullrom"
						}
					}
				},
				"fin_left": {
					"rotation": {
						"0.0": [0, -0.62, 0],
						"0.0833": [0, -5, 0],
						"0.25": [0, 12.5, 0],
						"0.4583": [0, -5, 0],
						"0.625": [0, 12.5, 0],
						"0.75": [0, -0.62, 0]
					}
				},
				"fin_left2": {
					"rotation": {
						"0.0": [0, 3.75, 0],
						"0.0833": [0, -5, 0],
						"0.2917": [0, 12.5, 0],
						"0.5": [0, -5, 0],
						"0.6667": [0, 12.5, 0],
						"0.75": [0, 3.75, 0]
					}
				},
				"fin_right3": {
					"rotation": {
						"0.0": [0, 5.83, 0],
						"0.0417": [0, 7.5, 0],
						"0.2083": [0, -12.5, 0],
						"0.4167": [0, 7.5, 0],
						"0.625": [0, -12.5, 0],
						"0.75": [0, 5.83, 0]
					}
				},
				"fin_right4": {
					"rotation": {
						"0.0": [0, 0.83, 0],
						"0.0833": [0, 7.5, 0],
						"0.25": [0, -12.5, 0],
						"0.4583": [0, 7.5, 0],
						"0.625": [0, -12.5, 0],
						"0.75": [0, 0.83, 0]
					}
				},
				"fin_back": {
					"rotation": {
						"0.0": [0, 12.5, 0],
						"0.2083": [0, -17.5, 0],
						"0.375": [0, 12.5, 0],
						"0.5833": [0, -17.5, 0],
						"0.75": [0, 12.5, 0]
					}
				},
				"fin_back2": {
					"rotation": {
						"0.0": [0, 2.5, 0],
						"0.0833": [0, 12.5, 0],
						"0.25": [0, -17.5, 0],
						"0.4583": [0, 12.5, 0],
						"0.625": [0, -17.5, 0],
						"0.75": [0, 2.5, 0]
					}
				},
				"fin_upper": {
					"rotation": {
						"0.0": [0, 0, 5],
						"0.0417": [0, 0, 7.5],
						"0.2083": [0, 0, -7.5],
						"0.4167": [0, 0, 7.5],
						"0.625": [0, 0, -7.5],
						"0.75": [0, 0, 5]
					}
				},
				"fin_lower": {
					"rotation": {
						"0.0": [0, 0, 2.5],
						"0.0833": [0, 0, 7.5],
						"0.25": [0, 0, -7.5],
						"0.4583": [0, 0, 7.5],
						"0.625": [0, 0, -7.5],
						"0.75": [0, 0, 2.5]
					}
				}
			}
		},
		"animation.wacky_animals.wacky_fish_flop": {
			"loop": true,
			"animation_length": 0.75,
			"bones": {
				"total": {
					"rotation": {
						"0.0": [2.5, 0, 0],
						"0.375": [0, 0, 0],
						"0.75": [2.5, 0, 0]
					},
					"position": {
						"0.0": {
							"post": [0, 0, 0],
							"lerp_mode": "catmullrom"
						},
						"0.375": {
							"post": [0, -0.5, 0],
							"lerp_mode": "catmullrom"
						},
						"0.75": {
							"post": [0, 0, 0],
							"lerp_mode": "catmullrom"
						}
					}
				},
				"fin_left": {
					"rotation": {
						"0.0": [0, -0.62, 0],
						"0.0833": [0, -5, 0],
						"0.25": [0, 12.5, 0],
						"0.4583": [0, -5, 0],
						"0.625": [0, 12.5, 0],
						"0.75": [0, -0.62, 0]
					}
				},
				"fin_left2": {
					"rotation": {
						"0.0": [0, 3.75, 0],
						"0.0833": [0, -5, 0],
						"0.2917": [0, 12.5, 0],
						"0.5": [0, -5, 0],
						"0.6667": [0, 12.5, 0],
						"0.75": [0, 3.75, 0]
					}
				},
				"fin_right3": {
					"rotation": {
						"0.0": [0, 5.83, 0],
						"0.0417": [0, 7.5, 0],
						"0.2083": [0, -12.5, 0],
						"0.4167": [0, 7.5, 0],
						"0.625": [0, -12.5, 0],
						"0.75": [0, 5.83, 0]
					}
				},
				"fin_right4": {
					"rotation": {
						"0.0": [0, 0.83, 0],
						"0.0833": [0, 7.5, 0],
						"0.25": [0, -12.5, 0],
						"0.4583": [0, 7.5, 0],
						"0.625": [0, -12.5, 0],
						"0.75": [0, 0.83, 0]
					}
				},
				"fin_back": {
					"rotation": {
						"0.0": [0, 12.5, 0],
						"0.2083": [0, -17.5, 0],
						"0.375": [0, 12.5, 0],
						"0.5833": [0, -17.5, 0],
						"0.75": [0, 12.5, 0]
					}
				},
				"fin_back2": {
					"rotation": {
						"0.0": [0, 2.5, 0],
						"0.0833": [0, 12.5, 0],
						"0.25": [0, -17.5, 0],
						"0.4583": [0, 12.5, 0],
						"0.625": [0, -17.5, 0],
						"0.75": [0, 2.5, 0]
					}
				},
				"fin_upper": {
					"rotation": {
						"0.0": [0, 0, 5],
						"0.0417": [0, 0, 7.5],
						"0.2083": [0, 0, -7.5],
						"0.4167": [0, 0, 7.5],
						"0.625": [0, 0, -7.5],
						"0.75": [0, 0, 5]
					}
				},
				"fin_lower": {
					"rotation": {
						"0.0": [0, 0, 2.5],
						"0.0833": [0, 0, 7.5],
						"0.25": [0, 0, -7.5],
						"0.4583": [0, 0, 7.5],
						"0.625": [0, 0, -7.5],
						"0.75": [0, 0, 2.5]
					}
				},
				"body": {
					"rotation": [0, 0, 90]
				}
			}
		}
	}
}