{
	"format_version": "1.8.0",
	"animations": {
		"animation.wacky_animals.wacky_parrot_idle": {
			"loop": true,
			"animation_length": 0.625,
			"bones": {
				"body1": {
					"rotation": {
						"0.0": [1.25, 0, 0],
						"0.0833": [0, 0, 0],
						"0.375": [5, 0, 0],
						"0.625": [1.25, 0, 0]
					},
					"position": {
						"0.0": [0, 0, 0],
						"0.2917": [0, -0.25, 0],
						"0.625": [0, 0, 0]
					}
				},
				"head": {
					"rotation": {
						"0.0": [2.5, 0, 0],
						"0.1667": [-2.5, 0, 0],
						"0.4583": [7.5, 0, 0],
						"0.625": [2.5, 0, 0]
					}
				},
				"left_wing3": {
					"rotation": {
						"0.0833": [0, 0, 0],
						"0.2083": [-2.5, 0, 0],
						"0.3333": [0, 0, 0]
					}
				},
				"right_wing": {
					"rotation": {
						"0.0833": [0, 0, 0],
						"0.2083": [-2.5, 0, 0],
						"0.3333": [0, 0, 0]
					}
				}
			}
		},
		"animation.wacky_animals.wacky_parrot_walk": {
			"loop": true,
			"animation_length": 1.2917,
			"bones": {
				"body1": {
					"rotation": {
						"0.0": [1.25, 0, 0],
						"0.0833": [0, 0, 0],
						"0.375": [5, 0, 0],
						"0.7083": [0, 0, 0],
						"1.0417": [5, 0, 0],
						"1.2917": [1.25, 0, 0]
					},
					"position": {
						"0.0": [0, 0, 0],
						"0.2917": [0, -0.25, 0],
						"0.625": [0, 0, 0],
						"0.9583": [0, -0.25, 0],
						"1.2917": [0, 0, 0]
					}
				},
				"head": {
					"rotation": {
						"0.0": [2.5, 0, 0],
						"0.1667": [-2.5, 0, 0],
						"0.4583": [7.5, 0, 0],
						"0.625": [2.5, 0, 0],
						"0.7917": [-2.5, 0, 0],
						"1.125": [7.5, 0, 0],
						"1.2917": [2.5, 0, 0]
					}
				},
				"left_leg": {
					"rotation": {
						"0.0": [22.81, 0, 0],
						"0.0417": [30, 0, 0],
						"0.1667": [-11.25, 0, 0],
						"0.3333": [-27.5, 0, 0],
						"0.6667": [30, 0, 0],
						"0.8333": [-11.25, 0, 0],
						"1.0": [-27.5, 0, 0],
						"1.2917": [22.81, 0, 0]
					},
					"position": {
						"0.0": [0, 0.09, 0],
						"0.0417": [0, 0, 0],
						"0.1667": [0, 1.38, 0],
						"0.3333": [0, 0.75, 0],
						"0.6667": [0, 0, 0],
						"0.8333": [0, 1.38, 0],
						"1.0": [0, 0.75, 0],
						"1.2917": [0, 0.09, 0]
					}
				},
				"right_leg": {
					"rotation": {
						"0.0": [-23.44, 0, 0],
						"0.0417": [-27.5, 0, 0],
						"0.3333": [30, 0, 0],
						"0.5": [-11.25, 0, 0],
						"0.6667": [-27.5, 0, 0],
						"1.0": [30, 0, 0],
						"1.1667": [-11.25, 0, 0],
						"1.2917": [-23.44, 0, 0]
					},
					"position": {
						"0.0": [0, 0.91, 0],
						"0.0417": [0, 0.75, 0],
						"0.3333": [0, 0, 0],
						"0.5": [0, 1.38, 0],
						"0.6667": [0, 0.75, 0],
						"1.0": [0, 0, 0],
						"1.1667": [0, 1.38, 0],
						"1.2917": [0, 0.91, 0]
					}
				}
			}
		},
		"animation.wacky_animals.wacky_parrot_fly": {
			"loop": true,
			"animation_length": 0.4167,
			"bones": {
				"left_wing3": {
					"rotation": {
						"0.0": {
							"post": [-80.42165, 80.02504, 59.23642],
							"lerp_mode": "catmullrom"
						},
						"0.125": {
							"post": [-80.99, 72.98, 60.83],
							"lerp_mode": "catmullrom"
						},
						"0.2917": {
							"post": [-84.94851, 23.67395, 71.99989],
							"lerp_mode": "catmullrom"
						},
						"0.4167": {
							"post": [-80.99, 72.98, 60.83],
							"lerp_mode": "catmullrom"
						}
					}
				},
				"left_wing4": {
					"rotation": {
						"0.0": {
							"post": [0, 0, 7.5],
							"lerp_mode": "catmullrom"
						},
						"0.125": {
							"post": [0, 0, 4.38],
							"lerp_mode": "catmullrom"
						},
						"0.2917": {
							"post": [0, 0, -17.5],
							"lerp_mode": "catmullrom"
						},
						"0.4167": {
							"post": [0, 0, 4.38],
							"lerp_mode": "catmullrom"
						}
					}
				},
				"right_wing": {
					"rotation": {
						"0.0": {
							"post": [-90.22316, -84.79672, -60.4348],
							"lerp_mode": "catmullrom"
						},
						"0.125": {
							"post": [-90.87, -78.08, -63.18],
							"lerp_mode": "catmullrom"
						},
						"0.2917": {
							"post": [-95.43164, -31.10216, -82.43461],
							"lerp_mode": "catmullrom"
						},
						"0.4167": {
							"post": [-90.87, -78.08, -63.18],
							"lerp_mode": "catmullrom"
						}
					}
				},
				"right_wing5": {
					"rotation": {
						"0.0": {
							"post": [0, 0, -7.5],
							"lerp_mode": "catmullrom"
						},
						"0.125": {
							"post": [0, 0, -4.06],
							"lerp_mode": "catmullrom"
						},
						"0.2917": {
							"post": [0, 0, 20],
							"lerp_mode": "catmullrom"
						},
						"0.4167": {
							"post": [0, 0, -4.06],
							"lerp_mode": "catmullrom"
						}
					}
				},
				"total": {
					"rotation": {
						"0.0": {
							"post": [0, 0, 0],
							"lerp_mode": "catmullrom"
						},
						"0.2083": {
							"post": [5, 0, 0],
							"lerp_mode": "catmullrom"
						},
						"0.4167": {
							"post": [0, 0, 0],
							"lerp_mode": "catmullrom"
						}
					},
					"position": {
						"0.0": {
							"post": [0, 0, 0],
							"lerp_mode": "catmullrom"
						},
						"0.2083": {
							"post": [0, 0.25, 0],
							"lerp_mode": "catmullrom"
						},
						"0.4167": {
							"post": [0, 0, 0],
							"lerp_mode": "catmullrom"
						}
					}
				},
				"head": {
					"rotation": {
						"0.0": [0, 0, 0],
						"0.25": [10, 0, 0],
						"0.4167": [0, 0, 0]
					}
				},
				"left_leg": {
					"position": [0, 0.5, 0]
				},
				"left_feet": {
					"rotation": [15, 0, 0]
				},
				"right_leg": {
					"position": [0, 0.5, 0]
				},
				"right_feet": {
					"rotation": [15, 0, 0]
				}
			}
		},
		"animation.wacky_animals.wacky_parrot_sit": {
			"loop": "hold_on_last_frame",
			"animation_length": 0.625,
			"bones": {
				"body1": {
					"rotation": {
						"0.0": [0, 0, 0],
						"0.2083": [7.5, 0, 0],
						"0.375": [0, 0, 0]
					},
					"position": {
						"0.0": [0, 0, 0],
						"0.2083": [0, -1, 0],
						"0.375": [0, -0.45, 0]
					}
				},
				"head": {
					"rotation": {
						"0.0": [0, 0, 0],
						"0.125": [-7.5, 0, 0],
						"0.2917": [10, 0, 0],
						"0.4583": [-5, 0, 0],
						"0.625": [0, 0, 0]
					}
				},
				"left_wing3": {
					"rotation": {
						"0.0": [0, 0, 0],
						"0.2083": [-5, 0, 0],
						"0.375": [0, 0, 0]
					}
				},
				"right_wing": {
					"rotation": {
						"0.0": [0, 0, 0],
						"0.2083": [-5, 0, 0],
						"0.375": [0, 0, 0]
					}
				}
			}
		}
	}
}