{
	"format_version": "1.8.0",
	"animations": {
		"animation.wacky_animals.wacky_rabbit_idle": {
			"loop": true,
			"animation_length": 0.5,
			"bones": {
				"body1": {
					"position": {
						"0.0": [0, 0.25, 0],
						"0.25": [0, -0.25, 0],
						"0.5": [0, 0.25, 0]
					}
				},
				"head": {
					"rotation": {
						"0.0": [-0.83, 0, 0],
						"0.0833": [-7.5, 0, 0],
						"0.3333": [7.5, 0, 0],
						"0.5": [-0.83, 0, 0]
					}
				},
				"left_hear": {
					"rotation": {
						"0.0": [3.33, 0, 0],
						"0.1667": [0, 0, 0],
						"0.4167": [5, 0, 0],
						"0.5": [3.33, 0, 0]
					}
				},
				"right_hear": {
					"rotation": {
						"0.0": [5, 0, 0],
						"0.1667": [0, 0, 0],
						"0.4167": [7.5, 0, 0],
						"0.5": [5, 0, 0]
					}
				},
				"claw_down": {
					"rotation": {
						"0.0": [-10, 0, 0],
						"0.25": [0, 0, 0],
						"0.5": [-10, 0, 0]
					}
				},
				"tong1": {
					"rotation": {
						"0.0": [-2.5, 0, 0],
						"0.125": [-12.5, 0, 0],
						"0.375": [7.5, 0, 0],
						"0.5": [-2.5, 0, 0]
					}
				},
				"tong2": {
					"rotation": {
						"0.0": [-2.5, 0, 0],
						"0.1667": [-27.5, 0, 0],
						"0.4167": [10, 0, 0],
						"0.5": [-2.5, 0, 0]
					}
				}
			}
		},
		"animation.wacky_animals.wacky_rabbit_walk": {
			"loop": true,
			"animation_length": 0.75,
			"bones": {
				"body1": {
					"rotation": {
						"0.0": [10, 0, 0],
						"0.2083": [-35, 0, 0],
						"0.5417": [37.5, 0, 0],
						"0.75": [10, 0, 0]
					},
					"position": {
						"0.0": [0, 0, 1],
						"0.25": [0, 4, 0],
						"0.5": [0, 4, 2],
						"0.75": [0, 0, 1]
					}
				},
				"head": {
					"rotation": {
						"0.0": [5.83, 0, 0],
						"0.0833": [0, 0, 0],
						"0.2917": [-15, 0, 0],
						"0.5833": [17.5, 0, 0],
						"0.75": [5.83, 0, 0]
					}
				},
				"claw_down": {
					"rotation": {
						"0.0": [-7.5, 0, 0],
						"0.125": [-15, 0, 0],
						"0.3333": [-27.5, 0, 0],
						"0.625": [0, 0, 0],
						"0.75": [-7.5, 0, 0]
					}
				},
				"tong1": {
					"rotation": {
						"0.0": [-7.5, 0, 0],
						"0.125": [-15, 0, 0],
						"0.3333": [0, 0, 0],
						"0.625": [0, 0, 0],
						"0.75": [-7.5, 0, 0]
					}
				},
				"tong2": {
					"rotation": {
						"0.0": [-7.5, 0, 0],
						"0.125": [-15, 0, 0],
						"0.3333": [-17.5, 0, 0],
						"0.625": [0, 0, 0],
						"0.75": [-7.5, 0, 0]
					}
				},
				"back_left_leg": {
					"rotation": {
						"0.0": [0, 0, 0],
						"0.2083": [27.5, 0, 0],
						"0.5": [62.5, 0, 0],
						"0.75": [0, 0, 0]
					}
				},
				"back_left_leg2": {
					"rotation": {
						"0.0": [-17.5, 0, 0],
						"0.2083": [0, 0, 0],
						"0.5": [-17.5, 0, 0],
						"0.75": [-17.5, 0, 0]
					}
				},
				"back_left_leg3": {
					"rotation": {
						"0.0": [27.5, 0, 0],
						"0.2083": [0, 0, 0],
						"0.5": [65, 0, 0],
						"0.75": [27.5, 0, 0]
					}
				},
				"bacl_left_leg4": {
					"rotation": {
						"0.0": [-17.5, 0, 0],
						"0.2083": [0, 0, 0],
						"0.5": [0, 0, 0],
						"0.75": [-17.5, 0, 0]
					}
				},
				"back_right_leg4": {
					"rotation": {
						"0.0": [0, 0, 0],
						"0.2083": [27.5, 0, 0],
						"0.5": [62.5, 0, 0],
						"0.75": [0, 0, 0]
					}
				},
				"back_right_leg5": {
					"rotation": {
						"0.0": [-17.5, 0, 0],
						"0.2083": [0, 0, 0],
						"0.5": [-17.5, 0, 0],
						"0.75": [-17.5, 0, 0]
					}
				},
				"back_right_leg6": {
					"rotation": {
						"0.0": [27.5, 0, 0],
						"0.2083": [0, 0, 0],
						"0.5": [65, 0, 0],
						"0.75": [27.5, 0, 0]
					}
				},
				"bacl_right_leg": {
					"rotation": {
						"0.0": [-17.5, 0, 0],
						"0.2083": [0, 0, 0],
						"0.5": [0, 0, 0],
						"0.75": [-17.5, 0, 0]
					}
				},
				"front_left_leg": {
					"rotation": {
						"0.0": [-30, 0, 0],
						"0.2083": [22.5, 0, 0],
						"0.5": [-45, 0, 0],
						"0.75": [-30, 0, 0]
					},
					"position": {
						"0.0": [0, 0.1, 0],
						"0.2083": [0, 0.1, 0],
						"0.5": [0, -0.9, -1],
						"0.75": [0, 0.1, 0]
					}
				},
				"front_left_leg2": {
					"rotation": {
						"0.0": [0, 0, 0],
						"0.2083": [20, 0, 0],
						"0.5": [0, 0, 0],
						"0.75": [0, 0, 0]
					}
				},
				"front_left_leg3": {
					"rotation": {
						"0.0": [15, 0, 0],
						"0.2083": [50, 0, 0],
						"0.5": [-12.5, 0, 0],
						"0.75": [15, 0, 0]
					}
				},
				"front_right_leg4": {
					"rotation": {
						"0.0": [-30, 0, 0],
						"0.2083": [22.5, 0, 0],
						"0.5": [-45, 0, 0],
						"0.75": [-30, 0, 0]
					},
					"position": {
						"0.0": [0, 0.1, 0],
						"0.2083": [0, 0.1, 0],
						"0.5": [0, -0.9, -1],
						"0.75": [0, 0.1, 0]
					}
				},
				"front_right_leg5": {
					"rotation": {
						"0.0": [0, 0, 0],
						"0.2083": [20, 0, 0],
						"0.5": [0, 0, 0],
						"0.75": [0, 0, 0]
					}
				},
				"front_right_leg6": {
					"rotation": {
						"0.0": [15, 0, 0],
						"0.2083": [50, 0, 0],
						"0.5": [-12.5, 0, 0],
						"0.75": [15, 0, 0]
					}
				}
			}
		},
		"animation.wacky_animals.wacky_rabbit_sit": {
			"loop": "hold_on_last_frame",
			"animation_length": 0.5833,
			"bones": {
				"body1": {
					"position": {
						"0.0": [0, 0, 0],
						"0.2083": [0, -1, 0],
						"0.375": [0, -0.5, 0]
					}
				},
				"head": {
					"rotation": {
						"0.0833": [0, 0, 0],
						"0.2917": [7.5, 0, 0],
						"0.4583": [0, 0, 0]
					}
				},
				"left_hear": {
					"rotation": {
						"0.125": [0, 0, 0],
						"0.3333": [5, 0, 0],
						"0.5": [0, 0, 0]
					}
				},
				"right_hear": {
					"rotation": {
						"0.125": [0, 0, 0],
						"0.3333": [5, 0, 0],
						"0.5": [0, 0, 0]
					}
				},
				"claw_down": {
					"rotation": {
						"0.125": [-10, 0, 0],
						"0.3333": [0, 0, 0],
						"0.5": [-10, 0, 0]
					}
				},
				"tong1": {
					"rotation": {
						"0.1667": [0, 0, 0],
						"0.375": [2.5, 0, 0],
						"0.5417": [0, 0, 0]
					}
				},
				"tong2": {
					"rotation": {
						"0.0417": [20, 0, 0],
						"0.2083": [-10, 0, 0],
						"0.4167": [20, 0, 0],
						"0.5833": [20, 0, 0]
					}
				},
				"back_left_leg": {
					"position": {
						"0.0": [0, 0, 0],
						"0.2083": [0, 0.98163, 0.19081],
						"0.375": [0, 0.48919, 0.0946]
					}
				},
				"back_right_leg4": {
					"position": {
						"0.0": [0, 0, 0],
						"0.2083": [0, 0.98163, 0.19081],
						"0.375": [0, 0.48919, 0.0946]
					}
				},
				"front_left_leg": {
					"position": {
						"0.0": [0, 0, 0],
						"0.2083": [0, 1, 0],
						"0.375": [0, 0.5, 0]
					}
				},
				"front_right_leg4": {
					"position": {
						"0.0": [0, 0, 0],
						"0.2083": [0, 1, 0],
						"0.375": [0, 0.5, 0]
					}
				}
			}
		}
	}
}