{
	"format_version": "1.8.0",
	"animations": {
		"animation.wacky_animals.wacky_hamster_idle": {
			"loop": true,
			"animation_length": 0.5,
			"bones": {
				"body": {
					"rotation": {
						"0.0": [0, 0, 0],
						"0.5": [0, 0, 0]
					},
					"position": {
						"0.0": [0, -0.25, 0],
						"0.25": [0, 0, 0],
						"0.5": [0, -0.25, 0]
					}
				},
				"head": {
					"rotation": {
						"0.0": [4.17, 0, 0],
						"0.0833": [10, 0, 0],
						"0.3333": [-7.5, 0, 0],
						"0.5": [4.17, 0, 0]
					}
				},
				"front_right_leg": {
					"position": {
						"0.0": [0, 0.25, 0],
						"0.25": [0, 0, 0],
						"0.5": [0, 0.25, 0]
					}
				},
				"front_left_leg": {
					"position": {
						"0.0": [0, 0.25, 0],
						"0.25": [0, 0, 0],
						"0.5": [0, 0.25, 0]
					}
				},
				"back_left_leg1": {
					"position": {
						"0.0": [0, 0.25, 0],
						"0.25": [0, 0, 0],
						"0.5": [0, 0.25, 0]
					}
				},
				"back_right_leg": {
					"position": {
						"0.0": [0, 0.25, 0],
						"0.25": [0, 0, 0],
						"0.5": [0, 0.25, 0]
					}
				},
				"tail": {
					"position": {
						"0.0": [0, 0, 0],
						"0.125": [0, -0.1, 0],
						"0.375": [0, 0.1, 0],
						"0.5": [0, 0, 0]
					}
				},
				"back_left_leg": {
					"position": {
						"0.0": [0, 0.25, 0],
						"0.25": [0, 0, 0],
						"0.5": [0, 0.25, 0]
					}
				}
			}
		},
		"animation.wacky_animals.wacky_hamster_walk": {
			"loop": true,
			"animation_length": 0.5,
			"bones": {
				"body": {
					"rotation": {
						"0.0": [0, 0, 2.5],
						"0.125": [0, 0, -2.5],
						"0.25": [0, 0, 2.5],
						"0.375": [0, 0, -2.5],
						"0.5": [0, 0, 2.5]
					},
					"position": [0, 0, 0]
				},
				"head": {
					"rotation": {
						"0.0": [3.33, 0, 0],
						"0.0833": [-5, 0, 0],
						"0.2083": [7.5, 0, 0],
						"0.3333": [-5, 0, 0],
						"0.4583": [7.5, 0, 0],
						"0.5": [3.33, 0, 0]
					}
				},
				"front_right_leg": {
					"rotation": {
						"0.0": [6.25, 0, 0],
						"0.125": [-27.5, 0, 0],
						"0.375": [40, 0, 0],
						"0.5": [6.25, 0, 0]
					},
					"position": {
						"0.0": [0, 0.25, 0],
						"0.125": [0, 0.25, 0],
						"0.375": [0, 0, 0.25],
						"0.5": [0, 0.25, 0]
					}
				},
				"front_left_leg": {
					"rotation": {
						"0.0": [-30, 0, 0],
						"0.25": [42.5, 0, 0],
						"0.5": [-30, 0, 0]
					},
					"position": {
						"0.0": [0, 0, 0],
						"0.25": [0, 0.25, 0],
						"0.375": [0, 0.25, 0],
						"0.5": [0, 0, 0]
					}
				},
				"back_left_leg1": {
					"rotation": {
						"0.0": [6.25, 0, 0],
						"0.125": [42.5, 0, 0],
						"0.375": [-30, 0, 0],
						"0.5": [6.25, 0, 0]
					},
					"position": {
						"0.0": [0, 0.13, 0],
						"0.125": [0, 0.25, 0],
						"0.25": [0, 0.25, 0],
						"0.375": [0, 0, 0],
						"0.5": [0, 0.13, 0]
					}
				},
				"back_right_leg": {
					"rotation": {
						"0.0": [42.5, 0, 0],
						"0.25": [-30, 0, 0],
						"0.5": [42.5, 0, 0]
					},
					"position": {
						"0.0": [0, 0.25, 0],
						"0.125": [0, 0.25, 0],
						"0.25": [0, 0, 0],
						"0.5": [0, 0.25, 0]
					}
				},
				"tail": {
					"position": {
						"0.0": [0, 0.03, 0],
						"0.0417": [0, 0.1, 0],
						"0.1667": [0, -0.1, 0],
						"0.2917": [0, 0.1, 0],
						"0.4167": [0, -0.1, 0],
						"0.5": [0, 0.03, 0]
					}
				},
				"back_left_leg": {
					"rotation": {
						"0.0": [-30, 0, 0],
						"0.25": [42.5, 0, 0],
						"0.5": [-30, 0, 0]
					},
					"position": {
						"0.0": [0, 0, 0],
						"0.25": [0, 0.25, 0],
						"0.375": [0, 0.25, 0],
						"0.5": [0, 0, 0]
					}
				}
			}
		},
		"animation.wacky_animals.wacky_hamster_sit": {
			"loop": "hold_on_last_frame",
			"animation_length": 0.5833,
			"bones": {
				"body": {
					"position": {
						"0.0833": [0, 0, 0],
						"0.2917": [0, -0.7, 0],
						"0.5": [0, -0.5, 0]
					}
				},
				"head": {
					"rotation": {
						"0.0417": [0, 0, 0],
						"0.2083": [-5.71429, 0, 0],
						"0.375": [7.5, 0, 0],
						"0.5833": [0, 0, 0]
					}
				},
				"front_right_leg": {
					"position": {
						"0.0833": [0, 0, 0],
						"0.2917": [0, 0.64, 0],
						"0.5": [0, 0.5, 0]
					}
				},
				"front_left_leg": {
					"position": {
						"0.0833": [0, 0, 0],
						"0.2917": [0, 0.64, 0],
						"0.5": [0, 0.5, 0]
					}
				},
				"back_left_leg1": {
					"position": {
						"0.0833": [0, 0, 0],
						"0.2917": [0, 0.64, 0],
						"0.5": [0, 0.5, 0]
					}
				},
				"back_right_leg": {
					"position": {
						"0.0833": [0, 0, 0],
						"0.2917": [0, 0.64, 0],
						"0.5": [0, 0.5, 0]
					}
				},
				"tail": {
					"position": {
						"0.0417": [0, 0, 0],
						"0.2083": [0, 0.1, 0],
						"0.375": [0, -0.1, 0],
						"0.5833": [0, 0, 0]
					}
				},
				"back_left_leg": {
					"position": {
						"0.0833": [0, 0, 0],
						"0.2917": [0, 0.64, 0],
						"0.5": [0, 0.5, 0]
					}
				}
			}
		}
	}
}