{
	"format_version": "1.8.0",
	"animations": {
		"animation.wacky_animals_zebra_idle": {
			"loop": true,
			"animation_length": 4,
			"bones": {
				"body": {
					"rotation": ["-1 -Math.cos((query.anim_time - 0.5) * 180) * 1", 0, 0],
					"position": [0, "-Math.cos((query.anim_time + 0.1) * 180) * 0.3", 0]
				},
				"Neck": {
					"rotation": [0, "Math.cos((query.anim_time - 0.25) * 90) * 2", "Math.cos((query.anim_time - 0) * 180) * 6"]
				},
				"head": {
					"rotation": [0, 0, "Math.cos((query.anim_time - 0.2) * 180) * 3"]
				},
				"TailA": {
					"rotation": [5, 0, "Math.cos((query.anim_time - 1.35) * 180) * 3"]
				}
			}
		},
		"animation.wacky_animals_zebra_walk": {
			"loop": true,
			"animation_length": 1,
			"bones": {
				"root": {
					"position": {
						"0.0": {
							"post": [0, -1.3, 0],
							"lerp_mode": "catmullrom"
						},
						"0.25": {
							"post": [0, -0.1, 0],
							"lerp_mode": "catmullrom"
						},
						"0.5": {
							"post": [0, -1.3, 0],
							"lerp_mode": "catmullrom"
						},
						"0.75": {
							"post": [0, -0.1, 0],
							"lerp_mode": "catmullrom"
						},
						"1.0": [0, -1.3, 0]
					}
				},
				"leg_left_back": {
					"rotation": {
						"0.0": {
							"post": [-20, 0, 0],
							"lerp_mode": "catmullrom"
						},
						"0.25": {
							"post": [-2.5, 0, 0],
							"lerp_mode": "catmullrom"
						},
						"0.5": {
							"post": [15, 0, 0],
							"lerp_mode": "catmullrom"
						},
						"0.6667": {
							"post": [-10.5, 0, 0],
							"lerp_mode": "catmullrom"
						},
						"0.8333": {
							"post": [-11.5, 0, 0],
							"lerp_mode": "catmullrom"
						},
						"1.0": [-20, 0, 0]
					}
				},
				"leg_left_front": {
					"rotation": {
						"0.0": {
							"post": [15, 0, -3],
							"lerp_mode": "catmullrom"
						},
						"0.25": {
							"post": [-26.5, 0, -3],
							"lerp_mode": "catmullrom"
						},
						"0.375": {
							"post": [-30.59375, 0, -1.5],
							"lerp_mode": "catmullrom"
						},
						"0.5": {
							"post": [-19, 0, 0],
							"lerp_mode": "catmullrom"
						},
						"0.75": {
							"post": [0.5, 0, 0],
							"lerp_mode": "catmullrom"
						},
						"1.0": [15, 0, -3]
					}
				},
				"Neck": {
					"rotation": {
						"0.0": {
							"post": [0, -7.5, 5],
							"lerp_mode": "catmullrom"
						},
						"0.25": {
							"post": [0, 0, -6],
							"lerp_mode": "catmullrom"
						},
						"0.5": {
							"post": [0, 7.5, -5],
							"lerp_mode": "catmullrom"
						},
						"0.75": {
							"post": [0, 0, 6],
							"lerp_mode": "catmullrom"
						},
						"1.0": [0, -7.5, 5]
					}
				},
				"head": {
					"rotation": {
						"0.0": {
							"post": [0, -12.5, 0],
							"lerp_mode": "catmullrom"
						},
						"0.25": {
							"post": [0, -5, 0],
							"lerp_mode": "catmullrom"
						},
						"0.5": {
							"post": [0, 12.5, 0],
							"lerp_mode": "catmullrom"
						},
						"0.75": {
							"post": [0, 5, 0],
							"lerp_mode": "catmullrom"
						},
						"1.0": [0, -12.5, 0]
					}
				},
				"TailA": {
					"rotation": {
						"0.0": {
							"post": [16.95106, 5.68104, -2.32654],
							"lerp_mode": "catmullrom"
						},
						"0.25": {
							"post": [17.13143, 5.09486, -0.40587],
							"lerp_mode": "catmullrom"
						},
						"0.5": {
							"post": [16.95106, -5.68104, 2.32654],
							"lerp_mode": "catmullrom"
						},
						"0.75": {
							"post": [17.13143, -5.09486, 0.40587],
							"lerp_mode": "catmullrom"
						},
						"1.0": [16.95106, 5.68104, -2.32654]
					}
				},
				"legfore_left_back2": {
					"rotation": {
						"0.0": {
							"post": [-20.5, 0, 0],
							"lerp_mode": "catmullrom"
						},
						"0.25": {
							"post": [-19.5, 0, 0],
							"lerp_mode": "catmullrom"
						},
						"0.5": {
							"post": [10, 0, 0],
							"lerp_mode": "catmullrom"
						},
						"0.6667": {
							"post": [-52.5, 0, 0],
							"lerp_mode": "catmullrom"
						},
						"0.8333": {
							"post": [-25.5, 0, 0],
							"lerp_mode": "catmullrom"
						},
						"1.0": [-20.5, 0, 0]
					}
				},
				"sole_left_back": {
					"rotation": {
						"0.0": {
							"post": [33.5, 0, 0],
							"lerp_mode": "catmullrom"
						},
						"0.25": {
							"post": [19.5, 0, 0],
							"lerp_mode": "catmullrom"
						},
						"0.5": {
							"post": [-18, 0, 0],
							"lerp_mode": "catmullrom"
						},
						"0.6667": {
							"post": [37.5, 0, 0],
							"lerp_mode": "catmullrom"
						},
						"0.8333": {
							"post": [19, 0, 0],
							"lerp_mode": "catmullrom"
						},
						"1.0": [33.5, 0, 0]
					}
				},
				"legfore_left_front": {
					"rotation": {
						"0.0": {
							"post": [13, 0, 0],
							"lerp_mode": "catmullrom"
						},
						"0.25": {
							"post": [46.5, 0, 0],
							"lerp_mode": "catmullrom"
						},
						"0.5": {
							"post": [-1, 0, 0],
							"lerp_mode": "catmullrom"
						},
						"0.75": {
							"post": [3.5, 0, 0],
							"lerp_mode": "catmullrom"
						},
						"1.0": [13, 0, 0]
					}
				},
				"legfore_left_front2": {
					"rotation": {
						"0.0": {
							"post": [-11, 0, 0],
							"lerp_mode": "catmullrom"
						},
						"0.25": {
							"post": [-41.5, 0, 0],
							"lerp_mode": "catmullrom"
						},
						"0.5": {
							"post": [-5, 0, 0],
							"lerp_mode": "catmullrom"
						},
						"0.75": {
							"post": [-11.5, 0, 0],
							"lerp_mode": "catmullrom"
						},
						"1.0": [-11, 0, 0]
					}
				},
				"sole_left_front": {
					"rotation": {
						"0.0": {
							"post": [-11, 0, 0],
							"lerp_mode": "catmullrom"
						},
						"0.125": {
							"post": [13.84, 0, 0],
							"lerp_mode": "catmullrom"
						},
						"0.25": {
							"post": [-1.5, 0, 0],
							"lerp_mode": "catmullrom"
						},
						"0.5": {
							"post": [11, 0, 0],
							"lerp_mode": "catmullrom"
						},
						"0.75": {
							"post": [7, 0, 0],
							"lerp_mode": "catmullrom"
						},
						"1.0": [-11, 0, 0]
					}
				},
				"leg_right_front": {
					"rotation": {
						"0.0": {
							"post": [-19, 0, 0],
							"lerp_mode": "catmullrom"
						},
						"0.25": {
							"post": [0.5, 0, 0],
							"lerp_mode": "catmullrom"
						},
						"0.5": {
							"post": [15, 0, 3],
							"lerp_mode": "catmullrom"
						},
						"0.75": {
							"post": [-26.5, 0, 3],
							"lerp_mode": "catmullrom"
						},
						"0.875": {
							"post": [-30.59375, 0, 1.5],
							"lerp_mode": "catmullrom"
						},
						"1.0": [-19, 0, 0]
					}
				},
				"legfore_left_back": {
					"rotation": {
						"0.0": {
							"post": [0, 0, 0],
							"lerp_mode": "catmullrom"
						},
						"0.25": {
							"post": [2, 0, 0],
							"lerp_mode": "catmullrom"
						},
						"0.5": {
							"post": [5, 0, 0],
							"lerp_mode": "catmullrom"
						},
						"0.6667": {
							"post": [37.25, 0, 0],
							"lerp_mode": "catmullrom"
						},
						"0.8333": {
							"post": [-8, 0, 0],
							"lerp_mode": "catmullrom"
						},
						"1.0": [0, 0, 0]
					}
				},
				"leg_right_back": {
					"rotation": {
						"0.0": {
							"post": [15, 0, 0],
							"lerp_mode": "catmullrom"
						},
						"0.1667": {
							"post": [-10.5, 0, 0],
							"lerp_mode": "catmullrom"
						},
						"0.3333": {
							"post": [-11.5, 0, 0],
							"lerp_mode": "catmullrom"
						},
						"0.5": {
							"post": [-20, 0, 0],
							"lerp_mode": "catmullrom"
						},
						"0.75": {
							"post": [-2.5, 0, 0],
							"lerp_mode": "catmullrom"
						},
						"1.0": [15, 0, 0]
					}
				},
				"legfore_right_back": {
					"rotation": {
						"0.0": {
							"post": [5, 0, 0],
							"lerp_mode": "catmullrom"
						},
						"0.1667": {
							"post": [37.25, 0, 0],
							"lerp_mode": "catmullrom"
						},
						"0.3333": {
							"post": [-8, 0, 0],
							"lerp_mode": "catmullrom"
						},
						"0.5": {
							"post": [0, 0, 0],
							"lerp_mode": "catmullrom"
						},
						"0.75": {
							"post": [2, 0, 0],
							"lerp_mode": "catmullrom"
						},
						"1.0": [5, 0, 0]
					}
				},
				"legfore_right_back2": {
					"rotation": {
						"0.0": {
							"post": [10, 0, 0],
							"lerp_mode": "catmullrom"
						},
						"0.1667": {
							"post": [-52.5, 0, 0],
							"lerp_mode": "catmullrom"
						},
						"0.3333": {
							"post": [-25.5, 0, 0],
							"lerp_mode": "catmullrom"
						},
						"0.5": {
							"post": [-20.5, 0, 0],
							"lerp_mode": "catmullrom"
						},
						"0.75": {
							"post": [-19.5, 0, 0],
							"lerp_mode": "catmullrom"
						},
						"1.0": [10, 0, 0]
					}
				},
				"sole_right_back": {
					"rotation": {
						"0.0": {
							"post": [-18, 0, 0],
							"lerp_mode": "catmullrom"
						},
						"0.1667": {
							"post": [37.5, 0, 0],
							"lerp_mode": "catmullrom"
						},
						"0.3333": {
							"post": [19, 0, 0],
							"lerp_mode": "catmullrom"
						},
						"0.5": {
							"post": [33.5, 0, 0],
							"lerp_mode": "catmullrom"
						},
						"0.75": {
							"post": [19.5, 0, 0],
							"lerp_mode": "catmullrom"
						},
						"1.0": [-18, 0, 0]
					}
				},
				"legfore_right_front": {
					"rotation": {
						"0.0": {
							"post": [-1, 0, 0],
							"lerp_mode": "catmullrom"
						},
						"0.25": {
							"post": [3.5, 0, 0],
							"lerp_mode": "catmullrom"
						},
						"0.5": {
							"post": [13, 0, 0],
							"lerp_mode": "catmullrom"
						},
						"0.75": {
							"post": [46.5, 0, 0],
							"lerp_mode": "catmullrom"
						},
						"1.0": [-1, 0, 0]
					}
				},
				"legfore_right_front2": {
					"rotation": {
						"0.0": {
							"post": [-5, 0, 0],
							"lerp_mode": "catmullrom"
						},
						"0.25": {
							"post": [-11.5, 0, 0],
							"lerp_mode": "catmullrom"
						},
						"0.5": {
							"post": [-11, 0, 0],
							"lerp_mode": "catmullrom"
						},
						"0.75": {
							"post": [-41.5, 0, 0],
							"lerp_mode": "catmullrom"
						},
						"1.0": [-5, 0, 0]
					}
				},
				"sole_right_front": {
					"rotation": {
						"0.0": {
							"post": [11, 0, 0],
							"lerp_mode": "catmullrom"
						},
						"0.25": {
							"post": [7, 0, 0],
							"lerp_mode": "catmullrom"
						},
						"0.5": {
							"post": [-11, 0, 0],
							"lerp_mode": "catmullrom"
						},
						"0.625": {
							"post": [13.84, 0, 0],
							"lerp_mode": "catmullrom"
						},
						"0.75": {
							"post": [-1.5, 0, 0],
							"lerp_mode": "catmullrom"
						},
						"1.0": [11, 0, 0]
					}
				}
			}
		}
	}
}