{
	"format_version": "1.10.0",
	"particle_effect": {
		"description": {
			"identifier": "pb_scraft:altar_clear",
			"basic_render_parameters": {
				"material": "particles_add",
				"texture": "textures/pb/scraft/particle/flash_smooth_16"
			}
		},
		"curves": {
			"variable.size_curve": {
				"type": "linear",
				"input": "v.particle_age",
				"horizontal_range": "v.particle_lifetime",
				"nodes": [1, 0.66, 0.6, 0.37, 0.35]
			}
		},
		"components": {
			"minecraft:emitter_initialization": {
				"creation_expression": "variable.lifetime = 1.0;variable.height = 8;variable.spin_speed = 720;"
			},
			"minecraft:emitter_rate_instant": {
				"num_particles": 20
			},
			"minecraft:emitter_lifetime_once": {
				"active_time": 1
			},
			"minecraft:emitter_shape_point": {
				"offset": [0, "math.random(0,2)", 0]
			},
			"minecraft:particle_lifetime_expression": {
				"max_lifetime": "math.random(variable.lifetime, variable.lifetime*1.6)"
			},
			"minecraft:particle_initial_speed": "math.random(1,4)",
			"minecraft:particle_motion_dynamic": {
				"linear_acceleration": ["-math.sin((variable.particle_age+variable.particle_random_1)*variable.spin_speed)*10", 12, "math.cos((variable.particle_age+variable.particle_random_1)*variable.spin_speed)*10"],
				"linear_drag_coefficient": "4+variable.particle_random_4*5"
			},
			"minecraft:particle_motion_parametric": {
				"rotation": 180
			},
			"minecraft:particle_appearance_billboard": {
				"size": ["variable.size_curve*0.5", "variable.size_curve*variable.height"],
				"facing_camera_mode": "rotate_xyz"
			},
			"minecraft:particle_appearance_tinting": {
				"color": {
					"interpolant": "variable.particle_random_3",
					"gradient": {
						"0.0": "#DE431063",
						"0.24": "#C97835BE",
						"0.79": "#1CC65ED8",
						"1.0": "#007239A6"
					}
				}
			}
		}
	}
}