{
	"format_version": "1.8.0",
	"animations": {
		"animation.dss_bbs_gb.idle": {
			"loop": true,
			"animation_length": 4,
			"bones": {
				"root": {
					"position": {
						"0.0": [0, 0, 0],
						"2.0": [0, 0.5, 0],
						"4.0": [0, 0, 0]
					}
				}
			}
		},
		"animation.dss_bbs_gb.open": {
			"animation_length": 0.75,
			"bones": {
				"left_part": {
					"rotation": {
						"0.0": [0, -82, 0],
						"0.75": [0, 0, 0]
					}
				},
				"right_part": {
					"rotation": {
						"0.0": [0, 82.5, 0],
						"0.75": [0, 0, 0]
					}
				},
				"left_page": {
					"rotation": {
						"0.0": [0, -79, 0],
						"0.75": [0, 0, 0]
					},
					"position": [0.6, 0, 0]
				},
				"right_page": {
					"rotation": {
						"0.0": [0, 79.5, 0],
						"0.75": [0, 0, 0]
					},
					"position": [-0.6, 0, 0]
				}
			}
		},
		"animation.dss_bbs_gb.close": {
			"loop": "hold_on_last_frame",
			"animation_length": 0.75,
			"bones": {
				"left_part": {
					"rotation": {
						"0.0": [0, 0, 0],
						"0.75": [0, -82.5, 0]
					},
					"position": [0, 0, 0]
				},
				"right_part": {
					"rotation": {
						"0.0": [0, 0, 0],
						"0.75": [0, 82.5, 0]
					},
					"position": [0, 0, 0]
				},
				"left_page": {
					"rotation": {
						"0.0": [0, 0, 0],
						"0.75": [0, -80, 0]
					},
					"position": {
						"0.0": [0, 0, 0],
						"0.75": [0.5, 0, 0]
					}
				},
				"right_page": {
					"rotation": {
						"0.0": [0, 0, 0],
						"0.75": [0, 80, 0]
					},
					"position": {
						"0.0": [0, 0, 0],
						"0.75": [-0.4, 0, 0]
					}
				},
				"root": {
					"rotation": {
						"0.0": [0, 0, 0],
						"0.75": [15, -90, 0]
					},
					"position": {
						"0.0": [0, 0, 0],
						"0.75": [-8, 0, 0]
					}
				}
			}
		},
		"animation.dss_bbs_gb.nextpage": {
			"animation_length": 0.5,
			"bones": {
				"right_page": {
					"rotation": {
						"0.0": [0, 0, 0],
						"0.5": [0, 160, 0]
					},
					"position": {
						"0.0": [0, 0, 0],
						"0.5": [-0.8, 0, 0]
					}
				}
			}
		},
		"animation.dss_bbs_gb.prevpage": {
			"animation_length": 0.5,
			"bones": {
				"left_page": {
					"rotation": {
						"0.0": [0, 0, 0],
						"0.5": [0, -160, 0]
					},
					"position": {
						"0.0": [0, 0, 0],
						"0.5": [0.9, 0, 0]
					}
				}
			}
		},
		"animation.dss_bbs_gb.init": {
			"animation_length": 0.1,
			"loop": false,
			"timeline": {
				"0.0": [
					"/playsound item.book.put @a ~~~",
					"/ride @s summon_rider dss_bbs:dss_bbs_gb_hitbox",
					"/event entity @e[type=dss_bbs:dss_bbs_gb_hitbox,r=1,c=1] dss_bbs:set_right",
					"/event entity @e[type=dss_bbs:dss_bbs_gb_hitbox,r=1,c=1,tag=!processed] dss_bbs:set_left",
					"/tag @e[type=dss_bbs:dss_bbs_gb_hitbox,r=1] add processed"
				]
			}
		}
	}
}