{
	"format_version": "1.10.0",
	"minecraft:attachable": {
		"description": {
			"identifier": "ljw_ww:werewolf_transformation_head",
			"materials": {
				"default": "ljw_ww_werewolf_transparent",
				"translucent": "ljw_ww_werewolf_translucent",
				"glow": "ljw_ww_entity_emissive_alpha",
				"aura": "ljw_ww_aura",
				"flat": "ljw_ww_thin",
				"trim": "ljw_ww_werewolf_trim"
			},
			"textures": {
				"default": "textures/ljw/ww/entity/wolf/pale",
				"ashen": "textures/ljw/ww/entity/wolf/ashen",
				"black": "textures/ljw/ww/entity/wolf/black",
				"chestnut": "textures/ljw/ww/entity/wolf/chestnut",
				"rusty": "textures/ljw/ww/entity/wolf/rusty",
				"snowy": "textures/ljw/ww/entity/wolf/snowy",
				"spotted": "textures/ljw/ww/entity/wolf/spotted",
				"striped": "textures/ljw/ww/entity/wolf/striped",
				"woods": "textures/ljw/ww/entity/wolf/woods",
				
				"drenched.lv1.default": "textures/ljw/ww/entity/wolf/drenched_lv1_pale",
				"drenched.lv1.ashen": "textures/ljw/ww/entity/wolf/drenched_lv1_ashen",
				"drenched.lv1.black": "textures/ljw/ww/entity/wolf/drenched_lv1_black",
				"drenched.lv1.chestnut": "textures/ljw/ww/entity/wolf/drenched_lv1_chestnut",
				"drenched.lv1.rusty": "textures/ljw/ww/entity/wolf/drenched_lv1_rusty",
				"drenched.lv1.snowy": "textures/ljw/ww/entity/wolf/drenched_lv1_snowy",
				"drenched.lv1.spotted": "textures/ljw/ww/entity/wolf/drenched_lv1_spotted",
				"drenched.lv1.striped": "textures/ljw/ww/entity/wolf/drenched_lv1_striped",
				"drenched.lv1.woods": "textures/ljw/ww/entity/wolf/drenched_lv1_woods",
				"drenched.lv2.default": "textures/ljw/ww/entity/wolf/drenched_lv2_pale",
				"drenched.lv2.ashen": "textures/ljw/ww/entity/wolf/drenched_lv2_ashen",
				"drenched.lv2.black": "textures/ljw/ww/entity/wolf/drenched_lv2_black",
				"drenched.lv2.chestnut": "textures/ljw/ww/entity/wolf/drenched_lv2_chestnut",
				"drenched.lv2.rusty": "textures/ljw/ww/entity/wolf/drenched_lv2_rusty",
				"drenched.lv2.snowy": "textures/ljw/ww/entity/wolf/drenched_lv2_snowy",
				"drenched.lv2.spotted": "textures/ljw/ww/entity/wolf/drenched_lv2_spotted",
				"drenched.lv2.striped": "textures/ljw/ww/entity/wolf/drenched_lv2_striped",
				"drenched.lv2.woods": "textures/ljw/ww/entity/wolf/drenched_lv2_woods",
				"drenched.lv3.default": "textures/ljw/ww/entity/wolf/drenched_lv3_pale",
				"drenched.lv3.ashen": "textures/ljw/ww/entity/wolf/drenched_lv3_ashen",
				"drenched.lv3.black": "textures/ljw/ww/entity/wolf/drenched_lv3_black",
				"drenched.lv3.chestnut": "textures/ljw/ww/entity/wolf/drenched_lv3_chestnut",
				"drenched.lv3.rusty": "textures/ljw/ww/entity/wolf/drenched_lv3_rusty",
				"drenched.lv3.snowy": "textures/ljw/ww/entity/wolf/drenched_lv3_snowy",
				"drenched.lv3.spotted": "textures/ljw/ww/entity/wolf/drenched_lv3_spotted",
				"drenched.lv3.striped": "textures/ljw/ww/entity/wolf/drenched_lv3_striped",
				"drenched.lv3.woods": "textures/ljw/ww/entity/wolf/drenched_lv3_woods",
				
				"aura.red": "textures/ljw/ww/entity/wolf/aura/red",
				"aura.yellow": "textures/ljw/ww/entity/wolf/aura/yellow",
				"aura.green": "textures/ljw/ww/entity/wolf/aura/green",
				"aura.blue": "textures/ljw/ww/entity/wolf/aura/blue",
				"aura.purple": "textures/ljw/ww/entity/wolf/aura/purple",
				
				"armor.iron": "textures/ljw/ww/armor/werewolf_armor/iron_armor",
				"armor.gold": "textures/ljw/ww/armor/werewolf_armor/gold_armor",
				"armor.diamond": "textures/ljw/ww/armor/werewolf_armor/diamond_armor",
				"armor.netherite": "textures/ljw/ww/armor/werewolf_armor/netherite_armor",
				
				"wolfband": "textures/ljw/ww/armor/wolfband/werewolf",
				"wolfband_b": "textures/ljw/ww/armor/wolfband/werewolf_b",
				
				"eyes.black": "textures/ljw/ww/entity/wolf/eyes/black",
				"eyes.blue": "textures/ljw/ww/entity/wolf/eyes/blue",
				"eyes.brown": "textures/ljw/ww/entity/wolf/eyes/brown",
				"eyes.cyan": "textures/ljw/ww/entity/wolf/eyes/cyan",
				"eyes.gray": "textures/ljw/ww/entity/wolf/eyes/gray",
				"eyes.green": "textures/ljw/ww/entity/wolf/eyes/green",
				"eyes.light_blue": "textures/ljw/ww/entity/wolf/eyes/light_blue",
				"eyes.light_gray": "textures/ljw/ww/entity/wolf/eyes/light_gray",
				"eyes.lime": "textures/ljw/ww/entity/wolf/eyes/lime",
				"eyes.magenta": "textures/ljw/ww/entity/wolf/eyes/magenta",
				"eyes.orange": "textures/ljw/ww/entity/wolf/eyes/orange",
				"eyes.pink": "textures/ljw/ww/entity/wolf/eyes/pink",
				"eyes.purple": "textures/ljw/ww/entity/wolf/eyes/purple",
				"eyes.red": "textures/ljw/ww/entity/wolf/eyes/red",
				"eyes.white": "textures/ljw/ww/entity/wolf/eyes/white",
				"eyes.yellow": "textures/ljw/ww/entity/wolf/eyes/yellow",
				
				"trim.bolt.iron": "textures/ljw/ww/entity/wolf/trims/bolt/iron",
				"trim.bolt.copper": "textures/ljw/ww/entity/wolf/trims/bolt/copper",
				"trim.bolt.gold": "textures/ljw/ww/entity/wolf/trims/bolt/gold",
				"trim.bolt.lapis": "textures/ljw/ww/entity/wolf/trims/bolt/lapis",
				"trim.bolt.emerald": "textures/ljw/ww/entity/wolf/trims/bolt/emerald",
				"trim.bolt.diamond": "textures/ljw/ww/entity/wolf/trims/bolt/diamond",
				"trim.bolt.netherite": "textures/ljw/ww/entity/wolf/trims/bolt/netherite",
				"trim.bolt.redstone": "textures/ljw/ww/entity/wolf/trims/bolt/redstone",
				"trim.bolt.amethyst": "textures/ljw/ww/entity/wolf/trims/bolt/amethyst",
				"trim.bolt.quartz": "textures/ljw/ww/entity/wolf/trims/bolt/quartz",
				"trim.bolt.resin": "textures/ljw/ww/entity/wolf/trims/bolt/resin",
				"trim.bolt.moonlit": "textures/ljw/ww/entity/wolf/trims/bolt/moonlit",
				"trim.coast.iron": "textures/ljw/ww/entity/wolf/trims/coast/iron",
				"trim.coast.copper": "textures/ljw/ww/entity/wolf/trims/coast/copper",
				"trim.coast.gold": "textures/ljw/ww/entity/wolf/trims/coast/gold",
				"trim.coast.lapis": "textures/ljw/ww/entity/wolf/trims/coast/lapis",
				"trim.coast.emerald": "textures/ljw/ww/entity/wolf/trims/coast/emerald",
				"trim.coast.diamond": "textures/ljw/ww/entity/wolf/trims/coast/diamond",
				"trim.coast.netherite": "textures/ljw/ww/entity/wolf/trims/coast/netherite",
				"trim.coast.redstone": "textures/ljw/ww/entity/wolf/trims/coast/redstone",
				"trim.coast.amethyst": "textures/ljw/ww/entity/wolf/trims/coast/amethyst",
				"trim.coast.quartz": "textures/ljw/ww/entity/wolf/trims/coast/quartz",
				"trim.coast.resin": "textures/ljw/ww/entity/wolf/trims/coast/resin",
				"trim.coast.moonlit": "textures/ljw/ww/entity/wolf/trims/coast/moonlit",
				"trim.dune.iron": "textures/ljw/ww/entity/wolf/trims/dune/iron",
				"trim.dune.copper": "textures/ljw/ww/entity/wolf/trims/dune/copper",
				"trim.dune.gold": "textures/ljw/ww/entity/wolf/trims/dune/gold",
				"trim.dune.lapis": "textures/ljw/ww/entity/wolf/trims/dune/lapis",
				"trim.dune.emerald": "textures/ljw/ww/entity/wolf/trims/dune/emerald",
				"trim.dune.diamond": "textures/ljw/ww/entity/wolf/trims/dune/diamond",
				"trim.dune.netherite": "textures/ljw/ww/entity/wolf/trims/dune/netherite",
				"trim.dune.redstone": "textures/ljw/ww/entity/wolf/trims/dune/redstone",
				"trim.dune.amethyst": "textures/ljw/ww/entity/wolf/trims/dune/amethyst",
				"trim.dune.quartz": "textures/ljw/ww/entity/wolf/trims/dune/quartz",
				"trim.dune.resin": "textures/ljw/ww/entity/wolf/trims/dune/resin",
				"trim.dune.moonlit": "textures/ljw/ww/entity/wolf/trims/dune/moonlit",
				"trim.eye.iron": "textures/ljw/ww/entity/wolf/trims/eye/iron",
				"trim.eye.copper": "textures/ljw/ww/entity/wolf/trims/eye/copper",
				"trim.eye.gold": "textures/ljw/ww/entity/wolf/trims/eye/gold",
				"trim.eye.lapis": "textures/ljw/ww/entity/wolf/trims/eye/lapis",
				"trim.eye.emerald": "textures/ljw/ww/entity/wolf/trims/eye/emerald",
				"trim.eye.diamond": "textures/ljw/ww/entity/wolf/trims/eye/diamond",
				"trim.eye.netherite": "textures/ljw/ww/entity/wolf/trims/eye/netherite",
				"trim.eye.redstone": "textures/ljw/ww/entity/wolf/trims/eye/redstone",
				"trim.eye.amethyst": "textures/ljw/ww/entity/wolf/trims/eye/amethyst",
				"trim.eye.quartz": "textures/ljw/ww/entity/wolf/trims/eye/quartz",
				"trim.eye.resin": "textures/ljw/ww/entity/wolf/trims/eye/resin",
				"trim.eye.moonlit": "textures/ljw/ww/entity/wolf/trims/eye/moonlit",
				"trim.flow.iron": "textures/ljw/ww/entity/wolf/trims/flow/iron",
				"trim.flow.copper": "textures/ljw/ww/entity/wolf/trims/flow/copper",
				"trim.flow.gold": "textures/ljw/ww/entity/wolf/trims/flow/gold",
				"trim.flow.lapis": "textures/ljw/ww/entity/wolf/trims/flow/lapis",
				"trim.flow.emerald": "textures/ljw/ww/entity/wolf/trims/flow/emerald",
				"trim.flow.diamond": "textures/ljw/ww/entity/wolf/trims/flow/diamond",
				"trim.flow.netherite": "textures/ljw/ww/entity/wolf/trims/flow/netherite",
				"trim.flow.redstone": "textures/ljw/ww/entity/wolf/trims/flow/redstone",
				"trim.flow.amethyst": "textures/ljw/ww/entity/wolf/trims/flow/amethyst",
				"trim.flow.quartz": "textures/ljw/ww/entity/wolf/trims/flow/quartz",
				"trim.flow.resin": "textures/ljw/ww/entity/wolf/trims/flow/resin",
				"trim.flow.moonlit": "textures/ljw/ww/entity/wolf/trims/flow/moonlit",
				"trim.host.iron": "textures/ljw/ww/entity/wolf/trims/host/iron",
				"trim.host.copper": "textures/ljw/ww/entity/wolf/trims/host/copper",
				"trim.host.gold": "textures/ljw/ww/entity/wolf/trims/host/gold",
				"trim.host.lapis": "textures/ljw/ww/entity/wolf/trims/host/lapis",
				"trim.host.emerald": "textures/ljw/ww/entity/wolf/trims/host/emerald",
				"trim.host.diamond": "textures/ljw/ww/entity/wolf/trims/host/diamond",
				"trim.host.netherite": "textures/ljw/ww/entity/wolf/trims/host/netherite",
				"trim.host.redstone": "textures/ljw/ww/entity/wolf/trims/host/redstone",
				"trim.host.amethyst": "textures/ljw/ww/entity/wolf/trims/host/amethyst",
				"trim.host.quartz": "textures/ljw/ww/entity/wolf/trims/host/quartz",
				"trim.host.resin": "textures/ljw/ww/entity/wolf/trims/host/resin",
				"trim.host.moonlit": "textures/ljw/ww/entity/wolf/trims/host/moonlit",
				"trim.raiser.iron": "textures/ljw/ww/entity/wolf/trims/raiser/iron",
				"trim.raiser.copper": "textures/ljw/ww/entity/wolf/trims/raiser/copper",
				"trim.raiser.gold": "textures/ljw/ww/entity/wolf/trims/raiser/gold",
				"trim.raiser.lapis": "textures/ljw/ww/entity/wolf/trims/raiser/lapis",
				"trim.raiser.emerald": "textures/ljw/ww/entity/wolf/trims/raiser/emerald",
				"trim.raiser.diamond": "textures/ljw/ww/entity/wolf/trims/raiser/diamond",
				"trim.raiser.netherite": "textures/ljw/ww/entity/wolf/trims/raiser/netherite",
				"trim.raiser.redstone": "textures/ljw/ww/entity/wolf/trims/raiser/redstone",
				"trim.raiser.amethyst": "textures/ljw/ww/entity/wolf/trims/raiser/amethyst",
				"trim.raiser.quartz": "textures/ljw/ww/entity/wolf/trims/raiser/quartz",
				"trim.raiser.resin": "textures/ljw/ww/entity/wolf/trims/raiser/resin",
				"trim.raiser.moonlit": "textures/ljw/ww/entity/wolf/trims/raiser/moonlit",
				"trim.rib.iron": "textures/ljw/ww/entity/wolf/trims/rib/iron",
				"trim.rib.copper": "textures/ljw/ww/entity/wolf/trims/rib/copper",
				"trim.rib.gold": "textures/ljw/ww/entity/wolf/trims/rib/gold",
				"trim.rib.lapis": "textures/ljw/ww/entity/wolf/trims/rib/lapis",
				"trim.rib.emerald": "textures/ljw/ww/entity/wolf/trims/rib/emerald",
				"trim.rib.diamond": "textures/ljw/ww/entity/wolf/trims/rib/diamond",
				"trim.rib.netherite": "textures/ljw/ww/entity/wolf/trims/rib/netherite",
				"trim.rib.redstone": "textures/ljw/ww/entity/wolf/trims/rib/redstone",
				"trim.rib.amethyst": "textures/ljw/ww/entity/wolf/trims/rib/amethyst",
				"trim.rib.quartz": "textures/ljw/ww/entity/wolf/trims/rib/quartz",
				"trim.rib.resin": "textures/ljw/ww/entity/wolf/trims/rib/resin",
				"trim.rib.moonlit": "textures/ljw/ww/entity/wolf/trims/rib/moonlit",
				"trim.sentry.iron": "textures/ljw/ww/entity/wolf/trims/sentry/iron",
				"trim.sentry.copper": "textures/ljw/ww/entity/wolf/trims/sentry/copper",
				"trim.sentry.gold": "textures/ljw/ww/entity/wolf/trims/sentry/gold",
				"trim.sentry.lapis": "textures/ljw/ww/entity/wolf/trims/sentry/lapis",
				"trim.sentry.emerald": "textures/ljw/ww/entity/wolf/trims/sentry/emerald",
				"trim.sentry.diamond": "textures/ljw/ww/entity/wolf/trims/sentry/diamond",
				"trim.sentry.netherite": "textures/ljw/ww/entity/wolf/trims/sentry/netherite",
				"trim.sentry.redstone": "textures/ljw/ww/entity/wolf/trims/sentry/redstone",
				"trim.sentry.amethyst": "textures/ljw/ww/entity/wolf/trims/sentry/amethyst",
				"trim.sentry.quartz": "textures/ljw/ww/entity/wolf/trims/sentry/quartz",
				"trim.sentry.resin": "textures/ljw/ww/entity/wolf/trims/sentry/resin",
				"trim.sentry.moonlit": "textures/ljw/ww/entity/wolf/trims/sentry/moonlit",
				"trim.shaper.iron": "textures/ljw/ww/entity/wolf/trims/shaper/iron",
				"trim.shaper.copper": "textures/ljw/ww/entity/wolf/trims/shaper/copper",
				"trim.shaper.gold": "textures/ljw/ww/entity/wolf/trims/shaper/gold",
				"trim.shaper.lapis": "textures/ljw/ww/entity/wolf/trims/shaper/lapis",
				"trim.shaper.emerald": "textures/ljw/ww/entity/wolf/trims/shaper/emerald",
				"trim.shaper.diamond": "textures/ljw/ww/entity/wolf/trims/shaper/diamond",
				"trim.shaper.netherite": "textures/ljw/ww/entity/wolf/trims/shaper/netherite",
				"trim.shaper.redstone": "textures/ljw/ww/entity/wolf/trims/shaper/redstone",
				"trim.shaper.amethyst": "textures/ljw/ww/entity/wolf/trims/shaper/amethyst",
				"trim.shaper.quartz": "textures/ljw/ww/entity/wolf/trims/shaper/quartz",
				"trim.shaper.resin": "textures/ljw/ww/entity/wolf/trims/shaper/resin",
				"trim.shaper.moonlit": "textures/ljw/ww/entity/wolf/trims/shaper/moonlit",
				"trim.silence.iron": "textures/ljw/ww/entity/wolf/trims/silence/iron",
				"trim.silence.copper": "textures/ljw/ww/entity/wolf/trims/silence/copper",
				"trim.silence.gold": "textures/ljw/ww/entity/wolf/trims/silence/gold",
				"trim.silence.lapis": "textures/ljw/ww/entity/wolf/trims/silence/lapis",
				"trim.silence.emerald": "textures/ljw/ww/entity/wolf/trims/silence/emerald",
				"trim.silence.diamond": "textures/ljw/ww/entity/wolf/trims/silence/diamond",
				"trim.silence.netherite": "textures/ljw/ww/entity/wolf/trims/silence/netherite",
				"trim.silence.redstone": "textures/ljw/ww/entity/wolf/trims/silence/redstone",
				"trim.silence.amethyst": "textures/ljw/ww/entity/wolf/trims/silence/amethyst",
				"trim.silence.quartz": "textures/ljw/ww/entity/wolf/trims/silence/quartz",
				"trim.silence.resin": "textures/ljw/ww/entity/wolf/trims/silence/resin",
				"trim.silence.moonlit": "textures/ljw/ww/entity/wolf/trims/silence/moonlit",
				"trim.snout.iron": "textures/ljw/ww/entity/wolf/trims/snout/iron",
				"trim.snout.copper": "textures/ljw/ww/entity/wolf/trims/snout/copper",
				"trim.snout.gold": "textures/ljw/ww/entity/wolf/trims/snout/gold",
				"trim.snout.lapis": "textures/ljw/ww/entity/wolf/trims/snout/lapis",
				"trim.snout.emerald": "textures/ljw/ww/entity/wolf/trims/snout/emerald",
				"trim.snout.diamond": "textures/ljw/ww/entity/wolf/trims/snout/diamond",
				"trim.snout.netherite": "textures/ljw/ww/entity/wolf/trims/snout/netherite",
				"trim.snout.redstone": "textures/ljw/ww/entity/wolf/trims/snout/redstone",
				"trim.snout.amethyst": "textures/ljw/ww/entity/wolf/trims/snout/amethyst",
				"trim.snout.quartz": "textures/ljw/ww/entity/wolf/trims/snout/quartz",
				"trim.snout.resin": "textures/ljw/ww/entity/wolf/trims/snout/resin",
				"trim.snout.moonlit": "textures/ljw/ww/entity/wolf/trims/snout/moonlit",
				"trim.spire.iron": "textures/ljw/ww/entity/wolf/trims/spire/iron",
				"trim.spire.copper": "textures/ljw/ww/entity/wolf/trims/spire/copper",
				"trim.spire.gold": "textures/ljw/ww/entity/wolf/trims/spire/gold",
				"trim.spire.lapis": "textures/ljw/ww/entity/wolf/trims/spire/lapis",
				"trim.spire.emerald": "textures/ljw/ww/entity/wolf/trims/spire/emerald",
				"trim.spire.diamond": "textures/ljw/ww/entity/wolf/trims/spire/diamond",
				"trim.spire.netherite": "textures/ljw/ww/entity/wolf/trims/spire/netherite",
				"trim.spire.redstone": "textures/ljw/ww/entity/wolf/trims/spire/redstone",
				"trim.spire.amethyst": "textures/ljw/ww/entity/wolf/trims/spire/amethyst",
				"trim.spire.quartz": "textures/ljw/ww/entity/wolf/trims/spire/quartz",
				"trim.spire.resin": "textures/ljw/ww/entity/wolf/trims/spire/resin",
				"trim.spire.moonlit": "textures/ljw/ww/entity/wolf/trims/spire/moonlit",
				"trim.tide.iron": "textures/ljw/ww/entity/wolf/trims/tide/iron",
				"trim.tide.copper": "textures/ljw/ww/entity/wolf/trims/tide/copper",
				"trim.tide.gold": "textures/ljw/ww/entity/wolf/trims/tide/gold",
				"trim.tide.lapis": "textures/ljw/ww/entity/wolf/trims/tide/lapis",
				"trim.tide.emerald": "textures/ljw/ww/entity/wolf/trims/tide/emerald",
				"trim.tide.diamond": "textures/ljw/ww/entity/wolf/trims/tide/diamond",
				"trim.tide.netherite": "textures/ljw/ww/entity/wolf/trims/tide/netherite",
				"trim.tide.redstone": "textures/ljw/ww/entity/wolf/trims/tide/redstone",
				"trim.tide.amethyst": "textures/ljw/ww/entity/wolf/trims/tide/amethyst",
				"trim.tide.quartz": "textures/ljw/ww/entity/wolf/trims/tide/quartz",
				"trim.tide.resin": "textures/ljw/ww/entity/wolf/trims/tide/resin",
				"trim.tide.moonlit": "textures/ljw/ww/entity/wolf/trims/tide/moonlit",
				"trim.vex.iron": "textures/ljw/ww/entity/wolf/trims/vex/iron",
				"trim.vex.copper": "textures/ljw/ww/entity/wolf/trims/vex/copper",
				"trim.vex.gold": "textures/ljw/ww/entity/wolf/trims/vex/gold",
				"trim.vex.lapis": "textures/ljw/ww/entity/wolf/trims/vex/lapis",
				"trim.vex.emerald": "textures/ljw/ww/entity/wolf/trims/vex/emerald",
				"trim.vex.diamond": "textures/ljw/ww/entity/wolf/trims/vex/diamond",
				"trim.vex.netherite": "textures/ljw/ww/entity/wolf/trims/vex/netherite",
				"trim.vex.redstone": "textures/ljw/ww/entity/wolf/trims/vex/redstone",
				"trim.vex.amethyst": "textures/ljw/ww/entity/wolf/trims/vex/amethyst",
				"trim.vex.quartz": "textures/ljw/ww/entity/wolf/trims/vex/quartz",
				"trim.vex.resin": "textures/ljw/ww/entity/wolf/trims/vex/resin",
				"trim.vex.moonlit": "textures/ljw/ww/entity/wolf/trims/vex/moonlit",
				"trim.ward.iron": "textures/ljw/ww/entity/wolf/trims/ward/iron",
				"trim.ward.copper": "textures/ljw/ww/entity/wolf/trims/ward/copper",
				"trim.ward.gold": "textures/ljw/ww/entity/wolf/trims/ward/gold",
				"trim.ward.lapis": "textures/ljw/ww/entity/wolf/trims/ward/lapis",
				"trim.ward.emerald": "textures/ljw/ww/entity/wolf/trims/ward/emerald",
				"trim.ward.diamond": "textures/ljw/ww/entity/wolf/trims/ward/diamond",
				"trim.ward.netherite": "textures/ljw/ww/entity/wolf/trims/ward/netherite",
				"trim.ward.redstone": "textures/ljw/ww/entity/wolf/trims/ward/redstone",
				"trim.ward.amethyst": "textures/ljw/ww/entity/wolf/trims/ward/amethyst",
				"trim.ward.quartz": "textures/ljw/ww/entity/wolf/trims/ward/quartz",
				"trim.ward.resin": "textures/ljw/ww/entity/wolf/trims/ward/resin",
				"trim.ward.moonlit": "textures/ljw/ww/entity/wolf/trims/ward/moonlit",
				"trim.wayfinder.iron": "textures/ljw/ww/entity/wolf/trims/wayfinder/iron",
				"trim.wayfinder.copper": "textures/ljw/ww/entity/wolf/trims/wayfinder/copper",
				"trim.wayfinder.gold": "textures/ljw/ww/entity/wolf/trims/wayfinder/gold",
				"trim.wayfinder.lapis": "textures/ljw/ww/entity/wolf/trims/wayfinder/lapis",
				"trim.wayfinder.emerald": "textures/ljw/ww/entity/wolf/trims/wayfinder/emerald",
				"trim.wayfinder.diamond": "textures/ljw/ww/entity/wolf/trims/wayfinder/diamond",
				"trim.wayfinder.netherite": "textures/ljw/ww/entity/wolf/trims/wayfinder/netherite",
				"trim.wayfinder.redstone": "textures/ljw/ww/entity/wolf/trims/wayfinder/redstone",
				"trim.wayfinder.amethyst": "textures/ljw/ww/entity/wolf/trims/wayfinder/amethyst",
				"trim.wayfinder.quartz": "textures/ljw/ww/entity/wolf/trims/wayfinder/quartz",
				"trim.wayfinder.resin": "textures/ljw/ww/entity/wolf/trims/wayfinder/resin",
				"trim.wayfinder.moonlit": "textures/ljw/ww/entity/wolf/trims/wayfinder/moonlit",
				"trim.wild.iron": "textures/ljw/ww/entity/wolf/trims/wild/iron",
				"trim.wild.copper": "textures/ljw/ww/entity/wolf/trims/wild/copper",
				"trim.wild.gold": "textures/ljw/ww/entity/wolf/trims/wild/gold",
				"trim.wild.lapis": "textures/ljw/ww/entity/wolf/trims/wild/lapis",
				"trim.wild.emerald": "textures/ljw/ww/entity/wolf/trims/wild/emerald",
				"trim.wild.diamond": "textures/ljw/ww/entity/wolf/trims/wild/diamond",
				"trim.wild.netherite": "textures/ljw/ww/entity/wolf/trims/wild/netherite",
				"trim.wild.redstone": "textures/ljw/ww/entity/wolf/trims/wild/redstone",
				"trim.wild.amethyst": "textures/ljw/ww/entity/wolf/trims/wild/amethyst",
				"trim.wild.quartz": "textures/ljw/ww/entity/wolf/trims/wild/quartz",
				"trim.wild.resin": "textures/ljw/ww/entity/wolf/trims/wild/resin",
				"trim.wild.moonlit": "textures/ljw/ww/entity/wolf/trims/wild/moonlit",
				
				"layer_berserk": "textures/ljw/ww/entity/wolf/layer/berserk",
				"layer_damage_overlay": "textures/ljw/ww/entity/wolf/layer/damage_overlay",
				"blank": "textures/ljw/ww/misc/blank"
			},
			"geometry": {
				"default": "geometry.ljw_ww.werewolf_form",
				"aura": "geometry.ljw_ww.werewolf_form_aura"
			},
			"animations": {
				"controller.actions": "controller.animation.ljw_ww.werewolf_form.actions",
				"corrections": "animation.ljw_ww.werewolf_form.attachable_corrections_b",
				"idle": "animation.ljw_ww.werewolf_form.idle",
				"sprint": "animation.ljw_ww.werewolf_form.action.sprint",
				"sprint_ui": "animation.ljw_ww.werewolf_form.action.sprint_ui",
				"howl": "animation.ljw_ww.werewolf_form.action.howl",
				"sleep": "animation.ljw_ww.werewolf_form.action.sleep",
				"climb": "animation.ljw_ww.werewolf_form.climb",
				"glide": "animation.ljw_ww.werewolf_form.glide",
				"swim": "animation.ljw_ww.werewolf_form.swim",
				"swipe": "animation.ljw_ww.werewolf_form.attack.2",
				
				"controller.look_at_target": "controller.animation.ljw_ww.humanoid_compatibility.look_at_target",
				"look_at_target_ui": "animation.ljw_ww.humanoid_compatibility.look_at_target.ui",
				"look_at_target_default": "animation.ljw_ww.humanoid_compatibility.look_at_target.default",
				"look_at_target_gliding": "animation.ljw_ww.humanoid_compatibility.look_at_target.gliding",
				"look_at_target_swimming": "animation.ljw_ww.humanoid_compatibility.look_at_target.swimming",
				"look_at_target_inverted": "animation.ljw_ww.humanoid_compatibility.look_at_target.inverted"
			},
			"scripts": {
				"initialize": [
					"variable.variant_data = q.armor_damage_slot(0);",
					"variable.wolf_form = Math.floor(Math.mod((v.variant_data ?? 0), 100) / 2);",
					"variable.wolf_variant = Math.floor(Math.mod((v.variant_data ?? 0), 1000) / 100);",
					"variable.wolf_mark_variant = Math.floor(Math.mod((v.variant_data ?? 0), 10000) / 1000);",
					"variable.armor_data = q.armor_damage_slot(3);",
					"variable.armor_material_setting = Math.floor(Math.mod((v.armor_data ?? 0), 1000) / 10);",
					"variable.armor_setting = Math.floor(Math.mod((v.armor_data ?? 0), 10) / 2);",
					"variable.eye_color_setting = Math.floor((v.armor_data ?? 0) / 1000);",
					"variable.trim_data = q.armor_damage_slot(2);",
					"variable.trim_setting = Math.floor(Math.mod((v.armor_data ?? 0), 100) / 2);",
					"variable.trim_material_setting = Math.floor((v.armor_data ?? 0) / 1000);",
					"variable.should_aura = 0;",
					"variable.aura_intensity = 0;",
					"variable.taking_damage = 0;",
					"variable.drenched_amount = 0;",
					"variable.drenched_quarter = 70;"
				],
				"pre_animation": [
					"variable.variant_data = q.armor_damage_slot(0);",
					"variable.wolf_form = Math.floor(Math.mod((v.variant_data ?? 0), 100) / 2);",
					"variable.wolf_variant = Math.floor(Math.mod((v.variant_data ?? 0), 1000) / 100);",
					"variable.wolf_mark_variant = Math.floor(Math.mod((v.variant_data ?? 0), 10000) / 1000);",
					"variable.armor_data = q.armor_damage_slot(3);",
					"variable.armor_material_setting = Math.floor(Math.mod((v.armor_data ?? 0), 1000) / 10);",
					"variable.armor_setting = Math.floor(Math.mod((v.armor_data ?? 0), 10) / 2);",
					"variable.eye_color_setting = Math.floor((v.armor_data ?? 0) / 1000);",
					"variable.trim_data = q.armor_damage_slot(2);",
					"variable.trim_setting = Math.floor(Math.mod((v.trim_data ?? 0), 100) / 2);",
					"variable.trim_material_setting = Math.floor((v.trim_data ?? 0) / 100);",
					"variable.should_aura = q.equipped_item_all_tags('slot.armor.legs', 'ljw_ww:werewolf_aura');",
					"variable.aura_intensity = math.lerp((v.aura_intensity ?? 0), v.should_aura, 0.1);",
					"variable.taking_damage = Math.mod((v.variant_data ?? 0) / 2, 1) == 0.5;",
					"variable.drenched_amount = 0;",
					"v.sprint = (q.equipped_item_any_tag('slot.armor.legs', 'ljw_ww:werewolf_run') && !q.is_in_water && !q.is_crawling) && ((v.sprint ?? 0) || (Math.mod(q.time_stamp, 5) == 0) || (v.was_gliding ?? 0));",
					"v.was_gliding = q.is_on_ground ? ((v.was_gliding ?? 0) ? !q.equipped_item_any_tag('slot.armor.legs', 'ljw_ww:werewolf_run') : 0) : (v.was_gliding ?? 0) || q.equipped_item_all_tags('slot.armor.legs', 'ljw_ww:werewolf_glide');"
				],
				"animate": [
					"controller.actions",
					{ "controller.look_at_target": "(!q.is_emoting && (q.anim_time > 3)) || q.equipped_item_all_tags('slot.armor.legs', 'ljw_ww:werewolf_howl')" },
					"corrections",
					{ "climb": "q.equipped_item_all_tags('slot.armor.legs', 'ljw_ww:werewolf_climb')" },
					{ "glide": "q.equipped_item_all_tags('slot.armor.legs', 'ljw_ww:werewolf_glide')" },
					{ "sprint": "!q.is_in_ui && (v.sprint ?? 1)" },
					{ "sprint_ui": "q.is_in_ui && (v.sprint ?? 1)" },
					{ "sleep": "q.equipped_item_any_tag('slot.armor.legs', 'ljw_ww:werewolf_sleep')" },
					{ "swim": "q.is_swimming || q.is_crawling" },
					{ "howl": "q.equipped_item_any_tag('slot.weapon.mainhand', 'sf_pop:hand')" }
				]
			},
			"render_controllers": [ 
				{ "controller.render.ljw_ww.werewolf_form.multiskin": "((v.wolf_form ?? 0) == 0)" },
				"controller.render.ljw_ww.werewolf_form.armor",
				"controller.render.ljw_ww.werewolf_form.eyes",
				{ "controller.render.ljw_ww.werewolf_form.layer.damage_overlay": "(v.taking_damage ?? 0)" },
				{ "controller.render.ljw_ww.werewolf_form.wolfband": "q.equipped_item_all_tags('slot.weapon.mainhand', 'ljw_ww:wolfband') || q.equipped_item_all_tags('slot.weapon.offhand', 'ljw_ww:wolfband')" },
				
				{ "controller.render.ljw_ww.werewolf_form.aura.red": "((v.aura_intensity ?? 0) > 0) && q.equipped_item_all_tags('slot.armor.legs', 'ljw_ww:werewolf_aura_red')" },
				{ "controller.render.ljw_ww.werewolf_form.aura.green": "((v.aura_intensity ?? 0) > 0) && q.equipped_item_all_tags('slot.armor.legs', 'ljw_ww:werewolf_aura_green')" },
				{ "controller.render.ljw_ww.werewolf_form.aura.yellow": "((v.aura_intensity ?? 0) > 0) && q.equipped_item_all_tags('slot.armor.legs', 'ljw_ww:werewolf_aura_yellow')" },
				{ "controller.render.ljw_ww.werewolf_form.aura.blue": "((v.aura_intensity ?? 0) > 0) && q.equipped_item_all_tags('slot.armor.legs', 'ljw_ww:werewolf_aura_blue')" },
				{ "controller.render.ljw_ww.werewolf_form.aura.purple": "((v.aura_intensity ?? 0) > 0) && q.equipped_item_all_tags('slot.armor.legs', 'ljw_ww:werewolf_aura_purple')" },
				
				{ "controller.render.ljw_ww.werewolf_form.trim_bolt": "((v.trim_setting ?? 0) == 1)" },
				{ "controller.render.ljw_ww.werewolf_form.trim_coast": "((v.trim_setting ?? 0) == 2)" },
				{ "controller.render.ljw_ww.werewolf_form.trim_dune": "((v.trim_setting ?? 0) == 3)" },
				{ "controller.render.ljw_ww.werewolf_form.trim_eye": "((v.trim_setting ?? 0) == 4)" },
				{ "controller.render.ljw_ww.werewolf_form.trim_flow": "((v.trim_setting ?? 0) == 5)" },
				{ "controller.render.ljw_ww.werewolf_form.trim_host": "((v.trim_setting ?? 0) == 6)" },
				{ "controller.render.ljw_ww.werewolf_form.trim_raiser": "((v.trim_setting ?? 0) == 7)" },
				{ "controller.render.ljw_ww.werewolf_form.trim_rib": "((v.trim_setting ?? 0) == 8)" },
				{ "controller.render.ljw_ww.werewolf_form.trim_sentry": "((v.trim_setting ?? 0) == 9)" },
				{ "controller.render.ljw_ww.werewolf_form.trim_shaper": "((v.trim_setting ?? 0) == 10)" },
				{ "controller.render.ljw_ww.werewolf_form.trim_silence": "((v.trim_setting ?? 0) == 11)" },
				{ "controller.render.ljw_ww.werewolf_form.trim_snout": "((v.trim_setting ?? 0) == 12)" },
				{ "controller.render.ljw_ww.werewolf_form.trim_spire": "((v.trim_setting ?? 0) == 13)" },
				{ "controller.render.ljw_ww.werewolf_form.trim_tide": "((v.trim_setting ?? 0) == 14)" },
				{ "controller.render.ljw_ww.werewolf_form.trim_vex": "((v.trim_setting ?? 0) == 15)" },
				{ "controller.render.ljw_ww.werewolf_form.trim_ward": "((v.trim_setting ?? 0) == 16)" },
				{ "controller.render.ljw_ww.werewolf_form.trim_wayfinder": "((v.trim_setting ?? 0) == 17)" },
				{ "controller.render.ljw_ww.werewolf_form.trim_wild": "((v.trim_setting ?? 0) == 18)" }
			],
			"sound_effects": {
				"run_impact": "mob.ljw_ww.werewolf.run"
			}
		}
	}
}