{
	"format_version": "1.10.0",
	"minecraft:attachable": {
		"description": {
			"identifier": "ljw_ww:wolfband_b",
			"materials": {
				"default": "ljw_ww_entity_emissive_alpha"
			},
			"textures": {
				"default": "textures/ljw/ww/armor/wolfband/player_b"
			},
			"geometry": {
				"default": "geometry.ljw_ww.wolfband"
			},
			"render_controllers": [ 
				{ "controller.render.ljw_ww.wolfband": "!q.equipped_item_any_tag('slot.armor.head', 'ljw_ww:werewolf_form')" }
			]
		}
	}
}