{
	"format_version": "1.10.0",
	"animation_controllers": {
		"controller.animation.pb_scraft.item": {
			"states": {
				"default": {
					"transitions": [
						{"r_click": "query.is_using_item"}
					]
				},
				"r_click": {
					"animations": ["use"],
					"transitions": [
						{"default": "query.any_animation_finished && !query.is_using_item"}
					]
				}
			}
		},
		"controller.animation.pb_scraft.item_casting": {
			"states": {
				"default": {
					"animations": ["idle_staff"],
					"transitions": [
						{"r_click": "query.is_using_item"}
					],
					"blend_transition": 0.1
				},
				"r_click": {
					"animations": ["loop", "loop_staff"],
					"transitions": [
						{"release": "!query.is_using_item"}
					],
					"blend_transition": 0.1
				},
				"release": {
					"animations": ["use", "use_staff"],
					"transitions": [
						{"default": "query.any_animation_finished"}
					],
					"blend_transition": 0.2
				}
			}
		},
		"controller.animation.pb_scraft.item_3p": {
			"states": {
				"default": {
					"transitions": [
						{"r_click": "query.is_using_item"}
					]
				},
				"r_click": {
					"animations": ["use_3p"],
					"transitions": [
						{"default": "query.any_animation_finished && !query.is_using_item"}
					]
				}
			}
		},
		"controller.animation.pb_scraft.item_casting_3p": {
			"states": {
				"default": {
					"animations": ["idle_staff"],
					"transitions": [
						{"r_click": "query.is_using_item"}
					],
					"blend_transition": 0.1
				},
				"r_click": {
					"animations": ["loop_3p", "loop_staff"],
					"transitions": [
						{"release": "!query.is_using_item"}
					],
					"blend_transition": 0.1
				},
				"release": {
					"animations": ["use_3p", "use_staff"],
					"transitions": [
						{"default": "query.any_animation_finished"}
					],
					"blend_transition": 0.2
				}
			}
		}
	}
}