{
    "format_version": "1.12",
    "minecraft:recipe_shaped": {
        "description": {
            "identifier": "nv_me:protection_upgrade_lv4"
        },
        "tags": [
            "crafting_table"
        ],
        "pattern": [
            " B ",
            "ADA",
            "CCC"
        ],
        "key": {
            "A": {
                "item": "minecraft:blaze_powder"
            },
            "B": {
                "item": "minecraft:diamond_chestplate"
            },
            "C": {
                "item": "minecraft:gold_ingot"
            },
            "D": {
                "item": "nv_me:protection_upgrade_lv3"
            }
        },
        "result": {
            "item": "nv_me:protection_upgrade_lv4",
            "count": 1
        }
    }
}