{
    "format_version": "1.12",
    "minecraft:recipe_shaped": {
        "description": {
            "identifier": "nv_me:protection_upgrade_lv2"
        },
        "tags": [
            "crafting_table"
        ],
        "pattern": [
            "DBD",
            "ACA",
            "DDD"
        ],
        "key": {
            "A": {
                "item": "minecraft:redstone"
            },
            "B": {
                "item": "minecraft:slime_ball"
            },
            "C": {
                "item": "minecraft:iron_chestplate"
            },
            "D": {
                "item": "nv_me:iron_plate"
            }
        },
        "result": {
            "item": "nv_me:protection_upgrade_lv2",
            "count": 1
        }
    }
}