{
    "format_version": "1.12",
    "minecraft:recipe_shaped": {
        "description": {
            "identifier": "nv_me:protection_upgrade_lv5"
        },
        "tags": [
            "crafting_table"
        ],
        "pattern": [
            " B ",
            "ADA",
            "CCC"
        ],
        "key": {
            "A": {
                "item": "minecraft:iron_chestplate"
            },
            "B": {
                "item": "minecraft:netherite_chestplate"
            },
            "C": {
                "item": "nv_me:iron_plate"
            },
            "D": {
                "item": "nv_me:protection_upgrade_lv4"
            }
        },
        "result": {
            "item": "nv_me:protection_upgrade_lv5",
            "count": 1
        }
    }
}