{
    "format_version": "1.12",
    "minecraft:recipe_shaped": {
        "description": {
            "identifier": "nv_me:protection_upgrade_lv3"
        },
        "tags": [
            "crafting_table"
        ],
        "pattern": [
            "   ",
            "CDC",
            "AAA"
        ],
        "key": {
            "A": {
                "item": "minecraft:redstone"
            },
            "C": {
                "item": "minecraft:iron_chestplate"
            },
            "D": {
                "item": "nv_me:protection_upgrade_lv2"
            }
        },
        "result": {
            "item": "nv_me:protection_upgrade_lv3",
            "count": 1
        }
    }
}