{
    "format_version": "1.12",
    "minecraft:recipe_shaped": {
        "description": {
            "identifier": "nv_me:skill_upgrade_lv2"
        },
        "tags": [
            "crafting_table"
        ],
        "pattern": [
            "DDD",
            "ACA",
            "DBD"
        ],
        "key": {
            "A": {
                "item": "minecraft:redstone"
            },
            "B": {
                "item": "minecraft:gold_block"
            },
            "C": {
                "item": "minecraft:experience_bottle"
            },
            "D": {
                "item": "nv_me:iron_plate"
            }
        },
        "result": {
            "item": "nv_me:skill_upgrade_lv2",
            "count": 1
        }
    }
}