{
    "format_version": "1.12",
    "minecraft:recipe_shaped": {
        "description": {
            "identifier": "nv_me:skill_upgrade_lv5"
        },
        "tags": [
            "crafting_table"
        ],
        "pattern": [
            "BBB",
            "ADE",
            "CCC"
        ],
        "key": {
            "A": {
                "item": "minecraft:diamond_pickaxe"
            },
            "B": {
                "item": "nv_me:iron_plate"
            },
            "C": {
                "item": "minecraft:experience_bottle"
            },
            "D": {
                "item": "nv_me:skill_upgrade_lv4"
            },
            "E": {
                "item": "minecraft:diamond_sword"
            }
        },
        "result": {
            "item": "nv_me:skill_upgrade_lv5",
            "count": 1
        }
    }
}