{
	"format_version": "1.16.0",
	"minecraft:geometry": [
		{
			"description": {
				"identifier": "geometry.pb_scraft.air_staff_3",
				"texture_width": 64,
				"texture_height": 64,
				"visible_bounds_width": 5,
				"visible_bounds_height": 4,
				"visible_bounds_offset": [0, 1, 0]
			},
			"bones": [
				{
					"name": "root",
					"pivot": [-0.056, 11.4, -1],
					"binding": "q.item_slot_to_bone_name(c.item_slot)",
					"cubes": [
						{"origin": [0, 10, -2], "size": [2, 6, 2], "inflate": 0.3, "uv": [14, 23]},
						{"origin": [0, 5.7, -2], "size": [2, 6, 2], "inflate": 0.2, "uv": [22, 23]},
						{"origin": [0, -20, -2], "size": [2, 30, 2], "inflate": -0.2, "uv": [0, 13]},
						{"origin": [0, -20, -2], "size": [2, 3, 2], "inflate": 0.2, "uv": [28, 0]},
						{"origin": [0, -22, -2], "size": [2, 2, 2], "inflate": 0.4, "pivot": [1, -21, -1], "rotation": [0, -45, 0], "uv": [28, 5]},
						{"origin": [0, 16, -2], "size": [2, 2, 2], "uv": [28, 9]},
						{"origin": [-1, 17.2, -2], "size": [4, 4, 2], "inflate": 0.3, "uv": [52, 0]},
						{"origin": [-3.9, 16, -2], "size": [4, 2, 2], "inflate": -0.1, "uv": [50, 60]},
						{"origin": [1.9, 16, -2], "size": [4, 2, 2], "inflate": -0.1, "uv": [38, 60]},
						{"origin": [2, 17.8, -2], "size": [5, 1, 2], "pivot": [5, 17.8, -1], "rotation": [0, 0, -10], "uv": [37, 57]},
						{"origin": [-5, 17.8, -2], "size": [5, 1, 2], "pivot": [-3, 17.8, -1], "rotation": [0, 0, 10], "uv": [49, 57], "mirror": true}
					]
				},
				{
					"name": "air_3_chain",
					"parent": "root",
					"pivot": [-3.2, 16.2, -0.9],
					"cubes": [
						{"origin": [-6.7, -11.5, -0.9], "size": [3, 28, 0], "pivot": [-5.2, 2.5, -0.9], "rotation": [0, 0, 8], "uv": [20, 36], "mirror": true}
					]
				},
				{
					"name": "spell_air_3",
					"parent": "root",
					"pivot": [0.9, 26, -0.9]
				},
				{
					"name": "air_3_cube",
					"parent": "spell_air_3",
					"pivot": [0.9, 26, -0.9],
					"cubes": [
						{"origin": [-1.6, 23.5, -3.4], "size": [5, 5, 5], "pivot": [0.9, 26, -0.9], "rotation": [0, 0, 45], "uv": [8, 13]},
						{"origin": [-1.6, 23.5, -3.4], "size": [5, 5, 5], "inflate": -0.2, "pivot": [0.9, 26, -0.9], "rotation": [0, 0, 45], "uv": [28, 13]}
					]
				},
				{
					"name": "bone",
					"parent": "spell_air_3",
					"pivot": [0.9, 26, -0.9],
					"rotation": [0, 0, 45]
				},
				{
					"name": "air_3_ring_1",
					"parent": "bone",
					"pivot": [0.9, 26.0125, -0.9],
					"cubes": [
						{"origin": [-3.6, 21.525, -0.9], "size": [9, 9, 0], "pivot": [0.9, 26.025, -0.9], "rotation": [-90, 0, 0], "uv": [0, 55]},
						{"origin": [-3.6, 21.6, -0.9], "size": [9, 9, 0], "pivot": [0.9, 26, -0.9], "rotation": [-90, 45, 0], "uv": [0, 55]}
					]
				},
				{
					"name": "air_3_ring_2",
					"parent": "bone",
					"pivot": [0.9125, 26, -0.9],
					"cubes": [
						{"origin": [-3.7, 21.5, -0.9], "size": [9, 9, 0], "pivot": [0.9, 26, -0.9], "rotation": [-90, 45, -90], "uv": [0, 55]},
						{"origin": [-3.575, 21.5, -0.9], "size": [9, 9, 0], "pivot": [0.925, 26, -0.9], "rotation": [-90, 0, -90], "uv": [0, 55]}
					]
				},
				{
					"name": "air_3_ring_3",
					"parent": "bone",
					"pivot": [0.9, 26, -0.875],
					"cubes": [
						{"origin": [-3.6, 21.5, -0.865], "size": [9, 9, 0.01], "uv": [0, 55]},
						{"origin": [-3.6, 21.5, -0.875], "size": [9, 9, 0], "pivot": [0.9, 26, -0.875], "rotation": [0, 0, 45], "uv": [0, 55]}
					]
				}
			]
		}
	]
}