{
	"format_version": "1.16.0",
	"minecraft:geometry": [
		{
			"description": {
				"identifier": "geometry.pb_scraft.air_staff_2",
				"texture_width": 64,
				"texture_height": 64,
				"visible_bounds_width": 5,
				"visible_bounds_height": 4,
				"visible_bounds_offset": [0, 1, 0]
			},
			"bones": [
				{
					"name": "root",
					"pivot": [-0.05455, 11.4, 0],
					"binding": "q.item_slot_to_bone_name(c.item_slot)",
					"cubes": [
						{"origin": [-1, 14, -1], "size": [2, 6, 2], "inflate": 0.3, "uv": [28, 0]},
						{"origin": [-1, 9.7, -1], "size": [2, 6, 2], "inflate": 0.2, "uv": [28, 8]},
						{"origin": [-1, -16, -1], "size": [2, 30, 2], "inflate": -0.2, "uv": [0, 0]},
						{"origin": [-1, -16, -1], "size": [2, 3, 2], "inflate": 0.2, "uv": [20, 28]},
						{"origin": [-1, -18, -1], "size": [2, 2, 2], "inflate": 0.4, "pivot": [0, -17, 0], "rotation": [0, -45, 0], "uv": [28, 28]},
						{"origin": [-1, 20, -1], "size": [2, 2, 2], "uv": [8, 30]},
						{"origin": [-2, 21.2, -1], "size": [4, 4, 2], "inflate": 0.3, "uv": [8, 24]},
						{"origin": [-3.9, 20, -1], "size": [3, 2, 2], "inflate": -0.1, "uv": [24, 20]},
						{"origin": [-7.4, 20, -1], "size": [5, 2, 2], "inflate": -0.3, "uv": [20, 24]},
						{"origin": [1.3, 20, -1], "size": [6, 2, 2], "inflate": -0.3, "uv": [8, 20]},
						{"origin": [0.9, 20, -1], "size": [3, 2, 2], "inflate": -0.1, "uv": [28, 16]}
					]
				},
				{
					"name": "snake2",
					"parent": "root",
					"pivot": [-2.9, 20.52792, 0.0351],
					"rotation": [0, 90, -12.5],
					"cubes": [
						{"origin": [-3.4, 21.05747, 0.31837], "size": [1, 3, 1], "inflate": 0.12, "pivot": [-2.9, 22.35684, 0.51879], "rotation": [10, 0, 0], "uv": [16, 30]}
					]
				},
				{
					"name": "sn1t2",
					"parent": "snake2",
					"pivot": [-2.9, 23.85684, 0.51879],
					"rotation": [-40, 0, 0],
					"cubes": [
						{"origin": [-3.4, 23.85684, 0.01879], "size": [1, 2, 1], "inflate": 0.11, "uv": [12, 34]}
					]
				},
				{
					"name": "sn1t6",
					"parent": "sn1t2",
					"pivot": [-2.9, 25.85684, 0.51879],
					"rotation": [57.5, 0, 0],
					"cubes": [
						{"origin": [-3.4, 25.51043, -0.18121], "size": [1, 2, 1], "inflate": 0.1, "uv": [16, 34]}
					]
				},
				{
					"name": "sn1t7",
					"parent": "sn1t6",
					"pivot": [-2.9, 27.85684, 0.51879],
					"rotation": [90, 0, 0],
					"cubes": [
						{"origin": [-3.4, 28.05684, -0.32762], "size": [1, 2, 1], "inflate": 0.15, "uv": [34, 20]}
					]
				},
				{
					"name": "sn1t8",
					"parent": "sn1t7",
					"pivot": [-2.9, 28.35684, 0.01879],
					"rotation": [122.5, 0, 0],
					"cubes": [
						{"origin": [-3.4, 28.54154, -0.12641], "size": [1, 0, 2], "uv": [0, 32]}
					]
				},
				{
					"name": "snake3",
					"parent": "root",
					"pivot": [2.9, 20.52792, 0.0351],
					"rotation": [0, -90, 12.5],
					"cubes": [
						{"origin": [2.4, 21.05747, 0.31837], "size": [1, 3, 1], "inflate": 0.12, "pivot": [2.9, 22.35684, 0.51879], "rotation": [10, 0, 0], "uv": [28, 32]}
					]
				},
				{
					"name": "sn1t3",
					"parent": "snake3",
					"pivot": [2.9, 23.85684, 0.51879],
					"rotation": [-40, 0, 0],
					"cubes": [
						{"origin": [2.4, 23.85684, 0.01879], "size": [1, 2, 1], "inflate": 0.11, "uv": [34, 23]}
					]
				},
				{
					"name": "sn1t4",
					"parent": "sn1t3",
					"pivot": [2.9, 25.85684, 0.51879],
					"rotation": [57.5, 0, 0],
					"cubes": [
						{"origin": [2.4, 25.51043, -0.18121], "size": [1, 2, 1], "inflate": 0.1, "uv": [32, 34]}
					]
				},
				{
					"name": "sn1t5",
					"parent": "sn1t4",
					"pivot": [2.9, 27.85684, 0.51879],
					"rotation": [90, 0, 0],
					"cubes": [
						{"origin": [2.4, 28.05684, -0.32762], "size": [1, 2, 1], "inflate": 0.15, "uv": [0, 36]}
					]
				},
				{
					"name": "sn1t9",
					"parent": "sn1t5",
					"pivot": [2.9, 28.35684, 0.01879],
					"rotation": [122.5, 0, 0],
					"cubes": [
						{"origin": [2.4, 28.54154, -0.12641], "size": [1, 0, 2], "uv": [32, 32]}
					]
				},
				{
					"name": "snake5",
					"parent": "root",
					"pivot": [0, 17.52792, -1.4649],
					"rotation": [25, 0, 0],
					"cubes": [
						{"origin": [-0.5, 18.05747, -1.18163], "size": [1, 3, 1], "inflate": 0.12, "pivot": [0, 19.35684, -0.98121], "rotation": [10, 0, 0], "uv": [20, 33]}
					]
				},
				{
					"name": "sn1t10",
					"parent": "snake5",
					"pivot": [0, 20.85684, -0.98121],
					"rotation": [-55, 0, 0],
					"cubes": [
						{"origin": [-0.5, 20.85684, -1.48121], "size": [1, 2, 1], "inflate": 0.11, "uv": [36, 0]}
					]
				},
				{
					"name": "sn1t11",
					"parent": "sn1t10",
					"pivot": [0, 22.85684, -0.98121],
					"rotation": [57.5, 0, 0],
					"cubes": [
						{"origin": [-0.5, 22.51043, -1.68121], "size": [1, 2, 1], "inflate": 0.1, "uv": [36, 3]}
					]
				},
				{
					"name": "sn1t12",
					"parent": "sn1t11",
					"pivot": [0, 24.85684, -0.98121],
					"rotation": [90, 0, 0],
					"cubes": [
						{"origin": [-0.5, 25.05684, -1.82762], "size": [1, 2, 1], "inflate": 0.15, "uv": [4, 36]}
					]
				},
				{
					"name": "sn1t13",
					"parent": "sn1t12",
					"pivot": [0, 25.35684, -1.48121],
					"rotation": [122.5, 0, 0],
					"cubes": [
						{"origin": [-0.5, 25.54154, -1.62641], "size": [1, 0, 2], "uv": [0, 34]}
					]
				},
				{
					"name": "snake4",
					"parent": "root",
					"pivot": [0, 17.52792, 1.4649],
					"rotation": [-25, 0, 0],
					"cubes": [
						{"origin": [-0.5, 18.05747, 0.18163], "size": [1, 3, 1], "inflate": 0.12, "pivot": [0, 19.35684, 0.98121], "rotation": [-10, 0, 0], "uv": [20, 33], "mirror": true}
					]
				},
				{
					"name": "sn1t14",
					"parent": "snake4",
					"pivot": [0, 20.85684, 0.98121],
					"rotation": [55, 0, 0],
					"cubes": [
						{"origin": [-0.5, 20.85684, 0.48121], "size": [1, 2, 1], "inflate": 0.11, "uv": [36, 0], "mirror": true}
					]
				},
				{
					"name": "sn1t15",
					"parent": "sn1t14",
					"pivot": [0, 22.85684, 0.98121],
					"rotation": [-57.5, 0, 0],
					"cubes": [
						{"origin": [-0.5, 22.51043, 0.68121], "size": [1, 2, 1], "inflate": 0.1, "uv": [36, 3], "mirror": true}
					]
				},
				{
					"name": "sn1t16",
					"parent": "sn1t15",
					"pivot": [0, 24.85684, 0.98121],
					"rotation": [-90, 0, 0],
					"cubes": [
						{"origin": [-0.5, 25.05684, 0.82762], "size": [1, 2, 1], "inflate": 0.15, "uv": [4, 36], "mirror": true}
					]
				},
				{
					"name": "sn1t17",
					"parent": "sn1t16",
					"pivot": [0, 25.35684, 1.48121],
					"rotation": [-122.5, 0, 0],
					"cubes": [
						{"origin": [-0.5, 25.54154, -0.37359], "size": [1, 0, 2], "uv": [0, 34], "mirror": true}
					]
				},
				{
					"name": "spell_air_1",
					"parent": "root",
					"pivot": [-0.1, 29, 0.1],
					"cubes": [
						{"origin": [-2.6, 26.5, -2.4], "size": [5, 5, 5], "inflate": -0.2, "pivot": [-0.1, 29, 0.1], "rotation": [0, 0, 45], "uv": [8, 0]},
						{"origin": [-2.6, 26.5, -2.4], "size": [5, 5, 5], "pivot": [-0.1, 29, 0.1], "rotation": [0, 0, 45], "uv": [8, 10]}
					]
				}
			]
		}
	]
}