{
	"format_version": "1.16.0",
	"minecraft:geometry": [
		{
			"description": {
				"identifier": "geometry.pb_scraft.air_staff_1",
				"texture_width": 64,
				"texture_height": 64,
				"visible_bounds_width": 5,
				"visible_bounds_height": 5,
				"visible_bounds_offset": [0, 0.5, 0]
			},
			"bones": [
				{
					"name": "root",
					"pivot": [-0.056, 11.4, 0],
					"binding": "q.item_slot_to_bone_name(c.item_slot)",
					"cubes": [
						{"origin": [-1, 14, -1], "size": [2, 6, 2], "inflate": 0.3, "uv": [8, 8]},
						{"origin": [-1, 10.4, -1], "size": [2, 6, 2], "inflate": 0.2, "uv": [8, 20]},
						{"origin": [-1, -16, -1], "size": [2, 30, 2], "inflate": -0.2, "uv": [0, 0]},
						{"origin": [-1, -16, -1], "size": [2, 3, 2], "inflate": 0.2, "uv": [24, 0]},
						{"origin": [-1, -18, -1], "size": [2, 2, 2], "inflate": 0.4, "pivot": [0, -17, 0], "rotation": [0, -45, 0], "uv": [24, 20]},
						{"origin": [-1, 20, -1], "size": [2, 2, 2], "uv": [20, 16]},
						{"origin": [-2, 22.5, -1], "size": [4, 2, 2], "uv": [16, 12]},
						{"origin": [-9.05, -18, 0], "size": [16, 50, 0], "uv": [32, 0]}
					]
				},
				{
					"name": "air_2_gem_ring",
					"parent": "root",
					"pivot": [0, 25.29289, 0],
					"cubes": [
						{"origin": [-4, 22, -0.5], "size": [7, 7, 1], "pivot": [0, 26, 0], "rotation": [0, 0, -45], "uv": [8, 0]}
					]
				},
				{
					"name": "air_2_gem",
					"parent": "root",
					"pivot": [0, 25.5, 0]
				},
				{
					"name": "air_2_gem_inner_layer",
					"parent": "air_2_gem",
					"pivot": [0, 25.5, 0],
					"cubes": [
						{"origin": [-1, 24, -1], "size": [2, 3, 2], "inflate": 0.3, "pivot": [0, 25.5, 0], "rotation": [0, -45, 0], "uv": [16, 20]}
					]
				},
				{
					"name": "air_2_gem_right",
					"parent": "root",
					"pivot": [3, 25.5, 0],
					"cubes": [
						{"origin": [1, 24.5, -1], "size": [4, 2, 2], "uv": [8, 16]}
					]
				},
				{
					"name": "air_2_gem_left",
					"parent": "root",
					"pivot": [-3, 25.5, 0],
					"cubes": [
						{"origin": [-5, 24.5, -1], "size": [4, 2, 2], "uv": [16, 8]}
					]
				}
			]
		}
	]
}