{
	"format_version": "1.8.0",
	"render_controllers": {
		"controller.render.ljw_ww.block.night_vision": {
			"geometry": "Geometry.default",
			"materials": [ 
				{ "*": "Material.default" }
			],
			"textures": [ 
				"Texture.default"
			],
            "overlay_color": {
                "r": "(v.intensity ?? 0.5)",
                "g": "(v.intensity ?? 0.5)",
                "b": "(v.intensity ?? 0.5)",
                "a": "1.0"
            }
		},
		"controller.render.ljw_ww.block.berserk": {
			"geometry": "Geometry.default",
			"materials": [ 
				{ "*": "Material.default" }
			],
			"textures": [ 
				"Texture.default"
			],
            "overlay_color": {
                "r": "math.lerp(0.5, 0.87, q.property('ljw_ww:berserk_time'))",
                "g": "math.lerp(0.5, 0.34, q.property('ljw_ww:berserk_time'))",
                "b": "math.lerp(0.5, 0.29, q.property('ljw_ww:berserk_time'))",
                "a": "1.0"
            }
		}
	}
}