{
	"format_version": "1.8.0",
	"render_controllers": {
		"controller.render.ljw_ww.werewolf_form.armor": {
			"arrays": {
				"textures": {
					"Array.skins": 	[ 	
						"Texture.armor.iron",
						"Texture.armor.gold",
						"Texture.armor.diamond",
						"Texture.armor.netherite"
					]
				}
			},
			"geometry": "Geometry.default",
			"materials": [ 
				{ "*": "Material.default" }
			],
			"part_visibility": [
				{ "armor_body_upper": "(v.armor_setting ?? 0) >= 3" },
				{ "armor_left_arm": "(v.armor_setting ?? 0) >= 2" },
				{ "armor_right_arm": "(v.armor_setting ?? 0) >= 2" },
				{ "armor_body_lower": "(v.armor_setting ?? 0) >= 1" },
				{ "armor_left_leg": "(v.armor_setting ?? 0) >= 1" },
				{ "armor_right_leg": "(v.armor_setting ?? 0) >= 1" }
			],
			"textures": [ 
				"Array.skins[(v.armor_material_setting ?? 0)]"
			]
		},
		"controller.render.ljw_ww.werewolf_form.wolfband": {
			"arrays": {
				"textures": {
					"Array.variants": [
						"Texture.wolfband",
						"Texture.wolfband_b"
					]
				},
				"materials": {
					"Array.materials": [
						"Material.default",
						"Material.glow"
					]
				}
			},
			"geometry": "Geometry.default",
			"materials": [ 
				{ "*": "Array.materials[(q.equipped_item_all_tags('slot.weapon.mainhand', 'ljw_ww:wolfband_active') || q.equipped_item_all_tags('slot.weapon.offhand', 'ljw_ww:wolfband_active')) ? 1 : 0]" }
			],
			"textures": [ 
				"Array.variants[(q.equipped_item_all_tags('slot.weapon.mainhand', 'ljw_ww:wolfband_active') || q.equipped_item_all_tags('slot.weapon.offhand', 'ljw_ww:wolfband_active')) ? 1 : 0]"
			],
			"part_visibility": [
				{ "right_band": "0" }
			]
		}
	}
}