{
	"format_version": "1.8.0",
	"render_controllers": {
		"controller.render.ljw_ww.werewolf_form.multiskin": {
			"arrays": {
				"textures": {
					"Array.skins": [ 	
						"Texture.default",
						"Texture.ashen",
						"Texture.black",
						"Texture.chestnut",
						"Texture.rusty",
						"Texture.snowy",
						"Texture.spotted",
						"Texture.striped",
						"Texture.woods",
						
						"Texture.drenched.lv1.default",
						"Texture.drenched.lv1.ashen",
						"Texture.drenched.lv1.black",
						"Texture.drenched.lv1.chestnut",
						"Texture.drenched.lv1.rusty",
						"Texture.drenched.lv1.snowy",
						"Texture.drenched.lv1.spotted",
						"Texture.drenched.lv1.striped",
						"Texture.drenched.lv1.woods",
						
						"Texture.drenched.lv2.default",
						"Texture.drenched.lv2.ashen",
						"Texture.drenched.lv2.black",
						"Texture.drenched.lv2.chestnut",
						"Texture.drenched.lv2.rusty",
						"Texture.drenched.lv2.snowy",
						"Texture.drenched.lv2.spotted",
						"Texture.drenched.lv2.striped",
						"Texture.drenched.lv2.woods",
						
						"Texture.drenched.lv3.default",
						"Texture.drenched.lv3.ashen",
						"Texture.drenched.lv3.black",
						"Texture.drenched.lv3.chestnut",
						"Texture.drenched.lv3.rusty",
						"Texture.drenched.lv3.snowy",
						"Texture.drenched.lv3.spotted",
						"Texture.drenched.lv3.striped",
						"Texture.drenched.lv3.woods"
					]
				}
			},
			"geometry": "Geometry.default",
			"materials": [ 
				{ "*": "Material.default" },
				{ "tail_end": "Material.flat" }
			],
			"part_visibility": [
				{ "eyesOpen": "(v.eyes_open ?? 1)" },
				{ "eyesClosed": "!(v.eyes_open ?? 1)" },
				{ "earLeft": "1" },
				{ "earLeftClipped": "0" }
			],
			"textures": [ 
				"Array.skins[(v.wolf_variant ?? 0) + 9 * Math.clamp(Math.ceil((v.drenched_amount ?? 0) / (v.drenched_quarter ?? 70)), 0, 3)]"
			]
		},
		"controller.render.ljw_ww.werewolf_form.eyes": {
			"arrays": {
				"textures": {
					"Array.skins": 	[
						"Texture.eyes.yellow",
						"Texture.eyes.blue",
						"Texture.eyes.brown",
						"Texture.eyes.cyan",
						"Texture.eyes.gray",
						"Texture.eyes.green",
						"Texture.eyes.light_blue",
						"Texture.eyes.light_gray",
						"Texture.eyes.lime",
						"Texture.eyes.magenta",
						"Texture.eyes.orange",
						"Texture.eyes.pink",
						"Texture.eyes.purple",
						"Texture.eyes.red",
						"Texture.eyes.black",
						"Texture.eyes.white"
					]
				}
			},
			"geometry": "Geometry.default",
			"materials": [ 
				{ "*": "Material.glow" }
			],
			"part_visibility": [
				{ "*": "0" },
				{ "head": "1" }
			],
			"textures": [ 
				"Array.skins[(v.eye_color_setting ?? 0)]"
			]
		}
	}
}