{
	"format_version": "1.8.0",
	"render_controllers": {
		"controller.render.ljw_ww.werewolf_form.layer.berserk": {
			"geometry": "Geometry.default",
			"materials": [ 
				{ "*": "Material.glow" }
			],
			"part_visibility": [
				{ "eyesOpen": "(v.eyes_open ?? 1)" },
				{ "eyesClosed": "!(v.eyes_open ?? 1)" },
				{ "earLeft": "1" },
				{ "earLeftClipped": "0" }
			],
			"textures": [ 
				"Texture.layer_berserk"
			]
		},
		"controller.render.ljw_ww.werewolf_form.layer.damage_overlay": {
			"geometry": "Geometry.default",
			"materials": [ 
				{ "*": "Material.translucent" }
			],
			"part_visibility": [
				{ "*": "1" }
			],
			"textures": [ 
				"Texture.layer_damage_overlay"
			]
		}
	}
}