{
	"format_version": "1.8.0",
	"render_controllers": {
		"controller.render.ljw_ww.werewolf_form.aura": {
			"geometry": "Geometry.aura",
			"materials": [ 
				{ "*": "Material.aura" }
			],
			"textures": [ 
				"Texture.aura"
			],
            "overlay_color": {
                "r": "1.00",
                "g": "1.00",
                "b": "1.00",
                "a": "(v.aura_intensity ?? 0)"
            }
		},
		"controller.render.ljw_ww.werewolf_form.aura.red": {
			"geometry": "Geometry.aura",
			"materials": [ 
				{ "*": "Material.aura" }
			],
			"textures": [ 
				"Texture.aura.red"
			],
            "overlay_color": {
                "r": "1.00",
                "g": "0.44",
                "b": "0.38",
                "a": "(v.aura_intensity ?? 0)"
            }
		},
		"controller.render.ljw_ww.werewolf_form.aura.green": {
			"geometry": "Geometry.aura",
			"materials": [ 
				{ "*": "Material.aura" }
			],
			"textures": [ 
				"Texture.aura.green"
			],
            "overlay_color": {
                "r": "0.42",
                "g": "0.93",
                "b": "0.40",
                "a": "(v.aura_intensity ?? 0)"
            }
		},
		"controller.render.ljw_ww.werewolf_form.aura.yellow": {
			"geometry": "Geometry.aura",
			"materials": [ 
				{ "*": "Material.aura" }
			],
			"textures": [ 
				"Texture.aura.yellow"
			],
            "overlay_color": {
                "r": "0.92",
                "g": "0.77",
                "b": "0.43",
                "a": "(v.aura_intensity ?? 0)"
            }
		},
		"controller.render.ljw_ww.werewolf_form.aura.blue": {
			"geometry": "Geometry.aura",
			"materials": [ 
				{ "*": "Material.aura" }
			],
			"textures": [ 
				"Texture.aura.blue"
			],
            "overlay_color": {
                "r": "0.17",
                "g": "0.42",
                "b": "0.58",
                "a": "(v.aura_intensity ?? 0)"
            }
		},
		"controller.render.ljw_ww.werewolf_form.aura.purple": {
			"geometry": "Geometry.aura",
			"materials": [ 
				{ "*": "Material.aura" }
			],
			"textures": [ 
				"Texture.aura.purple"
			],
            "overlay_color": {
                "r": "0.52",
                "g": "0.53",
                "b": "0.82",
                "a": "(v.aura_intensity ?? 0)"
            }
		}
	}
}