{
	"format_version": "1.8.0",
	"render_controllers": {
		"controller.render.ljw_ww.werewolf_form.trim_bolt": {
			"arrays": {
				"textures": {
					"Array.skins": [
						"Texture.default",
						"Texture.trim.bolt.iron",
						"Texture.trim.bolt.copper",
						"Texture.trim.bolt.gold",
						"Texture.trim.bolt.lapis",
						"Texture.trim.bolt.emerald",
						"Texture.trim.bolt.diamond",
						"Texture.trim.bolt.netherite",
						"Texture.trim.bolt.redstone",
						"Texture.trim.bolt.amethyst",
						"Texture.trim.bolt.quartz",
						"Texture.trim.bolt.resin",
						"Texture.trim.bolt.moonlit"
					]
				}
			},
			"geometry": "Geometry.default",
			"materials": [
				{
					"*": "Material.trim"
				}
			],
			"textures": [
				"Array.skins[(v.trim_material_setting ?? 0)]"
			],
			"part_visibility": [
				{
					"*": "(v.trim_material_setting ?? 0) != 0"
				}
			]
		},
		"controller.render.ljw_ww.werewolf_form.trim_coast": {
			"arrays": {
				"textures": {
					"Array.skins": [
						"Texture.default",
						"Texture.trim.coast.iron",
						"Texture.trim.coast.copper",
						"Texture.trim.coast.gold",
						"Texture.trim.coast.lapis",
						"Texture.trim.coast.emerald",
						"Texture.trim.coast.diamond",
						"Texture.trim.coast.netherite",
						"Texture.trim.coast.redstone",
						"Texture.trim.coast.amethyst",
						"Texture.trim.coast.quartz",
						"Texture.trim.coast.resin",
						"Texture.trim.coast.moonlit"
					]
				}
			},
			"geometry": "Geometry.default",
			"materials": [
				{
					"*": "Material.trim"
				}
			],
			"textures": [
				"Array.skins[(v.trim_material_setting ?? 0)]"
			],
			"part_visibility": [
				{
					"*": "(v.trim_material_setting ?? 0) != 0"
				}
			]
		},
		"controller.render.ljw_ww.werewolf_form.trim_dune": {
			"arrays": {
				"textures": {
					"Array.skins": [
						"Texture.default",
						"Texture.trim.dune.iron",
						"Texture.trim.dune.copper",
						"Texture.trim.dune.gold",
						"Texture.trim.dune.lapis",
						"Texture.trim.dune.emerald",
						"Texture.trim.dune.diamond",
						"Texture.trim.dune.netherite",
						"Texture.trim.dune.redstone",
						"Texture.trim.dune.amethyst",
						"Texture.trim.dune.quartz",
						"Texture.trim.dune.resin",
						"Texture.trim.dune.moonlit"
					]
				}
			},
			"geometry": "Geometry.default",
			"materials": [
				{
					"*": "Material.trim"
				}
			],
			"textures": [
				"Array.skins[(v.trim_material_setting ?? 0)]"
			],
			"part_visibility": [
				{
					"*": "(v.trim_material_setting ?? 0) != 0"
				}
			]
		},
		"controller.render.ljw_ww.werewolf_form.trim_eye": {
			"arrays": {
				"textures": {
					"Array.skins": [
						"Texture.default",
						"Texture.trim.eye.iron",
						"Texture.trim.eye.copper",
						"Texture.trim.eye.gold",
						"Texture.trim.eye.lapis",
						"Texture.trim.eye.emerald",
						"Texture.trim.eye.diamond",
						"Texture.trim.eye.netherite",
						"Texture.trim.eye.redstone",
						"Texture.trim.eye.amethyst",
						"Texture.trim.eye.quartz",
						"Texture.trim.eye.resin",
						"Texture.trim.eye.moonlit"
					]
				}
			},
			"geometry": "Geometry.default",
			"materials": [
				{
					"*": "Material.trim"
				}
			],
			"textures": [
				"Array.skins[(v.trim_material_setting ?? 0)]"
			],
			"part_visibility": [
				{
					"*": "(v.trim_material_setting ?? 0) != 0"
				}
			]
		},
		"controller.render.ljw_ww.werewolf_form.trim_flow": {
			"arrays": {
				"textures": {
					"Array.skins": [
						"Texture.default",
						"Texture.trim.flow.iron",
						"Texture.trim.flow.copper",
						"Texture.trim.flow.gold",
						"Texture.trim.flow.lapis",
						"Texture.trim.flow.emerald",
						"Texture.trim.flow.diamond",
						"Texture.trim.flow.netherite",
						"Texture.trim.flow.redstone",
						"Texture.trim.flow.amethyst",
						"Texture.trim.flow.quartz",
						"Texture.trim.flow.resin",
						"Texture.trim.flow.moonlit"
					]
				}
			},
			"geometry": "Geometry.default",
			"materials": [
				{
					"*": "Material.trim"
				}
			],
			"textures": [
				"Array.skins[(v.trim_material_setting ?? 0)]"
			],
			"part_visibility": [
				{
					"*": "(v.trim_material_setting ?? 0) != 0"
				}
			]
		},
		"controller.render.ljw_ww.werewolf_form.trim_host": {
			"arrays": {
				"textures": {
					"Array.skins": [
						"Texture.default",
						"Texture.trim.host.iron",
						"Texture.trim.host.copper",
						"Texture.trim.host.gold",
						"Texture.trim.host.lapis",
						"Texture.trim.host.emerald",
						"Texture.trim.host.diamond",
						"Texture.trim.host.netherite",
						"Texture.trim.host.redstone",
						"Texture.trim.host.amethyst",
						"Texture.trim.host.quartz",
						"Texture.trim.host.resin",
						"Texture.trim.host.moonlit"
					]
				}
			},
			"geometry": "Geometry.default",
			"materials": [
				{
					"*": "Material.trim"
				}
			],
			"textures": [
				"Array.skins[(v.trim_material_setting ?? 0)]"
			],
			"part_visibility": [
				{
					"*": "(v.trim_material_setting ?? 0) != 0"
				}
			]
		},
		"controller.render.ljw_ww.werewolf_form.trim_raiser": {
			"arrays": {
				"textures": {
					"Array.skins": [
						"Texture.default",
						"Texture.trim.raiser.iron",
						"Texture.trim.raiser.copper",
						"Texture.trim.raiser.gold",
						"Texture.trim.raiser.lapis",
						"Texture.trim.raiser.emerald",
						"Texture.trim.raiser.diamond",
						"Texture.trim.raiser.netherite",
						"Texture.trim.raiser.redstone",
						"Texture.trim.raiser.amethyst",
						"Texture.trim.raiser.quartz",
						"Texture.trim.raiser.resin",
						"Texture.trim.raiser.moonlit"
					]
				}
			},
			"geometry": "Geometry.default",
			"materials": [
				{
					"*": "Material.trim"
				}
			],
			"textures": [
				"Array.skins[(v.trim_material_setting ?? 0)]"
			],
			"part_visibility": [
				{
					"*": "(v.trim_material_setting ?? 0) != 0"
				}
			]
		},
		"controller.render.ljw_ww.werewolf_form.trim_rib": {
			"arrays": {
				"textures": {
					"Array.skins": [
						"Texture.default",
						"Texture.trim.rib.iron",
						"Texture.trim.rib.copper",
						"Texture.trim.rib.gold",
						"Texture.trim.rib.lapis",
						"Texture.trim.rib.emerald",
						"Texture.trim.rib.diamond",
						"Texture.trim.rib.netherite",
						"Texture.trim.rib.redstone",
						"Texture.trim.rib.amethyst",
						"Texture.trim.rib.quartz",
						"Texture.trim.rib.resin",
						"Texture.trim.rib.moonlit"
					]
				}
			},
			"geometry": "Geometry.default",
			"materials": [
				{
					"*": "Material.trim"
				}
			],
			"textures": [
				"Array.skins[(v.trim_material_setting ?? 0)]"
			],
			"part_visibility": [
				{
					"*": "(v.trim_material_setting ?? 0) != 0"
				}
			]
		},
		"controller.render.ljw_ww.werewolf_form.trim_sentry": {
			"arrays": {
				"textures": {
					"Array.skins": [
						"Texture.default",
						"Texture.trim.sentry.iron",
						"Texture.trim.sentry.copper",
						"Texture.trim.sentry.gold",
						"Texture.trim.sentry.lapis",
						"Texture.trim.sentry.emerald",
						"Texture.trim.sentry.diamond",
						"Texture.trim.sentry.netherite",
						"Texture.trim.sentry.redstone",
						"Texture.trim.sentry.amethyst",
						"Texture.trim.sentry.quartz",
						"Texture.trim.sentry.resin",
						"Texture.trim.sentry.moonlit"
					]
				}
			},
			"geometry": "Geometry.default",
			"materials": [
				{
					"*": "Material.trim"
				}
			],
			"textures": [
				"Array.skins[(v.trim_material_setting ?? 0)]"
			],
			"part_visibility": [
				{
					"*": "(v.trim_material_setting ?? 0) != 0"
				}
			]
		},
		"controller.render.ljw_ww.werewolf_form.trim_shaper": {
			"arrays": {
				"textures": {
					"Array.skins": [
						"Texture.default",
						"Texture.trim.shaper.iron",
						"Texture.trim.shaper.copper",
						"Texture.trim.shaper.gold",
						"Texture.trim.shaper.lapis",
						"Texture.trim.shaper.emerald",
						"Texture.trim.shaper.diamond",
						"Texture.trim.shaper.netherite",
						"Texture.trim.shaper.redstone",
						"Texture.trim.shaper.amethyst",
						"Texture.trim.shaper.quartz",
						"Texture.trim.shaper.resin",
						"Texture.trim.shaper.moonlit"
					]
				}
			},
			"geometry": "Geometry.default",
			"materials": [
				{
					"*": "Material.trim"
				}
			],
			"textures": [
				"Array.skins[(v.trim_material_setting ?? 0)]"
			],
			"part_visibility": [
				{
					"*": "(v.trim_material_setting ?? 0) != 0"
				}
			]
		},
		"controller.render.ljw_ww.werewolf_form.trim_silence": {
			"arrays": {
				"textures": {
					"Array.skins": [
						"Texture.default",
						"Texture.trim.silence.iron",
						"Texture.trim.silence.copper",
						"Texture.trim.silence.gold",
						"Texture.trim.silence.lapis",
						"Texture.trim.silence.emerald",
						"Texture.trim.silence.diamond",
						"Texture.trim.silence.netherite",
						"Texture.trim.silence.redstone",
						"Texture.trim.silence.amethyst",
						"Texture.trim.silence.quartz",
						"Texture.trim.silence.resin",
						"Texture.trim.silence.moonlit"
					]
				}
			},
			"geometry": "Geometry.default",
			"materials": [
				{
					"*": "Material.trim"
				}
			],
			"textures": [
				"Array.skins[(v.trim_material_setting ?? 0)]"
			],
			"part_visibility": [
				{
					"*": "(v.trim_material_setting ?? 0) != 0"
				}
			]
		},
		"controller.render.ljw_ww.werewolf_form.trim_snout": {
			"arrays": {
				"textures": {
					"Array.skins": [
						"Texture.default",
						"Texture.trim.snout.iron",
						"Texture.trim.snout.copper",
						"Texture.trim.snout.gold",
						"Texture.trim.snout.lapis",
						"Texture.trim.snout.emerald",
						"Texture.trim.snout.diamond",
						"Texture.trim.snout.netherite",
						"Texture.trim.snout.redstone",
						"Texture.trim.snout.amethyst",
						"Texture.trim.snout.quartz",
						"Texture.trim.snout.resin",
						"Texture.trim.snout.moonlit"
					]
				}
			},
			"geometry": "Geometry.default",
			"materials": [
				{
					"*": "Material.trim"
				}
			],
			"textures": [
				"Array.skins[(v.trim_material_setting ?? 0)]"
			],
			"part_visibility": [
				{
					"*": "(v.trim_material_setting ?? 0) != 0"
				}
			]
		},
		"controller.render.ljw_ww.werewolf_form.trim_spire": {
			"arrays": {
				"textures": {
					"Array.skins": [
						"Texture.default",
						"Texture.trim.spire.iron",
						"Texture.trim.spire.copper",
						"Texture.trim.spire.gold",
						"Texture.trim.spire.lapis",
						"Texture.trim.spire.emerald",
						"Texture.trim.spire.diamond",
						"Texture.trim.spire.netherite",
						"Texture.trim.spire.redstone",
						"Texture.trim.spire.amethyst",
						"Texture.trim.spire.quartz",
						"Texture.trim.spire.resin",
						"Texture.trim.spire.moonlit"
					]
				}
			},
			"geometry": "Geometry.default",
			"materials": [
				{
					"*": "Material.trim"
				}
			],
			"textures": [
				"Array.skins[(v.trim_material_setting ?? 0)]"
			],
			"part_visibility": [
				{
					"*": "(v.trim_material_setting ?? 0) != 0"
				}
			]
		},
		"controller.render.ljw_ww.werewolf_form.trim_tide": {
			"arrays": {
				"textures": {
					"Array.skins": [
						"Texture.default",
						"Texture.trim.tide.iron",
						"Texture.trim.tide.copper",
						"Texture.trim.tide.gold",
						"Texture.trim.tide.lapis",
						"Texture.trim.tide.emerald",
						"Texture.trim.tide.diamond",
						"Texture.trim.tide.netherite",
						"Texture.trim.tide.redstone",
						"Texture.trim.tide.amethyst",
						"Texture.trim.tide.quartz",
						"Texture.trim.tide.resin",
						"Texture.trim.tide.moonlit"
					]
				}
			},
			"geometry": "Geometry.default",
			"materials": [
				{
					"*": "Material.trim"
				}
			],
			"textures": [
				"Array.skins[(v.trim_material_setting ?? 0)]"
			],
			"part_visibility": [
				{
					"*": "(v.trim_material_setting ?? 0) != 0"
				}
			]
		},
		"controller.render.ljw_ww.werewolf_form.trim_vex": {
			"arrays": {
				"textures": {
					"Array.skins": [
						"Texture.default",
						"Texture.trim.vex.iron",
						"Texture.trim.vex.copper",
						"Texture.trim.vex.gold",
						"Texture.trim.vex.lapis",
						"Texture.trim.vex.emerald",
						"Texture.trim.vex.diamond",
						"Texture.trim.vex.netherite",
						"Texture.trim.vex.redstone",
						"Texture.trim.vex.amethyst",
						"Texture.trim.vex.quartz",
						"Texture.trim.vex.resin",
						"Texture.trim.vex.moonlit"
					]
				}
			},
			"geometry": "Geometry.default",
			"materials": [
				{
					"*": "Material.trim"
				}
			],
			"textures": [
				"Array.skins[(v.trim_material_setting ?? 0)]"
			],
			"part_visibility": [
				{
					"*": "(v.trim_material_setting ?? 0) != 0"
				}
			]
		},
		"controller.render.ljw_ww.werewolf_form.trim_ward": {
			"arrays": {
				"textures": {
					"Array.skins": [
						"Texture.default",
						"Texture.trim.ward.iron",
						"Texture.trim.ward.copper",
						"Texture.trim.ward.gold",
						"Texture.trim.ward.lapis",
						"Texture.trim.ward.emerald",
						"Texture.trim.ward.diamond",
						"Texture.trim.ward.netherite",
						"Texture.trim.ward.redstone",
						"Texture.trim.ward.amethyst",
						"Texture.trim.ward.quartz",
						"Texture.trim.ward.resin",
						"Texture.trim.ward.moonlit"
					]
				}
			},
			"geometry": "Geometry.default",
			"materials": [
				{
					"*": "Material.trim"
				}
			],
			"textures": [
				"Array.skins[(v.trim_material_setting ?? 0)]"
			],
			"part_visibility": [
				{
					"*": "(v.trim_material_setting ?? 0) != 0"
				}
			]
		},
		"controller.render.ljw_ww.werewolf_form.trim_wayfinder": {
			"arrays": {
				"textures": {
					"Array.skins": [
						"Texture.default",
						"Texture.trim.wayfinder.iron",
						"Texture.trim.wayfinder.copper",
						"Texture.trim.wayfinder.gold",
						"Texture.trim.wayfinder.lapis",
						"Texture.trim.wayfinder.emerald",
						"Texture.trim.wayfinder.diamond",
						"Texture.trim.wayfinder.netherite",
						"Texture.trim.wayfinder.redstone",
						"Texture.trim.wayfinder.amethyst",
						"Texture.trim.wayfinder.quartz",
						"Texture.trim.wayfinder.resin",
						"Texture.trim.wayfinder.moonlit"
					]
				}
			},
			"geometry": "Geometry.default",
			"materials": [
				{
					"*": "Material.trim"
				}
			],
			"textures": [
				"Array.skins[(v.trim_material_setting ?? 0)]"
			],
			"part_visibility": [
				{
					"*": "(v.trim_material_setting ?? 0) != 0"
				}
			]
		},
		"controller.render.ljw_ww.werewolf_form.trim_wild": {
			"arrays": {
				"textures": {
					"Array.skins": [
						"Texture.default",
						"Texture.trim.wild.iron",
						"Texture.trim.wild.copper",
						"Texture.trim.wild.gold",
						"Texture.trim.wild.lapis",
						"Texture.trim.wild.emerald",
						"Texture.trim.wild.diamond",
						"Texture.trim.wild.netherite",
						"Texture.trim.wild.redstone",
						"Texture.trim.wild.amethyst",
						"Texture.trim.wild.quartz",
						"Texture.trim.wild.resin",
						"Texture.trim.wild.moonlit"
					]
				}
			},
			"geometry": "Geometry.default",
			"materials": [
				{
					"*": "Material.trim"
				}
			],
			"textures": [
				"Array.skins[(v.trim_material_setting ?? 0)]"
			],
			"part_visibility": [
				{
					"*": "(v.trim_material_setting ?? 0) != 0"
				}
			]
		}
	}
}