{
    "format_version": "1.10.0",
    "animations": {
        "animation.nv_me.mech.display_warn": {
            "loop": true,
            "timeline": {
                "0.0": [ "@s nv_me:display_warn" ]
            }
        },
        "animation.nv_me.battle_mech.punch": {
            "loop": true,
            "animation_length": 2.8,
            "timeline": {
                "1.0": [ "@s nv_me:punch" ],
                "1.70": [ "@s nv_me:punch" ]
            }
        },
        "animation.nv_me.fire_mech.flamethrower": {
            "loop": true,
            "animation_length": 0.2,
            "timeline": {
                "0.0": [ "@s nv_me:flamethrower" ]
            }
        },
        "animation.nv_me.mining_mech.mining_lv1": {
            "loop": true,
            "animation_length": 3.0,
            "timeline": {
                "2.99": [ "@s nv_me:mining1" ]
            }
        },
        "animation.nv_me.mining_mech.mining_lv2": {
            "loop": true,
            "animation_length": 2.5,
            "timeline": {
                "2.49": [ "@s nv_me:mining2" ]
            }
        },
        "animation.nv_me.mining_mech.mining_lv3": {
            "loop": true,
            "animation_length": 2.0,
            "timeline": {
                "1.99": [ "@s nv_me:mining3" ]
            }
        },
        "animation.nv_me.mining_mech.mining_lv4": {
            "loop": true,
            "animation_length": 1.5,
            "timeline": {
                "1.49": [ "@s nv_me:mining4" ]
            }
        },
        "animation.nv_me.mining_mech.mining_lv5": {
            "loop": true,
            "animation_length": 1.0,
            "timeline": {
                "0.9": [ "@s nv_me:mining5" ]
            }
        }
    }
}