{
	"resource_pack_name": "vanilla",
	"texture_name": "atlas.items",
	"texture_data": {
		"ljw_ww.info_book": {
			"textures": "textures/ljw/ww/items/info_book"
		},
		"ljw_ww.moonglow_sprig": {
			"textures": "textures/ljw/ww/items/moonglow_sprig"
		},
		"ljw_ww.wolfband": {
			"textures": "textures/ljw/ww/items/wolfband"
		},
		"ljw_ww.emblem_lv0": {
			"textures": "textures/ljw/ww/items/emblem_lv0"
		},
		"ljw_ww.emblem_lv1": {
			"textures": "textures/ljw/ww/items/emblem_lv1"
		},
		"ljw_ww.emblem_lv2": {
			"textures": "textures/ljw/ww/items/emblem_lv2"
		},
		"ljw_ww.emblem_lv3": {
			"textures": "textures/ljw/ww/items/emblem_lv3"
		},
		"ljw_ww.emblem_lv4": {
			"textures": "textures/ljw/ww/items/emblem_lv4"
		},
		"ljw_ww.emblem_disable": {
			"textures": "textures/ljw/ww/items/emblem_disable"
		},
		"ljw_ww.emblem_end": {
			"textures": "textures/ljw/ww/items/emblem_end"
		},
		"ljw_ww.emblem_aquatic": {
			"textures": "textures/ljw/ww/items/emblem_aquatic"
		},
		"ljw_ww.emblem_echo": {
			"textures": "textures/ljw/ww/items/emblem_echo"
		},
		"ljw_ww.emblem_flow": {
			"textures": "textures/ljw/ww/items/emblem_flow"
		},
		"ljw_ww.emblem_star": {
			"textures": "textures/ljw/ww/items/emblem_star"
		},
		"ljw_ww.emblem_ultimate": {
			"textures": "textures/ljw/ww/items/emblem_ultimate"
		},
		"ljw_ww.emblem_reset": {
			"textures": "textures/ljw/ww/items/emblem_reset"
		},
		"ljw_ww.ability_form_shift": {
			"textures": "textures/ljw/ww/items/ability_form_shift"
		},
		"ljw_ww.ability_berserker_rage": {
			"textures": "textures/ljw/ww/items/ability_berserker_rage"
		},
		"ljw_ww.ability_pack_mender": {
			"textures": "textures/ljw/ww/items/ability_pack_mender"
		},
		"ljw_ww.ability_howl": {
			"textures": "textures/ljw/ww/items/ability_howl"
		},
		"ljw_ww.ability_confusing_howl": {
			"textures": "textures/ljw/ww/items/ability_confusing_howl"
		},
		"ljw_ww.ability_battle_howl": {
			"textures": "textures/ljw/ww/items/ability_battle_howl"
		},
		"ljw_ww.ability_enfeebling_howl": {
			"textures": "textures/ljw/ww/items/ability_enfeebling_howl"
		},
		"ljw_ww.ability_pack_call": {
			"textures": "textures/ljw/ww/items/ability_pack_call"
		},
		"ljw_ww.ability_wide_claw": {
			"textures": "textures/ljw/ww/items/ability_wide_claw"
		},
		"ljw_ww.ability_wind_claw": {
			"textures": "textures/ljw/ww/items/ability_wind_claw"
		},
		"ljw_ww.ability_wild_claw": {
			"textures": "textures/ljw/ww/items/ability_wild_claw"
		},
		"ljw_ww.ability_mining_claw": {
			"textures": "textures/ljw/ww/items/ability_mining_claw"
		},
		"ljw_ww.ability_tree_cutter": {
			"textures": "textures/ljw/ww/items/ability_tree_cutter"
		},
		"ljw_ww.ability_scent_tracker": {
			"textures": "textures/ljw/ww/items/ability_scent_tracker"
		},
		"ljw_ww.ability_starfang_strike": {
			"textures": "textures/ljw/ww/items/ability_starfang_strike"
		},
		"ljw_ww.ability_lycan_guard": {
			"textures": "textures/ljw/ww/items/ability_lycan_guard"
		},
		"ljw_ww.ability_lunar_leap": {
			"textures": "textures/ljw/ww/items/ability_lunar_leap"
		},
		"ljw_ww.ability_coat_echo": {
			"textures": "textures/ljw/ww/items/ability_coat_echo"
		},
		"ljw_ww.werewolf_transformation_a": {
			"textures": "textures/ljw/ww/items/werewolf_transformation_a"
		},
		"ljw_ww.werewolf_transformation_b": {
			"textures": "textures/ljw/ww/items/werewolf_transformation_b"
		},
		"ljw_ww.lunar_lantern": {
			"textures": "textures/ljw/ww/items/lunar_lantern"
		},
		"ljw_ww.lunarburn_lantern": {
			"textures": "textures/ljw/ww/items/lunarburn_lantern"
		},
		"ljw_ww.lunarburn_powder": {
			"textures": "textures/ljw/ww/items/lunarburn_powder"
		},
		"ljw_ww.lunarburn_charge": {
			"textures": "textures/ljw/ww/items/lunarburn_charge"
		},
		"ljw_ww.trim_pack_bolt": {
			"textures": "textures/ljw/ww/items/trim_bolt"
		},
		"ljw_ww.trim_pack_coast": {
			"textures": "textures/ljw/ww/items/trim_coast"
		},
		"ljw_ww.trim_pack_dune": {
			"textures": "textures/ljw/ww/items/trim_dune"
		},
		"ljw_ww.trim_pack_eye": {
			"textures": "textures/ljw/ww/items/trim_eye"
		},
		"ljw_ww.trim_pack_flow": {
			"textures": "textures/ljw/ww/items/trim_flow"
		},
		"ljw_ww.trim_pack_host": {
			"textures": "textures/ljw/ww/items/trim_host"
		},
		"ljw_ww.trim_pack_raiser": {
			"textures": "textures/ljw/ww/items/trim_raiser"
		},
		"ljw_ww.trim_pack_rib": {
			"textures": "textures/ljw/ww/items/trim_rib"
		},
		"ljw_ww.trim_pack_sentry": {
			"textures": "textures/ljw/ww/items/trim_sentry"
		},
		"ljw_ww.trim_pack_shaper": {
			"textures": "textures/ljw/ww/items/trim_shaper"
		},
		"ljw_ww.trim_pack_silence": {
			"textures": "textures/ljw/ww/items/trim_silence"
		},
		"ljw_ww.trim_pack_snout": {
			"textures": "textures/ljw/ww/items/trim_snout"
		},
		"ljw_ww.trim_pack_spire": {
			"textures": "textures/ljw/ww/items/trim_spire"
		},
		"ljw_ww.trim_pack_tide": {
			"textures": "textures/ljw/ww/items/trim_tide"
		},
		"ljw_ww.trim_pack_vex": {
			"textures": "textures/ljw/ww/items/trim_vex"
		},
		"ljw_ww.trim_pack_ward": {
			"textures": "textures/ljw/ww/items/trim_ward"
		},
		"ljw_ww.trim_pack_wayfinder": {
			"textures": "textures/ljw/ww/items/trim_wayfinder"
		},
		"ljw_ww.trim_pack_wild": {
			"textures": "textures/ljw/ww/items/trim_wild"
		},
		"ljw_ww.trim_material_iron": {
			"textures": [
				"textures/ljw/ww/items/trim_material",
				{
					"path": "textures/ljw/ww/items/trim_material_overlay",
					"tint_color": "#CECACA"
				}
			],
			"additive": true
		},
		"ljw_ww.trim_material_copper": {
			"textures": [
				"textures/ljw/ww/items/trim_material",
				{
					"path": "textures/ljw/ww/items/trim_material_overlay",
					"tint_color": "#B4684D"
				}
			],
			"additive": true
		},
		"ljw_ww.trim_material_gold": {
			"textures": [
				"textures/ljw/ww/items/trim_material",
				{
					"path": "textures/ljw/ww/items/trim_material_overlay",
					"tint_color": "#DEB12D"
				}
			],
			"additive": true
		},
		"ljw_ww.trim_material_lapis": {
			"textures": [
				"textures/ljw/ww/items/trim_material",
				{
					"path": "textures/ljw/ww/items/trim_material_overlay",
					"tint_color": "#21497B"
				}
			],
			"additive": true
		},
		"ljw_ww.trim_material_emerald": {
			"textures": [
				"textures/ljw/ww/items/trim_material",
				{
					"path": "textures/ljw/ww/items/trim_material_overlay",
					"tint_color": "#119F36"
				}
			],
			"additive": true
		},
		"ljw_ww.trim_material_diamond": {
			"textures": [
				"textures/ljw/ww/items/trim_material",
				{
					"path": "textures/ljw/ww/items/trim_material_overlay",
					"tint_color": "#2CBAA8"
				}
			],
			"additive": true
		},
		"ljw_ww.trim_material_netherite": {
			"textures": [
				"textures/ljw/ww/items/trim_material",
				{
					"path": "textures/ljw/ww/items/trim_material_overlay",
					"tint_color": "#443A3B"
				}
			],
			"additive": true
		},
		"ljw_ww.trim_material_redstone": {
			"textures": [
				"textures/ljw/ww/items/trim_material",
				{
					"path": "textures/ljw/ww/items/trim_material_overlay",
					"tint_color": "#971607"
				}
			],
			"additive": true
		},
		"ljw_ww.trim_material_amethyst": {
			"textures": [
				"textures/ljw/ww/items/trim_material",
				{
					"path": "textures/ljw/ww/items/trim_material_overlay",
					"tint_color": "#9A5CC6"
				}
			],
			"additive": true
		},
		"ljw_ww.trim_material_quartz": {
			"textures": [
				"textures/ljw/ww/items/trim_material",
				{
					"path": "textures/ljw/ww/items/trim_material_overlay",
					"tint_color": "#E3D4D1"
				}
			],
			"additive": true
		},
		"ljw_ww.trim_material_resin": {
			"textures": [
				"textures/ljw/ww/items/trim_material",
				{
					"path": "textures/ljw/ww/items/trim_material_overlay",
					"tint_color": "#EB7114"
				}
			],
			"additive": true
		},
		"ljw_ww.trim_material_moonlit": {
			"textures": [
				"textures/ljw/ww/items/trim_material",
				{
					"path": "textures/ljw/ww/items/trim_material_overlay",
					"tint_color": "#B7CCC2"
				}
			],
			"additive": true
		}
	}
}