{
	"resource_pack_name": "vanilla",
	"texture_name": "atlas.terrain",
	"padding": 8,
	"num_mip_levels": 4,
	"texture_data": {
		"ljw_ww.moonglow_sprig": {
			"textures": [
				"textures/ljw/ww/blocks/moonglow_sprig"
			]
		},
		"ljw_ww.moonglow_sprig.dormant": {
			"textures": [
				"textures/ljw/ww/blocks/moonglow_sprig_dormant"
			]
		},
		"ljw_ww.lycan_forge_top": {
			"textures": [
				"textures/ljw/ww/blocks/lycan_forge_top"
			]
		},
		"ljw_ww.lycan_forge_front": {
			"textures": [
				"textures/ljw/ww/blocks/lycan_forge_front"
			]
		},
		"ljw_ww.lycan_forge_side": {
			"textures": [
				"textures/ljw/ww/blocks/lycan_forge_side"
			]
		},
		"ljw_ww.lycan_forge_bottom": {
			"textures": [
				"textures/ljw/ww/blocks/lycan_forge_bottom"
			]
		},
		"ljw_ww.lunar_lantern": {
			"textures": [
				"textures/ljw/ww/blocks/lunar_lantern"
			]
		},
		"ljw_ww.lunarburn_lantern": {
			"textures": [
				"textures/ljw/ww/blocks/lunarburn_lantern"
			]
		}
	}
}