{
	"format_version": "1.10.0",
	"particle_effect": {
		"description": {
			"identifier": "pb_scraft:rune_spin",
			"basic_render_parameters": {
				"material": "particles_add",
				"texture": "textures/pb/scraft/particle/rune_fire_16_glow"
			}
		},
		"curves": {
			"variable.size_curve": {
				"type": "linear",
				"input": "v.particle_age",
				"horizontal_range": "v.particle_lifetime",
				"nodes": [0.2, 0.2]
			}
		},
		"components": {
			"minecraft:emitter_initialization": {
				"creation_expression": "variable.size = 0.08;variable.offset = 1;variable.spinspeed = 180;variable.lifetime = 2;variable.angle = math.random(-40,40);variable.rotation = math.random(-180,180);variable.radius = 1.5;"
			},
			"minecraft:emitter_local_space": {
				"position": true,
				"rotation": true
			},
			"minecraft:emitter_rate_steady": {
				"spawn_rate": 5,
				"max_particles": 60
			},
			"minecraft:emitter_lifetime_looping": {
				"active_time": 10
			},
			"minecraft:emitter_shape_point": {
				"offset": ["variable.radius*-math.sin(variable.emitter_age*360)", "variable.radius*math.cos(variable.emitter_age*360)", 0]
			},
			"minecraft:particle_lifetime_expression": {
				"max_lifetime": "variable.lifetime"
			},
			"minecraft:particle_initial_spin": {
				"rotation": "variable.angle"
			},
			"minecraft:particle_motion_parametric": {
				"relative_position": ["(variable.radius*-math.sin(variable.particle_age*variable.spinspeed + variable.rotation))", "variable.radius * math.sin(variable.particle_age*variable.spinspeed) * (variable.angle* math.pi/180)", "(variable.radius*math.cos(variable.particle_age*variable.spinspeed  + variable.rotation))"],
				"direction": [1, 0, 0]
			},
			"minecraft:particle_appearance_billboard": {
				"size": ["variable.size_curve", "variable.size_curve"],
				"facing_camera_mode": "direction_x",
				"direction": {
					"mode": "custom",
					"custom_direction": ["(variable.radius*-math.sin(variable.particle_age*variable.spinspeed  + variable.rotation))", "variable.radius * math.sin(variable.particle_age*variable.spinspeed) * (variable.angle* math.pi/180)", "(variable.radius*math.cos(variable.particle_age*variable.spinspeed  + variable.rotation))"]
				},
				"uv": {
					"texture_width": 1,
					"texture_height": 1,
					"uv": [0, 0],
					"uv_size": [1, 1]
				}
			},
			"minecraft:particle_appearance_tinting": {
				"color": {
					"interpolant": "v.particle_age / v.particle_lifetime",
					"gradient": {
						"0.0": "#E3A01818",
						"0.49": "#FF976C1B",
						"1.0": "#E3A01818"
					}
				}
			}
		}
	}
}