{
	"format_version": "1.8.0",
	"animations": {
		"animation.pb_scraft.arcane_wand.first_person_hold": {
			"loop": true,
			"bones": {
				"root": {
					"rotation": [141.04342, -41.64359, -318.95658],
					"position": [8.97199, 28.42218, 14.6761]
				},
				"rotating_gem": {
					"rotation": ["query.anim_time*80", "query.anim_time*80", "-query.anim_time*80"],
					"position": [0, 0, 0]
				},
				"magic_effect": {
					"rotation": [0, "query.anim_time*30", 0],
					"position": [0, "Math.sin(query.anim_time*90)*1", 0]
				}
			}
		},
		"animation.pb_scraft.arcane_wand.third_person_hold": {
			"loop": true,
			"bones": {
				"root": {
					"rotation": [102.5, 0, 0],
					"position": [-0.5, 25.03528, 10.3637],
					"scale": 0.85
				},
				"rotating_gem": {
					"rotation": ["query.anim_time*30", "query.anim_time*30", "-query.anim_time*30"]
				},
				"magic_effect": {
					"rotation": [0, "query.anim_time*30", 0]
				}
			}
		},
		"animation.pb_scraft.arcane_wand.cast": {
			"loop": "hold_on_last_frame",
			"animation_length": 0.36,
			"bones": {
				"root": {
					"rotation": {
						"0.0": [0, 0, 0],
						"0.04": [-15, 0, 0],
						"0.16": [0, 0, 0]
					},
					"position": {
						"0.0": [0, 0, 0],
						"0.08": [0.98787, 0.73806, -0.01056],
						"0.16": [0, -3, -1],
						"0.28": [0, 0, 0]
					},
					"scale": {
						"0.0": [1, 1, 1],
						"0.04": [1.1, 1.3, 1.1],
						"0.28": [1, 1, 1]
					}
				},
				"rotating_gem": {
					"position": {
						"0.12": [0, 0, 0],
						"0.2": [0, 14, 0],
						"0.28": [0, 1.5, 0],
						"0.36": [0, 0, 0]
					}
				},
				"ring": {
					"scale": {
						"0.0": [1, 1, 1],
						"0.08": [0.2, 1, 0.2],
						"0.12": [1, 1, 1]
					}
				},
				"particle": {
					"rotation": [0, 0, 0],
					"scale": {
						"0.16": [1, 1, 1],
						"0.2": [1, 1, 3.2],
						"0.28": [1, 1, 1]
					}
				},
				"particle2": {
					"scale": {
						"0.16": [1, 1, 1],
						"0.2": [1, 1, 4.2],
						"0.28": [1, 1, 1]
					}
				},
				"particle3": {
					"scale": {
						"0.16": [1, 1, 1],
						"0.2": [1, 1, 3.2],
						"0.28": [1, 1, 1]
					}
				},
				"particle4": {
					"scale": {
						"0.16": [1, 1, 1],
						"0.2": [1, 1, 3.2],
						"0.28": [1, 1, 1]
					}
				},
				"particle5": {
					"scale": {
						"0.16": [1, 1, 1],
						"0.2": [1, 1, 3.2],
						"0.28": [1, 1, 1]
					}
				},
				"particle6": {
					"scale": {
						"0.16": [1, 1, 1],
						"0.2": [1, 1, 3.2],
						"0.28": [1, 1, 1]
					}
				},
				"particle7": {
					"scale": {
						"0.16": [1, 1, 1],
						"0.2": [1, 1, 3.2],
						"0.28": [1, 1, 1]
					}
				},
				"particle8": {
					"scale": {
						"0.16": [1, 1, 1],
						"0.2": [1, 1, 3.2],
						"0.28": [1, 1, 1]
					}
				}
			}
		},
		"animation.pb_scraft.arcane_wand.cast_3p": {
			"loop": "hold_on_last_frame",
			"animation_length": 0.36,
			"bones": {
				"root": {
					"scale": {
						"0.0": [1, 1, 1],
						"0.04": [1.1, 1.2, 1.1],
						"0.28": [1, 1, 1]
					}
				},
				"rotating_gem": {
					"position": {
						"0.12": [0, 0, 0],
						"0.2": [0, 14, 0],
						"0.28": [0, 1.5, 0],
						"0.36": [0, 0, 0]
					}
				},
				"ring": {
					"scale": {
						"0.0": [1, 1, 1],
						"0.08": [0.2, 1, 0.2],
						"0.12": [1, 1, 1]
					}
				},
				"particle": {
					"rotation": [0, 0, 0],
					"scale": {
						"0.16": [1, 1, 1],
						"0.2": [1, 1, 3.2],
						"0.28": [1, 1, 1]
					}
				},
				"particle2": {
					"scale": {
						"0.16": [1, 1, 1],
						"0.2": [1, 1, 4.2],
						"0.28": [1, 1, 1]
					}
				},
				"particle3": {
					"scale": {
						"0.16": [1, 1, 1],
						"0.2": [1, 1, 3.2],
						"0.28": [1, 1, 1]
					}
				},
				"particle4": {
					"scale": {
						"0.16": [1, 1, 1],
						"0.2": [1, 1, 3.2],
						"0.28": [1, 1, 1]
					}
				},
				"particle5": {
					"scale": {
						"0.16": [1, 1, 1],
						"0.2": [1, 1, 3.2],
						"0.28": [1, 1, 1]
					}
				},
				"particle6": {
					"scale": {
						"0.16": [1, 1, 1],
						"0.2": [1, 1, 3.2],
						"0.28": [1, 1, 1]
					}
				},
				"particle7": {
					"scale": {
						"0.16": [1, 1, 1],
						"0.2": [1, 1, 3.2],
						"0.28": [1, 1, 1]
					}
				},
				"particle8": {
					"scale": {
						"0.16": [1, 1, 1],
						"0.2": [1, 1, 3.2],
						"0.28": [1, 1, 1]
					}
				}
			}
		},
		"animation.pb_scraft.arcane_wand.use": {
			"loop": "hold_on_last_frame",
			"animation_length": 0.4,
			"bones": {
				"root": {
					"rotation": {
						"0.0": [0, 0, 0],
						"0.08": [0, 0, 0],
						"0.28": [0, 0, 0]
					},
					"position": {
						"0.0": [0, 0, 0],
						"0.08": [1, -1, -1],
						"0.28": [0, 0, 0]
					},
					"scale": {
						"0.0": [1, 1, 1],
						"0.08": [1.1, 1.1, 1.1],
						"0.28": [1, 1, 1]
					}
				},
				"particle": {
					"position": {
						"0.0": [0, 0, 0],
						"0.04": [0, 0, 1],
						"0.4": [0, 0, 0]
					}
				},
				"particle2": {
					"position": {
						"0.0": [0, 0, 0],
						"0.04": [2, 0, 3],
						"0.36": [0, 0, 0]
					}
				},
				"particle3": {
					"position": {
						"0.08": [0, 0, 0],
						"0.12": [2, 0, 2],
						"0.4": [0, 0, 0]
					}
				},
				"particle4": {
					"position": {
						"0.04": [0, 0, 0],
						"0.08": [2, 0, -3],
						"0.32": [0, 0, 0]
					}
				},
				"particle5": {
					"position": {
						"0.08": [0, 0, 0],
						"0.12": [0, 0, -2],
						"0.32": [0, 0, 0]
					}
				},
				"particle6": {
					"position": {
						"0.0": [0, 0, 0],
						"0.04": [-1, 0, -2],
						"0.2": [0, 0, 0]
					}
				},
				"particle7": {
					"position": {
						"0.08": [0, 0, 0],
						"0.12": [-2, 0, 0],
						"0.24": [0, 0, 0]
					}
				},
				"particle8": {
					"position": {
						"0.04": [0, 0, 0],
						"0.08": [-2, 0, 2],
						"0.16": [0, 0, 0]
					}
				}
			}
		},
		"animation.pb_scraft.arcane_wand.use_3p": {
			"loop": "hold_on_last_frame",
			"animation_length": 0.4,
			"bones": {
				"root": {
					"scale": {
						"0.0": [1, 1, 1],
						"0.08": [1.1, 1.1, 1.1],
						"0.28": [1, 1, 1]
					}
				},
				"particle": {
					"position": {
						"0.0": [0, 0, 0],
						"0.04": [0, 0, 1],
						"0.4": [0, 0, 0]
					}
				},
				"particle2": {
					"position": {
						"0.0": [0, 0, 0],
						"0.04": [2, 0, 3],
						"0.36": [0, 0, 0]
					}
				},
				"particle3": {
					"position": {
						"0.08": [0, 0, 0],
						"0.12": [2, 0, 2],
						"0.4": [0, 0, 0]
					}
				},
				"particle4": {
					"position": {
						"0.04": [0, 0, 0],
						"0.08": [2, 0, -3],
						"0.32": [0, 0, 0]
					}
				},
				"particle5": {
					"position": {
						"0.08": [0, 0, 0],
						"0.12": [0, 0, -2],
						"0.32": [0, 0, 0]
					}
				},
				"particle6": {
					"position": {
						"0.0": [0, 0, 0],
						"0.04": [-1, 0, -2],
						"0.2": [0, 0, 0]
					}
				},
				"particle7": {
					"position": {
						"0.08": [0, 0, 0],
						"0.12": [-2, 0, 0],
						"0.24": [0, 0, 0]
					}
				},
				"particle8": {
					"position": {
						"0.04": [0, 0, 0],
						"0.08": [-2, 0, 2],
						"0.16": [0, 0, 0]
					}
				}
			}
		},
		"animation.pb_scraft.arcane_wand.loop": {
			"loop": true,
			"bones": {
				"root": {
					"rotation": ["math.sin(query.anim_time*1420)*2", 0, "math.cos(query.anim_time*1420)*2"]
				},
				"magic_effect": {
					"rotation": [0, "q.anim_time*360", 0],
					"scale": "1+math.sin(q.anim_time*360)*0.05"
				},
				"particle": {
					"rotation": ["math.sin(query.anim_time*180*3)*-40", 0, 0],
					"scale": ["math.clamp(math.sin(query.anim_time*-180*3)*3, 1, 20)", 1, "math.clamp(math.sin(query.anim_time*-180*3)*1.5, 1, 20)"]
				},
				"particle2": {
					"rotation": ["math.sin(query.anim_time*180*3)*40", 0, 0],
					"scale": ["math.clamp(math.sin(query.anim_time*-180*3+10)*3, 1, 20)", 1, "math.clamp(math.sin(query.anim_time*-180*3+10)*1.5, 1, 20)"]
				},
				"particle3": {
					"rotation": ["math.sin(query.anim_time*180*3)*40", 0, 0],
					"scale": ["math.clamp(math.sin(query.anim_time*-180*3+20)*3, 1, 20)", 1, "math.clamp(math.sin(query.anim_time*-180*3+20)*1.5, 1, 20)"]
				},
				"particle4": {
					"rotation": ["math.sin(query.anim_time*180*3)*40", 0, 0],
					"scale": ["math.clamp(math.sin(query.anim_time*-180*3+30)*3, 1, 20)", 1, "math.clamp(math.sin(query.anim_time*-180*3+30)*1.5, 1, 20)"]
				},
				"particle5": {
					"rotation": ["math.sin(query.anim_time*180*3)*40", 0, 0],
					"scale": ["math.clamp(math.sin(query.anim_time*-180*3+40)*3, 1, 20)", 1, "math.clamp(math.sin(query.anim_time*-180*3+40)*1.5, 1, 20)"]
				},
				"particle6": {
					"rotation": ["math.sin(query.anim_time*180*3)*40", 0, 0],
					"scale": ["math.clamp(math.sin(query.anim_time*-180*3+50)*3, 1, 20)", 1, "math.clamp(math.sin(query.anim_time*-180*3+50)*1.5, 1, 20)"]
				},
				"particle7": {
					"rotation": ["math.sin(query.anim_time*180*3)*40", 0, 0],
					"scale": ["math.clamp(math.sin(query.anim_time*-180*3+60)*3, 1, 20)", 1, "math.clamp(math.sin(query.anim_time*-180*3+60)*1.5, 1, 20)"]
				},
				"particle8": {
					"rotation": ["math.sin(query.anim_time*180*3)*40", 0, 0],
					"scale": ["math.clamp(math.sin(query.anim_time*-180*3+70)*3, 1, 20)", 1, "math.clamp(math.sin(query.anim_time*-180*3+70)*1.5, 1, 20)"]
				}
			}
		},
		"animation.pb_scraft.arcane_wand.loop_3p": {
			"loop": true,
			"bones": {
				"root": {
					"rotation": ["math.sin(query.anim_time*1420)*2", 0, "math.cos(query.anim_time*1420)*2"]
				},
				"magic_effect": {
					"rotation": [0, "q.anim_time*360", 0],
					"scale": "1+math.sin(q.anim_time*360)*0.05"
				},
				"particle": {
					"rotation": ["math.sin(query.anim_time*180*3)*-40", 0, 0],
					"scale": ["math.clamp(math.sin(query.anim_time*-180*3)*3, 1, 20)", 1, "math.clamp(math.sin(query.anim_time*-180*3)*1.5, 1, 20)"]
				},
				"particle2": {
					"rotation": ["math.sin(query.anim_time*180*3)*40", 0, 0],
					"scale": ["math.clamp(math.sin(query.anim_time*-180*3+10)*3, 1, 20)", 1, "math.clamp(math.sin(query.anim_time*-180*3+10)*1.5, 1, 20)"]
				},
				"particle3": {
					"rotation": ["math.sin(query.anim_time*180*3)*40", 0, 0],
					"scale": ["math.clamp(math.sin(query.anim_time*-180*3+20)*3, 1, 20)", 1, "math.clamp(math.sin(query.anim_time*-180*3+20)*1.5, 1, 20)"]
				},
				"particle4": {
					"rotation": ["math.sin(query.anim_time*180*3)*40", 0, 0],
					"scale": ["math.clamp(math.sin(query.anim_time*-180*3+30)*3, 1, 20)", 1, "math.clamp(math.sin(query.anim_time*-180*3+30)*1.5, 1, 20)"]
				},
				"particle5": {
					"rotation": ["math.sin(query.anim_time*180*3)*40", 0, 0],
					"scale": ["math.clamp(math.sin(query.anim_time*-180*3+40)*3, 1, 20)", 1, "math.clamp(math.sin(query.anim_time*-180*3+40)*1.5, 1, 20)"]
				},
				"particle6": {
					"rotation": ["math.sin(query.anim_time*180*3)*40", 0, 0],
					"scale": ["math.clamp(math.sin(query.anim_time*-180*3+50)*3, 1, 20)", 1, "math.clamp(math.sin(query.anim_time*-180*3+50)*1.5, 1, 20)"]
				},
				"particle7": {
					"rotation": ["math.sin(query.anim_time*180*3)*40", 0, 0],
					"scale": ["math.clamp(math.sin(query.anim_time*-180*3+60)*3, 1, 20)", 1, "math.clamp(math.sin(query.anim_time*-180*3+60)*1.5, 1, 20)"]
				},
				"particle8": {
					"rotation": ["math.sin(query.anim_time*180*3)*40", 0, 0],
					"scale": ["math.clamp(math.sin(query.anim_time*-180*3+70)*3, 1, 20)", 1, "math.clamp(math.sin(query.anim_time*-180*3+70)*1.5, 1, 20)"]
				}
			}
		}
	}
}