{
	"format_version": "1.8.0",
	"animations": {
		"animation.pb_scraft.staff_2.first_person_hold": {
			"loop": true,
			"bones": {
				"root": {
					"rotation": [33, -30, -520],
					"position": [8, -10, 7]
				},
				"rotating_gem": {
					"rotation": ["query.anim_time*80", "query.anim_time*80", "-query.anim_time*80"],
					"position": [0, 0, 0]
				},
				"magic_effect": {
					"rotation": [0, "query.anim_time*30", 0],
					"position": [0, "Math.sin(query.anim_time*90)*1", 0]
				},
				"air_3_chain": {
					"rotation": [2.88751, 11.31808, -2.40076]
				},
				"twilight_1_ray": {
					"scale": [0.85, 1, 0.85]
				}
			}
		},
		"animation.pb_scraft.staff_2.third_person_hold": {
			"loop": true,
			"bones": {
				"root": {
					"rotation": [81.64786, -16.93622, -86.50806],
					"position": [-0.5, 14.03528, -9.6363],
					"scale": 0.85
				},
				"rotating_gem": {
					"rotation": ["query.anim_time*30", "query.anim_time*30", "-query.anim_time*30"]
				},
				"magic_effect": {
					"rotation": [0, "query.anim_time*30", 0]
				},
				"fire_2_bird": {
					"rotation": [0, 180, 0]
				},
				"twilight_1_eye": {
					"rotation": [0, 180, 0]
				},
				"twilight_2_spell": {
					"rotation": [0, 0, 0]
				},
				"air_3_chain": {
					"rotation": [1.19902, -5.45372, 50.63693]
				},
				"twilight_1_ray": {
					"scale": [0.85, 1, 0.85]
				}
			}
		},
		"animation.pb_scraft.staff_2.cast": {
			"loop": "hold_on_last_frame",
			"animation_length": 0.36,
			"bones": {
				"root": {
					"rotation": {
						"0.0": [35, 7, -66],
						"0.04": [14.05152, 1.31209, -81.6851],
						"0.32": [35, 7, -66]
					},
					"position": {
						"0.0": [2.8, 0.8, -1],
						"0.04": [4.28341, -1.72757, -3.7073],
						"0.32": [2.8, 0.8, -1]
					},
					"scale": {
						"0.0": [1, 1, 1],
						"0.04": [1.1, 1.3, 1.1],
						"0.28": [1, 1, 1],
						"0.32": [1, 1, 1]
					}
				},
				"particle": {
					"rotation": [0, 0, 0],
					"scale": {
						"0.16": [1, 1, 1],
						"0.2": [1, 1, 3.2],
						"0.28": [1, 1, 1]
					}
				},
				"particle2": {
					"scale": {
						"0.16": [1, 1, 1],
						"0.2": [1, 1, 4.2],
						"0.28": [1, 1, 1]
					}
				},
				"particle3": {
					"scale": {
						"0.16": [1, 1, 1],
						"0.2": [1, 1, 3.2],
						"0.28": [1, 1, 1]
					}
				},
				"particle4": {
					"scale": {
						"0.16": [1, 1, 1],
						"0.2": [1, 1, 3.2],
						"0.28": [1, 1, 1]
					}
				},
				"particle5": {
					"scale": {
						"0.16": [1, 1, 1],
						"0.2": [1, 1, 3.2],
						"0.28": [1, 1, 1]
					}
				},
				"particle6": {
					"scale": {
						"0.16": [1, 1, 1],
						"0.2": [1, 1, 3.2],
						"0.28": [1, 1, 1]
					}
				},
				"particle7": {
					"scale": {
						"0.16": [1, 1, 1],
						"0.2": [1, 1, 3.2],
						"0.28": [1, 1, 1]
					}
				},
				"particle8": {
					"scale": {
						"0.16": [1, 1, 1],
						"0.2": [1, 1, 3.2],
						"0.28": [1, 1, 1]
					}
				},
				"air_3_chain": {
					"rotation": {
						"0.0": [15.60024, -4.89475, 37.83899],
						"0.08": [-8.19214, -29.4465, 22.44787],
						"0.24": [-8.19214, -29.4465, 22.44787],
						"0.32": [0, -3.5, 33]
					}
				}
			}
		},
		"animation.pb_scraft.staff_2.cast_3p": {
			"loop": "hold_on_last_frame",
			"animation_length": 0.36,
			"bones": {
				"root": {
					"rotation": {
						"0.0": [-11.3612, -10.6301, 43.5232],
						"0.04": [17.91886, 11.71739, 51.96215],
						"0.32": [-11.3612, -10.6301, 43.5232]
					},
					"position": {
						"0.0": [0.9, 2.3444, 2.23836],
						"0.04": [2.9, -4.12738, -1.82497],
						"0.32": [0.9, 2.3444, 2.23836]
					},
					"scale": {
						"0.0": [1, 1, 1],
						"0.04": [1.1, 1.3, 1.1],
						"0.28": [1, 1, 1],
						"0.32": [1, 1, 1]
					}
				},
				"particle": {
					"rotation": [0, 0, 0],
					"scale": {
						"0.16": [1, 1, 1],
						"0.2": [1, 1, 3.2],
						"0.28": [1, 1, 1]
					}
				},
				"particle2": {
					"scale": {
						"0.16": [1, 1, 1],
						"0.2": [1, 1, 4.2],
						"0.28": [1, 1, 1]
					}
				},
				"particle3": {
					"scale": {
						"0.16": [1, 1, 1],
						"0.2": [1, 1, 3.2],
						"0.28": [1, 1, 1]
					}
				},
				"particle4": {
					"scale": {
						"0.16": [1, 1, 1],
						"0.2": [1, 1, 3.2],
						"0.28": [1, 1, 1]
					}
				},
				"particle5": {
					"scale": {
						"0.16": [1, 1, 1],
						"0.2": [1, 1, 3.2],
						"0.28": [1, 1, 1]
					}
				},
				"particle6": {
					"scale": {
						"0.16": [1, 1, 1],
						"0.2": [1, 1, 3.2],
						"0.28": [1, 1, 1]
					}
				},
				"particle7": {
					"scale": {
						"0.16": [1, 1, 1],
						"0.2": [1, 1, 3.2],
						"0.28": [1, 1, 1]
					}
				},
				"particle8": {
					"scale": {
						"0.16": [1, 1, 1],
						"0.2": [1, 1, 3.2],
						"0.28": [1, 1, 1]
					}
				},
				"air_3_chain": {
					"rotation": {
						"0.0": [-28.96915, -6.80923, -20.04494],
						"0.08": [3.63515, -19.94293, -40.0167],
						"0.24": [3.63515, -19.94293, -40.0167],
						"0.36": [-28.97, -6.81, -20.04]
					}
				}
			}
		},
		"animation.pb_scraft.staff_2.use": {
			"loop": "hold_on_last_frame",
			"animation_length": 0.4,
			"bones": {
				"root": {
					"rotation": {
						"0.0": [0, 0, 0],
						"0.08": [0, 0, 0],
						"0.28": [0, 0, 0]
					},
					"position": {
						"0.0": [0, 0, 0],
						"0.08": [1, -1, -1],
						"0.28": [0, 0, 0]
					},
					"scale": {
						"0.0": [1, 1, 1],
						"0.08": [1.1, 1.1, 1.1],
						"0.28": [1, 1, 1]
					}
				},
				"particle": {
					"position": {
						"0.0": [0, 0, 0],
						"0.04": [0, 0, 1],
						"0.4": [0, 0, 0]
					}
				},
				"particle2": {
					"position": {
						"0.0": [0, 0, 0],
						"0.04": [2, 0, 3],
						"0.36": [0, 0, 0]
					}
				},
				"particle3": {
					"position": {
						"0.08": [0, 0, 0],
						"0.12": [2, 0, 2],
						"0.4": [0, 0, 0]
					}
				},
				"particle4": {
					"position": {
						"0.04": [0, 0, 0],
						"0.08": [2, 0, -3],
						"0.32": [0, 0, 0]
					}
				},
				"particle5": {
					"position": {
						"0.08": [0, 0, 0],
						"0.12": [0, 0, -2],
						"0.32": [0, 0, 0]
					}
				},
				"particle6": {
					"position": {
						"0.0": [0, 0, 0],
						"0.04": [-1, 0, -2],
						"0.2": [0, 0, 0]
					}
				},
				"particle7": {
					"position": {
						"0.08": [0, 0, 0],
						"0.12": [-2, 0, 0],
						"0.24": [0, 0, 0]
					}
				},
				"particle8": {
					"position": {
						"0.04": [0, 0, 0],
						"0.08": [-2, 0, 2],
						"0.16": [0, 0, 0]
					}
				}
			}
		},
		"animation.pb_scraft.staff_2.use_3p": {
			"loop": "hold_on_last_frame",
			"animation_length": 0.4,
			"bones": {
				"root": {
					"scale": {
						"0.0": [1, 1, 1],
						"0.08": [1.1, 1.1, 1.1],
						"0.28": [1, 1, 1]
					}
				},
				"particle": {
					"position": {
						"0.0": [0, 0, 0],
						"0.04": [0, 0, 1],
						"0.4": [0, 0, 0]
					}
				},
				"particle2": {
					"position": {
						"0.0": [0, 0, 0],
						"0.04": [2, 0, 3],
						"0.36": [0, 0, 0]
					}
				},
				"particle3": {
					"position": {
						"0.08": [0, 0, 0],
						"0.12": [2, 0, 2],
						"0.4": [0, 0, 0]
					}
				},
				"particle4": {
					"position": {
						"0.04": [0, 0, 0],
						"0.08": [2, 0, -3],
						"0.32": [0, 0, 0]
					}
				},
				"particle5": {
					"position": {
						"0.08": [0, 0, 0],
						"0.12": [0, 0, -2],
						"0.32": [0, 0, 0]
					}
				},
				"particle6": {
					"position": {
						"0.0": [0, 0, 0],
						"0.04": [-1, 0, -2],
						"0.2": [0, 0, 0]
					}
				},
				"particle7": {
					"position": {
						"0.08": [0, 0, 0],
						"0.12": [-2, 0, 0],
						"0.24": [0, 0, 0]
					}
				},
				"particle8": {
					"position": {
						"0.04": [0, 0, 0],
						"0.08": [-2, 0, 2],
						"0.16": [0, 0, 0]
					}
				}
			}
		},
		"animation.pb_scraft.staff_2.loop": {
			"loop": true,
			"bones": {
				"root": {
					"rotation": ["35+math.sin(query.anim_time*250)*2", "7+math.sin(query.anim_time*1000)*0.8", "-66+math.sin(query.anim_time*500)*1"],
					"position": [2.8, "0.8+math.sin(query.anim_time*250)*1.2", -1]
				},
				"magic_effect": {
					"rotation": [0, "q.anim_time*360", 0],
					"scale": "1+math.sin(q.anim_time*360)*0.05"
				},
				"particle": {
					"rotation": ["math.sin(query.anim_time*180*3)*-40", 0, 0],
					"scale": ["math.clamp(math.sin(query.anim_time*-180*3)*3, 1, 20)", 1, "math.clamp(math.sin(query.anim_time*-180*3)*1.5, 1, 20)"]
				},
				"particle2": {
					"rotation": ["math.sin(query.anim_time*180*3)*40", 0, 0],
					"scale": ["math.clamp(math.sin(query.anim_time*-180*3+10)*3, 1, 20)", 1, "math.clamp(math.sin(query.anim_time*-180*3+10)*1.5, 1, 20)"]
				},
				"particle3": {
					"rotation": ["math.sin(query.anim_time*180*3)*40", 0, 0],
					"scale": ["math.clamp(math.sin(query.anim_time*-180*3+20)*3, 1, 20)", 1, "math.clamp(math.sin(query.anim_time*-180*3+20)*1.5, 1, 20)"]
				},
				"particle4": {
					"rotation": ["math.sin(query.anim_time*180*3)*40", 0, 0],
					"scale": ["math.clamp(math.sin(query.anim_time*-180*3+30)*3, 1, 20)", 1, "math.clamp(math.sin(query.anim_time*-180*3+30)*1.5, 1, 20)"]
				},
				"particle5": {
					"rotation": ["math.sin(query.anim_time*180*3)*40", 0, 0],
					"scale": ["math.clamp(math.sin(query.anim_time*-180*3+40)*3, 1, 20)", 1, "math.clamp(math.sin(query.anim_time*-180*3+40)*1.5, 1, 20)"]
				},
				"particle6": {
					"rotation": ["math.sin(query.anim_time*180*3)*40", 0, 0],
					"scale": ["math.clamp(math.sin(query.anim_time*-180*3+50)*3, 1, 20)", 1, "math.clamp(math.sin(query.anim_time*-180*3+50)*1.5, 1, 20)"]
				},
				"particle7": {
					"rotation": ["math.sin(query.anim_time*180*3)*40", 0, 0],
					"scale": ["math.clamp(math.sin(query.anim_time*-180*3+60)*3, 1, 20)", 1, "math.clamp(math.sin(query.anim_time*-180*3+60)*1.5, 1, 20)"]
				},
				"particle8": {
					"rotation": ["math.sin(query.anim_time*180*3)*40", 0, 0],
					"scale": ["math.clamp(math.sin(query.anim_time*-180*3+70)*3, 1, 20)", 1, "math.clamp(math.sin(query.anim_time*-180*3+70)*1.5, 1, 20)"]
				},
				"air_3_chain": {
					"rotation": [13.5, 0, 37.5]
				}
			}
		},
		"animation.pb_scraft.staff_2.loop_3p": {
			"loop": true,
			"bones": {
				"root": {
					"rotation": ["-11.3612+math.sin(query.anim_time*250)*2", "-10.6301+math.sin(query.anim_time*1000)*0.8", "43.5232+math.sin(query.anim_time*500)*1"],
					"position": [0.9, "2.3444+math.sin(query.anim_time*250)*0.4", 2.23836]
				},
				"magic_effect": {
					"rotation": [0, "q.anim_time*360", 0],
					"scale": "1+math.sin(q.anim_time*360)*0.05"
				},
				"particle": {
					"rotation": ["math.sin(query.anim_time*180*3)*-40", 0, 0],
					"scale": ["math.clamp(math.sin(query.anim_time*-180*3)*3, 1, 20)", 1, "math.clamp(math.sin(query.anim_time*-180*3)*1.5, 1, 20)"]
				},
				"particle2": {
					"rotation": ["math.sin(query.anim_time*180*3)*40", 0, 0],
					"scale": ["math.clamp(math.sin(query.anim_time*-180*3+10)*3, 1, 20)", 1, "math.clamp(math.sin(query.anim_time*-180*3+10)*1.5, 1, 20)"]
				},
				"particle3": {
					"rotation": ["math.sin(query.anim_time*180*3)*40", 0, 0],
					"scale": ["math.clamp(math.sin(query.anim_time*-180*3+20)*3, 1, 20)", 1, "math.clamp(math.sin(query.anim_time*-180*3+20)*1.5, 1, 20)"]
				},
				"particle4": {
					"rotation": ["math.sin(query.anim_time*180*3)*40", 0, 0],
					"scale": ["math.clamp(math.sin(query.anim_time*-180*3+30)*3, 1, 20)", 1, "math.clamp(math.sin(query.anim_time*-180*3+30)*1.5, 1, 20)"]
				},
				"particle5": {
					"rotation": ["math.sin(query.anim_time*180*3)*40", 0, 0],
					"scale": ["math.clamp(math.sin(query.anim_time*-180*3+40)*3, 1, 20)", 1, "math.clamp(math.sin(query.anim_time*-180*3+40)*1.5, 1, 20)"]
				},
				"particle6": {
					"rotation": ["math.sin(query.anim_time*180*3)*40", 0, 0],
					"scale": ["math.clamp(math.sin(query.anim_time*-180*3+50)*3, 1, 20)", 1, "math.clamp(math.sin(query.anim_time*-180*3+50)*1.5, 1, 20)"]
				},
				"particle7": {
					"rotation": ["math.sin(query.anim_time*180*3)*40", 0, 0],
					"scale": ["math.clamp(math.sin(query.anim_time*-180*3+60)*3, 1, 20)", 1, "math.clamp(math.sin(query.anim_time*-180*3+60)*1.5, 1, 20)"]
				},
				"particle8": {
					"rotation": ["math.sin(query.anim_time*180*3)*40", 0, 0],
					"scale": ["math.clamp(math.sin(query.anim_time*-180*3+70)*3, 1, 20)", 1, "math.clamp(math.sin(query.anim_time*-180*3+70)*1.5, 1, 20)"]
				},
				"air_3_chain": {
					"rotation": [-29.1327, -13.0785, -18.1108]
				}
			}
		},
		"animation.pb_scraft.air_1_loop": {
			"loop": true,
			"bones": {
				"snake2": {
					"rotation": [25, 0, 0]
				},
				"sn1t7": {
					"rotation": [-45, 0, 0]
				},
				"sn1t8": {
					"rotation": ["math.sin(query.anim_time*4000)*5", 0, 0]
				},
				"snake3": {
					"rotation": [25, 0, 0]
				},
				"sn1t5": {
					"rotation": [-45, 0, 0]
				},
				"sn1t9": {
					"rotation": ["math.sin(query.anim_time*4000)*5", 0, 0]
				},
				"sn1t12": {
					"rotation": [-45, 0, 0]
				},
				"sn1t13": {
					"rotation": ["math.sin(query.anim_time*4000)*5", 0, 0]
				},
				"sn1t16": {
					"rotation": [45, 0, 0]
				},
				"sn1t17": {
					"rotation": ["math.sin(query.anim_time*4000)*5", 0, 0]
				},
				"spell_air_1": {
					"rotation": [-45, 0, "math.sin(query.anim_time*3000)*1"],
					"position": [0, 1, 0]
				}
			}
		},
		"animation.pb_scraft.air_1_cast": {
			"animation_length": 0.36,
			"bones": {
				"spell_air_1": {
					"rotation": {
						"0.0": [-45, 0, 0],
						"0.3333": [675, 720, 720]
					},
					"position": {
						"0.0": [0, 1, 0],
						"0.3333": [0, 1, 0]
					},
					"scale": {
						"0.0": [1, 1, 1],
						"0.1667": [0.5, 0.5, 0.5],
						"0.3333": [1, 1, 1]
					}
				}
			}
		},
		"animation.pb_scraft.air_3_loop": {
			"loop": true,
			"bones": {
				"air_3_chain": {
					"rotation": ["math.sin(query.anim_time*250)*3", "math.sin(query.anim_time*1000)*1.5", "math.sin(query.anim_time*500)*1.5"]
				},
				"spell_air_3": {
					"position": [0, 1, 0]
				},
				"air_3_cube": {
					"rotation": ["math.sin(query.anim_time*150)*10", "-math.sin(query.anim_time*75)*10", 0],
					"scale": 0.9
				},
				"air_3_ring_1": {
					"rotation": [0, "query.anim_time*200*math.clamp(query.anim_time,0,3)", 0]
				},
				"air_3_ring_2": {
					"rotation": ["query.anim_time*200*math.clamp(query.anim_time,0,3)", 0, 0]
				},
				"air_3_ring_3": {
					"rotation": [0, 0, "query.anim_time*200*math.clamp(query.anim_time,0,3)"],
					"scale": 1
				}
			}
		},
		"animation.pb_scraft.air_3_cast": {
			"loop": "hold_on_last_frame",
			"animation_length": 0.36,
			"bones": {
				"air_3_cube": {
					"rotation": {
						"0.0": [0, 0, 0],
						"0.0833": [0, 0, 90],
						"0.1667": [0, 90, 90],
						"0.25": [90, 90, 90],
						"0.3333": [0, 0, 0]
					},
					"scale": {
						"0.0": [1, 1, 1],
						"0.1667": [0.8, 0.8, 0.8],
						"0.3333": [1, 1, 1]
					}
				},
				"air_3_ring_1": {
					"rotation": {
						"0.0": [0, 0, 0],
						"0.3333": [0, -720, 0]
					},
					"scale": {
						"0.0": [1, 1, 1],
						"0.1667": [1.2, 1.2, 1.2],
						"0.3333": [1, 1, 1]
					}
				},
				"air_3_ring_2": {
					"rotation": {
						"0.0": [0, 0, 0],
						"0.3333": [-720, 0, 0]
					},
					"scale": {
						"0.0": [1, 1, 1],
						"0.1667": [1.2, 1.2, 1.2],
						"0.3333": [1, 1, 1]
					}
				},
				"air_3_ring_3": {
					"rotation": {
						"0.0": [0, 0, 0],
						"0.3333": [0, 0, -720]
					},
					"scale": {
						"0.0": [1, 1, 1],
						"0.1667": [1.2, 1.2, 1.2],
						"0.3333": [1, 1, 1]
					}
				}
			}
		},
		"animation.pb_scraft.air_2_loop": {
			"loop": true,
			"bones": {
				"air_2_gem_ring": {
					"scale": "math.clamp(query.anim_time,0,0.2)*1+1"
				},
				"air_2_gem": {
					"rotation": [0, 0, 0],
					"position": [0, "math.sin(query.anim_time*math.clamp(query.anim_time,0,2)*1500)*0.02", 0],
					"scale": "-math.sin(query.anim_time*250)*0.04+1"
				},
				"air_2_gem_right": {
					"position": ["math.clamp(query.anim_time,0,0.2)*5+math.sin(query.anim_time*50)*0.1+0.1", 0, 0]
				},
				"air_2_gem_left": {
					"position": ["math.clamp(query.anim_time,0,0.2)*-5-math.sin(query.anim_time*50)*0.1+0.1", 0, 0]
				}
			}
		},
		"animation.pb_scraft.air_2_cast": {
			"loop": "hold_on_last_frame",
			"animation_length": 0.36,
			"bones": {
				"air_2_gem_ring": {
					"scale": {
						"0.0": [1.2, 1.2, 1.2],
						"0.125": [1.22, 1.15, 1.22],
						"0.1875": [0.98, 0.98, 0.98],
						"0.3125": [1, 1, 1]
					}
				},
				"air_2_gem_right": {
					"position": {
						"0.0": [1, 0, 0],
						"0.125": [1.5, 0, 0],
						"0.1875": [0.2, 0, 0],
						"0.3125": [0, 0, 0]
					},
					"scale": {
						"0.125": [1, 1, 1],
						"0.1875": [1.05, 1.05, 1.05],
						"0.3125": [1, 1, 1]
					}
				},
				"air_2_gem_left": {
					"position": {
						"0.0": [-1, 0, 0],
						"0.125": [-1.5, 0, 0],
						"0.1875": [-0.2, 0, 0],
						"0.3125": [0, 0, 0]
					},
					"scale": {
						"0.125": [1, 1, 1],
						"0.1875": [1.05, 1.05, 1.05],
						"0.3125": [1, 1, 1]
					}
				},
				"air_2_gem": {
					"rotation": {
						"0.0": [0, -360, 0],
						"0.25": [0, 5, 0],
						"0.3125": [0, 0, 0]
					},
					"scale": {
						"0.0": [1, 1, 1],
						"0.1875": [1, 1, 1],
						"0.25": [1.05, 1.05, 1.05],
						"0.3125": [1, 1, 1]
					}
				}
			}
		},
		"animation.pb_scraft.earth_1_loop": {
			"loop": true,
			"bones": {
				"earth_1_right_clamp": {
					"rotation": [0, 0, "math.sin(query.anim_time*75)"],
					"position": [-1, -1, 0]
				},
				"earth_1_left_clamp": {
					"rotation": [0, 0, "math.sin(query.anim_time*75)"],
					"position": [1, -1, 0]
				},
				"earth_1_spell": {
					"rotation": ["math.sin(query.anim_time*125)*6-3", "math.sin(query.anim_time*2000)*0.8", 0],
					"position": [0, 1, 0]
				}
			}
		},
		"animation.pb_scraft.earth_1_cast": {
			"loop": "hold_on_last_frame",
			"animation_length": 0.36,
			"bones": {
				"earth_1_right_clamp": {
					"position": {
						"0.0": [-1, -1, 0],
						"0.0417": [0, 0, 0]
					}
				},
				"earth_1_left_clamp": {
					"position": {
						"0.0": [1, -1, 0],
						"0.0417": [0, 0, 0]
					}
				},
				"earth_1_spell": {
					"position": {
						"0.0": [0, 1, 0],
						"0.0417": [0, 0, 0]
					},
					"scale": {
						"0.0": [1, 1, 1],
						"0.0417": [1.1, 0.9, 1.1],
						"0.3333": [1, 1, 1]
					}
				}
			}
		},
		"animation.pb_scraft.earth_2_loop": {
			"loop": true,
			"bones": {
				"earth_2_spell": {
					"rotation": [0, "query.anim_time*85", 0],
					"scale": 1
				},
				"earth_2_gem_1": {
					"rotation": ["math.sin(query.anim_time*1500)*0.5", "math.sin(query.anim_time*750)*0.5", "math.sin(query.anim_time*325)*0.5"]
				},
				"earth_2_gem_2": {
					"rotation": ["math.sin(query.anim_time*1500)*0.5", "math.sin(query.anim_time*750)*0.5", "math.sin(query.anim_time*325)*0.5"]
				},
				"earth_2_gem_3": {
					"rotation": ["math.sin(query.anim_time*1500)*0.5", "math.sin(query.anim_time*750)*0.5", "math.sin(query.anim_time*325)*0.5"]
				}
			}
		},
		"animation.pb_scraft.earth_2_cast": {
			"loop": "hold_on_last_frame",
			"animation_length": 0.36,
			"bones": {
				"earth_2_gem_1": {
					"scale": {
						"0.0": [1, 1, 1],
						"0.0417": [1, 1, 1.2],
						"0.3333": [1, 1, 1]
					}
				},
				"earth_2_gem_2": {
					"scale": {
						"0.0": [1, 1, 1],
						"0.0417": [1, 1, 1.2],
						"0.3333": [1, 1, 1]
					}
				},
				"earth_2_gem_3": {
					"scale": {
						"0.0": [1, 1, 1],
						"0.0417": [1, 1, 1.2],
						"0.3333": [1, 1, 1]
					}
				},
				"earth_2_gem_large": {
					"scale": {
						"0.0": [1, 1, 1],
						"0.0417": [1.1, 1.2, 1.1],
						"0.3333": [1, 1, 1]
					}
				}
			}
		},
		"animation.pb_scraft.earth_3_loop": {
			"loop": true,
			"bones": {
				"earth_3_gem_top_right": {
					"rotation": [0, "query.anim_time*30", 0],
					"position": ["1+math.sin(query.anim_time*125)*0.5", "1+math.sin(query.anim_time*125)*0.5", 0]
				},
				"earth_3_gem_top_left": {
					"rotation": [0, "-query.anim_time*30", 0],
					"position": ["-1-math.sin(query.anim_time*125)*0.5", "1+math.sin(query.anim_time*125)*0.5", 0]
				},
				"earth_3_gem_right": {
					"rotation": ["query.anim_time*150*math.clamp(query.anim_time,0,3)", 0, 0],
					"position": ["math.sin(query.anim_time*125)*0.5", 0, 0]
				},
				"earth_3_gem_left": {
					"rotation": ["query.anim_time*150*math.clamp(query.anim_time,0,3)*-1", 0, 0],
					"position": ["-math.sin(query.anim_time*125)*0.5", 0, 0]
				},
				"earth_3_gem_bot_right": {
					"rotation": [0, "-query.anim_time*30", 0],
					"position": ["1+math.sin(query.anim_time*125)*0.5", "-math.sin(query.anim_time*125)*0.5", 0]
				},
				"earth_3_gem_bot_left": {
					"rotation": [0, "query.anim_time*30", 0],
					"position": ["-1-math.sin(query.anim_time*125)*0.5", "-math.sin(query.anim_time*125)*0.5", 0]
				},
				"earth_3_gem_large": {
					"rotation": [0, "query.anim_time*20", 0]
				}
			}
		},
		"animation.pb_scraft.earth_3_cast": {
			"animation_length": 0.36,
			"bones": {
				"earth_3_gem_top_right": {
					"rotation": {
						"0.0": [0, 0, 0],
						"0.0417": [0, 0, -15],
						"0.25": [0, 0, -17],
						"0.3333": [0, 0, 0]
					},
					"position": [1, 1, 0],
					"scale": {
						"0.0": [1, 1, 1],
						"0.0417": [1.09, 1.09, 1.09],
						"0.25": [1.1, 1.1, 1.1],
						"0.3333": [1, 1, 1]
					}
				},
				"earth_3_gem_top_left": {
					"rotation": {
						"0.0": [0, 0, 0],
						"0.0417": [0, 0, 15],
						"0.25": [0, 0, 17],
						"0.3333": [0, 0, 0]
					},
					"position": [-1, 1, 0],
					"scale": {
						"0.0": [1, 1, 1],
						"0.0417": [1.09, 1.09, 1.09],
						"0.25": [1.1, 1.1, 1.1],
						"0.3333": [1, 1, 1]
					}
				},
				"earth_3_gem_right": {
					"rotation": {
						"0.0": [0, 0, 0],
						"0.0417": [0, 0, -25],
						"0.25": [0, 0, -27],
						"0.3333": [0, 0, 0]
					},
					"position": [0, 1, 0],
					"scale": {
						"0.0": [1, 1, 1],
						"0.0417": [1.09, 1.09, 1.09],
						"0.25": [1.1, 1.1, 1.1],
						"0.3333": [1, 1, 1]
					}
				},
				"earth_3_gem_left": {
					"rotation": {
						"0.0": [0, 0, 0],
						"0.0417": [0, 0, 25],
						"0.25": [0, 0, 27],
						"0.3333": [0, 0, 0]
					},
					"position": [0, 1, 0],
					"scale": {
						"0.0": [1, 1, 1],
						"0.0417": [1.09, 1.09, 1.09],
						"0.25": [1.1, 1.1, 1.1],
						"0.3333": [1, 1, 1]
					}
				},
				"earth_3_gem_bot_right": {
					"rotation": {
						"0.0": [0, 0, 0],
						"0.0417": [0, 0, -42.5],
						"0.25": [0, 0, -44],
						"0.3333": [0, 0, 0]
					},
					"position": [1, 1, 0],
					"scale": {
						"0.0": [1, 1, 1],
						"0.0417": [1.09, 1.09, 1.09],
						"0.25": [1.1, 1.1, 1.1],
						"0.3333": [1, 1, 1]
					}
				},
				"earth_3_gem_bot_left": {
					"rotation": {
						"0.0": [0, 0, 0],
						"0.0417": [0, 0, 42.5],
						"0.25": [0, 0, 44],
						"0.3333": [0, 0, 0]
					},
					"position": [-1, 1, 0],
					"scale": {
						"0.0": [1, 1, 1],
						"0.0417": [1.09, 1.09, 1.09],
						"0.25": [1.1, 1.1, 1.1],
						"0.3333": [1, 1, 1]
					}
				},
				"earth_3_gem_large": {
					"scale": {
						"0.0": [1, 1, 1],
						"0.0417": [1, 1.05, 1],
						"0.25": [1, 1.06, 1],
						"0.3333": [1, 1, 1]
					}
				}
			}
		},
		"animation.pb_scraft.fire_1_loop": {
			"loop": true,
			"bones": {
				"fire_1_spell": {
					"rotation": ["query.anim_time*50", "query.anim_time*25", "query.anim_time*12.5"],
					"scale": "math.clamp(query.anim_time,0,4)*0.1+1+(math.sin(query.anim_time*250)*0.05)"
				},
				"fire_1_clamp_left": {
					"rotation": [0, 0, 25]
				},
				"fire_1_clamp_right": {
					"rotation": [0, 0, -25]
				}
			}
		},
		"animation.pb_scraft.fire_1_cast": {
			"loop": "hold_on_last_frame",
			"animation_length": 0.36,
			"bones": {
				"fire_1_spell": {
					"rotation": {
						"0.0": [0, 0, 0],
						"0.3333": [-720, 0, 0]
					},
					"position": {
						"0.0": [0, 0, 0],
						"0.0417": [0, 2, 0],
						"0.1667": [0, 2.2, 0],
						"0.3333": [0, 0, 0]
					},
					"scale": {
						"0.0": [1.4, 1.4, 1.4],
						"0.3333": [1, 1, 1]
					}
				},
				"fire_1_clamp_left": {
					"rotation": {
						"0.0": [0, 0, 25],
						"0.0417": [0, 0, -2],
						"0.1667": [0, 0, -2],
						"0.3333": [0, 0, 0]
					},
					"scale": {
						"0.0": [1, 1, 1],
						"0.0417": [0.9, 1.1, 0.9],
						"0.1667": [0.9, 1.1, 0.9],
						"0.3333": [1, 1, 1]
					}
				},
				"fire_1_clamp_right": {
					"rotation": {
						"0.0": [0, 0, -25],
						"0.0417": [0, 0, 2],
						"0.1667": [0, 0, 2],
						"0.3333": [0, 0, 0]
					},
					"scale": {
						"0.0": [1, 1, 1],
						"0.0417": [0.9, 1.1, 0.9],
						"0.1667": [0.9, 1.1, 0.9],
						"0.3333": [1, 1, 1]
					}
				}
			}
		},
		"animation.pb_scraft.fire_2_loop": {
			"loop": true,
			"bones": {
				"fire_2_throat": {
					"rotation": ["math.clamp(query.anim_time,0,3)*10", 0, 0]
				},
				"fire_2_neck": {
					"rotation": ["math.clamp(query.anim_time,0,3)*-7.5", 0, 0]
				},
				"fire_2_head": {
					"rotation": ["math.clamp(query.anim_time,0,3)*-10", 0, 0]
				},
				"fire_2_tongue": {
					"rotation": ["math.sin(query.anim_time*2000)*2", 0, 0]
				},
				"left_wing": {
					"rotation": ["math.sin(query.anim_time*200*(math.clamp(query.anim_time,0,4)))*10*math.clamp(query.anim_time,0,4)", 0, 0]
				},
				"right_wing": {
					"rotation": ["math.sin(query.anim_time*200*(math.clamp(query.anim_time,0,4)))*10*math.clamp(query.anim_time,0,4)", 0, 0]
				}
			}
		},
		"animation.pb_scraft.fire_2_cast": {
			"loop": "hold_on_last_frame",
			"animation_length": 0.36,
			"bones": {
				"fire_2_throat": {
					"rotation": {
						"0.0": [30, 0, 0],
						"0.0417": [82.5, 0, 0],
						"0.1667": [87.5, 0, 0],
						"0.3333": [0, 0, 0]
					}
				},
				"fire_2_neck": {
					"rotation": {
						"0.0": [-22.5, 0, 0],
						"0.0417": [-62.5, 0, 0],
						"0.1667": [-67.5, 0, 0],
						"0.3333": [0, 0, 0]
					}
				},
				"fire_2_head": {
					"rotation": {
						"0.0": [-30, 0, 0],
						"0.0417": [-47.5, 0, 0],
						"0.1667": [-55, 0, 0],
						"0.3333": [0, 0, 0]
					}
				},
				"right_wing": {
					"rotation": {
						"0.0417": [30, 0, 0],
						"0.1667": [31, 0, 0],
						"0.3333": [0, 0, 0]
					}
				},
				"left_wing": {
					"rotation": {
						"0.0417": [30, 0, 0],
						"0.1667": [31, 0, 0],
						"0.3333": [0, 0, 0]
					}
				}
			}
		},
		"animation.pb_scraft.fire_3_loop": {
			"loop": true,
			"bones": {
				"fire_3_cube": {
					"rotation": ["query.anim_time*40*math.clamp(query.anim_time,0,2)", 0, "query.anim_time*80*math.clamp(query.anim_time,0,2)"],
					"scale": "math.clamp(query.anim_time,0,2)*-0.15+1"
				},
				"fire_3_ring": {
					"rotation": [0, "query.anim_time*60*math.clamp(query.anim_time,0,2)", 0],
					"position": [0, "math.sin(query.anim_time*100)*0.5", 0],
					"scale": ["math.clamp(query.anim_time,0,1)*0.4+1", 1, "math.clamp(query.anim_time,0,1)*0.4+1"]
				},
				"fire_3_moon": {
					"rotation": [0, "query.anim_time*60*math.clamp(query.anim_time,0,2)", "math.sin(query.anim_time*150)*2"],
					"position": [0, "1+math.sin(query.anim_time*150)*0.7", 0]
				},
				"fire_3_inner_ring": {
					"rotation": ["math.clamp(query.anim_time,0,2)*45", "query.anim_time*60*math.clamp(query.anim_time,0,2)", "math.clamp(query.anim_time,0,2)*10"]
				},
				"fire_3_moon_ring": {
					"rotation": ["math.clamp(query.anim_time,0,0.2)*1000", "math.clamp(query.anim_time,0,0.2)*1000", 0]
				}
			}
		},
		"animation.pb_scraft.fire_3_cast": {
			"loop": "hold_on_last_frame",
			"animation_length": 0.36,
			"bones": {
				"fire_3_spell": {
					"rotation": {
						"0.0": [0, 0, 0],
						"0.0417": [37.5, 0, 0],
						"0.1667": [37.5, 0, 0],
						"0.3333": [0, 0, 0]
					},
					"scale": {
						"0.0": [1, 1, 1],
						"0.0417": [1.1, 1.1, 1.1],
						"0.3333": [1, 1, 1]
					}
				},
				"fire_3_cube": {
					"rotation": {
						"0.0417": [-129.89121, -3.37562, -3.69066],
						"0.1667": [-129.89121, -3.37562, -3.69066],
						"0.3333": [0, 0, 0]
					},
					"scale": {
						"0.0": [0.7, 0.7, 0.7],
						"0.3333": [1, 1, 1]
					}
				},
				"fire_3_ring": {
					"rotation": {
						"0.0417": [-37.73802, 5.94383, 12.91783],
						"0.1667": [-37.73802, 5.94383, 12.91783],
						"0.3333": [0, 0, 0]
					},
					"scale": {
						"0.0": [1.4, 1, 1.4],
						"0.3333": [1, 1, 1]
					}
				},
				"fire_3_moon": {
					"rotation": {
						"0.0417": [-28.26159, -23.39659, 30.91227],
						"0.1667": [-28.26159, -23.39659, 30.91227],
						"0.3333": [0, 0, 0]
					}
				},
				"fire_3_inner_ring": {
					"rotation": {
						"0.0417": [24.99729, -61.66582, 66.35192],
						"0.1667": [24.99729, -61.66582, 66.35192],
						"0.3333": [0, 0, 0]
					},
					"scale": {
						"0.0": [1.3, 1.3, 1.3],
						"0.3333": [1, 1, 1]
					}
				},
				"fire_3_moon_ring": {
					"rotation": {
						"0.0": [0, 0, 180],
						"0.0417": [7.70801, 32.35665, 181.52568],
						"0.1667": [7.70801, 32.35665, 181.52568],
						"0.3333": [0, 0, 0]
					},
					"position": {
						"0.0": [0, 1, 0],
						"0.3333": [0, 0, 0]
					}
				}
			}
		},
		"animation.pb_scraft.ice_1_loop": {
			"loop": true,
			"bones": {
				"ice_1_clamp_left": {
					"rotation": [0, 0, "math.clamp(query.anim_time,0,0.2)*225"],
					"position": [0, "math.sin(1-query.anim_time*600*math.clamp(query.anim_time,0,4))*0.2", 0],
					"scale": [0.8, 1, 1.2]
				},
				"ice_1_clamp_right": {
					"rotation": [0, 0, "math.clamp(query.anim_time,0,0.2)*-225"],
					"position": [0, "math.sin(query.anim_time*600*math.clamp(query.anim_time,0,4))*0.2", 0],
					"scale": [0.8, 1, 1.2]
				},
				"ice_1_spike_left": {
					"rotation": ["math.sin(query.anim_time*2000)*2", 0, 0],
					"position": ["math.clamp(query.anim_time,0,0.2)*10", 0, 0]
				},
				"ice_1_spike_right": {
					"rotation": ["math.sin(query.anim_time*2000)*2", 0, 0],
					"position": ["math.clamp(query.anim_time,0,0.2)*-10", 0, 0]
				},
				"ice_1_spike_bot_left": {
					"rotation": ["math.sin(query.anim_time*2000)*2", 0, 0]
				},
				"ice_1_spike_bot_right": {
					"rotation": ["math.sin(query.anim_time*2000)*2", 0, 0]
				},
				"ice_1_gem": {
					"position": [0, "math.clamp(query.anim_time,0,0.2)*-20", 0]
				}
			}
		},
		"animation.pb_scraft.ice_1_cast": {
			"loop": "hold_on_last_frame",
			"animation_length": 0.36,
			"bones": {
				"ice_1_clamp_left": {
					"rotation": {
						"0.0": [0, 0, 45],
						"0.0417": [0, 0, -5],
						"0.3333": [0, 0, 0]
					},
					"scale": {
						"0.0": [0.8, 1, 1.2],
						"0.0417": [0.8, 1.1, 1.2],
						"0.3333": [1, 1, 1]
					}
				},
				"ice_1_clamp_right": {
					"rotation": {
						"0.0": [0, 0, -45],
						"0.0417": [0, 0, 5],
						"0.3333": [0, 0, 0]
					},
					"scale": {
						"0.0": [0.8, 1, 1.2],
						"0.0417": [0.8, 1.1, 1.2],
						"0.3333": [1, 1, 1]
					}
				},
				"ice_1_spike_left": {
					"rotation": {
						"0.0": [0, 0, 0],
						"0.3333": [-360, 0, 0]
					},
					"position": {
						"0.0": [2, 0, 0],
						"0.0417": [-1, 0, 0],
						"0.3333": [0, 0, 0]
					}
				},
				"ice_1_spike_right": {
					"rotation": {
						"0.0": [0, 0, 0],
						"0.3333": [-360, 0, 0]
					},
					"position": {
						"0.0": [-2, 0, 0],
						"0.0417": [1, 0, 0],
						"0.3333": [0, 0, 0]
					}
				},
				"ice_1_spike_bot_left": {
					"rotation": {
						"0.0": [0, 0, 0],
						"0.3333": [-360, 0, 0]
					},
					"position": {
						"0.0": [0, 0, 0],
						"0.0417": [-1, -1, 0],
						"0.3333": [0, 0, 0]
					}
				},
				"ice_1_spike_bot_right": {
					"rotation": {
						"0.0": [0, 0, 0],
						"0.3333": [-360, 0, 0]
					},
					"position": {
						"0.0": [0, 0, 0],
						"0.0417": [1, -1, 0],
						"0.3333": [0, 0, 0]
					}
				},
				"ice_1_gem": {
					"rotation": {
						"0.0417": [0, 0, 0],
						"0.3333": [0, 360, 0]
					},
					"position": {
						"0.0": [0, -4, 0],
						"0.0417": [0, 1, 0],
						"0.3333": [0, 0, 0]
					},
					"scale": {
						"0.0": [1, 1, 1],
						"0.0417": [1.1, 1.1, 1.1],
						"0.3333": [1, 1, 1]
					}
				},
				"ice_1_ring": {
					"scale": {
						"0.0": [1, 1, 1],
						"0.0417": [1.2, 1, 1.2],
						"0.2083": [1.2, 1, 1.2],
						"0.3333": [1, 1, 1]
					}
				}
			}
		},
		"animation.pb_scraft.ice_2_loop": {
			"loop": true,
			"bones": {
				"ice_2_gem": {
					"rotation": [0, "query.anim_time*40*math.clamp(query.anim_time,0,2)", 0],
					"scale": ["1+math.clamp(query.anim_time,0,1)*-0.25", "1+math.clamp(query.anim_time,0,1)*0.2", "1+math.clamp(query.anim_time,0,1)*-0.25"]
				},
				"ice_2_wing_right": {
					"rotation": ["math.sin(query.anim_time*4000)*3-25", 0, "math.sin(query.anim_time*200)*5"],
					"position": ["math.clamp(query.anim_time,0,1)*-3", 0, 0]
				},
				"ice_2_wing_left": {
					"rotation": ["math.sin(query.anim_time*4000)*3-25", 0, "-math.sin(query.anim_time*200)*5"],
					"position": ["math.clamp(query.anim_time,0,1)*3", 0, 0]
				},
				"ice_2_wing_right2": {
					"rotation": ["math.sin(1-query.anim_time*4000)*3-15", 0, "math.sin(1-query.anim_time*200)*5"],
					"position": ["math.clamp(query.anim_time,0,1)*-1.5", 0, 0]
				},
				"ice_2_wing_left2": {
					"rotation": ["math.sin(1-query.anim_time*4000)*3-15", 0, "-math.sin(1-query.anim_time*200)*5"],
					"position": ["math.clamp(query.anim_time,0,1)*1.5", 0, 0]
				}
			}
		},
		"animation.pb_scraft.ice_2_cast": {
			"loop": "hold_on_last_frame",
			"animation_length": 0.36,
			"bones": {
				"ice_2_gem": {
					"scale": {
						"0.0": [0.75, 1.2, 0.75],
						"0.0417": [1.05, 0.9, 1.05],
						"0.3333": [1, 1, 1]
					}
				},
				"ice_2_wing_right": {
					"rotation": {
						"0.0": [-25, 0, 0],
						"0.0417": [10, 0, 0],
						"0.1667": [11, 0, 0],
						"0.3333": [0, 0, 0]
					},
					"position": {
						"0.0": [-3, 0, 0],
						"0.0417": [-3, 0, 2],
						"0.1667": [-3.1, 0, 2.1],
						"0.3333": [0, 0, 0]
					},
					"scale": {
						"0.0": [1, 1, 1],
						"0.0417": [1.1, 1.1, 1.1],
						"0.1667": [1.11, 1.11, 1.11],
						"0.3333": [1, 1, 1]
					}
				},
				"ice_2_wing_left": {
					"rotation": {
						"0.0": [-25, 0, 0],
						"0.0417": [10, 0, 0],
						"0.1667": [11, 0, 0],
						"0.3333": [0, 0, 0]
					},
					"position": {
						"0.0": [3, 0, 0],
						"0.0417": [3, 0, 2],
						"0.1667": [3.1, 0, 2.1],
						"0.3333": [0, 0, 0]
					},
					"scale": {
						"0.0": [1, 1, 1],
						"0.0417": [1.1, 1.1, 1.1],
						"0.1667": [1.11, 1.11, 1.11],
						"0.3333": [1, 1, 1]
					}
				},
				"ice_2_wing_right2": {
					"rotation": {
						"0.0": [-15, 0, 0],
						"0.0417": [10, 0, 0],
						"0.1667": [10, 0, 0],
						"0.3333": [0, 0, 0]
					},
					"position": {
						"0.0": [-1.5, 0, 0],
						"0.0417": [-1, 0, 1],
						"0.1667": [-1, 0, 1],
						"0.3333": [0, 0, 0]
					},
					"scale": {
						"0.0": [1, 1, 1],
						"0.0417": [1.1, 1.1, 1.1],
						"0.1667": [1.1, 1.1, 1.1],
						"0.3333": [1, 1, 1]
					}
				},
				"ice_2_wing_left2": {
					"rotation": {
						"0.0": [-15, 0, 0],
						"0.0417": [10, 0, 0],
						"0.1667": [10, 0, 0],
						"0.3333": [0, 0, 0]
					},
					"position": {
						"0.0": [1.5, 0, 0],
						"0.0417": [1, 0, 1],
						"0.1667": [1, 0, 1],
						"0.3333": [0, 0, 0]
					},
					"scale": {
						"0.0": [1, 1, 1],
						"0.0417": [1.1, 1.1, 1.1],
						"0.1667": [1.1, 1.1, 1.1],
						"0.3333": [1, 1, 1]
					}
				}
			}
		},
		"animation.pb_scraft.ice_3_loop": {
			"loop": true,
			"bones": {
				"ice_3_plaque_front": {
					"rotation": [0, 0, "math.clamp(query.anim_time,0,0.5)*180+math.sin(query.anim_time*62.5)*5"],
					"position": [0, "math.clamp(query.anim_time,0,0.5)*2.6+math.sin(query.anim_time*125)*0.3", "math.clamp(query.anim_time,0,0.5)*-2"]
				},
				"ice_3_spike_left": {
					"rotation": ["query.anim_time*-720*math.clamp(query.anim_time,0,2)", "-math.sin(query.anim_time*62.5)*4", "math.cos(query.anim_time*62.5)*4"],
					"position": ["math.clamp(query.anim_time,0,0.5)*-5", 0, 0]
				},
				"ice_3_spike_right": {
					"rotation": ["query.anim_time*-720*math.clamp(query.anim_time,0,2)", "math.sin(query.anim_time*62.5)*4", "-math.cos(query.anim_time*62.5)*4"],
					"position": ["math.clamp(query.anim_time,0,0.5)*5", 0, 0]
				},
				"ice_3_plaque_back": {
					"rotation": [0, 0, "math.clamp(query.anim_time,0,0.5)*-180-math.sin(query.anim_time*62.5)*5"],
					"position": [0, "math.clamp(query.anim_time,0,0.5)*2.6+math.sin(query.anim_time*125)*0.3", "math.clamp(query.anim_time,0,0.5)*2"]
				},
				"ice_3_gem": {
					"rotation": [0, "-math.sin(query.anim_time*250)*3", 0],
					"position": [0, "math.clamp(query.anim_time,0,2)*0.1+math.sin(query.anim_time*125)*0.4", 0]
				},
				"ice_2_gem_bot_left": {
					"rotation": [0, 0, "math.clamp(query.anim_time,0,0.2)*45"],
					"position": ["math.clamp(query.anim_time,0,0.2)*-2", "math.clamp(query.anim_time,0,0.2)*-2", 0],
					"scale": [1, "math.clamp(query.anim_time,0,0.2)*0.5+1", 1]
				},
				"ice_2_gem__top_right": {
					"rotation": [0, 0, "math.clamp(query.anim_time,0,0.2)*45"],
					"position": ["math.clamp(query.anim_time,0,0.2)*2", "math.clamp(query.anim_time,0,0.2)*2", 0],
					"scale": [1, "math.clamp(query.anim_time,0,0.2)*0.5+1", 1]
				},
				"ice_2_gem_bot_right": {
					"rotation": [0, 0, "math.clamp(query.anim_time,0,0.2)*-45"],
					"position": ["math.clamp(query.anim_time,0,0.2)*2", "math.clamp(query.anim_time,0,0.2)*-2", 0],
					"scale": [1, "math.clamp(query.anim_time,0,0.2)*0.5+1", 1]
				},
				"Ice_2_gem_top_left": {
					"rotation": [0, 0, "math.clamp(query.anim_time,0,0.2)*-45"],
					"position": ["math.clamp(query.anim_time,0,0.2)*-2", "math.clamp(query.anim_time,0,0.2)*2", 0],
					"scale": [1, "math.clamp(query.anim_time,0,0.2)*0.5+1", 1]
				}
			}
		},
		"animation.pb_scraft.ice_3_cast": {
			"loop": "hold_on_last_frame",
			"animation_length": 0.36,
			"bones": {
				"ice_3_plaque_front": {
					"rotation": {
						"0.0": [0, 0, -630],
						"0.2083": [0, 0, -20],
						"0.2917": [0, 0, 10],
						"0.3333": [0, 0, 0]
					},
					"position": {
						"0.0": [0, 1.3, -1],
						"0.2083": [0, 0, 0],
						"0.3333": [0, 0, 0]
					},
					"scale": {
						"0.0": [1, 1, 1],
						"0.2083": [1.1, 1.1, 1.1],
						"0.3333": [1, 1, 1]
					}
				},
				"ice_3_spike_left": {
					"rotation": {
						"0.0": [0, 0, 0],
						"0.3333": [-1080, 0, 0]
					},
					"position": {
						"0.0": [-2.5, 0, 0],
						"0.2083": [0, 0, 0],
						"0.3333": [0, 0, 0]
					},
					"scale": {
						"0.0": [1, 1, 1],
						"0.2083": [1.1, 1.1, 1.1],
						"0.3333": [1, 1, 1]
					}
				},
				"ice_3_spike_right": {
					"rotation": {
						"0.0": [0, 0, 0],
						"0.3333": [1080, 0, 0]
					},
					"position": {
						"0.0": [2.5, 0, 0],
						"0.2083": [0, 0, 0],
						"0.3333": [0, 0, 0]
					},
					"scale": {
						"0.0": [1, 1, 1],
						"0.2083": [1.1, 1.1, 1.1],
						"0.3333": [1, 1, 1]
					}
				},
				"ice_3_plaque_back": {
					"rotation": {
						"0.0": [0, 0, 630],
						"0.2083": [0, 0, 20],
						"0.2917": [0, 0, -10],
						"0.3333": [0, 0, 0]
					},
					"position": {
						"0.0": [0, 1.3, 1],
						"0.2083": [0, 0, 0],
						"0.3333": [0, 0, 0]
					},
					"scale": {
						"0.0": [1, 1, 1],
						"0.2083": [1.1, 1.1, 1.1],
						"0.3333": [1, 1, 1]
					}
				},
				"ice_3_gem": {
					"position": {
						"0.0": [0, 0.2, 0],
						"0.0417": [0, 0.8, 0],
						"0.2083": [0, 0.8, 0],
						"0.3333": [0, 0, 0]
					},
					"scale": {
						"0.0": [1, 1, 1],
						"0.0417": [1.05, 1.05, 1.05],
						"0.2083": [1.05, 1.05, 1.05],
						"0.3333": [1, 1, 1]
					}
				},
				"ice_2_gem__top_right": {
					"rotation": {
						"0.0": [0, 0, 9],
						"0.0833": [0, 0, 11],
						"0.2083": [0, 0, 11.5],
						"0.3333": [0, 0, 0]
					},
					"position": {
						"0.0": [0.4, 0.4, 0],
						"0.0833": [0.5, 0.9, 0],
						"0.2083": [0.55, 1, 0],
						"0.3333": [0, 0, 0]
					},
					"scale": {
						"0.0": [1, 1.1, 1],
						"0.0833": [1.1, 1.1, 1.1],
						"0.2083": [1.1, 1.1, 1.1],
						"0.3333": [1, 1, 1]
					}
				},
				"ice_2_gem_bot_right": {
					"rotation": {
						"0.0": [0, 0, -9],
						"0.0833": [0, 0, -11],
						"0.2083": [0, 0, -11.5],
						"0.3333": [0, 0, 0]
					},
					"position": {
						"0.0": [0.4, -0.4, 0],
						"0.0833": [0.5, -0.9, 0],
						"0.2083": [0.55, -1, 0],
						"0.3333": [0, 0, 0]
					},
					"scale": {
						"0.0": [1, 1.1, 1],
						"0.0833": [1.1, 1.1, 1.1],
						"0.2083": [1.1, 1.1, 1.1],
						"0.3333": [1, 1, 1]
					}
				},
				"Ice_2_gem_top_left": {
					"rotation": {
						"0.0": [0, 0, -9],
						"0.0833": [0, 0, -11],
						"0.2083": [0, 0, -11.5],
						"0.3333": [0, 0, 0]
					},
					"position": {
						"0.0": [0.4, 0.4, 0],
						"0.0833": [0.5, 0.9, 0],
						"0.2083": [0.55, 1, 0],
						"0.3333": [0, 0, 0]
					},
					"scale": {
						"0.0": [1, 1.1, 1],
						"0.0833": [1.1, 1.1, 1.1],
						"0.2083": [1.1, 1.1, 1.1],
						"0.3333": [1, 1, 1]
					}
				},
				"ice_2_gem_bot_left": {
					"rotation": {
						"0.0": [0, 0, 9],
						"0.0833": [0, 0, 11],
						"0.2083": [0, 0, 11.5],
						"0.3333": [0, 0, 0]
					},
					"position": {
						"0.0": [0.4, -0.4, 0],
						"0.0833": [0.5, -0.9, 0],
						"0.2083": [0.55, -1, 0],
						"0.3333": [0, 0, 0]
					},
					"scale": {
						"0.0": [1, 1.1, 1],
						"0.0833": [1.1, 1.1, 1.1],
						"0.2083": [1.1, 1.1, 1.1],
						"0.3333": [1, 1, 1]
					}
				}
			}
		},
		"animation.pb_scraft.twilight_3_loop": {
			"loop": true,
			"bones": {
				"twilight_3_eye": {
					"rotation": [
						"math.clamp(query.anim_time,0,0.5)*-70",
						"math.clamp(query.anim_time,0,0.5)*-360+math.sin(query.anim_time*math.clamp(query.anim_time,0,4)*2000)*1.5+math.sin(query.anim_time*62.5)*5",
						"math.sin(query.anim_time*math.clamp(query.anim_time,0,4)*2000)*1.5"
					]
				},
				"twilight_3_arrow_right": {
					"rotation": [
						"math.sin(query.anim_time*125)*10-math.sin(query.anim_time*math.clamp(query.anim_time,0,3)*2000)",
						0,
						"math.clamp(query.anim_time,0,0.25)*-720-math.sin(query.anim_time*-62.5)*4"
					],
					"position": ["math.sin(query.anim_time*-62.5)*-1+0.25", 0, 0]
				},
				"twilight_3_arrow_top": {
					"rotation": [
						"-math.clamp(query.anim_time,0,0.25)*-720+math.sin(query.anim_time*125)*10-math.sin(query.anim_time*math.clamp(query.anim_time,0,3)*2000)",
						0,
						"-math.sin(query.anim_time*-125)*4"
					],
					"position": [0, 0, 0]
				},
				"twilight_3_arrow_left": {
					"rotation": [
						"math.sin(query.anim_time*125)*10+math.sin(query.anim_time*math.clamp(query.anim_time,0,3)*2000)",
						0,
						"math.clamp(query.anim_time,0,0.25)*720-math.sin(query.anim_time*62.5)*4"
					],
					"position": ["math.sin(query.anim_time*62.5)*-1+0.25", 0, 0]
				},
				"twilight_3_eyelid_upper": {
					"rotation": ["math.clamp(query.anim_time,0,0.5)*10", 0, 0]
				},
				"twilight_3_pupil": {
					"scale": "1+math.clamp(query.anim_time,0,0.5)*-0.2"
				},
				"twilight_3_eyelid_lower": {
					"rotation": ["math.clamp(query.anim_time,0,0.5)*-10", 0, 0]
				}
			}
		},
		"animation.pb_scraft.twilight_3_cast": {
			"loop": "hold_on_last_frame",
			"animation_length": 0.36,
			"bones": {
				"twilight_3_eye": {
					"rotation": {
						"0.0": [-35, 180, "math.sin(query.anim_time*8000)*1.5"],
						"0.2083": [-35, 180, 0],
						"0.3333": [0, 0, 0]
					},
					"scale": {
						"0.0": [1, 1, 1],
						"0.0417": [1.1, 1.1, 1.1],
						"0.2083": [1.1, 1.1, 1.1],
						"0.3333": [1, 1, 1]
					}
				},
				"twilight_3_arrow_right": {
					"rotation": {
						"0.0": [720, 0, -180],
						"0.0417": [810, 0, -180],
						"0.2083": [100, 0, -180],
						"0.3333": [0, 0, 0]
					},
					"position": {
						"0.0": [-0.25, 0, 0],
						"0.0417": [-6, 0, 0],
						"0.125": [-7, 0, 0],
						"0.25": [-7, 0, 0],
						"0.3333": [0, 0, 0]
					}
				},
				"twilight_3_arrow_top": {
					"rotation": {
						"0.0": [180, 720, 0],
						"0.0417": [0, 810, -180],
						"0.2083": [0, 0, -180],
						"0.3333": [0, 0, 0]
					},
					"position": {
						"0.0": [0, -0.25, 0],
						"0.0417": [0, -6, 0],
						"0.125": [0, -7, 0],
						"0.25": [0, -7, 0],
						"0.3333": [0, 0, 0]
					}
				},
				"twilight_3_arrow_left": {
					"rotation": {
						"0.0": [-720, 0, 180],
						"0.0417": [-810, 0, 180],
						"0.2083": [0, 0, 180],
						"0.3333": [0, 0, 0]
					},
					"position": {
						"0.0": [0.25, 0, 0],
						"0.0417": [6, 0, 0],
						"0.125": [7, 0, 0],
						"0.25": [7, 0, 0],
						"0.3333": [0, 0, 0]
					}
				},
				"twilight_3_eyelid_upper": {
					"rotation": {
						"0.0": [5, 0, 0],
						"0.0417": [-5, 0, 0],
						"0.2083": [-6, 0, 0],
						"0.3333": [0, 0, 0]
					}
				},
				"twilight_3_pupil": {
					"scale": 0.9
				},
				"twilight_3_eyelid_lower": {
					"rotation": {
						"0.0": [-5, 0, 0],
						"0.0417": [5, 0, 0],
						"0.2083": [6, 0, 0],
						"0.3333": [0, 0, 0]
					}
				}
			}
		},
		"animation.pb_scraft.twilight_2_loop": {
			"loop": true,
			"bones": {
				"twilight_2_spell_core": {
					"rotation": ["query.anim_time*-350*math.clamp(query.anim_time,0,4)", 0, "query.anim_time*350*math.clamp(query.anim_time,0,4)"],
					"scale": "1+(math.clamp(query.anim_time,0,0.5)*-0.4)+(math.clamp(query.anim_time,0,4)*-0.1)"
				},
				"twilight_2_spell_ring": {
					"rotation": [
						"math.sin(query.anim_time*math.clamp(query.anim_time,0,4)*1000)+math.clamp(query.anim_time,0,1)*-25",
						"-math.sin(query.anim_time*math.clamp(query.anim_time,0,4)*1000)",
						"math.sin(query.anim_time*125)*5"
					],
					"scale": ["math.clamp(query.anim_time,0,1)*0.2+1", 1, 1]
				},
				"twilight_2_spell_moon": {
					"rotation": ["math.sin(query.anim_time*math.clamp(query.anim_time,0,4)*1000)", 0, "-math.sin(query.anim_time*62.5)*30"],
					"scale": "1+math.clamp(query.anim_time,0,0.5)*-0.4"
				}
			}
		},
		"animation.pb_scraft.twilight_2_cast": {
			"loop": "hold_on_last_frame",
			"animation_length": 0.36,
			"bones": {
				"twilight_2_spell_core": {
					"rotation": {
						"0.0": [-580, 580, 0],
						"0.0833": [-720, 720, 0],
						"0.2083": [-730, 720, 0],
						"0.3333": [0, 0, 0]
					},
					"position": {
						"0.0": [0, 0, 0],
						"0.0833": [0, 8, 8],
						"0.2083": [0, 8.5, 8.5],
						"0.3333": [0, 0, 0]
					},
					"scale": {
						"0.0": [0.4, 0.4, 0.4],
						"0.0833": [1.2, 1.2, 1.2],
						"0.2083": [1.2, 1.2, 1.2],
						"0.3333": [1, 1, 1]
					}
				},
				"twilight_2_spell_ring": {
					"rotation": {
						"0.0": [-25, 0, 0],
						"0.0417": [40, 0, 0],
						"0.2083": [44, 0, 0],
						"0.3333": [0, 0, 0]
					},
					"scale": {
						"0.0": [1.2, 1, 1],
						"0.0417": [1.3, 2, 1.1],
						"0.2083": [1.32, 2.2, 1.15],
						"0.3333": [1, 1, 1]
					}
				},
				"twilight_2_spell_moon": {
					"rotation": {
						"0.0": [0, 0, 0],
						"0.0833": [-13.38528, -40.88679, -71.5375],
						"0.2083": [-14.93209, -37.85432, -69.19606],
						"0.3333": [0, 0, 0]
					},
					"position": {
						"0.0": [0, 0, 0],
						"0.0833": [0.30534, 5.54819, 4.25727],
						"0.2083": [0.3209, 5.74815, 4.41205],
						"0.3333": [0, 0, 0]
					},
					"scale": {
						"0.0": [0.8, 0.8, 0.8],
						"0.0833": [1.1, 1.1, 1.1],
						"0.2083": [1.1, 1.1, 1.1],
						"0.3333": [1, 1, 1]
					}
				}
			}
		},
		"animation.pb_scraft.twilight_1_loop": {
			"loop": true,
			"bones": {
				"twilight_1_ray": {
					"rotation": [0, "query.anim_time*500*math.clamp(query.anim_time,0,4)", 0],
					"scale": [1, "1+math.clamp(query.anim_time,0,0.4)*1", 1]
				},
				"twilight_1_base": {
					"scale": ["math.clamp(query.anim_time,0,0.4)*1+1", "math.clamp(query.anim_time,0,0.4)*0.5+1", "math.clamp(query.anim_time,0,0.4)*0.5+1"]
				},
				"twilight_1_eye": {
					"rotation": [
						"math.clamp(query.anim_time,0,0.5)*-70",
						"math.clamp(query.anim_time,0,0.5)*-360+math.sin(query.anim_time*math.clamp(query.anim_time,0,4)*2000)*1.5+math.sin(query.anim_time*62.5)*5",
						"math.sin(query.anim_time*math.clamp(query.anim_time,0,4)*2000)*1.5"
					]
				},
				"twilight_1_eyelid_lower": {
					"rotation": ["math.clamp(query.anim_time,0,0.5)*10", 0, 0]
				},
				"twilight_1_pupil": {
					"scale": "1+math.clamp(query.anim_time,0,0.5)*-0.2"
				}
			}
		},
		"animation.pb_scraft.twilight_1_cast": {
			"loop": "hold_on_last_frame",
			"animation_length": 0.36,
			"bones": {
				"twilight_1_eye": {
					"rotation": {
						"0.0": [-35, 180, 0],
						"0.1667": [-40, 180, 0],
						"0.3333": [0, 0, 0]
					}
				},
				"twilight_1_pupil": {
					"position": {
						"0.0": [0, 0, 0],
						"0.0417": [0, 0, -0.1],
						"0.1667": [0, 0, -0.1],
						"0.3333": [0, 0, 0]
					},
					"scale": {
						"0.0": [0.9, 0.9, 0.9],
						"0.1667": [0.9, 0.9, 0.9],
						"0.3333": [1, 1, 1]
					}
				},
				"twilight_1_base": {
					"scale": {
						"0.0": [1.4, 1.2, 1.2],
						"0.0417": [1.6, 1.2, 1.2],
						"0.1667": [1.4, 1.2, 1.2],
						"0.3333": [1, 1, 1]
					}
				},
				"twilight_1_ray": {
					"rotation": {
						"0.0": [0, 1080, 0],
						"0.3333": [0, 0, 0]
					},
					"scale": {
						"0.0": [1, 1.4, 1],
						"0.0417": [1.1, 1.4, 1.1],
						"0.1667": [1, 1.4, 1],
						"0.3333": [1, 1, 1]
					}
				},
				"twilight_1_eyelid_lower": {
					"rotation": {
						"0.0": [5, 0, 0],
						"0.0417": [11.5, 0, 0],
						"0.1667": [11.5, 0, 0],
						"0.3333": [0, 0, 0]
					},
					"scale": {
						"0.0": [1, 1, 1],
						"0.0417": [1.1, 1.1, 1.1],
						"0.1667": [1.1, 1.1, 1.1],
						"0.3333": [1, 1, 1]
					}
				},
				"twilight_1_eyelid_upper": {
					"rotation": {
						"0.0": [5, 0, 0],
						"0.0417": [-11.5, 0, 0],
						"0.1667": [-11.5, 0, 0],
						"0.3333": [0, 0, 0]
					},
					"scale": {
						"0.0": [1, 1, 1],
						"0.0417": [1.1, 1.1, 1.1],
						"0.1667": [1.1, 1.1, 1.1],
						"0.3333": [1, 1, 1]
					}
				}
			}
		},
		"animation.pb_scraft.air_2_idle": {
			"loop": true,
			"animation_length": 20,
			"bones": {
				"air_2_gem_ring": {
					"scale": {
						"2.0": [1, 1, 1],
						"2.5": [0.9, 0.9, 0.9],
						"2.625": [1.12, 1.12, 1.12],
						"2.6667": [1.1, 1.1, 1.1],
						"4.0": [1.1, 1.1, 1.1],
						"4.5": [1.15, 1.15, 1.15],
						"4.625": [0.95, 0.95, 0.95],
						"4.6667": [1, 1, 1]
					}
				},
				"air_2_gem": {
					"rotation": {
						"2.8333": [0, 0, 0],
						"3.0": [0, 45, 0],
						"3.1667": [0, 135, 0],
						"3.3333": [0, 315, 0],
						"3.5": [0, 675, 0],
						"3.6667": [0, 1395, 0],
						"3.8333": [0, 5715, 0],
						"4.0": [0, -20, 0],
						"4.3333": [0, 0, 0]
					},
					"position": {
						"2.8333": [0, 0, 0],
						"3.3333": [0, 0.75, 0],
						"4.5": [0, 0.75, 0],
						"4.625": [0, -0.1, 0],
						"4.6667": [0, 0, 0]
					},
					"scale": {
						"2.8333": [1, 1, 1],
						"3.3333": [0.5, 0.7, 0.5],
						"4.5": [0.5, 0.7, 0.5],
						"4.625": [1.05, 1.05, 1.05],
						"4.6667": [1, 1, 1]
					}
				},
				"air_2_gem_right": {
					"position": {
						"2.0": [0, 0, 0],
						"2.5": [-0.25, 0, 0],
						"2.625": [1.75, 0, 0],
						"2.6667": [1.5, 0, 0],
						"4.0": [1.5, 0, 0],
						"4.5": [1.7, 0, 0],
						"4.625": [-0.2, 0, 0],
						"4.6667": [0, 0, 0]
					},
					"scale": {
						"2.0": [1, 1, 1],
						"2.5": [0.95, 0.95, 0.95],
						"2.625": [1.05, 1.05, 1.05],
						"2.6667": [1, 1, 1],
						"4.0": [1, 1, 1],
						"4.5": [0.95, 0.95, 0.95],
						"4.625": [0.95, 0.95, 0.95],
						"4.6667": [1, 1, 1]
					}
				},
				"air_2_gem_left": {
					"position": {
						"2.0": [0, 0, 0],
						"2.5": [0.25, 0, 0],
						"2.625": [-1.75, 0, 0],
						"2.6667": [-1.5, 0, 0],
						"4.0": [-1.5, 0, 0],
						"4.5": [-1.7, 0, 0],
						"4.625": [0.2, 0, 0],
						"4.6667": [0, 0, 0]
					},
					"scale": {
						"2.0": [1, 1, 1],
						"2.5": [0.95, 0.95, 0.95],
						"2.625": [1.05, 1.05, 1.05],
						"2.6667": [1, 1, 1],
						"4.0": [1, 1, 1],
						"4.5": [0.95, 0.95, 0.95],
						"4.625": [1.05, 1.05, 1.05],
						"4.6667": [1, 1, 1]
					}
				}
			}
		},
		"animation.pb_scraft.air_1_idle": {
			"loop": true,
			"animation_length": 20,
			"bones": {
				"sn1t2": {
					"rotation": {
						"2.0": [0, 0, 0],
						"2.1667": [0, 0, 0],
						"2.5": [37.5, 0, 0],
						"2.6667": [37.5, 0, 0],
						"3.0": [42.5, 0, 0],
						"3.1667": [42.5, 0, 0],
						"3.75": [47.5, 0, 0],
						"3.9167": [47.5, 0, 0],
						"4.125": [-3, 0, 0],
						"4.2083": [0, 0, 0],
						"4.2917": [-3, 0, 0],
						"4.375": [0, 0, 0]
					},
					"scale": {
						"4.0417": [1, 1, 1],
						"4.125": [1.025, 1.025, 1.025],
						"4.2083": [1, 1, 1],
						"4.2917": [1.025, 1.025, 1.025],
						"4.375": [1, 1, 1]
					}
				},
				"sn1t6": {
					"rotation": {
						"2.0": [0, 0, 0],
						"2.1667": [0, 0, 0],
						"2.5": [-42.5, 0, 0],
						"2.6667": [-42.5, 0, 0],
						"3.0": [-45, 0, 0],
						"3.1667": [-45, 0, 0],
						"3.75": [-50, 0, 0],
						"3.9167": [-50, 0, 0],
						"4.125": [3, 0, 0],
						"4.2083": [0, 0, 0],
						"4.2917": [3, 0, 0],
						"4.375": [0, 0, 0]
					}
				},
				"sn1t7": {
					"rotation": {
						"2.0": [0, 0, 0],
						"2.1667": [0, 0, 0],
						"2.5": [-77.5, 0, 0],
						"2.5417": [-78.75, 2, 0],
						"2.5833": [-80, -2, 0],
						"2.625": [-81.25, 2, 0],
						"2.6667": [-77.5, 0, 0],
						"2.7083": [-78.75, 2, 0],
						"2.75": [-80, -2, 0],
						"2.7917": [-81.25, 2, 0],
						"2.8333": [-82.5, -2, 0],
						"2.875": [-83.75, 2, 0],
						"2.9167": [-85, -2, 0],
						"2.9583": [-86.25, 2, 0],
						"3.0": [-87.5, -2, 0],
						"3.0417": [-88.75, 2, 0],
						"3.0833": [-90, -2, 0],
						"3.125": [-91.25, 2, 0],
						"3.1667": [-92.5, -2, 0],
						"3.2083": [-92.5, 2, 0],
						"3.25": [-92.5, -2, 0],
						"3.75": [-100, 0, 0],
						"3.9167": [-100, 0, 0],
						"4.125": [5, 0, 0],
						"4.2083": [0, 0, 0],
						"4.2917": [5, 0, 0],
						"4.375": [0, 0, 0]
					},
					"position": {
						"2.0": [0, 0, 0],
						"2.1667": [0, 0, 0],
						"2.5": [0, -0.25, 0],
						"2.6667": [0, -0.25, 0],
						"4.375": [0, 0, 0]
					},
					"scale": {
						"2.0": [1, 1, 1],
						"2.1667": [1, 1, 1],
						"2.5": [1, 1.1, 1],
						"2.6667": [1, 1.1, 1],
						"3.0833": [1, 1.12, 1],
						"3.25": [1, 1.12, 1],
						"3.75": [1, 1.12, 1],
						"3.9167": [1, 1.12, 1],
						"4.125": [1, 1.12, 1],
						"4.2083": [1, 1, 1],
						"4.2917": [1, 1.12, 1],
						"4.375": [1, 1, 1]
					}
				},
				"sn1t8": {
					"rotation": {
						"2.0": [0, 0, 0],
						"4.125": [0, 0, 0],
						"4.1667": [-10, 0, 0],
						"4.2083": [0, 0, 0],
						"4.25": [-10, 0, 0],
						"4.2917": [0, 0, 0],
						"4.3333": [-10, 0, 0],
						"4.375": [0, 0, 0],
						"4.4167": [-10, 0, 0],
						"4.4583": [0, 0, 0],
						"4.5": [-10, 0, 0],
						"4.5417": [0, 0, 0],
						"4.5833": [-10, 0, 0],
						"4.625": [0, 0, 0]
					}
				},
				"sn1t3": {
					"rotation": {
						"2.25": [0, 0, 0],
						"2.4167": [0, 0, 0],
						"2.7083": [37.5, 0, 0],
						"2.875": [37.5, 0, 0],
						"3.2083": [42.5, 0, 0],
						"3.375": [42.5, 0, 0],
						"3.875": [47.5, 0, 0],
						"4.0417": [47.5, 0, 0],
						"4.25": [-3, 0, 0],
						"4.3333": [0, 0, 0],
						"4.4167": [-3, 0, 0],
						"4.5": [0, 0, 0]
					},
					"scale": {
						"4.1667": [1, 1, 1],
						"4.25": [1.025, 1.025, 1.025],
						"4.3333": [1, 1, 1],
						"4.4167": [1.025, 1.025, 1.025],
						"4.5": [1, 1, 1]
					}
				},
				"sn1t4": {
					"rotation": {
						"2.25": [0, 0, 0],
						"2.4167": [0, 0, 0],
						"2.7083": [-42.5, 0, 0],
						"2.875": [-42.5, 0, 0],
						"3.2083": [-45, 0, 0],
						"3.375": [-45, 0, 0],
						"3.875": [-50, 0, 0],
						"4.0417": [-50, 0, 0],
						"4.25": [3, 0, 0],
						"4.3333": [0, 0, 0],
						"4.4167": [3, 0, 0],
						"4.5": [0, 0, 0]
					}
				},
				"sn1t5": {
					"rotation": {
						"2.25": [0, 0, 0],
						"2.4167": [0, 0, 0],
						"2.7083": [-77.5, 0, 0],
						"2.75": [-78.75, 2, 0],
						"2.7917": [-80, -2, 0],
						"2.8333": [-81.25, 2, 0],
						"2.875": [-77.5, 0, 0],
						"2.9167": [-78.75, 2, 0],
						"2.9583": [-80, -2, 0],
						"3.0": [-81.25, 2, 0],
						"3.0417": [-82.5, -2, 0],
						"3.0833": [-83.75, 2, 0],
						"3.125": [-85, -2, 0],
						"3.1667": [-86.25, 2, 0],
						"3.2083": [-87.5, -2, 0],
						"3.25": [-88.75, 2, 0],
						"3.2917": [-90, -2, 0],
						"3.3333": [-91.25, 2, 0],
						"3.375": [-92.5, -2, 0],
						"3.4167": [-92.5, 2, 0],
						"3.4583": [-92.5, -2, 0],
						"3.875": [-100, 0, 0],
						"4.0417": [-100, 0, 0],
						"4.25": [5, 0, 0],
						"4.3333": [0, 0, 0],
						"4.4167": [5, 0, 0],
						"4.5": [0, 0, 0]
					},
					"position": {
						"2.25": [0, 0, 0],
						"2.4167": [0, 0, 0],
						"2.7083": [0, -0.25, 0],
						"2.875": [0, -0.25, 0],
						"4.5": [0, 0, 0]
					},
					"scale": {
						"2.25": [1, 1, 1],
						"2.4167": [1, 1, 1],
						"2.7083": [1, 1.1, 1],
						"2.875": [1, 1.1, 1],
						"3.2917": [1, 1.12, 1],
						"3.4583": [1, 1.12, 1],
						"3.875": [1, 1.12, 1],
						"4.0417": [1, 1.12, 1],
						"4.25": [1, 1.12, 1],
						"4.3333": [1, 1, 1],
						"4.4167": [1, 1.12, 1],
						"4.5": [1, 1, 1]
					}
				},
				"sn1t9": {
					"rotation": {
						"2.25": [0, 0, 0],
						"4.25": [0, 0, 0],
						"4.2917": [-10, 0, 0],
						"4.3333": [0, 0, 0],
						"4.375": [-10, 0, 0],
						"4.4167": [0, 0, 0],
						"4.4583": [-10, 0, 0],
						"4.5": [0, 0, 0],
						"4.5417": [-10, 0, 0],
						"4.5833": [0, 0, 0],
						"4.625": [-10, 0, 0],
						"4.6667": [0, 0, 0],
						"4.7083": [-10, 0, 0],
						"4.75": [0, 0, 0]
					}
				},
				"sn1t10": {
					"rotation": {
						"2.5833": [0, 0, 0],
						"2.75": [0, 0, 0],
						"3.0": [37.5, 0, 0],
						"3.1667": [37.5, 0, 0],
						"3.5": [42.5, 0, 0],
						"3.6667": [42.5, 0, 0],
						"4.125": [47.5, 0, 0],
						"4.2917": [47.5, 0, 0],
						"4.5": [-3, 0, 0],
						"4.5833": [0, 0, 0],
						"4.6667": [-3, 0, 0],
						"4.75": [0, 0, 0]
					},
					"scale": {
						"4.4167": [1, 1, 1],
						"4.5": [1.025, 1.025, 1.025],
						"4.5833": [1, 1, 1],
						"4.6667": [1.025, 1.025, 1.025],
						"4.75": [1, 1, 1]
					}
				},
				"sn1t11": {
					"rotation": {
						"2.5833": [0, 0, 0],
						"2.75": [0, 0, 0],
						"3.0": [-42.5, 0, 0],
						"3.1667": [-42.5, 0, 0],
						"3.5": [-45, 0, 0],
						"3.6667": [-45, 0, 0],
						"4.125": [-50, 0, 0],
						"4.2917": [-50, 0, 0],
						"4.5": [3, 0, 0],
						"4.5833": [0, 0, 0],
						"4.6667": [3, 0, 0],
						"4.75": [0, 0, 0]
					}
				},
				"sn1t12": {
					"rotation": {
						"2.5833": [0, 0, 0],
						"2.75": [0, 0, 0],
						"3.0": [-77.5, 0, 0],
						"3.0417": [-78.75, 2, 0],
						"3.0833": [-80, -2, 0],
						"3.125": [-81.25, 2, 0],
						"3.1667": [-77.5, 0, 0],
						"3.2083": [-78.75, 2, 0],
						"3.25": [-80, -2, 0],
						"3.2917": [-81.25, 2, 0],
						"3.3333": [-82.5, -2, 0],
						"3.375": [-83.75, 2, 0],
						"3.4167": [-85, -2, 0],
						"3.4583": [-86.25, 2, 0],
						"3.5": [-87.5, -2, 0],
						"3.5417": [-88.75, 2, 0],
						"3.5833": [-90, -2, 0],
						"3.625": [-91.25, 2, 0],
						"3.6667": [-92.5, -2, 0],
						"3.7083": [-92.5, 2, 0],
						"3.75": [-92.5, -2, 0],
						"4.125": [-100, 0, 0],
						"4.2917": [-100, 0, 0],
						"4.5": [5, 0, 0],
						"4.5833": [0, 0, 0],
						"4.6667": [5, 0, 0],
						"4.75": [0, 0, 0]
					},
					"position": {
						"2.5833": [0, 0, 0],
						"2.75": [0, 0, 0],
						"3.0": [0, -0.25, 0],
						"3.1667": [0, -0.25, 0],
						"4.75": [0, 0, 0]
					},
					"scale": {
						"2.5833": [1, 1, 1],
						"2.75": [1, 1, 1],
						"3.0": [1, 1.1, 1],
						"3.1667": [1, 1.1, 1],
						"3.5833": [1, 1.12, 1],
						"3.75": [1, 1.12, 1],
						"4.125": [1, 1.12, 1],
						"4.2917": [1, 1.12, 1],
						"4.5": [1, 1.12, 1],
						"4.5833": [1, 1, 1],
						"4.6667": [1, 1.12, 1],
						"4.75": [1, 1, 1]
					}
				},
				"sn1t13": {
					"rotation": {
						"2.5833": [0, 0, 0],
						"4.5": [0, 0, 0],
						"4.5417": [-10, 0, 0],
						"4.5833": [0, 0, 0],
						"4.625": [-10, 0, 0],
						"4.6667": [0, 0, 0],
						"4.7083": [-10, 0, 0],
						"4.75": [0, 0, 0],
						"4.7917": [-10, 0, 0],
						"4.8333": [0, 0, 0],
						"4.875": [-10, 0, 0],
						"4.9167": [0, 0, 0],
						"4.9583": [-10, 0, 0],
						"5.0": [0, 0, 0]
					}
				},
				"sn1t14": {
					"rotation": {
						"2.8333": [0, 0, 0],
						"3.0": [0, 0, 0],
						"3.25": [-37.5, 0, 0],
						"3.4167": [-37.5, 0, 0],
						"3.75": [-42.5, 0, 0],
						"3.9167": [-42.5, 0, 0],
						"4.4167": [-47.5, 0, 0],
						"4.5833": [-47.5, 0, 0],
						"4.75": [3, 0, 0],
						"4.8333": [0, 0, 0],
						"4.9167": [3, 0, 0],
						"5.0": [0, 0, 0]
					},
					"scale": {
						"4.7083": [1, 1, 1],
						"4.75": [1.025, 1.025, 1.025],
						"4.8333": [1, 1, 1],
						"4.9167": [1.025, 1.025, 1.025],
						"5.0": [1, 1, 1]
					}
				},
				"sn1t15": {
					"rotation": {
						"2.8333": [0, 0, 0],
						"3.0": [0, 0, 0],
						"3.25": [42.5, 0, 0],
						"3.4167": [42.5, 0, 0],
						"3.75": [45, 0, 0],
						"3.9167": [45, 0, 0],
						"4.4167": [50, 0, 0],
						"4.5833": [50, 0, 0],
						"4.75": [-3, 0, 0],
						"4.8333": [0, 0, 0],
						"4.9167": [-3, 0, 0],
						"5.0": [0, 0, 0]
					}
				},
				"sn1t16": {
					"rotation": {
						"2.8333": [0, 0, 0],
						"3.0": [0, 0, 0],
						"3.25": [77.5, 0, 0],
						"3.2917": [78.75, 2, 0],
						"3.3333": [80, -2, 0],
						"3.375": [81.25, 2, 0],
						"3.4167": [77.5, 0, 0],
						"3.4583": [78.75, 2, 0],
						"3.5": [80, -2, 0],
						"3.5417": [81.25, 2, 0],
						"3.5833": [82.5, -2, 0],
						"3.625": [83.75, 2, 0],
						"3.6667": [85, -2, 0],
						"3.7083": [86.25, 2, 0],
						"3.75": [87.5, -2, 0],
						"3.7917": [88.75, 2, 0],
						"3.8333": [90, -2, 0],
						"3.875": [91.25, 2, 0],
						"3.9167": [92.5, -2, 0],
						"3.9583": [92.5, 2, 0],
						"4.0": [92.5, -2, 0],
						"4.4167": [100, 0, 0],
						"4.5833": [100, 0, 0],
						"4.75": [-5, 0, 0],
						"4.8333": [0, 0, 0],
						"4.9167": [-5, 0, 0],
						"5.0": [0, 0, 0]
					},
					"position": {
						"2.8333": [0, 0, 0],
						"3.0": [0, 0, 0],
						"3.25": [0, -0.25, 0],
						"3.4167": [0, -0.25, 0],
						"5.0": [0, 0, 0]
					},
					"scale": {
						"2.8333": [1, 1, 1],
						"3.0": [1, 1, 1],
						"3.25": [1, 1.1, 1],
						"3.4167": [1, 1.1, 1],
						"3.8333": [1, 1.12, 1],
						"4.0": [1, 1.12, 1],
						"4.4167": [1, 1.12, 1],
						"4.5833": [1, 1.12, 1],
						"4.75": [1, 1.12, 1],
						"4.8333": [1, 1, 1],
						"4.9167": [1, 1.12, 1],
						"5.0": [1, 1, 1]
					}
				},
				"sn1t17": {
					"rotation": {
						"2.8333": [0, 0, 0],
						"4.75": [0, 0, 0],
						"4.7917": [-10, 0, 0],
						"4.8333": [0, 0, 0],
						"4.875": [-10, 0, 0],
						"4.9167": [0, 0, 0],
						"4.9583": [-10, 0, 0],
						"5.0": [0, 0, 0],
						"5.0417": [-10, 0, 0],
						"5.0833": [0, 0, 0],
						"5.125": [-10, 0, 0],
						"5.1667": [0, 0, 0],
						"5.2083": [-10, 0, 0],
						"5.25": [0, 0, 0]
					}
				},
				"spell_air_1": {
					"rotation": ["math.sin(query.anim_time*72)*2", "math.sin(query.anim_time*36)*5", "math.sin(query.anim_time*36)*5"],
					"scale": "0.95+math.sin(query.anim_time*36)*0.05"
				}
			}
		},
		"animation.pb_scraft.air_3_idle": {
			"loop": true,
			"animation_length": 20,
			"bones": {
				"air_3_chain": {
					"rotation": ["math.sin(query.anim_time*72)*2+4", "math.sin(query.anim_time*72)*10", 0]
				},
				"spell_air_3": {
					"rotation": ["math.sin(query.anim_time*72)*3", "-math.sin(query.anim_time*36)*2", "-math.sin(query.anim_time*36)*2"],
					"position": [0, "math.sin(query.anim_time*36)*0.5+0.5", 0]
				},
				"air_3_cube": {
					"scale": {
						"2.0": [1, 1, 1],
						"2.2083": [1.05, 1.05, 1.05],
						"2.2917": [1, 1, 1],
						"4.3333": [0.6, 0.6, 0.6],
						"4.4583": [1.05, 1.05, 1.05],
						"4.5833": [1, 1, 1]
					}
				},
				"air_3_ring_1": {
					"rotation": {
						"2.0": [0, 0, 0],
						"2.2083": [0, 2020, 0],
						"2.2917": [0, 2005, 0],
						"2.4583": [0, 2002, 0],
						"2.625": [0, 2000, 0],
						"2.8333": [0, 1950, 0],
						"3.0833": [0, 1850, 0],
						"3.3333": [0, 1750, 0],
						"3.625": [0, 1350, 0],
						"4.0": [0, 850, 0],
						"4.3333": [0, 0, 0],
						"4.4583": [0, -5, 0],
						"4.5833": [0, 0, 0]
					},
					"scale": {
						"2.0": [1, 1, 1],
						"2.2083": [1.025, 1.025, 1.025],
						"2.2917": [1, 1, 1],
						"2.625": [1, 1, 1],
						"4.3333": [1.1, 1.1, 1.1],
						"4.4583": [0.9, 0.9, 0.9],
						"4.5833": [1, 1, 1]
					}
				},
				"air_3_ring_2": {
					"rotation": {
						"2.0": [0, 0, 0],
						"2.2083": [2020, 0, 0],
						"2.2917": [2005, 0, 0],
						"2.4583": [2002, 0, 0],
						"2.625": [2000, 0, 0],
						"2.8333": [1950, 0, 0],
						"3.0833": [1850, 0, 0],
						"3.3333": [1750, 0, 0],
						"3.625": [1350, 0, 0],
						"4.0": [850, 0, 0],
						"4.3333": [0, 0, 0],
						"4.4583": [-5, 0, 0],
						"4.5833": [0, 0, 0]
					},
					"scale": {
						"2.0": [1, 1, 1],
						"2.2083": [1.025, 1.025, 1.025],
						"2.2917": [1, 1, 1],
						"2.625": [1, 1, 1],
						"4.3333": [1.1, 1.1, 1.1],
						"4.4583": [0.9, 0.9, 0.9],
						"4.5833": [1, 1, 1]
					}
				},
				"air_3_ring_3": {
					"rotation": {
						"2.0": [0, 0, 0],
						"2.2083": [0, 0, 2020],
						"2.2917": [0, 0, 2005],
						"2.4583": [0, 0, 2002],
						"2.625": [0, 0, 2000],
						"2.8333": [0, 0, 1950],
						"3.0833": [0, 0, 1850],
						"3.3333": [0, 0, 1750],
						"3.625": [0, 0, 1350],
						"4.0": [0, 0, 850],
						"4.3333": [0, 0, 0],
						"4.4583": [0, 0, -5],
						"4.5833": [0, 0, 0]
					},
					"scale": {
						"2.0": [1, 1, 1],
						"2.2083": [1.025, 1.025, 1.025],
						"2.2917": [1, 1, 1],
						"2.625": [1, 1, 1],
						"4.3333": [1.1, 1.1, 1.1],
						"4.4583": [0.9, 0.9, 0.9],
						"4.5833": [1, 1, 1]
					}
				}
			}
		},
		"animation.pb_scraft.earth_1_idle": {
			"loop": true,
			"animation_length": 20,
			"bones": {
				"earth_1_right_clamp": {
					"rotation": {
						"2.75": [0, 0, 0],
						"3.0": [0, 0, 0],
						"3.0417": [0, 0, 11],
						"3.0833": [0, 0, 10],
						"3.2083": [0, 0, 0],
						"3.25": [0, 0, 11],
						"3.2917": [0, 0, 10],
						"3.4167": [0, 0, 0],
						"3.7917": [0, 0, 0],
						"3.8333": [0, 0, 11],
						"3.875": [0, 0, 10],
						"4.0": [0, 0, 0],
						"4.0417": [0, 0, 11],
						"4.0833": [0, 0, 10],
						"4.2083": [0, 0, 0]
					},
					"position": {
						"2.4167": [0, 0, 0],
						"2.5": [-1.1, -1.1, 0],
						"2.5417": [-1, -1, 0],
						"4.5": [-1, -1, 0],
						"4.5833": [0.1, 0.1, 0],
						"4.625": [0, 0, 0]
					},
					"scale": {
						"2.4167": [1, 1, 1],
						"2.5": [1, 1, 1],
						"2.5417": [1, 1, 1],
						"3.0": [1, 1, 1],
						"3.0417": [1.05, 1, 1.05],
						"3.0833": [1, 1, 1],
						"3.2083": [1, 1, 1],
						"3.25": [1.05, 1, 1.05],
						"3.2917": [1, 1, 1],
						"3.7917": [1, 1, 1],
						"3.8333": [1.05, 1, 1.05],
						"3.875": [1, 1, 1],
						"4.0": [1, 1, 1],
						"4.0417": [1.05, 1, 1.05],
						"4.0833": [1, 1, 1]
					}
				},
				"earth_1_left_clamp": {
					"rotation": {
						"0.0": [0, 0, 0],
						"3.0": [0, 0, 0],
						"3.0417": [0, 0, -11],
						"3.0833": [0, 0, -10],
						"3.2083": [0, 0, 0],
						"3.25": [0, 0, -11],
						"3.2917": [0, 0, -10],
						"3.4167": [0, 0, 0],
						"3.7917": [0, 0, 0],
						"3.8333": [0, 0, -11],
						"3.875": [0, 0, -10],
						"4.0": [0, 0, 0],
						"4.0417": [0, 0, -11],
						"4.0833": [0, 0, -10],
						"4.2083": [0, 0, 0]
					},
					"position": {
						"2.4167": [0, 0, 0],
						"2.5": [1.1, -1.1, 0],
						"2.5417": [1, -1, 0],
						"4.5": [1, -1, 0],
						"4.5833": [-0.1, 0.1, 0],
						"4.625": [0, 0, 0]
					},
					"scale": {
						"2.4167": [1, 1, 1],
						"2.5": [1, 1, 1],
						"2.5417": [1, 1, 1],
						"3.0": [1, 1, 1],
						"3.0417": [1.05, 1, 1.05],
						"3.0833": [1, 1, 1],
						"3.2083": [1, 1, 1],
						"3.25": [1.05, 1, 1.05],
						"3.2917": [1, 1, 1],
						"3.7917": [1, 1, 1],
						"3.8333": [1.05, 1, 1.05],
						"3.875": [1, 1, 1],
						"4.0": [1, 1, 1],
						"4.0417": [1.05, 1, 1.05],
						"4.0833": [1, 1, 1]
					}
				},
				"earth_1_spell": {
					"rotation": {
						"0.0": [0, 0, 0],
						"1.9583": [0, 0, 0],
						"2.0": [0, 0, "math.sin(query.anim_time*math.clamp(query.anim_time,2,2.5)*1500)*1"],
						"2.5": [0, 0, "math.sin(query.anim_time*math.clamp(query.anim_time,2,2.5)*1500)*1"],
						"2.5417": [0, 0, 0]
					},
					"position": {
						"2.4583": [0, 0, 0],
						"2.5417": [0, 1.4, 0],
						"2.5833": [0, "1.4+math.sin(query.anim_time*50)*0.2", 0],
						"4.5833": [0, "1.4+math.sin(query.anim_time*50)*0.2", 0],
						"4.625": [0, 1.4, 0],
						"4.8333": [0, 1.4, 0],
						"4.9167": [0, -0.1, 0],
						"4.9583": [0, 0, 0]
					},
					"scale": {
						"4.8333": [1, 1, 1],
						"4.9167": [1.05, 1.05, 1.05],
						"4.9583": [1, 1, 1]
					}
				},
				"earth_1_clamps": {
					"rotation": {
						"2.75": [0, 0, 0],
						"2.8333": [0, 42.5, 0],
						"2.875": [0, 37.5, 0],
						"3.5": [0, 37.5, 0],
						"3.5833": [0, -42.5, 0],
						"3.625": [0, -37.5, 0],
						"4.2917": [0, -37.5, 0],
						"4.375": [0, 5, 0],
						"4.4167": [0, 0, 0]
					},
					"scale": {
						"4.5": [1, 1, 1],
						"4.5833": [1, 1.15, 1],
						"4.625": [1, 1.1, 1],
						"4.8333": [1, 1.1, 1],
						"4.9167": [1.05, 0.9, 1.05],
						"4.9583": [1, 1, 1]
					}
				}
			}
		},
		"animation.pb_scraft.earth_2_idle": {
			"loop": true,
			"animation_length": 20,
			"bones": {
				"earth_2_gem_1": {
					"rotation": {
						"2.0": [0, 0, 0],
						"2.0417": [
							"math.sin(query.anim_time*math.clamp(query.anim_time,2,5)*-800)*math.clamp(query.anim_time,2,5)",
							0,
							"math.sin(query.anim_time*math.clamp(query.anim_time,2,5)*-800)*math.clamp(query.anim_time,2,5)"
						],
						"5.0": [0, 0, 0]
					}
				},
				"earth_2_gem_2": {
					"rotation": {
						"2.75": [0, 0, 0],
						"2.7917": [
							0,
							"math.sin(query.anim_time*math.clamp(query.anim_time,2.5,4.5)*-800)*-math.clamp(query.anim_time,2.75,4.75)*0.5",
							"math.sin(query.anim_time*math.clamp(query.anim_time,2.5,4.5)*-800)*math.clamp(query.anim_time,2.75,4.75)*0.5"
						],
						"4.75": [0, 0, 0]
					}
				},
				"earth_2_gem_3": {
					"rotation": {
						"3.5": [0, 0, 0],
						"3.5417": [
							"math.sin(query.anim_time*math.clamp(query.anim_time,2.5,4.5)*-800)*-math.clamp(query.anim_time,3.5,5)",
							0,
							"math.sin(query.anim_time*math.clamp(query.anim_time,2.5,4.5)*-800)*math.clamp(query.anim_time,3.5,5)"
						],
						"5.0": [0, 0, 0]
					}
				}
			}
		},
		"animation.pb_scraft.earth_3_idle": {
			"loop": true,
			"animation_length": 20,
			"bones": {
				"earth_3_gem_top_right": {
					"rotation": {
						"2.0": [0, 0, 0],
						"2.25": [-20, 0, 0],
						"2.4167": [-22, 0, 0],
						"2.6667": [45, 0, 0],
						"2.9167": [120, 0, 0],
						"3.1667": [250, 0, 0],
						"3.4583": [370, 0, 0],
						"3.5417": [360, 0, 0]
					},
					"position": ["math.sin(query.anim_time*72)*0.4+0.4", "math.sin(query.anim_time*72)*0.4+0.4", 0],
					"scale": {
						"3.375": [1, 1, 1],
						"3.4583": [1.05, 1.05, 1.05],
						"3.5417": [1, 1, 1]
					}
				},
				"earth_3_gem_top_left": {
					"rotation": {
						"2.125": [0, 0, 0],
						"2.375": [-20, 0, 0],
						"2.5": [-22, 0, 0],
						"2.75": [45, 0, 0],
						"2.9583": [120, 0, 0],
						"3.2083": [250, 0, 0],
						"3.4583": [370, 0, 0],
						"3.5417": [360, 0, 0]
					},
					"position": ["-math.sin(10+query.anim_time*72)*0.4-0.4", "math.sin(10+query.anim_time*72)*0.4+0.4", 0],
					"scale": {
						"3.375": [1, 1, 1],
						"3.4583": [1.05, 1.05, 1.05],
						"3.5417": [1, 1, 1]
					}
				},
				"earth_3_gem_right": {
					"rotation": {
						"2.25": [0, 0, 0],
						"2.4583": [-20, 0, 0],
						"2.625": [-22, 0, 0],
						"2.8333": [45, 0, 0],
						"3.0417": [120, 0, 0],
						"3.25": [250, 0, 0],
						"3.5": [370, 0, 0],
						"3.5417": [360, 0, 0]
					},
					"position": ["-math.sin(50+query.anim_time*72)*0.4-0.4", 0, 0],
					"scale": {
						"3.4167": [1, 1, 1],
						"3.5": [1.05, 1.05, 1.05],
						"3.5417": [1, 1, 1]
					}
				},
				"earth_3_gem_left": {
					"rotation": {
						"2.375": [0, 0, 0],
						"2.5833": [20, 0, 0],
						"2.6667": [22, 0, 0],
						"2.875": [-45, 0, 0],
						"3.0833": [-120, 0, 0],
						"3.2917": [-250, 0, 0],
						"3.5": [-370, 0, 0],
						"3.5417": [-360, 0, 0]
					},
					"position": ["math.sin(20+query.anim_time*72)*0.4+0.4", 0, 0],
					"scale": {
						"3.4167": [1, 1, 1],
						"3.5": [1.05, 1.05, 1.05],
						"3.5417": [1, 1, 1]
					}
				},
				"earth_3_gem_bot_right": {
					"rotation": {
						"2.4583": [0, 0, 0],
						"2.6667": [-20, 0, 0],
						"2.75": [-22, 0, 0],
						"2.9167": [45, 0, 0],
						"3.0833": [120, 0, 0],
						"3.2917": [250, 0, 0],
						"3.5": [370, 0, 0],
						"3.5417": [360, 0, 0]
					},
					"position": ["math.sin(40+query.anim_time*72)*0.4+0.4", "-math.sin(40+query.anim_time*72)*0.4-0.4", 0],
					"scale": {
						"3.4583": [1, 1, 1],
						"3.5": [1.05, 1.05, 1.05],
						"3.5417": [1, 1, 1]
					}
				},
				"earth_3_gem_bot_left": {
					"rotation": {
						"2.5833": [0, 0, 0],
						"2.75": [-20, 0, 0],
						"2.875": [-22, 0, 0],
						"3.0": [45, 0, 0],
						"3.1667": [120, 0, 0],
						"3.2917": [250, 0, 0],
						"3.5": [370, 0, 0],
						"3.5417": [360, 0, 0]
					},
					"position": ["-math.sin(30+query.anim_time*72)*0.4-0.4", "-math.sin(30+query.anim_time*72)*0.4-0.4", 0],
					"scale": {
						"3.4583": [1, 1, 1],
						"3.5": [1.05, 1.05, 1.05],
						"3.5417": [1, 1, 1]
					}
				}
			}
		},
		"animation.pb_scraft.fire_1_idle": {
			"loop": true,
			"animation_length": 20,
			"bones": {
				"fire_1_spell": {
					"rotation": ["math.sin(query.anim_time*72)*5", "-math.sin(query.anim_time*36)*2.5", "-math.sin(query.anim_time*36)*2.5"],
					"position": {
						"2.0": [0, 0, 0],
						"3.0": [0, -1.8, 0],
						"3.8333": [0, -2, 0],
						"3.875": [0, 0.2, 0],
						"3.9167": [0, 0.3, 0],
						"3.9583": [0, 0.3, 0],
						"4.0": [0, 0, 0]
					},
					"scale": {
						"2.0": [1, 1, 1],
						"3.0": [0.9, 0.9, 0.9],
						"3.75": [0.9, 0.9, 0.9],
						"3.7917": [1.035, 1, 1.035],
						"3.8333": [1, 1, 1],
						"4.0": [1, 1, 1]
					}
				},
				"fire_1_clamp_right": {
					"rotation": {
						"2.0": [0, 0, 0],
						"3.0": [0, 0, -27.5],
						"3.5": [0, 0, -30],
						"3.5833": [0, 0, 5],
						"3.625": [0, 0, 2.5],
						"3.75": [0, 0, -30],
						"3.8333": [0, 0, 5],
						"3.875": [0, 0, 2.5],
						"4.0": [0, 0, 0]
					},
					"position": {
						"3.0": [0, 0, 0],
						"3.5": [0, "math.sin(query.anim_time*math.clamp(query.anim_time,3,3.5)*2000)*0.05", 0],
						"3.5417": [0, 0, 0]
					},
					"scale": {
						"3.5417": [1, 1, 1],
						"3.5833": [1.035, 1, 1.035],
						"3.625": [1, 1, 1],
						"3.7917": [1, 1, 1],
						"3.8333": [1.025, 1, 1.025],
						"3.875": [1, 1, 1]
					}
				},
				"fire_1_clamp_left": {
					"rotation": {
						"2.0": [0, 0, 0],
						"3.0": [0, 0, 27.5],
						"3.5": [0, 0, 30],
						"3.5833": [0, 0, -5],
						"3.625": [0, 0, -2.5],
						"3.75": [0, 0, 30],
						"3.8333": [0, 0, -5],
						"3.875": [0, 0, -2.5],
						"4.0": [0, 0, 0]
					},
					"position": {
						"3.0": [0, 0, 0],
						"3.5": [0, "math.sin(query.anim_time*math.clamp(query.anim_time,3,3.5)*2000)*0.05", 0],
						"3.5417": [0, 0, 0]
					},
					"scale": {
						"2.0": [1, 1, 1],
						"3.5417": [1, 1, 1],
						"3.5833": [1.035, 1, 1.035],
						"3.625": [1, 1, 1],
						"3.7917": [1, 1, 1],
						"3.8333": [1.025, 1, 1.025],
						"3.875": [1, 1, 1]
					}
				},
				"fire_1_spell_layer_2": {
					"rotation": {
						"2.0": [0, 0, 0],
						"3.0": [-270, 0, 0],
						"3.5": [-300, 0, 0],
						"3.8333": [-300, 0, 0],
						"3.9583": [-370, 0, 0],
						"7.9583": [-360, 0, 0],
						"8.4583": [-10, 0, 0],
						"9.0": [0, 0, 0]
					},
					"position": {
						"8.0417": [0, 0, 0],
						"8.2083": [0, 1, 0],
						"8.375": [0, 0, 0]
					},
					"scale": {
						"3.5417": [1, 1, 1],
						"3.5833": [1, 1.1, 1.1],
						"3.625": [1, 1, 1],
						"3.75": [1, 1, 1],
						"3.7917": [1, 1.1, 1.1],
						"3.8333": [1, 1, 1],
						"8.125": [1, 1, 1],
						"8.2083": [1.1, 1.1, 1.1],
						"8.2917": [1, 1, 1]
					}
				}
			}
		},
		"animation.pb_scraft.fire_3_idle": {
			"animation_length": 20,
			"bones": {
				"fire_3_moon": {
					"rotation": {
						"2.0": [0, 0, 0],
						"2.5": [8, 0, -4],
						"2.7917": [10, 0, -5],
						"4.2917": [-175, 0, 85],
						"4.7917": [-180, 0, 90]
					},
					"position": [0, "math.sin(query.anim_time*72)*0.2", 0]
				},
				"fire_3_moon_ring": {
					"rotation": {
						"2.0": [0, 0, 0],
						"2.5": [-4, 0, -8],
						"2.7917": [-5, 0, -10],
						"4.2917": [175, 0, 440],
						"4.7917": [180, 0, 450]
					}
				},
				"fire_3_spell": {
					"rotation": ["math.sin(query.anim_time*72)*1", "-math.sin(query.anim_time*36)*1", "-math.sin(query.anim_time*36)*1"],
					"position": [0, "math.sin(query.anim_time*36)*0.2", 0]
				},
				"fire_3_inner_ring": {
					"rotation": {
						"2.0": [0, 0, 0],
						"2.5": [4, 0, -8],
						"2.7917": [5, 0, -10],
						"3.5417": [-90, 0, 180],
						"4.2917": [0, 0, 350],
						"4.7917": [0, 0, 360]
					}
				},
				"fire_3_cube": {
					"rotation": {
						"2.0": [0, 0, 0],
						"2.5": [-4, 0, -8],
						"2.7917": [-5, 0, -10],
						"4.2917": [175, 0, 350],
						"4.7917": [180, 0, 360]
					},
					"scale": {
						"2.0": [1, 1, 1],
						"2.5": [1.04, 1.04, 1.04],
						"2.7917": [1.05, 1.05, 1.05],
						"3.5417": [0.7, 0.7, 0.7],
						"4.2917": [1, 1, 1]
					}
				},
				"fire_3_ring": {
					"rotation": {
						"2.0": [0, 0, 0],
						"2.5": [0, -8, 0],
						"2.7917": [0, -10, 0],
						"3.5417": [20, 170, 20],
						"4.2917": [0, 350, 0],
						"4.7917": [0, 360, 0]
					},
					"scale": {
						"2.0": [1, 1, 1],
						"2.5": [0.96, 0.96, 0.96],
						"2.7917": [0.95, 0.95, 0.95],
						"3.5417": [1.3, 1, 1.3],
						"4.2917": [1, 1, 1]
					}
				}
			}
		},
		"animation.pb_scraft.ice_1_idle": {
			"loop": true,
			"animation_length": 20,
			"bones": {
				"ice_1_gem": {
					"rotation": [0, 0, "math.sin(query.anim_time*72)*1"],
					"position": [0, "math.sin(query.anim_time*36)*0.2", 0]
				},
				"ice_1_ring": {
					"scale": {
						"1.9583": [1, 1, 1],
						"2.0833": [1, 1.25, 1],
						"2.125": [1, 1.2, 1],
						"4.3333": [1, 1.2, 1],
						"4.4583": [1.1, 1.1, 1.1],
						"4.5": [1, 1, 1]
					}
				},
				"ice_1_clamp_left": {
					"rotation": {
						"2.2917": [0, 0, 0],
						"2.4167": [0, 0, 47],
						"2.4583": [0, 0, 45],
						"2.5": [0, "math.sin(query.anim_time*2000)*1", 45],
						"4.0": [0, "math.sin(query.anim_time*6000)*1", 45],
						"4.4167": [0, 0, 5],
						"4.5": [0, 0, 0]
					},
					"position": {
						"2.2917": [0, 0, 0],
						"2.4167": [-0.5, 0, 0],
						"2.4583": [-0.6, 0, 0],
						"2.5": [-0.6, "math.sin(query.anim_time*2000)*0.02", 0],
						"4.0": [-0.6, "math.sin(query.anim_time*6000)*0.02", 0],
						"4.4167": [-0.1, 0, 0],
						"4.5": [0, 0, 0]
					},
					"scale": {
						"2.2917": [1, 1, 1],
						"2.4167": [1.05, 1.05, 1.05],
						"2.4583": [1, 1, 1]
					}
				},
				"ice_1_clamp_right": {
					"rotation": {
						"2.2917": [0, 0, 0],
						"2.4167": [0, 0, -47],
						"2.4583": [0, 0, -45],
						"2.5": [0, "math.sin(query.anim_time*2000)*1", -45],
						"4.0": [0, "math.sin(query.anim_time*6000)*1", -45],
						"4.4167": [0, 0, -5],
						"4.5": [0, 0, 0]
					},
					"position": {
						"2.2917": [0, 0, 0],
						"2.4167": [0.5, 0, 0],
						"2.4583": [0.6, 0, 0],
						"2.5": [0.6, "math.sin(query.anim_time*2000)*0.02", 0],
						"4.0": [0.6, "math.sin(query.anim_time*6000)*0.02", 0],
						"4.4167": [0.1, 0, 0],
						"4.5": [0, 0, 0]
					},
					"scale": {
						"2.2917": [1, 1, 1],
						"2.4167": [1.05, 1.05, 1.05],
						"2.4583": [1, 1, 1]
					}
				},
				"ice_1_spell": {
					"rotation": {
						"2.5": [0, 0, 0],
						"2.5833": [0, "-query.anim_time*360*math.clamp(query.anim_time-2.5833,0,2)", 0],
						"4.4167": [0, 700, 0],
						"4.875": [0, 720, 0]
					},
					"scale": {
						"4.3333": [1, 1, 1],
						"4.4167": [1.05, 1.05, 1.05],
						"4.5": [1, 1, 1]
					}
				}
			}
		},
		"animation.pb_scraft.ice_3_idle": {
			"loop": true,
			"animation_length": 20,
			"bones": {
				"ice_3_plaque_front": {
					"rotation": {
						"2.0": [0, 0, 0],
						"2.0833": [0, 0, 0],
						"2.125": [0, 0, 0],
						"2.2083": [0, 0, 0],
						"2.25": [0, 0, "query.anim_time*math.clamp(query.anim_time-2.25,0,2)*150"],
						"3.5833": [0, 0, "-query.anim_time*math.clamp(query.anim_time-2.25,0,2)*150"],
						"4.0": [0, 0, -1080]
					},
					"position": {
						"2.0": [0, 0, 0],
						"2.0833": [0, 0, -1.4],
						"2.125": [0, 0, -1.3],
						"3.9167": [0, 0, -1.3],
						"4.0": [0, 0, 0.1],
						"4.0833": [0, 0, 0]
					},
					"scale": {
						"2.0417": [1, 1, 1],
						"2.125": [1.05, 1, 1.05],
						"2.1667": [1, 1, 1],
						"3.7917": [0.95, 0.95, 0.95],
						"3.9167": [1.1, 1.1, 1.1],
						"4.0833": [1, 1, 1]
					}
				},
				"ice_3_plaque_back": {
					"rotation": {
						"2.0": [0, 0, 0],
						"2.0833": [0, 0, 0],
						"2.125": [0, 0, 0],
						"2.2083": [0, 0, 0],
						"2.25": [0, 0, "-query.anim_time*math.clamp(query.anim_time-2.25,0,2)*150"],
						"3.5833": [0, 0, "query.anim_time*math.clamp(query.anim_time-2.25,0,2)*150"],
						"4.0": [0, 0, 1080]
					},
					"position": {
						"2.0": [0, 0, 0],
						"2.0833": [0, 0, 1.4],
						"2.125": [0, 0, 1.3],
						"3.9167": [0, 0, 1.3],
						"4.0": [0, 0, -0.1],
						"4.0833": [0, 0, 0]
					},
					"scale": {
						"2.0417": [1, 1, 1],
						"2.125": [1.05, 1, 1.05],
						"2.1667": [1, 1, 1],
						"3.7917": [0.95, 0.95, 0.95],
						"3.9167": [1.1, 1.1, 1.1],
						"4.0833": [1, 1, 1]
					}
				},
				"ice_2_gem__top_right": {
					"rotation": [0, "-math.sin(query.anim_time*36)*3", "math.sin(query.anim_time*72)*0.8+0.8"],
					"position": [0, "math.sin(query.anim_time*72)*0.1", 0]
				},
				"ice_2_gem_bot_right": {
					"rotation": [0, "-math.sin(query.anim_time*36)*3", "-math.sin(query.anim_time*72)*0.8-0.8"],
					"position": [0, "-math.sin(query.anim_time*72)*0.1", 0]
				},
				"Ice_2_gem_top_left": {
					"rotation": [0, "-math.sin(query.anim_time*36)*3", "-math.sin(query.anim_time*72)*0.8-0.8"],
					"position": [0, "math.sin(query.anim_time*72)*0.1", 0]
				},
				"ice_2_gem_bot_left": {
					"rotation": [0, "-math.sin(query.anim_time*36)*3", "math.sin(query.anim_time*72)*0.8+0.8"],
					"position": [0, "-math.sin(query.anim_time*72)*0.1", 0]
				},
				"ice_3_spike_left": {
					"rotation": ["query.anim_time*18", 0, 0]
				},
				"ice_3_spike_right": {
					"rotation": ["-query.anim_time*18", 0, 0]
				}
			}
		},
		"animation.pb_scraft.twilight_1_idle": {
			"loop": true,
			"animation_length": 20,
			"bones": {
				"twilight_1_ray": {
					"rotation": [0, "-query.anim_time*72", 0]
				},
				"twilight_1_eye": {
					"rotation": {
						"2.0833": [0, 0, 0],
						"2.2083": [-12.50774, -10.01644, 0.11322],
						"2.7083": [-12.50774, -10.01644, 0.11322],
						"2.8333": [2.58819, 12.38694, -1.28586],
						"3.5": [2.59, 12.39, -1.29],
						"4.25": [-7, -12, 0.3],
						"5.0": [-7.62, -12.46, 0.67],
						"6.25": [-7.62, -12.46, 0.67],
						"6.4583": [0, -190, 0],
						"6.5": [0, -180, 0],
						"7.75": [0, -180, 0],
						"7.9583": [0, 10, 0],
						"8.0": [0, 0, 0]
					},
					"position": [0, "math.sin(query.anim_time*36)*0.25", 0],
					"scale": {
						"5.0417": [1, 1, 1],
						"6.375": [1, 1, 1],
						"6.4583": [1.05, 1.05, 1.05],
						"6.5": [1, 1, 1],
						"7.875": [1, 1, 1],
						"7.9583": [1.05, 1.05, 1.05],
						"8.0": [1, 1, 1],
						"12.0417": [1, 1, 1],
						"12.0833": [1.05, 1.05, 1.05],
						"12.125": [1, 1, 1]
					}
				},
				"twilight_1_eyelid_lower": {
					"rotation": {
						"3.5": [0, 0, 0],
						"6.25": [2, 0, 0],
						"6.3333": [2, 0, 0],
						"6.5": [0, 0, 0],
						"12.0": [0, 0, 0],
						"12.0417": [-11, 0, 0],
						"12.0833": [-19, 0, 0],
						"12.125": [0, 0, 0]
					},
					"position": {
						"12.0": [0, 0, 0],
						"12.0417": [0, 0.6, 0],
						"12.0833": [0, 0.6, 0],
						"12.125": [0, 0, 0]
					}
				},
				"twilight_1_eyelid_upper": {
					"rotation": {
						"3.5": [0, 0, 0],
						"4.25": [-2, 0, 0],
						"5.0": [-4, 0, 0],
						"6.25": [-6, 0, 0],
						"6.3333": [-6, 0, 0],
						"6.5": [0, 0, 0],
						"12.0": [0, 0, 0],
						"12.0417": [11, 0, 0],
						"12.0833": [19, 0, 0],
						"12.125": [0, 0, 0]
					},
					"position": {
						"12.0": [0, 0, 0],
						"12.0417": [0, -0.6, 0],
						"12.0833": [0, -0.6, 0],
						"12.125": [0, 0, 0]
					}
				},
				"twilight_1_pupil": {
					"rotation": {
						"2.0": [0, 0, 0],
						"2.0833": [-5, -7.5, 0],
						"2.125": [-4.5, -7, 0],
						"2.5833": [-5, -7.5, 0],
						"2.7083": [2, 7.5, 0],
						"3.125": [2, 7.5, 0],
						"3.2083": [-0.5, -0.5, 0],
						"3.25": [0, 0, 0],
						"3.5": [0, 0, 0],
						"3.625": [0, 0, 0],
						"5.0": [0, 0, -8],
						"6.25": [0, 0, -11],
						"6.5": [0, 0, 0]
					},
					"scale": {
						"2.0": [1, 1, 1],
						"2.0833": [0.85, 0.85, 0.85],
						"3.5": [0.85, 0.85, 0.85],
						"5.0417": [0.85, 0.85, 0.85],
						"6.25": [0.85, 0.85, 0.85],
						"6.5": [1, 1, 1],
						"12.0": [1, 1, 1],
						"12.0417": [0.85, 0.45, 0.85],
						"12.0833": [0.85, 0.45, 0.85],
						"12.1667": [1, 1, 1]
					}
				}
			}
		},
		"animation.pb_scraft.twilight_2_idle": {
			"loop": true,
			"animation_length": 20,
			"bones": {
				"twilight_2_spell": {
					"position": [0, "math.sin(query.anim_time*36)*0.12", 0]
				},
				"twilight_2_spell_core": {
					"rotation": {
						"2.0": [0, 0, 0],
						"2.875": [0, 0, "-query.anim_time*math.clamp(query.anim_time-2,0,2)*180"],
						"4.0": [0, 0, -1080],
						"4.0833": [0, 0, -1070],
						"4.1667": [0, 0, -1080]
					},
					"scale": {
						"2.0": [1, 1, 1],
						"3.5833": [0.4, 0.4, 0.4],
						"4.0": [0.775, 0.775, 0.775],
						"4.0833": [1.05, 1.05, 1.05],
						"4.1667": [1, 1, 1]
					}
				},
				"twilight_2_spell_ring": {
					"rotation": [0, 0, "math.sin(query.anim_time*72)*3"]
				},
				"twilight_2_spell_moon": {
					"rotation": {
						"0.0": [0, 0, 0],
						"2.0": [0, 0, 0],
						"2.875": [0, 20, "query.anim_time*math.clamp(query.anim_time-2,0,2)*180"],
						"4.0": [0, 0, 1080],
						"4.0833": [0, 0, 1070],
						"4.1667": [0, 0, 1080]
					},
					"scale": {
						"2.0": [1, 1, 1],
						"3.5833": [0.8, 0.8, 0.8],
						"4.0": [1, 1, 1],
						"4.0833": [1.05, 1.05, 1.05],
						"4.1667": [1, 1, 1]
					}
				}
			}
		},
		"animation.pb_scraft.twilight_3_idle": {
			"loop": true,
			"animation_length": 20,
			"bones": {
				"twilight_3_eye": {
					"rotation": {
						"2.75": [0, 0, 0],
						"3.0": [0, 32.5, 0],
						"4.0": [0, -42.5, 0],
						"4.2083": [0, -42.5, 0],
						"4.2917": [0, -42.5, 0],
						"4.4167": [0, 29, 0],
						"4.4583": [0, 27.5, 0],
						"5.5833": [0, -42.5, 0],
						"5.9167": [0, -42.5, 0],
						"6.0": [0, -42.5, 0],
						"6.125": [15, -25, 0],
						"6.1667": [20, -17.5, 0],
						"6.6667": [-10, -17.5, 0],
						"6.875": [-9.68453, -10.11005, -1.31924],
						"7.0": [-4.77279, -2.55387, -1.29385],
						"8.75": [-4.77, -2.55, -1.29],
						"8.875": [0, 0, 0]
					},
					"position": {
						"7.75": [0, 0, 0],
						"7.7917": [0, 0, 1],
						"8.0": [0, 0, 1.3],
						"8.75": [0, 0, 1.3],
						"8.875": [0, 0, 0]
					},
					"scale": {
						"4.3333": [1, 1, 1],
						"4.4167": [1.05, 1.05, 1.05],
						"4.4583": [1, 1, 1],
						"6.0833": [1, 1, 1],
						"6.1667": [1.05, 1.05, 1.05],
						"6.2083": [1, 1, 1],
						"7.75": [1, 1, 1],
						"7.7917": [1.1, 1.1, 1.1],
						"7.8333": [1, 1, 1],
						"8.7917": [1, 1, 1],
						"8.8333": [1.05, 1.05, 1.05],
						"8.875": [1, 1, 1]
					}
				},
				"twilight_3_eyelid_upper": {
					"rotation": {
						"3.0833": [0, 0, 0],
						"4.2917": [5, 0, 0],
						"4.4167": [0, 0, 0],
						"5.75": [4, 0, 0],
						"7.75": [5, 0, 0],
						"7.7917": [-6, 0, 0],
						"7.8333": [-5, 0, 0],
						"8.75": [-6, 0, 0],
						"8.7917": [11, 0, 0],
						"8.8333": [19, 0, 0],
						"8.875": [0, 0, 0]
					},
					"position": {
						"8.75": [0, 0, 0],
						"8.7917": [0, -0.6, 0],
						"8.8333": [0, -0.6, 0],
						"8.875": [0, 0, 0]
					}
				},
				"twilight_3_pupil": {
					"scale": {
						"2.75": [1, 1, 1],
						"2.8333": [0.9, 0.9, 0.9],
						"7.75": [0.9, 0.9, 0.9],
						"7.7917": [0.85, 0.85, 0.85],
						"7.8333": [0.85, 0.85, 0.85],
						"8.75": [0.85, 0.85, 0.85],
						"8.7917": [0.85, 0.45, 0.85],
						"8.8333": [0.85, 0.45, 0.85],
						"8.9167": [1, 1, 1]
					}
				},
				"twilight_3_eyelid_lower": {
					"rotation": {
						"3.0833": [0, 0, 0],
						"4.2917": [-5, 0, 0],
						"4.4167": [0, 0, 0],
						"5.75": [-4, 0, 0],
						"7.75": [-5, 0, 0],
						"7.7917": [6, 0, 0],
						"7.8333": [5, 0, 0],
						"8.75": [6, 0, 0],
						"8.7917": [-11, 0, 0],
						"8.8333": [-19, 0, 0],
						"8.875": [0, 0, 0]
					},
					"position": {
						"8.75": [0, 0, 0],
						"8.7917": [0, 0.6, 0],
						"8.8333": [0, 0.6, 0],
						"8.875": [0, 0, 0]
					}
				},
				"twilight_3_arrow_left": {
					"rotation": {
						"2.0": [0, 0, 0],
						"2.25": [0, -180, 0],
						"2.7083": [0, -180, 0],
						"2.75": [0, "-180-(query.anim_time-2.75)*90", 0],
						"6.0": [0, "-180-(query.anim_time-2.25)*90", 0],
						"6.1667": [0, -540, 0],
						"8.75": [0, -540, 0],
						"8.875": [0, -360, 0]
					},
					"position": {
						"2.7083": [0, 0, 0],
						"2.75": ["10-math.cos((query.anim_time-2.75)*90)*10", "math.sin((query.anim_time-2.75)*45)*3", "-math.sin((query.anim_time-2.75)*90)*10"],
						"6.0": ["10-math.cos((query.anim_time-2.25)*90)*10", "math.sin((query.anim_time-2.25)*45)*3", "-math.sin((query.anim_time-2.25)*90)*10"],
						"6.1667": [0, 0, 0],
						"8.75": [0, 0, 0]
					},
					"scale": {
						"2.0": [1, 1, 1],
						"2.25": [1.05, 1.05, 1.05],
						"2.3333": [1, 1, 1]
					}
				},
				"twilight_3_arrow_right": {
					"rotation": {
						"2.0": [0, 0, 0],
						"2.2083": [0, -180, 0],
						"2.25": [0, "-180-(query.anim_time-2.25)*90", 0],
						"6.25": [0, "-180-(query.anim_time-2.25)*90", 0],
						"6.4167": [0, -540, 0],
						"8.75": [0, -540, 0],
						"8.875": [0, -720, 0]
					},
					"position": {
						"2.2083": [0, 0, 0],
						"2.25": ["-10+math.cos((query.anim_time-2.25)*90)*10", "-math.sin((query.anim_time-2.25)*45)*3", "math.sin((query.anim_time-2.25)*90)*10"],
						"6.25": ["-10+math.cos((query.anim_time-2.25)*90)*10", "-math.sin((query.anim_time-2.25)*45)*3", "math.sin((query.anim_time-2.25)*90)*10"],
						"6.4167": [0, 0, 0]
					},
					"scale": {
						"2.0": [1, 1, 1],
						"2.25": [1.05, 1.05, 1.05],
						"2.3333": [1, 1, 1]
					}
				},
				"twilight_3_arrow_top": {
					"rotation": {
						"2.5": [0, 0, 0],
						"2.75": [0, 0, 180],
						"2.8333": [0, 0, 180],
						"3.4583": [0, 0, 180],
						"3.5": ["(query.anim_time-3.5)*90", 0, 180],
						"4.9583": ["(query.anim_time-3.5)*90", 0, 135],
						"6.0": ["(query.anim_time-3.5)*90", 0, 180],
						"7.0": [276, 0, 180],
						"8.0": [276, 0, 180],
						"8.5": [0, 0, 0]
					},
					"position": {
						"3.4583": [0, 0, 0],
						"3.5": ["math.sin((query.anim_time-3.5)*45)*12.5", "-10+math.cos((query.anim_time-3.5)*90)*10", "math.sin((query.anim_time-3.5)*90)*10"],
						"6.0": ["math.sin((query.anim_time-3.5)*45)*3", "-10+math.cos((query.anim_time-3.5)*90)*10", "math.sin((query.anim_time-3.5)*90)*10"],
						"7.0": [0, -10, -7],
						"7.75": [0, -10, -7],
						"7.7917": [0, -10.1, -6],
						"7.8333": [0, -10, -7],
						"8.0": [0, -10, -7],
						"8.5": [0, 0, 0]
					},
					"scale": {
						"2.5": [1, 1, 1],
						"2.75": [1.05, 1.05, 1.05],
						"2.8333": [1, 1, 1],
						"7.75": [1, 1, 1],
						"7.7917": [1.05, 1.05, 1.05],
						"7.8333": [1, 1, 1]
					}
				},
				"twilight_3_eye_inner_layer": {
					"position": [0, "math.sin(query.anim_time*36)*0.25", 0]
				},
				"twilight_3_arrow_left_inner_layer": {
					"rotation": {
						"2.2917": [0, 0, 0],
						"2.3333": ["math.sin(query.anim_time*18)*2", 0, "math.sin(query.anim_time*36)*1"],
						"8.75": [0, 0, 0]
					},
					"position": {
						"2.2917": [0, 0, 0],
						"2.3333": [0, "math.sin(query.anim_time*36)*0.25", 0],
						"8.75": [0, 0, 0]
					}
				},
				"twilight_3_arrow_right_inner_layer": {
					"rotation": {
						"2.1667": [0, 0, 0],
						"2.2083": ["math.sin(query.anim_time*18)*2", 0, "-math.sin(query.anim_time*36)*1"],
						"8.75": [0, 0, 0]
					},
					"position": {
						"2.1667": [0, 0, 0],
						"2.2083": [0, "math.sin(query.anim_time*36)*0.25", 0],
						"8.75": [0, 0, 0]
					}
				},
				"twilight_3_arrow_top_inner_layer": {
					"rotation": {
						"2.7917": [0, 0, 0],
						"2.8333": ["math.sin(query.anim_time*18)*2", 0, "math.sin(query.anim_time*36)*1"]
					},
					"position": {
						"2.7917": [0, 0, 0],
						"2.8333": [0, "math.sin(query.anim_time*36)*0.5", 0],
						"5.25": [0, "math.sin(query.anim_time*36)*0.5", 0],
						"6.75": [0, "0.8+math.sin(query.anim_time*36)*0.5", "9.1+math.sin(query.anim_time*36)*10"],
						"8.5": [0, 0, 0]
					}
				}
			}
		},
		"animation.pb_scraft.ice_2_idle": {
			"animation_length": 20,
			"bones": {
				"ice_2_gem": {
					"rotation": {
						"2.0": [0, 0, 0],
						"2.1667": [0, 45, 0],
						"2.3333": [0, 135, 0],
						"2.5": [0, 315, 0],
						"2.6667": [0, 675, 0],
						"2.8333": [0, 1395, 0],
						"3.0": [0, 5715, 0],
						"3.1667": [0, -20, 0],
						"3.5": [0, 0, 0]
					},
					"position": {
						"2.0": [0, 0, 0],
						"2.5": [0, 2.75, 0],
						"3.6667": [0, 1.75, 0],
						"3.7917": [0, -0.1, 0],
						"3.8333": [0, 0, 0]
					},
					"scale": {
						"2.0": [1, 1, 1],
						"2.5": [0.8, 0.7, 0.5],
						"3.6667": [0.8, 0.7, 0.5],
						"3.7917": [1.1, 1.1, 1.1],
						"3.8333": [1, 1, 1]
					}
				},
				"ice_2_wing_right": {
					"rotation": {
						"2.0": [0, 0, 0],
						"2.25": [-37.5, 0, 0],
						"2.4167": [-52.5, 0, 0],
						"2.5833": [-32.5, 0, 0],
						"2.8333": [-60, 0, 0],
						"3.0417": [-80, 0, 0],
						"3.5417": [-102.5, 0, 0],
						"3.8333": [0, 0, 0]
					}
				},
				"ice_2_wing_right2": {
					"rotation": {
						"2.0": [0, 0, 0],
						"2.25": [15, 0, 0],
						"2.4167": [-5, 0, 0],
						"2.5833": [15, 0, 0],
						"2.8333": [-7.5, 0, 0],
						"3.0417": [-25, 0, 0],
						"3.5417": [2.5, 0, 0],
						"3.8333": [0, 0, 0]
					}
				},
				"ice_2_wing_left": {
					"rotation": {
						"2.0": [0, 0, 0],
						"2.25": [-35, 0, 0],
						"2.4167": [-52.5, 0, 0],
						"2.5833": [-22.5, 0, 0],
						"2.8333": [-52.5, 0, 0],
						"3.0417": [-72.5, 0, 0],
						"3.5417": [-100, 0, 0],
						"3.8333": [0, 0, 0]
					}
				},
				"ice_2_wing_left2": {
					"rotation": {
						"2.0": [0, 0, 0],
						"2.25": [7.5, 0, 0],
						"2.4167": [-7.5, 0, 0],
						"2.5833": [15, 0, 0],
						"2.8333": [-5, 0, 0],
						"3.0417": [-25, 0, 0],
						"3.5417": [7.5, 0, 0],
						"3.8333": [0, 0, 0]
					}
				}
			}
		},
		"animation.pb_scraft.fire_2_idle": {
			"animation_length": 19.9583,
			"bones": {
				"fire_2_bird": {
					"rotation": {
						"0.0": [0, 0, 0],
						"2.0": [0, 0, 0],
						"2.25": [7.5, 0, 0],
						"3.875": [7.5, 0, 0],
						"4.125": [0, 0, 0]
					}
				},
				"fire_2_throat": {
					"rotation": {
						"0.0": [0, 0, 0],
						"2.0": [0, 0, 0],
						"2.25": [-27.5, 0, 0],
						"3.875": [-27.5, 0, 0],
						"4.125": [0, 0, 0]
					}
				},
				"fire_2_neck": {
					"rotation": {
						"0.0": [0, 0, 0],
						"2.0": [0, 0, 0],
						"2.25": [20, 0, 0],
						"3.1667": [21.05935, 4.99043, 23.25038],
						"3.6667": [20.56155, -3.73171, -17.10967],
						"3.875": [20.01, -0.54, -2.44],
						"4.125": [0, 0, 0]
					}
				},
				"fire_2_head": {
					"rotation": {
						"0.0": [0, 0, 0],
						"2.0": [0, 0, 0],
						"2.4167": [2.5, 0, 0],
						"2.8333": [-47.5, 0, 0],
						"3.2083": [-47.25471, 5.52235, 5.08269],
						"3.4583": [-47.46954, -1.84411, -1.69176],
						"3.6667": [-47.05942, -7.35648, -6.79587],
						"3.875": [-47.46954, -1.84411, -1.69176],
						"4.125": [0, 0, 0]
					}
				},
				"fire_2_tongue": {
					"rotation": {
						"0.0": [0, 0, 0],
						"2.0": [0, 0, 0],
						"2.4167": [-15, 0, 0],
						"4.125": [0, 0, 0]
					}
				},
				"right_wing": {
					"rotation": {
						"2.0": [0, 0, 0],
						"2.2917": [20, 0, 0],
						"2.5417": [30, 0, 0],
						"3.0417": [-72.5, 0, 0],
						"3.3333": [15, 0, 0],
						"3.5833": [-60, 0, 0],
						"3.8333": [25, 0, 0],
						"4.125": [0, 0, 0]
					}
				},
				"left_wing": {
					"rotation": {
						"2.0": [0, 0, 0],
						"2.2917": [17.5, 0, 0],
						"2.5417": [30, 0, 0],
						"3.0417": [-67.5, 0, 0],
						"3.3333": [10, 0, 0],
						"3.5833": [-47.5, 0, 0],
						"3.8333": [22.5, 0, 0],
						"4.125": [0, 0, 0]
					}
				}
			}
		}
	}
}