{
	"format_version": "1.20.10",
	"minecraft:recipe_shaped": {
		"description": {
			"identifier": "ljw_ww:lunarburn_lantern"
		},
		"tags": [
			"crafting_table"
		],
		"pattern": [
			"III",
			"I0I",
			"I#I"
		],
		"key": {
			"I": {
				"item": "minecraft:iron_nugget"
			},
			"0": {
				"item": "minecraft:torch"
			},
			"#": {
				"item": "ljw_ww:lunarburn_powder"
			}
		},
		"unlock": [
			{ "item": "ljw_ww:lunarburn_powder" }
		],
		"result": {
			"item": "ljw_ww:lunarburn_lantern",
			"count": 1
		}
	}
}