{
	"format_version": "1.20.10",
	"minecraft:recipe_shaped": {
		"description": {
			"identifier": "ljw_ww:lycan_forge"
		},
		"tags": [
			"crafting_table"
		],
		"pattern": [
			"I0I",
			"0#0",
			"I0I"
		],
		"key": {
			"I": {
				"item": "minecraft:bone"
			},
			"0": {
				"item": "minecraft:cobblestone"
			},
			"#": {
				"item": "ljw_ww:moonglow_sprig"
			}
		},
		"unlock": {
			"context": "AlwaysUnlocked"
		},
		"result": {
			"item": "ljw_ww:lycan_forge",
			"count": 1
		}
	}
}