{
	"format_version": "1.20.10",
	"minecraft:recipe_shapeless": {
		"description": {
			"identifier": "ljw_ww:suspicious_stew_from_moonglow_sprig_altered"
		},
		"tags": [
			"crafting_table"
		],
		"ingredients": [
			{
				"item": "minecraft:brown_mushroom"
			},
			{
				"item": "minecraft:red_mushroom"
			},
			{
				"item": "minecraft:bowl"
			},
			{
				"item": "ljw_ww:moonglow_sprig"
			},
			{
				"item": "minecraft:glow_berries"
			}
		],
		"unlock": [
			{ "item": "ljw_ww:moonglow_sprig" }
		],
		"result": {
			"item": "ljw_ww:suspicious_stew_untransform"
		}
	}
}