{
	"format_version": "1.20.10",
	"minecraft:recipe_shaped": {
		"description": {
			"identifier": "ljw_ww:werewolf_trim_pack_eye"
		},
		"tags": [
			"crafting_table"
		],
		"pattern": [
			" 0 ",
			"0#0",
			" 0 "
		],
		"key": {
			"0": {
				"item": "minecraft:eye_armor_trim_smithing_template"
			},
			"#": {
				"item": "ljw_ww:moonglow_sprig"
			}
		},
		"unlock": [
			{ "item": "minecraft:eye_armor_trim_smithing_template" },
			{ "item": "ljw_ww:moonglow_sprig" }
		],
		"result": {
			"item": "ljw_ww:werewolf_trim_pack_eye",
			"count": 1
		}
	}
}