{
	"format_version": "1.20.10",
	"minecraft:recipe_shaped": {
		"description": {
			"identifier": "ljw_ww:werewolf_emblem_end"
		},
		"tags": [
			"crafting_table"
		],
		"pattern": [
			" 0I",
			"0#0",
			" 0 "
		],
		"key": {
			"0": {
				"item": "minecraft:end_stone"
			},
			"#": {
				"item": "ljw_ww:moonglow_sprig"
			},
			"I": {
				"item": "minecraft:elytra"
			}
		},
		"unlock": [
			{ "item": "ljw_ww:moonglow_sprig" }
		],
		"result": {
			"item": "ljw_ww:werewolf_emblem_end",
			"count": 1
		}
	}
}