{
	"format_version": "1.20.10",
	"minecraft:recipe_shaped": {
		"description": {
			"identifier": "ljw_ww:wolfband"
		},
		"tags": [
			"crafting_table"
		],
		"pattern": [
			"C0C",
			"0#0",
			"C0C"
		],
		"key": {
			"C": {
				"item": "minecraft:copper_ingot"
			},
			"0": {
				"item": "minecraft:iron_ingot"
			},
			"#": {
				"item": "ljw_ww:moonglow_sprig"
			}
		},
		"unlock": [
			{ "item": "minecraft:copper_ingot" },
			{ "item": "minecraft:iron_ingot" },
			{ "item": "ljw_ww:moonglow_sprig" }
		],
		"result": {
			"item": "ljw_ww:wolfband",
			"count": 1
		}
	}
}