{
    "format_version": "1.20.10",
    "minecraft:recipe_shaped": {
      "description": {
      "identifier": "pb_scraft:dark_wizard_leggings_recipe"
      },
      "tags": ["pb_scraft_workbench_scope"],
      "pattern": [
          "MCM",
          "C C",
          "M M"
      ],
      "key": {
		"A": "minecraft:amethyst_shard",
        "I": "minecraft:iron_ingot",
        "C": "minecraft:copper_ingot",
        "M": "pb_scraft:magic_cloth",
        "G": "minecraft:feather",
        "B": "minecraft:spider_eye"
	},
      "unlock": {
        "context": "AlwaysUnlocked"
    },
      "result": [
          {"item": "pb_scraft:dark_wizard_leggings"}
      ]
    }
}
