{
    "format_version": "1.20.10",
    "minecraft:recipe_shaped": {
      "description": {
      "identifier": "pb_scraft:skull_wizard_hood_recipe"
      },
      "tags": ["pb_scraft_workbench_scope"],
      "pattern": [
          "GNG",
          "MSM",
          "G G"
      ],
      "key": {
		"A": "minecraft:amethyst_shard",
        "I": "minecraft:iron_ingot",
        "C": "minecraft:copper_ingot",
        "M": "pb_scraft:magic_cloth",
        "F": "minecraft:feather",
        "B": "minecraft:spider_eye",
        "D": "minecraft:diamond",
        "W": "minecraft:white_wool",
        "G": "minecraft:gold_ingot",
        "N": "minecraft:netherite_ingot",
        "S": "minecraft:wither_skeleton_skull"
	},
      "unlock": {
        "context": "AlwaysUnlocked"
    },
      "result": [
          {"item": "pb_scraft:wizard_hood"}
      ]
    }
}