{
    "format_version": "1.20.10",
    "minecraft:recipe_shaped": {
      "description": {
      "identifier": "pb_scraft:wizard_chestplate_recipe"
      },
      "tags": ["pb_scraft_workbench_scope"],
      "pattern": [
          "I I",
          "MIM",
          "III"
      ],
      "key": {
		"A": "minecraft:amethyst_shard",
        "I": "minecraft:iron_ingot",
        "C": "minecraft:copper_ingot",
        "M": "pb_scraft:magic_cloth",
        "F": "minecraft:feather",
        "B": "minecraft:spider_eye",
        "D": "minecraft:diamond",
        "W": "minecraft:white_wool",
        "G": "minecraft:gold_ingot"
	},
      "unlock": {
        "context": "AlwaysUnlocked"
    },
      "result": [
          {"item": "pb_scraft:wizard_chestplate"}
      ]
    }
}
