{
	"format_version": "1.12.0",
	"minecraft:geometry": [
		{
			"description": {
				"identifier": "geometry.pb_scraft.display",
				"texture_width": 64,
				"texture_height": 64,
				"visible_bounds_width": 2,
				"visible_bounds_height": 3.5,
				"visible_bounds_offset": [0, 1.25, 0]
			},
			"bones": [
				{
					"name": "root",
					"pivot": [0, 0, 0]
				},
				{
					"name": "effect",
					"parent": "root",
					"pivot": [0, 0, 0],
					"locators": {
						"locator_particle": [0, 8, 0]
					}
				},
				{
					"name": "body",
					"parent": "root",
					"pivot": [0, 0, 0]
				},
				{
					"name": "rightarm",
					"parent": "body",
					"pivot": [-10, 0, 0]
				},
				{
					"name": "leftarm",
					"parent": "body",
					"pivot": [0, 0, 0]
				},
				{
					"name": "right",
					"parent": "root",
					"pivot": [-0.5, 8, 8]
				},
				{
					"name": "rightitem",
					"parent": "right",
					"pivot": [-1, 2, 1],
					"rotation": [-75, -12, -16]
				},
				{
					"name": "left",
					"parent": "root",
					"pivot": [-0.5, 0, 1]
				},
				{
					"name": "leftitem",
					"parent": "left",
					"pivot": [5.5, 1, -3],
					"rotation": [-20, 45, 0]
				}
			]
		}
	]
}