{
	"format_version": "1.12.0",
	"minecraft:geometry": [
		{
			"description": {
				"identifier": "geometry.pb_scraft.ice_spike",
				"texture_width": 128,
				"texture_height": 128,
				"visible_bounds_width": 4,
				"visible_bounds_height": 5.5,
				"visible_bounds_offset": [0, 2.25, 0]
			},
			"bones": [
				{
					"name": "root",
					"pivot": [0, 0, 0],
					"cubes": [
						{"origin": [-7, 0, -7], "size": [14, 30, 14], "uv": [0, 0]},
						{"origin": [2.8, 14.6, -3], "size": [4, 6, 9], "inflate": -0.1, "pivot": [8, 18, 1.5], "rotation": [0, 0, -52.5], "uv": [56, 0]},
						{"origin": [6, 0, -3], "size": [4, 15, 9], "uv": [52, 44]},
						{"origin": [-6, 26, -7], "size": [12, 8, 14], "inflate": -0.2, "pivot": [0, 30, 0], "rotation": [0, 0, 32.5], "uv": [0, 44]}
					]
				}
			]
		}
	]
}