{
	"format_version": "1.12.0",
	"minecraft:geometry": [
		{
			"description": {
				"identifier": "geometry.pb_scraft.magic_stone",
				"texture_width": 128,
				"texture_height": 128,
				"visible_bounds_width": 4,
				"visible_bounds_height": 4,
				"visible_bounds_offset": [0, 1, 0]
			},
			"bones": [
				{
					"name": "root",
					"pivot": [0, 0, 0]
				},
				{
					"name": "bone",
					"parent": "root",
					"pivot": [-0.775, 10, -1]
				},
				{
					"name": "base",
					"parent": "root",
					"pivot": [3, -5, 0],
					"cubes": [
						{"origin": [-6, -9, -6], "size": [16, 7, 12], "pivot": [2, -6.5, 0], "rotation": [0, 0, -10], "uv": [0, 50]},
						{"origin": [-7, -5, -8], "size": [20, 12, 16], "uv": [0, 0]},
						{"origin": [-23, -6, -5.4], "size": [15, 12, 11], "pivot": [-12, 1.5, -0.4], "rotation": [0, 0, -155], "uv": [56, 28]},
						{"origin": [-10.775, 4, -4], "size": [17, 11, 11], "pivot": [-0.775, 10, -1], "rotation": [-50, -57.5, 0], "uv": [0, 28]}
					]
				},
				{
					"name": "variant_1",
					"parent": "root",
					"pivot": [8.5, 7.5, -0.5],
					"cubes": [
						{"origin": [0, 3, -5], "size": [17, 9, 10], "pivot": [8.5, 7.5, -0.5], "rotation": [0, 0, 17.5], "uv": [56, 51]}
					]
				}
			]
		}
	]
}