{
	"format_version": "1.12.0",
	"minecraft:geometry": [
		{
			"description": {
				"identifier": "geometry.pb_scraft.teeth",
				"texture_width": 128,
				"texture_height": 128,
				"visible_bounds_width": 3,
				"visible_bounds_height": 4,
				"visible_bounds_offset": [0, 1, 0]
			},
			"bones": [
				{
					"name": "root",
					"pivot": [0, -11, 4]
				},
				{
					"name": "top",
					"parent": "root",
					"pivot": [0, 1, 9],
					"rotation": [-20, 0, 0],
					"cubes": [
						{"origin": [-16, -5.57506, -8.60391], "size": [31, 14, 20], "uv": [0, 0]}
					]
				},
				{
					"name": "bottom",
					"parent": "root",
					"pivot": [0, 0, 9],
					"rotation": [20, 0, 0],
					"cubes": [
						{"origin": [-16, -0.1234, -10.31401], "size": [31, 14, 20], "inflate": 0.2, "pivot": [0, 3.8766, 1.68599], "rotation": [0, 0, -180], "uv": [0, 0]}
					]
				}
			]
		}
	]
}