{
	"format_version": "1.16.100",
	"minecraft:entity": {
		"description": {
			"identifier": "dss_bbs:dss_bbs_gb_rhb",
			"is_spawnable": false,
			"is_summonable": true,
			"is_experimental": false
		},
		"components": {
			"minecraft:type_family": {
				"family": [
					"inanimate",
					"guidebook_hitbox"
				]
			},
			"minecraft:health": {
				"value": 1,
				"max": 1
			},
			"minecraft:physics": {
				"has_collision": false,
				"has_gravity": false
			},
			"minecraft:pushable": {
				"is_pushable": false
			},
			"minecraft:custom_hit_test": {
				"hitboxes": [
					{
						"width": 0.6,
						"height": 0.8,
						"pivot": [0, 0.4, 0]
					}
				]
			},
			"minecraft:interact": {
				"interactions": [
					{
						"cooldown": 0.5,
						"use_item": false,
						"swing": true,
						"interact_text": "Next Page"
					}
				]
			},
			"minecraft:environment_sensor": {
				"triggers": [
					{
						"event": "despawn",
						"filters": {
							"test": "is_riding",
							"operator": "!="
						}
					}
				]
			},
			"minecraft:damage_sensor": {
				"triggers": [
					{
						"deals_damage": false
					}
				]
			},
			"minecraft:persistent": {}
		},
		"component_groups": {
			"despawn": {
				"minecraft:instant_despawn": {
					"remove_child_entities": false
				}
			}
		},
		"events": {
			"despawn": {
				"add": {
					"component_groups": [
						"despawn"
					]
				}
			}
		}
	}
} 