{
	"format_version": "1.20.70",
	"minecraft:entity": {
		"description": {
			"identifier": "dss_kbs:kawaii_build_set_guidebook",
			"is_spawnable": true,
			"is_summonable": true,
			"is_experimental": false,
			"properties": {
				"dss_kbs:init": {
					"type": "bool",
					"default": false,
					"client_sync": true
				}
			},
			"animations": {
				"init": "animation.dss_kbs_gb.init_gb",
				"nextpage": "animation.dss_kbs_gb.nextpage_gb",
				"prevpage": "animation.dss_kbs_gb.prevpage_gb",
				"facing": "animation.dss_kbs_gb.facing_gb"
			},
			"scripts": {
				"animate": [
					"facing",
					{
						"init": "q.property('dss_kbs:init') == true"
					},
					{
						"nextpage": "query.variant == 100"
					},
					{
						"prevpage": "query.variant == 101"
					}
				]
			}
		},
		"components": {
			"minecraft:skin_id": {
				"value": 0
			},
			"minecraft:variant": {
				"value": 0
			},
			"minecraft:type_family": {
				"family": [
					"inanimate",
					"guidebook"
				]
			},
			"minecraft:health": {
				"value": 1.5,
				"max": 1.5,
				"min": 1
			},
			"minecraft:physics": {
				"has_gravity": false,
				"has_collision": true
			},
			"minecraft:pushable": {
				"is_pushable": false
			},
			"minecraft:knockback_resistance": {
				"value": 100,
				"max": 100
			},
			"minecraft:push_through": {
				"value": 1
			},
			"minecraft:persistent": {},
			"minecraft:collision_box": {
				"width": 1.2,
				"height": 1
			},
			"minecraft:loot": {
				"table": "loot_tables/entities/dss_kbs_gb.json"
			},
			"minecraft:damage_sensor": {
				"triggers": [
					{
						"cause": "all",
						"on_damage": {
							"event": "on_close"
						}
					}
				]
			},
			"minecraft:rideable": {
				"seat_count": 2,
				"family_types": [
					"guidebook_hitbox"
				],
				"seats": [
					{
						"position": [0.6, 0.5, 0]
					},
					{
						"position": [-0.6, 0.5, 0]
					}
				]
			}
		},
		"component_groups": {
			"closing": {
				"minecraft:timer": {
					"time": 0.75,
					"looping": false,
					"time_down_event": {
						"event": "despawn",
						"target": "self"
					}
				}
			},
			"despawn":{
				"minecraft:instant_despawn": {}
			}
		},
		"events": {
			"minecraft:entity_spawned": {
				"sequence": [
					{
						"queue_command": {
							"command": [
								"ride @s summon_rider dss_kbs:dss_kbs_gb_rhb"
							]
						}
					},
					{
						"queue_command": {
							"command": [
								"ride @s summon_rider dss_kbs:dss_kbs_gb_lhb"
							]
						}
					}
				]
			},
			"on_close": {
				"add": {
					"component_groups": [
						"closing"
					]
				},
				"queue_command": {
					"command": [
						"playsound item.book.put @a[r=10] ~ ~ ~"
					]
				}
			},
			"despawn": {
				"add": {
					"component_groups": [
						"despawn"
					]
				},
				"queue_command": {
					"command": [
						"give @p dss_kbs:kawaii_build_set_guidebook_spawn_egg"
					]
				}
			}
		}
	}
} 