{
  "format_version": "1.19.80",
  "minecraft:entity": {
    "description": {
      "identifier": "dss_bbs:bbs_sitting",
      "is_spawnable": false,
      "is_summonable": true,
      "is_experimental": false
    },

    "components": {
      "minecraft:collision_box": {
          "width": 0,
          "height": 0
      },
      "minecraft:custom_hit_test": {
          "hitboxes": [{
              "height": 0,
              "width": 0,
              "pivot": [0, -512, 0]
          }, {
              "height": 0,
              "width": 0,
              "pivot": [0, -512, 0]
          }]
      },
      "minecraft:damage_sensor": {
          "triggers": [{
              "deals_damage": false
          }]
      },
      "minecraft:health": {
        "value": 1,
        "min": 1,
        "max": 1
      },
      "minecraft:fire_immune": {},
      "minecraft:knockback_resistance": {
          "value": 100
      },
      "minecraft:physics": {
          "has_collision": false,
          "has_gravity": false
      },
      "minecraft:pushable": {
          "is_pushable": false,
          "is_pushable_by_piston": false
      },
      "minecraft:is_hidden_when_invisible": {},
      "minecraft:conditional_bandwidth_optimization": {},
      "minecraft:rideable": {
          "seat_count": 1,
          "seats": [
            {
              "position": [ 0.0, 0.0, 0.0 ],
              "rotate_rider_by": 360
            }
          ],
          "dismount_mode": "on_top_center"
        }
    },

    "component_groups": {
      "triggers": {
        "minecraft:environment_sensor": {
            "triggers": {
              "filters": { "test": "rider_count", "operator": "<", "value": 1 },
              "event": "instant_despawn"
            }
        }
      },
      "instant_despawn": {
        "minecraft:is_stunned": {
        },
        "minecraft:timer": {
          "looping": true,
          "time": 0.1,
          "time_down_event": {
            "event": "despawn"
          }
        }
      },
      "despawn": {
        "minecraft:instant_despawn": { }
      }
    },

    "events": {
      "minecraft:entity_spawned": {
        "add": {
          "component_groups": [
            "triggers"
          ]
        }
      },
      "instant_despawn": {
        "remove": {
          "component_groups": [
            "triggers"
          ]
        },
        "add": {
          "component_groups": [
            "instant_despawn"
          ]
        }
      },
      "despawn": {
        "remove": {
          "component_groups": [
            "instant_despawn"
          ]
        },
        "add": {
          "component_groups": [
            "despawn"
          ]
        }
      }
    }
  }
}