{
	"format_version": "1.20.60",
	"minecraft:item": {
		"description": {
			"identifier": "ods_orch:golden_peach",
			"menu_category": {
				"category": "nature",
				"group": "itemGroup.name.crop"
			}
		},
		"components": {
			"minecraft:display_name": {
				"value": "Golden Peach\n\u00a7d\u00a7lInstant Health III"
			},
			"minecraft:icon": {
				"textures": {
					"default": "ods_orch_golden_peach"
				}
			},
			"minecraft:max_stack_size": 64,
			"minecraft:use_animation": {
				"value": "eat"
			},
			"minecraft:use_modifiers": {
				"use_duration": 1.6,
				"movement_modifier": 0.35
			},
			"minecraft:food": {
				"can_always_eat": true,
				"saturation_modifier": 1.2,
				"nutrition": 6
			},
			"minecraft:tags": {
				"tags": ["minecraft:is_food"]
			}
		}
	}
}