{"format_version":"1.17.0","minecraft:entity":{"description":{"identifier":"ftb_bees:concrete_orange_item","is_summonable":true,"is_spawnable":false},"components":{"minecraft:scale":{"value":0.001},"minecraft:loot":{"table":"loot_tables/ftb/bees/boxes/concrete_orange.json"},"minecraft:collision_box":{"width":0.001,"height":0.001},"minecraft:health":{"value":0.5,"max":0.5},"minecraft:projectile":{"on_hit":{"remove_on_hit":{},"particle_on_hit":{"num_particles":1,"on_entity_hit":true,"on_other_hit":true,"particle_type":"villagerhappy"}}}}}}