{
	"format_version": "1.21.40",
	"minecraft:item": {
		"description": {
			"identifier": "ljw_ww:info_book",
			"menu_category": {
				"category": "items",
				"group": "ljw.info_book"
			}
		},
		
		"components": {
			"minecraft:icon": {
				"textures": { "default": "ljw_ww.info_book" }
			},
			"minecraft:max_stack_size": 64,
			"minecraft:hand_equipped": false,
			"minecraft:custom_components": [
				"ljw_ww:info_book"
			],
			"minecraft:tags": {
				"tags": [ "minecraft:bookshelf_books" ]
			}
		}
	}
}