{
	"format_version": "1.21.40",
	"minecraft:item": {
		"description": {
			"identifier": "ljw_ww:moonglow_sprig",
			"menu_category": {
				"category": "equipment",
				"group": "ljw_ww.general"
			}
		},
		
		"components": {
			"minecraft:icon": {
				"textures": { "default": "ljw_ww.moonglow_sprig" }
			},
			"minecraft:compostable": {
				"composting_chance": 100
			},
			"minecraft:block_placer": {
				"block": "ljw_ww:moonglow_sprig",
				"replace_block_item": true
			},
			"minecraft:hand_equipped": false
		}
	}
}