{
	"format_version": "1.21.40",
	"minecraft:item": {
		"description": {
			"identifier": "ljw_ww:wolfband_b",
			"menu_category": {
				"category": "none"
			}
		},
		
		"components": {
			"minecraft:icon": {
				"textures": { "default": "ljw_ww.wolfband" }
			},
			"minecraft:max_stack_size": 1,
			"minecraft:hand_equipped": false,
			"minecraft:allow_off_hand": true,
			"minecraft:durability": {
				"max_durability": 10,
				"damage_chance": {
					"min": 0,
					"max": 0
				}
			},
			"minecraft:tags": {
				"tags": [
					"ljw_ww:wolfband",
					"ljw_ww:wolfband_active"
				]
			}
		}
	}
}