{
  "format_version": "1.20.60",
  "minecraft:item": {
    "description": {
      "identifier": "ods_orch:orange",
      "menu_category": {
        "category": "nature",
        "group": "itemGroup.name.crop"
      }
    },
    "components": {
      "minecraft:icon": {
        "textures": {
          "default": "ods_orch_orange"
        }
      },
      "minecraft:max_stack_size": 64,
      "minecraft:use_animation": {
        "value": "eat"
      },
      "minecraft:use_modifiers": {
        "use_duration": 1.6,
        "movement_modifier": 0.35
      },
      "minecraft:food": {
        "can_always_eat": true,
        "saturation_modifier": 0.3,
        "nutrition": 4
      },
      "minecraft:tags": {
        "tags": [
          "minecraft:is_food"
        ]
      }
    }
  }
}