{
  "format_version": "1.20.60",
  "minecraft:item": {
    "description": {
      "identifier": "ods_orch:peach_ice_tea",
      "menu_category": {
        "category": "equipment",
        "group": "itemGroup.name.miscFood"
      }
    },
    "components": {
      "minecraft:icon": {
        "textures": {
          "default": "ods_orch_peach_ice_tea"
        }
      },
      "minecraft:max_stack_size": 64,
      "minecraft:use_animation": {
        "value": "drink"
      },
      "minecraft:use_modifiers": {
        "use_duration": 1.6,
        "movement_modifier": 0.35
      },
      "minecraft:food": {
        "can_always_eat": true,
        "saturation_modifier": 0.3,
        "nutrition": 4
      },
      "minecraft:tags": {
        "tags": [
          "minecraft:is_food"
        ]
      }
    }
  }
}