{"format_version":"1.10.0","minecraft:client_entity":{"description":{"identifier":"oreville_hp:vzpjyox","materials":{"default":"oreville_hp_vzpjyox","oreville_hp_vzpjyox_wkeyzub":"oreville_hp_vzpjyox_wkeyzub","oreville_hp_vzpjyox":"oreville_hp_vzpjyox","oreville_hp_vzpjyox_pzovias":"oreville_hp_vzpjyox_pzovias"},"animations":{"jjnqpwm":"animation.oreville_hp.vzpjyox.jjnqpwm","cazpiqo_eyncszs":"animation.oreville_hp.vzpjyox.cazpiqo_eyncszs"},"scripts":{"pre_animation":["v.uagrukh = q.property('p:aoeuxfq');","v.wfrmjsr = q.property('p:gnynjfp_aoeuxfq');","v.oreville_visible = q.distance_from_camera <= q.property('p:jlfvhdy_xntnbqj');","v.qxwzdmx = math.floor(math.mod(v.uagrukh / 1000, 10)) / (80 / 6);","v.bgwfoap = math.floor(math.mod(v.uagrukh / 100, 10)) / (80 / 6);","v.puavybm = math.floor(math.mod(v.uagrukh / 10, 10)) / (80 / 6);","v.smbhkoo = math.mod(v.uagrukh, 10) / (80 / 6);","v.dbgzuru = math.floor(math.mod(v.wfrmjsr / 1000, 10)) / (80 / 6);","v.qobuags = math.floor(math.mod(v.wfrmjsr / 100, 10)) / (80 / 6);","v.qhcdhor = math.floor(math.mod(v.wfrmjsr / 10, 10)) / (80 / 6);","v.gdnqyox = math.mod(v.wfrmjsr, 10) / (80 / 6);","v.uagrukh > 0 ? {v.ddfaftd = math.max(math.floor(math.ln(v.uagrukh + 0.01) / math.ln(10)) + 1,1);};v.uagrukh <= 0 ? { v.ddfaftd = 1; };","v.wfrmjsr > 0 ? {v.idrtpsc = math.max(math.floor(math.ln(v.wfrmjsr + 0.01) / math.ln(10)) + 1,1);};v.wfrmjsr <= 0 ? { v.idrtpsc = 1; };"],"animate":["jjnqpwm","cazpiqo_eyncszs"],"initialize":["v.uagrukh = 0;","v.wfrmjsr = 0;","v.oreville_visible = 0;","v.qxwzdmx = 0;","v.bgwfoap = 0;","v.puavybm = 0;","v.smbhkoo = 0;","v.dbgzuru = 0;","v.qobuags = 0;","v.qhcdhor = 0;","v.gdnqyox = 0;","v.ddfaftd = 0;","v.idrtpsc = 0;"]},"spawn_egg":{"base_color":"#000000","overlay_color":"#ffffff"},"render_controllers":[{"controller.render.oreville_hp.vzpjyox.knomtfv":"v.uagrukh >= 1000 && v.oreville_visible"},{"controller.render.oreville_hp.vzpjyox.fqiqmvh":"v.uagrukh >= 100 && v.oreville_visible"},{"controller.render.oreville_hp.vzpjyox.ptvtlvs":"v.uagrukh >= 10 && v.oreville_visible"},{"controller.render.oreville_hp.vzpjyox.aurhjkr":"v.uagrukh > -1 && v.oreville_visible"},{"controller.render.oreville_hp.vzpjyox.gxfiznt":"v.uagrukh > -1 && v.oreville_visible"},{"controller.render.oreville_hp.vzpjyox.ykhvnpu":"v.uagrukh > -1 && v.wfrmjsr >= 1000 && v.oreville_visible"},{"controller.render.oreville_hp.vzpjyox.fteynpk":"v.uagrukh > -1 && v.wfrmjsr >= 100 && v.oreville_visible"},{"controller.render.oreville_hp.vzpjyox.lnnmrlu":"v.uagrukh > -1 && v.wfrmjsr >= 10 && v.oreville_visible"},{"controller.render.oreville_hp.vzpjyox.ahfbtyw":"v.uagrukh > -1 && v.wfrmjsr >= 0 && v.oreville_visible"},{"controller.render.oreville_hp.vzpjyox.ofoqngc":"v.uagrukh > -1 && v.wfrmjsr >= 0 && v.oreville_visible"}],"geometry":{"wxcvxix":"geometry.oreville_hp.wxcvxix","nyqunex":"geometry.oreville_hp.nyqunex","lnrikot":"geometry.oreville_hp.lnrikot","dcdnzok":"geometry.oreville_hp.dcdnzok","mbofyqu":"geometry.oreville_hp.mbofyqu","tcmazna":"geometry.oreville_hp.tcmazna","gugpljw":"geometry.oreville_hp.gugpljw","kxdvglq":"geometry.oreville_hp.kxdvglq","mufeewh":"geometry.oreville_hp.mufeewh","czpaemz":"geometry.oreville_hp.czpaemz"},"textures":{"default":"textures/oreville/hp/fgymjwm/vzpjyox"}}}}