{
  "format_version": "1.10.0",
  "minecraft:client_entity": {
    "description": {
      "identifier": "wacky_animals:butterfly",
      "materials": {
        "default": "bat"
      },
      "textures": {
        "default": "textures/wacky/animals/butterfly"
      },
      "geometry": {
        "default": "geometry.wacky_animals.butterfly"
      },
      "animations": {
        "root": "controller.animation.wacky_animals.fly",
        // "idle": "",
        "fly": "animation.wacky_animals_butterfly_fly"
      },
      "scripts": {
        "animate": [
          "root"
        ]
      },
      "render_controllers": [
        "controller.render.default"
      ],
      "spawn_egg": {
        "base_color": "#dbcdc2",
        "overlay_color": "#74a332"
      }
    }
  }
}