{
  "format_version": "1.10.0",
  "minecraft:client_entity": {
    "description": {
      "identifier": "wacky_animals:cappybara",
      "materials": {
        "default": "wolf"
      },
      "textures": {
        "default": "textures/wacky/animals/cappybara"
      },
      "geometry": {
        "default": "geometry.wacky_animals.cappybara"
      },
      "animations": {
        "root": "controller.animation.wacky_animals.basic",
        "idle": "animation.wacky_animals_cappybara_idle",
        "walk": "animation.wacky_animals_cappybara_walk"
      },
      "scripts": {
        "animate": [
          "root"
        ]
      },
      "render_controllers": [
        "controller.render.default"
      ],
      "spawn_egg": {
        "base_color": "#dbcdc2",
        "overlay_color": "#74a332"
      }
    }
  }
}