{
  "format_version": "1.10.0",
  "minecraft:client_entity": {
    "description": {
      "identifier": "wacky_animals:hawk",
      "materials": {
        "default": "bat"
      },
      "textures": {
        "default": "textures/wacky/animals/hawk"
      },
      "geometry": {
        "default": "geometry.wacky_animals.hawk"
      },
      "animations": {
        "root": "controller.animation.wacky_animals.fly",
        "fly": "animation.wacky_animals_hawk_fly"
      },
      "scripts": {
        "animate": [
          "root"
        ]
      },
      "render_controllers": [
        "controller.render.default"
      ],
      "spawn_egg": {
        "base_color": "#dbcdc2",
        "overlay_color": "#74a332"
      }
    }
  }
}