{
  "format_version": "1.10.0",
  "minecraft:client_entity": {
    "description": {
      "identifier": "wacky_animals:penguin",
      "materials": {
        "default": "bat"
      },
      "textures": {
        "default": "textures/wacky/animals/penguin"
      },
      "geometry": {
        "default": "geometry.wacky_animals.penguin"
      },
      "animations": {
        "root": "controller.animation.wacky_animals.basic",
        "idle": "animation.wacky_animals_penguin_idle",
        "walk": "animation.wacky_animals_penguin_walk"
      },
      "scripts": {
        "animate": [
          "root"
        ]
      },
      "render_controllers": [
        "controller.render.default"
      ],
      "spawn_egg": {
        "base_color": "#dbcdc2",
        "overlay_color": "#74a332"
      }
    }
  }
}