{
  "format_version": "1.10.0",
  "minecraft:client_entity": {
    "description": {
      "identifier": "wacky_animals:seal",
      "materials": {
        "default": "dolphin"
      },
      "textures": {
        "default": "textures/wacky/animals/seal"
      },
      "geometry": {
        "default": "geometry.wacky_animals.seal"
      },
      "animations": {
        // "root": "controller.animation.wacky_animals.basic",
        "walk": "animation.wacky_animals_seal_walk"
      },
      "scripts": {
        "animate": [
          "walk"
        ]
      },
      "render_controllers": [
        "controller.render.default"
      ],
      "spawn_egg": {
        "base_color": "#dbcdc2",
        "overlay_color": "#74a332"
      }
    }
  }
}