{
  "format_version": "1.10.0",
  "minecraft:client_entity": {
    "description": {
      "identifier": "wacky_animals:wacky_fish_3",
      "materials": {
        "default": "cat"
      },
      "textures": {
        "default": "textures/wacky/animals/wacky_fish_3"
      },
      "geometry": {
        "default": "geometry.wacky_animals.wacky_fish_3"
      },
      "animations": {
        "root": "controller.animation.fish.general",
        "swim": "animation.wacky_animals.wacky_fish_swim",
        "flop": "animation.wacky_animals.wacky_fish_flop"
      },
      "scripts": {
        "animate": [
          "root"
        ]
      },
      "render_controllers": [
        "controller.render.default"
      ],
      "spawn_egg": {
        "base_color": "#dbcdc2",
        "overlay_color": "#74a332"
      }
    }
  }
}