{
	"format_version": "1.20.10",
	"minecraft:recipe_shaped": {
		"description": {
			"identifier": "ods_orch:apple_pie"
		},

		"tags": ["crafting_table"],
		"pattern": ["CCC", "BDB", "AAA"],
		"key": {
			"A": {
				"item": "minecraft:wheat"
			},
			"B": {
				"item": "ods_orch:green_apple"
			},
			"C": {
				"item": "minecraft:sugar"
			},
			"D": {
				"item": "minecraft:egg"
			}
		},
		"unlock": [
			{
				"item": "minecraft:wheat"
			},
			{
				"item": "ods_orch:green_apple"
			},
			{
				"item": "minecraft:sugar"
			},
			{
				"item": "minecraft:egg"
			}
		],
		"result": {
			"item": "ods_orch:apple_pie"
		}
	}
}
