{
	"format_version": "1.20.10",
	"minecraft:recipe_shaped": {
		"description": {
			"identifier": "ods_orch:apple_juice"
		},

		"tags": ["crafting_table"],
		"pattern": [" A ", "ABA", " A "],
		"key": {
			"A": {
				"item": "ods_orch:green_apple"
			},
			"B": {
				"item": "minecraft:potion"
			}
		},
		"unlock": [
			{
				"item": "ods_orch:green_apple"
			},
			{
				"item": "minecraft:potion"
			}
		],
		"result": [
			{
				"item": "ods_orch:apple_juice"
			},
			{ "item": "minecraft:glass_bottle", "count": 1, "data": 0 }
		]
	}
}
