{
	"format_version": "1.20.10",
	"minecraft:recipe_shaped": {
		"description": {
			"identifier": "ods_orch:coconut_tree_barrel"
		},
		"tags": ["crafting_table"],
		"pattern": ["ABA", "A A", "ABA"],
		"key": {
			"A": {
				"item": "ods_orch:coconut_tree_planks"
			},
			"B": {
				"item": "ods_orch:coconut_tree_slab"
			}
		},
		"unlock": [
			{
				"item": "ods_orch:coconut_tree_planks"
			},
			{
				"item": "ods_orch:coconut_tree_slab"
			}
		],
		"result": {
			"item": "minecraft:barrel",
			"count": 1
		}
	}
}