{
	"format_version": "1.20.10",
	"minecraft:recipe_shaped": {
		"description": {
			"identifier": "ods_orch:coconut_tree_beehive"
		},
		"tags": ["crafting_table"],
		"pattern": ["AAA", "BBB", "AAA"],
		"key": {
			"A": {
				"item": "ods_orch:coconut_tree_planks"
			},
			"B": {
				"item": "minecraft:honeycomb"
			}
		},
		"unlock": [
			{
				"item": "ods_orch:coconut_tree_planks"
			},
			{
				"item": "minecraft:honeycomb"
			}
		],
		"result": {
			"item": "minecraft:beehive",
			"count": 1
		}
	}
}