{
	"format_version": "1.20.10",
	"minecraft:recipe_shaped": {
		"description": {
			"identifier": "ods_orch:coconut_tree_campfire_charcoal_log"
		},
		"tags": ["crafting_table"],
		"pattern": [" A ", "ABA", "CCC"],
		"key": {
			"A": {
				"item": "minecraft:stick"
			},
			"B": {
				"item": "minecraft:charcoal"
			},
			"C": {
				"item": "ods_orch:coconut_tree_log"
			}
		},
		"unlock": [
			{
				"item": "minecraft:stick"
			},
			{
				"item": "minecraft:charcoal"
			},
			{
				"item": "ods_orch:coconut_tree_log"
			}
		],
		"result": {
			"item": "minecraft:campfire",
			"count": 1
		}
	}
}