{
	"format_version": "1.20.10",
	"minecraft:recipe_shaped": {
		"description": {
			"identifier": "ods_orch:coconut_tree_lime_bed"
		},
		"tags": ["crafting_table"],
		"group": "banner",
		"pattern": ["AAA", "BBB"],
		"key": {
			"A": {
				"item": "minecraft:wool",
				"data": 5
			},
			"B": {
				"item": "ods_orch:coconut_tree_planks"
			}
		},
		"unlock": [
			{
				"item": "ods_orch:coconut_tree_planks"
			},
			{
				"item": "minecraft:wool",
				"data": 5
			}
		],
		"result": {
			"item": "minecraft:bed",
			"data": 10
		}
	}
}