{
	"format_version": "1.20.10",
	"minecraft:recipe_shaped": {
		"description": {
			"identifier": "ods_orch:coconut_tree_bookshelf"
		},
		"tags": ["crafting_table"],
		"pattern": ["AAA", "BBB", "AAA"],
		"key": {
			"A": {
				"item": "ods_orch:coconut_tree_planks"
			},
			"B": {
				"item": "minecraft:book"
			}
		},
		"unlock": [
			{
				"item": "ods_orch:coconut_tree_planks"
			},
			{
				"item": "minecraft:book"
			}
		],
		"result": {
			"item": "minecraft:bookshelf",
			"count": 1
		}
	}
}