{
	"format_version": "1.20.10",
	"minecraft:recipe_shaped": {
		"description": {
			"identifier": "ods_orch:coconut_tree_birdhouse"
		},
		"tags": ["crafting_table"],
		"pattern": ["   ", " B ", "BAB"],
		"key": {
			"A": {
				"item": "ods_orch:coconut_tree_planks"
			},
			"B": {
				"item": "ods_orch:coconut_tree_wood"
			}
		},
		"unlock": [
			{
				"item": "ods_orch:coconut_tree_planks"
			},
			{
				"item": "ods_orch:coconut_tree_wood"
			}
		],
		"result": {
			"item": "ods_orch:coconut_tree_birdhouse"
		}
	}
}