{
    "format_version": "1.21.10",
    "minecraft:item": {
        "description": {
            "identifier": "pb_scraft:glyph_mirror",
            "menu_category": {"category": "items"}
        },
        "components": {
            "minecraft:max_stack_size": 1,
            "minecraft:icon": "pb_scraft_glyph_mirror",
            "minecraft:display_name":{
				"value": "Spell Glyph §6[§o§dMirror§r§6]\n§r§6Modifier Glyph\n§o§uMagic"
             },
			"minecraft:tags": {
                "tags": ["pb_scraft:glyph"]
            }
        }
    }
}