{
    "format_version": "1.21.10",
    "minecraft:item": {
        "description": {
            "identifier": "pb_scraft:glyph_base",
            "menu_category": {"category": "items"}
        },
        "components": {
            "minecraft:max_stack_size": 16,
            "minecraft:icon": "pb_scraft_glyph_base",
            "minecraft:display_name":{
				"value": "Spell Glyph Base\n§o§uMagic"
             },
			"minecraft:tags": {
                "tags": ["pb_scraft:glyph"]
            }
        }
    }
}