{
    "format_version": "1.12",
    "minecraft:recipe_shaped": {
        "description": {
            "identifier": "nv_me:flamethrower_mech"
        },
        "tags": [
            "crafting_table"
        ],
        "pattern": [
            "AAA",
            "BDB",
            "C C"
        ],
        "key": {
            "A": {
                "item": "minecraft:redstone"
            },
            "B": {
                "item": "minecraft:flint_and_steel"
            },
            "C": {
                "item": "minecraft:white_dye"
            },
            "D": {
                "item": "nv_me:standard_mech_item"
            }
        },
        "result": {
            "item": "nv_me:flamethrower_mech_item",
            "count": 1
        }
    }
}