{
    "format_version": "1.12",
    "minecraft:recipe_shaped": {
        "description": {
            "identifier": "nv_me:mining_mech"
        },
        "tags": [
            "crafting_table"
        ],
        "pattern": [
            "AAA",
            "EDB",
            "CCC"
        ],
        "key": {
            "A": {
                "item": "minecraft:redstone"
            },
            "B": {
                "item": "minecraft:diamond"
            },
            "C": {
                "item": "minecraft:yellow_dye"
            },
            "D": {
                "item": "nv_me:standard_mech_item"
            },
            "E": {
                "item": "nv_me:drill_bit"
            }
        },
        "result": {
            "item": "nv_me:mining_mech_item",
            "count": 1
        }
    }
}