{
    "format_version": "1.12",
    "minecraft:recipe_shaped": {
        "description": {
            "identifier": "nv_me:standard_mech_item"
        },
        "tags": [
            "crafting_table"
        ],
        "pattern": [
            "CAC",
            "BDB",
            "D D"
        ],
        "key": {
            "A": {
                "item": "minecraft:redstone_block"
            },
            "B": {
                "item": "nv_me:iron_beam"
            },
            "C": {
                "item": "minecraft:piston"
            },
            "D": {
                "item": "nv_me:iron_plate"
            }
        },
        "result": {
            "item": "nv_me:standard_mech_item",
            "count": 1
        }
    }
}