{
	"format_version": "1.20.80",
	"minecraft:block": {
		"description": {
			"identifier": "pb_scraft:mana_tank_top",
			"menu_category": {
				"category": "none",
				"group": "none",
				"is_hidden_in_commands": false
			},
			"states":{
				"pb_scraft:height":[
				   0,
				   1
				],
				"pb_scraft:fuel":[
				   0,
				   1,
				   2,
				   3,
				   4,
				   5,
				   6,
				   7,
				   8,
				   9,
				   10
				]
			}
		},
		"components": {
			"minecraft:geometry": {
				"identifier": "geometry.pb_scraft.tank",
				"bone_visibility": {
					"down": false,
					"middle": "q.block_state('pb_scraft:height') == 0",
					"top": "q.block_state('pb_scraft:height') == 1",
					
					"pipe_in_north": false,
					"pipe_in_east": false,
					"pipe_in_south": false,
					"pipe_in_west": false,
					
					"fuel_down_1": false,
					"fuel_down_2": false,
					"fuel_down_3": false,
					"fuel_down_4": false,
					
					"fuel_middle_1": "q.block_state('pb_scraft:height') == 0 && q.block_state('pb_scraft:fuel') >= 1",
					"fuel_middle_2": "q.block_state('pb_scraft:height') == 0 && q.block_state('pb_scraft:fuel') >= 4",
					"fuel_middle_3": "q.block_state('pb_scraft:height') == 0 && q.block_state('pb_scraft:fuel') >= 7",
					"fuel_middle_4": "q.block_state('pb_scraft:height') == 0 && q.block_state('pb_scraft:fuel') >= 10",
					
					"fuel_top_1": "q.block_state('pb_scraft:height') == 1 && q.block_state('pb_scraft:fuel') >= 1",
					"fuel_top_2": "q.block_state('pb_scraft:height') == 1 && q.block_state('pb_scraft:fuel') >= 4",
					"fuel_top_3": "q.block_state('pb_scraft:height') == 1 && q.block_state('pb_scraft:fuel') >= 7",
					"fuel_top_4": "q.block_state('pb_scraft:height') == 1 && q.block_state('pb_scraft:fuel') >= 10"
				}
			},
			"minecraft:placement_filter":{
				"conditions":[
				   {
					  "allowed_faces":[
						 "up"
					  ],
					  "block_filter":[
						 {
							"tags":"query.any_tag('pb_scraft_mana_tank')"
						 }
					  ]
				   }
				]
			},
			"minecraft:custom_components": [
				"pb_scraft:mana_tank"
			],
			"minecraft:tick": {
				"interval_range": [
					30,
					60
				]
			},
			"tag:pb_scraft_mana_tank": {},
			"minecraft:display_name":"§dMana Tank [Creative]\n§6[§u-§6]§f Provides Mana for Arcane Infusion\n§o§uMagic",
			"minecraft:loot": "loot_tables/pb/scraft/blocks/mana_tank.json",  
			"minecraft:destructible_by_mining": {
				"seconds_to_destroy": 0.6
			},
			"minecraft:material_instances": {
				"*": {
					"texture": "pb_scraft_mana_tank",
					"render_method": "alpha_test"
				}
			},
			"minecraft:selection_box": {
				"origin": [
					-8,
					0,
					-8
				],
				"size": [
					16,
					16,
					16
				]
			},
			"minecraft:collision_box":{
				"origin": [
					-8,
					0,
					-8
				],
				"size": [
					16,
					16,
					16
				]
			}
		},
		"permutations": [
			{
				"condition": "q.block_state('pb_scraft:fuel') >= 1",
				"components": {
					"minecraft:light_emission": 4
                }
			}
		]
	}
}