{
	"format_version": "1.20.80",
	"minecraft:block": {
		"description": {
			"identifier": "pb_scraft:mana_harvester_flora",
			"menu_category": {
				"category": "construction"
			},
			"traits": {
				"minecraft:placement_direction": {
					"enabled_states": ["minecraft:cardinal_direction"]
				}
			}
		},
		"components": {
			"minecraft:geometry": {
				"identifier": "geometry.pb_scraft.mana_harvester",
				"bone_visibility": {
					"base": false,
					"scope_moonlight": false,
					"scope_moonlight_2": false,
					"scope_flora": true,
					
					"pipe_in_north": false,
					"pipe_in_east": false,
					"pipe_in_south": false,
					"pipe_in_west": false
				}
			},
			"minecraft:custom_components": [
				"pb_scraft:mana_harvester_top"
			],
			"tag:pb_scraft_mana_harvester": {},
			"minecraft:display_name":"§dFlora Scope\n§6[§u-§6]§f Place on Mana Harvester\n§o§uMagic",
			"minecraft:loot": "loot_tables/pb/scraft/blocks/mana_harvester.json",  
			"minecraft:destructible_by_mining": {
				"seconds_to_destroy": 1
			},
			"minecraft:material_instances": {
				"*": {
					"texture": "pb_scraft_mana_harvester",
					"render_method": "alpha_test"
				}
			},
			"minecraft:selection_box": {
				"origin": [
					-8,
					0,
					-8
				],
				"size": [
					16,
					16,
					16
				]
			},
			"minecraft:collision_box":{
				"origin": [
					-8,
					0,
					-8
				],
				"size": [
					16,
					16,
					16
				]
			}
		},
		"permutations": [
			{
				"condition": "q.block_state('minecraft:cardinal_direction') == 'north' ",
				"components": {
					"minecraft:transformation": {
						"rotation": [0, 180, 0]
					}
				}
			},
			{
				"condition": "q.block_state('minecraft:cardinal_direction') == 'south' ",
				"components": {
					"minecraft:transformation": {
						"rotation": [0, 0, 0]
					}
				}
			},
			{
				"condition": "q.block_state('minecraft:cardinal_direction') == 'east' ",
				"components": {
					"minecraft:transformation": {
						"rotation": [0, 90, 0]
					}
				}
			},
			{
				"condition": "q.block_state('minecraft:cardinal_direction') == 'west' ",
				"components": {
					"minecraft:transformation": {
						"rotation": [0, 270, 0]
					}
				}
			}
		]
	}
}