{
	"format_version": "1.20.80",
	"minecraft:block": {
		"description": {
			"identifier": "pb_scraft:magic_workbench_scope",
			"menu_category": {
				"category": "construction"
			},
			"traits": {
				"minecraft:placement_direction": {
					"enabled_states": ["minecraft:cardinal_direction"]
				}
			},
			"states":{
				"pb_scraft:height":[
				   0,
				   1
				]
			}
		},
		"components": {
			"minecraft:geometry": {
				"identifier": "geometry.pb_scraft.workbench_press",
				"bone_visibility": {
					"base": false,
					"tank": false,
					
					"workbench": true,
					"plane": true,
					"bone2": true,
					
					"press": false,
					"state_1": false,
					"state_2": false,
					
					"pipe_in_north": false,
					"pipe_in_east": false,
					"pipe_in_south": false,
					"pipe_in_west": false
				}
			},
			"minecraft:display_name":"Magifier\n§6[§u-§6]§f Crafts Magic Items\n§o§uMagic",
			"minecraft:crafting_table": {
			  "grid_size": 3,
			  "crafting_tags": [
				"pb_scraft_workbench_scope"
			  ],
			  "table_name": "Magifier"
			},
			"minecraft:destructible_by_mining": {
				"seconds_to_destroy": 1
			},
			"minecraft:material_instances": {
				"*": {
					"texture": "pb_scraft_workbench_press",
					"render_method": "alpha_test"
				}
			},
			"minecraft:selection_box": {
				"origin": [
					-8,
					0,
					-8
				],
				"size": [
					16,
					16,
					16
				]
			},
			"minecraft:collision_box":{
				"origin": [
					-8,
					0,
					-8
				],
				"size": [
					16,
					16,
					16
				]
			}
		},
		"permutations": [
			{
				"condition": "q.block_state('minecraft:cardinal_direction') == 'north' ",
				"components": {
					"minecraft:transformation": {
						"rotation": [0, 180, 0]
					}
				}
			},
			{
				"condition": "q.block_state('minecraft:cardinal_direction') == 'south' ",
				"components": {
					"minecraft:transformation": {
						"rotation": [0, 0, 0]
					}
				}
			},
			{
				"condition": "q.block_state('minecraft:cardinal_direction') == 'east' ",
				"components": {
					"minecraft:transformation": {
						"rotation": [0, 90, 0]
					}
				}
			},
			{
				"condition": "q.block_state('minecraft:cardinal_direction') == 'west' ",
				"components": {
					"minecraft:transformation": {
						"rotation": [0, 270, 0]
					}
				}
			}
		]
	}
}