{
	"format_version": "1.20.80",
	"minecraft:block": {
		"description": {
			"identifier": "pb_scraft:creative_mana_harvester",
			"menu_category": {
				"category": "construction"
			},
			"states":{
				"pb_scraft:fuel":[
				   0,
				   1,
				   2,
				   3
				],
				"pb_scraft:pipe_north":[
				   0,
				   1
				],
				"pb_scraft:pipe_east":[
				   0,
				   1
				],
				"pb_scraft:pipe_south":[
				   0,
				   1
				],
				"pb_scraft:pipe_west":[
				   0,
				   1
				]
			}
		},
		"components": {
			"minecraft:geometry": {
				"identifier": "geometry.pb_scraft.mana_harvester",
				"bone_visibility": {
					"base": true,
					"scope_moonlight": false,
					"scope_moonlight_2": false,
					"scope_flora": false,
					
					"pipe_in_north": "q.block_state('pb_scraft:pipe_north') == 1",
					"pipe_in_east": "q.block_state('pb_scraft:pipe_east') == 1",
					"pipe_in_south": "q.block_state('pb_scraft:pipe_south') == 1",
					"pipe_in_west": "q.block_state('pb_scraft:pipe_west') == 1"
				}
			},
			"minecraft:custom_components": [
				"pb_scraft:mana_harvester"
			],
			"minecraft:tick": {
				"interval_range": [
					60,
					60
				]
			},
			"tag:pb_scraft_mana_network": {},
			"tag:pb_scraft_mana_harvester": {},
			"minecraft:display_name":"§dMana Harvester [Creative]\n§6[§u-§6]§f Generates enormous amounts of Mana\n§o§uMagic",
			"minecraft:loot": "loot_tables/pb/scraft/blocks/mana_harvester.json",  
			"minecraft:destructible_by_mining": {
				"seconds_to_destroy": 1
			},
			"minecraft:material_instances": {
				"*": {
					"texture": "pb_scraft_creative_mana_harvester",
					"render_method": "alpha_test"
				}
			},
			"minecraft:selection_box": {
				"origin": [
					-8,
					0,
					-8
				],
				"size": [
					16,
					16,
					16
				]
			},
			"minecraft:collision_box":{
				"origin": [
					-8,
					0,
					-8
				],
				"size": [
					16,
					16,
					16
				]
			}
		},
		"permutations": [
		]
	}
}