{
	"format_version": "1.21.10",
	"minecraft:block": {
		"description": {
			"identifier": "pb_scraft:creative_arcane_altar",
			"menu_category": {
				"category": "construction"
			}
		},
		"components": {
			"minecraft:geometry": {
				"identifier": "geometry.pb_scraft.arcane_altar",
				"bone_visibility": {
					"pipe_in_north": false,
					"pipe_in_east": false,
					"pipe_in_south": false,
					"pipe_in_west": false
				}
			},
			"minecraft:custom_components": [
				"pb_scraft:creative_arcane_altar"
			],
			"tag:pb_scraft_mana_network": {},
			"tag:pb_scraft_mana_consumer": {},
			"minecraft:display_name":"§dArcane Altar [Creative]\n§6[§u-§6]§f Free Spells and Staffs\n§o§uMagic",
			"minecraft:destructible_by_mining": {
				"seconds_to_destroy": 0.5
			},
			"minecraft:material_instances": {
				"*": {
					"face_dimming": true,
					"ambient_occlusion": false,
					"texture": "pb_scraft_creative_arcane_altar",
					"render_method": "alpha_test"
				}
			}
		},
		"permutations": [
		]
	}
}