{
	"format_version": "1.20.80",
	"minecraft:block": {
		"description": {
			"identifier": "pb_scraft:mana_condenser",
			"menu_category": {
				"category": "construction"
			},
			"states":{
				"pb_scraft:fuel":[
				   0,
				   1,
				   2,
				   3,
				   4,
				   5,
				   6,
				   7,
				   8,
				   9,
				   10
				],
				"pb_scraft:pipe_north":[
				   0,
				   1
				],
				"pb_scraft:pipe_east":[
				   0,
				   1
				],
				"pb_scraft:pipe_south":[
				   0,
				   1
				],
				"pb_scraft:pipe_west":[
				   0,
				   1
				]
			}
		},
		"components": {
			"minecraft:geometry": {
				"identifier": "geometry.pb_scraft.mana_condenser",
				"bone_visibility": {
					
					"pipe_in_north": "q.block_state('pb_scraft:pipe_north') == 1",
					"pipe_in_east": "q.block_state('pb_scraft:pipe_east') == 1",
					"pipe_in_south": "q.block_state('pb_scraft:pipe_south') == 1",
					"pipe_in_west": "q.block_state('pb_scraft:pipe_west') == 1"
				}
			},
			"minecraft:custom_components": [
				"pb_scraft:mana_condenser"
			],
			"minecraft:tick": {
				"interval_range": [
					40,
					40
				]
			},
			"tag:pb_scraft_mana_harvester": {},
			"tag:pb_scraft_mana_network": {},
			"minecraft:display_name":"§dMana Condenser\n§6[§u-§6]§f Consumes Amethyst to generate Mana\n§o§uMagic",
			"minecraft:destructible_by_mining": {
				"seconds_to_destroy": 1
			},
			"minecraft:material_instances": {
				"*": {
					"texture": "pb_scraft_mana_condenser",
					"render_method": "alpha_test"
				}
			},
			"minecraft:selection_box": {
				"origin": [
					-8,
					0,
					-8
				],
				"size": [
					16,
					16,
					16
				]
			},
			"minecraft:collision_box":{
				"origin": [
					-8,
					0,
					-8
				],
				"size": [
					16,
					16,
					16
				]
			}
		},
		"permutations": [
		]
	}
}