{
	"format_version": "1.20.80",
	"minecraft:block": {
		"description": {
			"identifier": "pb_scraft:pipe",
			"menu_category": {
				"category": "items",
				"group": "none"
			},
			"states": {
				"pb_scraft:pipe_north": [0, 1],
				"pb_scraft:pipe_south": [0, 1],
				"pb_scraft:pipe_east": [0, 1],
				"pb_scraft:pipe_west": [0, 1],
				"pb_scraft:pipe_top": [0, 1],
				"pb_scraft:pipe_bottom": [0, 1],
				"pb_scraft:network_range": [1, 0]
			}
		},
		"components": {
			"minecraft:geometry": {
				"identifier": "geometry.pb_scraft.pipe",
				"bone_visibility": {
					"inventory": "q.block_state('pb_scraft:network_range')",
					
					"north": "q.block_state('pb_scraft:pipe_north')",
					"south": "q.block_state('pb_scraft:pipe_south')",
					"east": "q.block_state('pb_scraft:pipe_east')",
					"west": "q.block_state('pb_scraft:pipe_west')",
					"top": "q.block_state('pb_scraft:pipe_top')",
					"bottom": "q.block_state('pb_scraft:pipe_bottom')"
				}
			},
			"minecraft:custom_components": [
				"pb_scraft:pipe"
			],
			"minecraft:display_name":"§dMana Pipe\n§6[§u-§6]§f Connects Mana Flow between Blocks\n§o§uMagic",
			"minecraft:destructible_by_mining": {
				"seconds_to_destroy": 0.5
			},
			"tag:pb_scraft_mana_network": {},
			"tag:pb_scraft_pipe": {},
			"minecraft:material_instances": {
				"*": {
					"texture": "pb_scraft_pipe_empty",
					"render_method": "alpha_test"
				}
			},
			"minecraft:selection_box": {
				"origin": [
					-8,
					0,
					-8
				],
				"size": [
					16,
					8,
					16
				]
			},
			"minecraft:collision_box":{
				"origin": [
					0,
					0,
					0
				],
				"size": [
					0,
					0,
					0
				]
			}
		},
		"permutations": [
		]
	}
}