{
	"format_version": "1.21.0",
	"minecraft:block": {
		"description": {
			"identifier": "pb_scraft:arcane_pedestal",
			"menu_category": {
				"category": "construction"
			},
			"states":{
				"pb_scraft:item_displayed":[
				   0,
				   1
				]
			}
		},
		"components": {
			"minecraft:custom_components": [
				"pb_scraft:arcane_pedestal"
			],
			"minecraft:geometry": {
				"identifier": "geometry.pb_scraft.pedestal"
			},
			"minecraft:display_name":"§dArcane Pedestal\n§6[§u-§6]§f Holds items for Arcane Infusion\n§o§uMagic",
			"minecraft:destructible_by_mining": {
				"seconds_to_destroy": 0.5
			},
			"minecraft:material_instances": {
				"*": {
					"texture": "pb_scraft_arcane_pedestal",
					"render_method": "alpha_test"
				}
			}
		}
	}
}