{
	"format_version": "1.21.10",
	"minecraft:block": {
		"description": {
			"identifier": "pb_scraft:arcane_altar",
			"menu_category": {
				"category": "construction"
			},
			"states":{
				"pb_scraft:fuel":[
				   0,
				   1,
				   2,
				   3,
				   4,
				   5,
				   6,
				   7,
				   8,
				   9,
				   10
				],
				"pb_scraft:pipe_north":[
				   0,
				   1
				],
				"pb_scraft:pipe_east":[
				   0,
				   1
				],
				"pb_scraft:pipe_south":[
				   0,
				   1
				],
				"pb_scraft:pipe_west":[
				   0,
				   1
				]
			}
			
		},
		"components": {
			"minecraft:geometry": {
				"identifier": "geometry.pb_scraft.arcane_altar",
				"bone_visibility": {
					"pipe_in_north": " q.block_state('pb_scraft:pipe_north') == 1",
					"pipe_in_east": "q.block_state('pb_scraft:pipe_east') == 1",
					"pipe_in_south": "q.block_state('pb_scraft:pipe_south') == 1",
					"pipe_in_west": "q.block_state('pb_scraft:pipe_west') == 1"
				}
			},
			"minecraft:custom_components": [
				"pb_scraft:arcane_altar"
			],
			"minecraft:tick": {
				"interval_range": [
					40,
					40
				]
			},
			"tag:pb_scraft_mana_network": {},
			"tag:pb_scraft_mana_consumer": {},
			"minecraft:display_name":"§dArcane Altar\n§6[§u-§6]§f Performs Arcane Infusion\n§o§uMagic",
			"minecraft:destructible_by_mining": {
				"seconds_to_destroy": 0.5
			},
			"minecraft:material_instances": {
				"*": {
					"face_dimming": true,
					"ambient_occlusion": false,
					"texture": "pb_scraft_arcane_altar",
					"render_method": "alpha_test"
				}
			}
		},
		"permutations": [
		]
	}
}