{
   "pb_scraft.air_tornado_cast":{
      "category":"neutral",
      "sounds":[
         {
            "name":"sounds/pb/scraft/air_tornado_cast",
            "volume":1.9
         }
      ]
   },
   "pb_scraft.air_tornado_idle":{
      "category":"neutral",
      "sounds":[
         {
            "name":"sounds/pb/scraft/air_tornado_idle",
            "volume":0.9
         }
      ]
   },
   "pb_scraft.air_tornado_launch":{
      "category":"neutral",
      "sounds":[
         {
            "name":"sounds/pb/scraft/air_tornado_launch",
            "volume":0.9
         }
      ]
   },
   "pb_scraft.altar_idle":{
      "category":"neutral",
      "sounds":[
         {
            "name":"sounds/pb/scraft/altar_idle_s",
            "volume":3.0
         }
      ]
   },
   "pb_scraft.altar_item_creation":{
      "category":"neutral",
      "sounds":[
         {
            "name":"sounds/pb/scraft/altar_item_creation",
            "volume":2.9
         }
      ]
   },
   "pb_scraft.altar_item_placed":{
      "category":"neutral",
      "sounds":[
         {
            "name":"sounds/pb/scraft/altar_item_placed",
            "volume":2.9
         }
      ]
   },
   "pb_scraft.altar_trigger":{
      "category":"neutral",
      "sounds":[
         {
            "name":"sounds/pb/scraft/altar_trigger",
            "volume":3.9
         }
      ]
   },
   "pb_scraft.comet_cast":{
      "category":"neutral",
      "sounds":[
         {
            "name":"sounds/pb/scraft/comet_cast",
            "volume":3.9
         }
      ]
   },
   "pb_scraft.comet_idle":{
      "category":"neutral",
      "sounds":[
         {
            "name":"sounds/pb/scraft/comet_idle",
            "volume":0.9
         }
      ]
   },
   "pb_scraft.comet_launch":{
      "category":"neutral",
      "sounds":[
         {
            "name":"sounds/pb/scraft/comet_launch",
            "volume":0.9
         }
      ]
   },
   "pb_scraft.fiery_spin_cast":{
      "category":"neutral",
      "sounds":[
         {
            "name":"sounds/pb/scraft/fiery_spin_cast",
            "volume":1.9
         }
      ]
   },
   "pb_scraft.fiery_spin_end":{
      "category":"neutral",
      "sounds":[
         {
            "name":"sounds/pb/scraft/fiery_spin_end",
            "volume":0.9
         }
      ]
   },
   "pb_scraft.fiery_spin_impact":{
      "category":"neutral",
      "sounds":[
         {
            "name":"sounds/pb/scraft/fiery_spin_impact",
            "volume":0.9
         }
      ]
   },
   "pb_scraft.fiery_spin_launch":{
      "category":"neutral",
      "sounds":[
         {
            "name":"sounds/pb/scraft/fiery_spin_launch",
            "volume":0.9
         }
      ]
   },
   "pb_scraft.fiery_spin_spinning":{
      "category":"neutral",
      "sounds":[
         {
            "name":"sounds/pb/scraft/fiery_spin_spinning",
            "volume":0.9
         }
      ]
   },
   "pb_scraft.fireball_cast":{
      "category":"neutral",
      "sounds":[
         {
            "name":"sounds/pb/scraft/fireball_cast",
            "volume":1.9
         }
      ]
   },
   "pb_scraft.fireball_impact":{
      "category":"neutral",
      "sounds":[
         {
            "name":"sounds/pb/scraft/fireball_impact",
            "volume":3.9
         }
      ]
   },
   "pb_scraft.fireball_launch":{
      "category":"neutral",
      "sounds":[
         {
            "name":"sounds/pb/scraft/fireball_launch",
            "volume":0.9
         }
      ]
   },
   "pb_scraft.firebolt_cast":{
      "category":"neutral",
      "sounds":[
         {
            "name":"sounds/pb/scraft/firebolt_cast",
            "volume":1.9
         }
      ]
   },
   "pb_scraft.firebolt_impact":{
      "category":"neutral",
      "sounds":[
         {
            "name":"sounds/pb/scraft/firebolt_impact",
            "volume":3.9
         }
      ]
   },
   "pb_scraft.firebolt_launch":{
      "category":"neutral",
      "sounds":[
         {
            "name":"sounds/pb/scraft/firebolt_launch",
            "volume":0.9
         }
      ]
   },
   "pb_scraft.freeze_cast":{
      "category":"neutral",
      "sounds":[
         {
            "name":"sounds/pb/scraft/freeze_cast",
            "volume":1.9
         }
      ]
   },
   "pb_scraft.freeze_impact":{
      "category":"neutral",
      "sounds":[
         {
            "name":"sounds/pb/scraft/freeze_impact",
            "volume":0.9
         }
      ]
   },
   "pb_scraft.freeze_launch":{
      "category":"neutral",
      "sounds":[
         {
            "name":"sounds/pb/scraft/freeze_launch",
            "volume":0.9
         }
      ]
   },
   "pb_scraft.freeze_snow":{
      "category":"neutral",
      "sounds":[
         {
            "name":"sounds/pb/scraft/freeze_snow",
            "volume":0.9
         }
      ]
   },
   "pb_scraft.frost_aura_cast":{
      "category":"neutral",
      "sounds":[
         {
            "name":"sounds/pb/scraft/frost_aura_cast",
            "volume":1.9
         }
      ]
   },
   "pb_scraft.frost_aura_impact":{
      "category":"neutral",
      "sounds":[
         {
            "name":"sounds/pb/scraft/frost_aura_impact",
            "volume":2.9
         }
      ]
   },
   "pb_scraft.frost_aura_launch":{
      "category":"neutral",
      "sounds":[
         {
            "name":"sounds/pb/scraft/frost_aura_launch",
            "volume":0.9
         }
      ]
   },
   "pb_scraft.frost_aura_snow":{
      "category":"neutral",
      "sounds":[
         {
            "name":"sounds/pb/scraft/frost_aura_snow",
            "volume":0.9
         }
      ]
   },
   "pb_scraft.healing_aura_cast":{
      "category":"neutral",
      "sounds":[
         {
            "name":"sounds/pb/scraft/healing_aura_cast",
            "volume":1.9
         }
      ]
   },
   "pb_scraft.healing_aura_idle":{
      "category":"neutral",
      "sounds":[
         {
            "name":"sounds/pb/scraft/healing_aura_idle",
            "volume":0.9
         }
      ]
   },
   "pb_scraft.healing_aura_launch":{
      "category":"neutral",
      "sounds":[
         {
            "name":"sounds/pb/scraft/healing_aura_launch",
            "volume":0.9
         }
      ]
   },
   "pb_scraft.heal_bubble_cast":{
      "category":"neutral",
      "sounds":[
         {
            "name":"sounds/pb/scraft/heal_bubble_cast",
            "volume":1.9
         }
      ]
   },
   "pb_scraft.heal_bubble_impact":{
      "category":"neutral",
      "sounds":[
         {
            "name":"sounds/pb/scraft/heal_bubble_impact",
            "volume":2.9
         }
      ]
   },
   "pb_scraft.ice_pillars_cast":{
      "category":"neutral",
      "sounds":[
         {
            "name":"sounds/pb/scraft/ice_pillars_cast",
            "volume":1.9
         }
      ]
   },
   "pb_scraft.ice_pillars_launch":{
      "category":"neutral",
      "sounds":[
         {
            "name":"sounds/pb/scraft/ice_pillars_launch",
            "volume":3.9
         }
      ]
   },
   "pb_scraft.ice_pillars_out":{
      "category":"neutral",
      "sounds":[
         {
            "name":"sounds/pb/scraft/ice_pillars_out",
            "volume":3.9
         }
      ]
   },
   "pb_scraft.ice_spike_cast":{
      "category":"neutral",
      "sounds":[
         {
            "name":"sounds/pb/scraft/ice_spike_cast",
            "volume":1.5
         }
      ]
   },
   "pb_scraft.ice_spike_impact":{
      "category":"neutral",
      "sounds":[
         {
            "name":"sounds/pb/scraft/ice_spike_impact",
            "volume":5.9
         }
      ]
   },
   "pb_scraft.ice_spike_launch":{
      "category":"neutral",
      "sounds":[
         {
            "name":"sounds/pb/scraft/ice_spike_launch",
            "volume":1.0
         }
      ]
   },
   "pb_scraft.ice_wall_cast":{
      "category":"neutral",
      "sounds":[
         {
            "name":"sounds/pb/scraft/ice_wall_cast",
            "volume":1.9
         }
      ]
   },
   "pb_scraft.ice_wall_launch":{
      "category":"neutral",
      "sounds":[
         {
            "name":"sounds/pb/scraft/ice_wall_launch",
            "volume":1.2
         }
      ]
   },
   "pb_scraft.lightning_strike_cast":{
      "category":"neutral",
      "sounds":[
         {
            "name":"sounds/pb/scraft/lightning_strike_cast",
            "volume":1.3
         }
      ]
   },
   "pb_scraft.lightning_strike_launch":{
      "category":"neutral",
      "sounds":[
         {
            "name":"sounds/pb/scraft/lightning_strike_launch",
            "volume":2.9
         }
      ]
   },
   "pb_scraft.pyroball_cast":{
      "category":"neutral",
      "sounds":[
         {
            "name":"sounds/pb/scraft/pyroball_cast",
            "volume":3.2
         }
      ]
   },
   "pb_scraft.pyroball_impact":{
      "category":"neutral",
      "sounds":[
         {
            "name":"sounds/pb/scraft/pyroball_impact",
            "volume":4.9
         }
      ]
   },
   "pb_scraft.pyroball_launch":{
      "category":"neutral",
      "sounds":[
         {
            "name":"sounds/pb/scraft/pyroball_launch",
            "volume":1.9
         }
      ]
   },
   "pb_scraft.tornado_cast":{
      "category":"neutral",
      "sounds":[
         {
            "name":"sounds/pb/scraft/tornado_cast",
            "volume":1.9
         }
      ]
   },
   "pb_scraft.tornado_idle":{
      "category":"neutral",
      "sounds":[
         {
            "name":"sounds/pb/scraft/tornado_idle",
            "volume":0.9
         }
      ]
   },
   "pb_scraft.tornado_launch":{
      "category":"neutral",
      "sounds":[
         {
            "name":"sounds/pb/scraft/tornado_launch",
            "volume":0.9
         }
      ]
   },
   "pb_scraft.twilight_explosion_cast":{
      "category":"neutral",
      "sounds":[
         {
            "name":"sounds/pb/scraft/twilight_explosion_cast",
            "volume":2.6
         }
      ]
   },
   "pb_scraft.twilight_explosion_launch":{
      "category":"neutral",
      "sounds":[
         {
            "name":"sounds/pb/scraft/twilight_explosion_launch",
            "volume":2.9
         }
      ]
   },
   "pb_scraft.light_arc_cast":{
      "category":"neutral",
      "sounds":[
         {
            "name":"sounds/pb/scraft/light_arc_cast",
            "volume":3.0
         }
      ]
   },
   "pb_scraft.light_arc_end":{
      "category":"neutral",
      "sounds":[
         {
            "name":"sounds/pb/scraft/light_arc_end",
            "volume":3.0
         }
      ]
   },
   "pb_scraft.light_arc_impact":{
      "category":"neutral",
      "sounds":[
         {
            "name":"sounds/pb/scraft/light_arc_impact_s",
            "volume":2.2
         }
      ]
   },
   "pb_scraft.light_arc_launch":{
      "category":"neutral",
      "sounds":[
         {
            "name":"sounds/pb/scraft/light_arc_launch",
            "volume":2.5
         }
      ]
   },
   "pb_scraft.rock_spell_cast":{
      "category":"neutral",
      "sounds":[
         {
            "name":"sounds/pb/scraft/rock_spell_cast",
            "volume":3.0
         }
      ]
   },
   "pb_scraft.rock_spell_impact":{
      "category":"neutral",
      "sounds":[
         {
            "name":"sounds/pb/scraft/rock_spell_impact",
            "volume":5.0
         }
      ]
   },
   "pb_scraft.rock_spell_launch":{
      "category":"neutral",
      "sounds":[
         {
            "name":"sounds/pb/scraft/rock_spell_launch",
            "volume":2.2
         }
      ]
   },
   "pb_scraft.cannot_cast_spell":{
      "category":"neutral",
      "sounds":[
         {
            "name":"sounds/pb/scraft/cannot_cast_spell",
            "volume":3.0
         }
      ]
   },
   "pb_scraft.interact_contraption":{
      "category":"neutral",
      "sounds":[
         {
            "name":"sounds/pb/scraft/interact_contraption",
            "volume":2.2
         }
      ]
   },
   "pb_scraft.out_of_mana":{
      "category":"neutral",
      "sounds":[
         {
            "name":"sounds/pb/scraft/out_of_mana",
            "volume":3.0
         }
      ]
   },
   "pb_scraft.earthquake_loop":{
      "category":"neutral",
      "sounds":[
         {
            "name":"sounds/pb/scraft/earthquake_loop",
            "volume":3.0
         }
      ]
   },
   "pb_scraft.flash_teleport":{
      "category":"neutral",
      "sounds":[
         {
            "name":"sounds/pb/scraft/flash_teleport",
            "volume":3.0
         }
      ]
   },
   "pb_scraft.lifesteal_bite":{
      "category":"neutral",
      "sounds":[
         {
            "name":"sounds/pb/scraft/lifesteal_bite",
            "volume":3.0
         }
      ]
   },
   "pb_scraft.upwind":{
      "category":"neutral",
      "sounds":[
         {
            "name":"sounds/pb/scraft/upwind",
            "volume":3.0
         }
      ]
   },
   "pb_scraft.wind_sickle":{
      "category":"neutral",
      "sounds":[
         {
            "name":"sounds/pb/scraft/wind_sickle",
            "volume":3.0
         }
      ]
   }
}