{
	"format_version": "1.21.40",
	"minecraft:item": {
		"description": {
			"identifier": "ljw_ww:ability_battle_howl",
			"menu_category": {
				"category": "equipment"
			}
		},
		
		"components": {
			"minecraft:icon": {
				"textures": { "default": "ljw_ww.ability_battle_howl" }
			},
			"minecraft:max_stack_size": 64,
			"minecraft:hand_equipped": true,
			"minecraft:durability": {
				"max_durability": 101,
				"damage_chance": {
					"min": 0,
					"max": 0
				}
			},
			"minecraft:custom_components": [
				"ljw_ww:ability"
			],
			"minecraft:cooldown": {
				"category": "ljw_ww:werewolf_howl",
				"duration": 1.0
			},
			"minecraft:tags": {
				"tags": [
					"ljw_ww:werewolf_ability"
				]
			}
		}
	}
}