{
	"format_version": "1.21.40",
	"minecraft:item": {
		"description": {
			"identifier": "ljw_ww:ability_mining_claw",
			"menu_category": {
				"category": "equipment"
			}
		},
		
		"components": {
			"minecraft:icon": {
				"textures": { "default": "ljw_ww.ability_mining_claw" }
			},
			"minecraft:max_stack_size": 64,
			"minecraft:hand_equipped": true,
			"minecraft:durability": {
				"max_durability": 101,
				"damage_chance": {
					"min": 0,
					"max": 0
				}
			},
			"minecraft:custom_components": [
				"ljw_ww:ability"
			],
			"minecraft:tags": {
				"tags": [
					"ljw_ww:werewolf_ability"
				]
			},
			"minecraft:digger": {
				"use_efficiency": true,
				"destroy_speeds": [
					{
						"speed": 5,
						"block": {
							"tags": "q.all_tags('minecraft:is_axe_item_destructible') && !q.any_tag('minecraft:iron_tier_destructible', 'minecraft:diamond_tier_destructible', 'minecraft:netherite_tier_destructible')"
						}
					},
					{
						"speed": 5,
						"block": {
							"tags": "q.all_tags('minecraft:is_hatchet_item_destructible') && !q.any_tag('minecraft:iron_tier_destructible', 'minecraft:diamond_tier_destructible', 'minecraft:netherite_tier_destructible')"
						}
					},
					{
						"speed": 5,
						"block": {
							"tags": "q.all_tags('minecraft:is_hoe_item_destructible') && !q.any_tag('minecraft:iron_tier_destructible', 'minecraft:diamond_tier_destructible', 'minecraft:netherite_tier_destructible')"
						}
					},
					{
						"speed": 5,
						"block": {
							"tags": "q.all_tags('minecraft:is_pickaxe_item_destructible') && !q.any_tag('minecraft:iron_tier_destructible', 'minecraft:diamond_tier_destructible', 'minecraft:netherite_tier_destructible')"
						}
					},
					{
						"speed": 5,
						"block": {
							"tags": "q.all_tags('minecraft:is_sword_item_destructible') && !q.any_tag('minecraft:iron_tier_destructible', 'minecraft:diamond_tier_destructible', 'minecraft:netherite_tier_destructible')"
						}
					},
					{
						"speed": 5,
						"block": {
							"tags": "q.all_tags('minecraft:is_shovel_item_destructible') && !q.any_tag('minecraft:iron_tier_destructible', 'minecraft:diamond_tier_destructible', 'minecraft:netherite_tier_destructible')"
						}
					},
					{
						"speed": 5,
						"block": {
							"tags": "q.all_tags('minecraft:is_shears_item_destructible')"
						}
					}
				]
			}
		}
	}
}