{
	"format_version": "1.21.10",
	"minecraft:item": {
		"description": {
			"identifier": "ljw_ww:werewolf_transformation_body_lv0",
			"menu_category": {
				"category": "none",
				"is_hidden_in_commands": true
			}
		},
		
		"components": {
			"minecraft:icon": {
				"textures": { "default": "ljw_ww.werewolf_transformation_b" }
			},
			"minecraft:max_stack_size": 1,
			"minecraft:hand_equipped": false,
			"minecraft:wearable": {
				"protection": 0,
				"slot": "slot.armor.chest"
			},
			"minecraft:enchantable": {
				"value": 14,
				"slot": "armor_torso"
			},
			"minecraft:custom_components": [
				"ljw_ww:block_durability_damage"
			],
			"minecraft:tags": {
				"tags": [
					"ljw_ww:werewolf_form"
				]
			}
		}
	}
}