{
	"format_version": "1.21.40",
	"minecraft:item": {
		"description": {
			"identifier": "ljw_ww:werewolf_trim_pack_bolt",
			"menu_category": {
				"category": "equipment"
			}
		},
		
		"components": {
			"minecraft:icon": {
				"textures": { "default": "ljw_ww.trim_pack_bolt" }
			},
			"minecraft:hand_equipped": false,
			"minecraft:use_modifiers": {
				"use_duration": 0.01,
				"movement_modifier": 0.5
			},
			"minecraft:custom_components": [
				"ljw_ww:werewolf_trim_pack"
			],
			"minecraft:tags": {
				"tags": [
					"ljw_ww:werewolf_trim_pack"
				]
			}
		}
	}
}